run_id,pid,role,file,reads,seq_reads,consec_reads,seeks,consecutive_reads,sequential_gap_reads,nonsequential_reads,consecutive_ratio,sequential_gap_ratio,nonsequential_ratio,sequential_ratio,seeks_per_read,seeks_per_1000_reads
1609480,1609480,parent,/pscratch/sd/s/satt/sprints/a_star_campaign/h5/h5_tr_210.py,10,5,5,13,5,0,5,0.5,0.0,0.5,0.5,1.3,1300.0
1609480,1609480,parent,/pscratch/sd/s/satt/sprints/data/converted_10M/mc_normalized_rntuple_10M_30.h5,17,9,4,0,4,5,8,0.23529411764705882,0.29411764705882354,0.47058823529411764,0.5294117647058824,0.0,0.0
1609480,1609503,worker,/pscratch/sd/s/satt/sprints/a_star_campaign/h5/h5_tr_210.py,0,0,0,0,0,0,0,,,,,,
1609480,1609503,worker,/pscratch/sd/s/satt/sprints/data/converted_10M/mc_normalized_rntuple_10M_30.h5,17,9,2,0,2,7,8,0.11764705882352941,0.4117647058823529,0.47058823529411764,0.5294117647058824,0.0,0.0
1609480,1609504,worker,/pscratch/sd/s/satt/sprints/a_star_campaign/h5/h5_tr_210.py,0,0,0,0,0,0,0,,,,,,
1609480,1609504,worker,/pscratch/sd/s/satt/sprints/data/converted_10M/mc_normalized_rntuple_10M_30.h5,17,10,4,0,4,6,7,0.23529411764705882,0.35294117647058826,0.4117647058823529,0.5882352941176471,0.0,0.0
1609480,1609505,worker,/pscratch/sd/s/satt/sprints/a_star_campaign/h5/h5_tr_210.py,0,0,0,0,0,0,0,,,,,,
1609480,1609505,worker,/pscratch/sd/s/satt/sprints/data/converted_10M/mc_normalized_rntuple_10M_30.h5,19,11,4,0,4,7,8,0.21052631578947367,0.3684210526315789,0.42105263157894735,0.5789473684210527,0.0,0.0
1609480,1609506,worker,/pscratch/sd/s/satt/sprints/a_star_campaign/h5/h5_tr_210.py,0,0,0,0,0,0,0,,,,,,
1609480,1609506,worker,/pscratch/sd/s/satt/sprints/data/converted_10M/mc_normalized_rntuple_10M_30.h5,17,10,4,0,4,6,7,0.23529411764705882,0.35294117647058826,0.4117647058823529,0.5882352941176471,0.0,0.0
1609480,1609507,worker,/pscratch/sd/s/satt/sprints/a_star_campaign/h5/h5_tr_210.py,0,0,0,0,0,0,0,,,,,,
1609480,1609507,worker,/pscratch/sd/s/satt/sprints/data/converted_10M/mc_normalized_rntuple_10M_30.h5,17,10,4,0,4,6,7,0.23529411764705882,0.35294117647058826,0.4117647058823529,0.5882352941176471,0.0,0.0
1609480,1609508,worker,/pscratch/sd/s/satt/sprints/a_star_campaign/h5/h5_tr_210.py,0,0,0,0,0,0,0,,,,,,
1609480,1609508,worker,/pscratch/sd/s/satt/sprints/data/converted_10M/mc_normalized_rntuple_10M_30.h5,19,11,4,0,4,7,8,0.21052631578947367,0.3684210526315789,0.42105263157894735,0.5789473684210527,0.0,0.0
1609480,1609509,worker,/pscratch/sd/s/satt/sprints/a_star_campaign/h5/h5_tr_210.py,0,0,0,0,0,0,0,,,,,,
1609480,1609509,worker,/pscratch/sd/s/satt/sprints/data/converted_10M/mc_normalized_rntuple_10M_30.h5,17,10,4,0,4,6,7,0.23529411764705882,0.35294117647058826,0.4117647058823529,0.5882352941176471,0.0,0.0
1609480,1609510,worker,/pscratch/sd/s/satt/sprints/a_star_campaign/h5/h5_tr_210.py,0,0,0,0,0,0,0,,,,,,
1609480,1609510,worker,/pscratch/sd/s/satt/sprints/data/converted_10M/mc_normalized_rntuple_10M_30.h5,17,10,4,0,4,6,7,0.23529411764705882,0.35294117647058826,0.4117647058823529,0.5882352941176471,0.0,0.0
1609480,1609511,worker,/pscratch/sd/s/satt/sprints/a_star_campaign/h5/h5_tr_210.py,0,0,0,0,0,0,0,,,,,,
1609480,1609511,worker,/pscratch/sd/s/satt/sprints/data/converted_10M/mc_normalized_rntuple_10M_30.h5,19,11,4,0,4,7,8,0.21052631578947367,0.3684210526315789,0.42105263157894735,0.5789473684210527,0.0,0.0
1609480,1609512,worker,/pscratch/sd/s/satt/sprints/a_star_campaign/h5/h5_tr_210.py,0,0,0,0,0,0,0,,,,,,
1609480,1609512,worker,/pscratch/sd/s/satt/sprints/data/converted_10M/mc_normalized_rntuple_10M_30.h5,17,10,4,0,4,6,7,0.23529411764705882,0.35294117647058826,0.4117647058823529,0.5882352941176471,0.0,0.0
1609480,1609513,worker,/pscratch/sd/s/satt/sprints/a_star_campaign/h5/h5_tr_210.py,0,0,0,0,0,0,0,,,,,,
1609480,1609513,worker,/pscratch/sd/s/satt/sprints/data/converted_10M/mc_normalized_rntuple_10M_30.h5,17,10,4,0,4,6,7,0.23529411764705882,0.35294117647058826,0.4117647058823529,0.5882352941176471,0.0,0.0
1609480,1609514,worker,/pscratch/sd/s/satt/sprints/a_star_campaign/h5/h5_tr_210.py,0,0,0,0,0,0,0,,,,,,
1609480,1609514,worker,/pscratch/sd/s/satt/sprints/data/converted_10M/mc_normalized_rntuple_10M_30.h5,19,11,4,0,4,7,8,0.21052631578947367,0.3684210526315789,0.42105263157894735,0.5789473684210527,0.0,0.0
1609480,1609515,worker,/pscratch/sd/s/satt/sprints/a_star_campaign/h5/h5_tr_210.py,0,0,0,0,0,0,0,,,,,,
1609480,1609515,worker,/pscratch/sd/s/satt/sprints/data/converted_10M/mc_normalized_rntuple_10M_30.h5,17,10,4,0,4,6,7,0.23529411764705882,0.35294117647058826,0.4117647058823529,0.5882352941176471,0.0,0.0
1609480,1609516,worker,/pscratch/sd/s/satt/sprints/a_star_campaign/h5/h5_tr_210.py,0,0,0,0,0,0,0,,,,,,
1609480,1609516,worker,/pscratch/sd/s/satt/sprints/data/converted_10M/mc_normalized_rntuple_10M_30.h5,17,10,4,0,4,6,7,0.23529411764705882,0.35294117647058826,0.4117647058823529,0.5882352941176471,0.0,0.0
1609480,1609517,worker,/pscratch/sd/s/satt/sprints/a_star_campaign/h5/h5_tr_210.py,0,0,0,0,0,0,0,,,,,,
1609480,1609517,worker,/pscratch/sd/s/satt/sprints/data/converted_10M/mc_normalized_rntuple_10M_30.h5,19,11,4,0,4,7,8,0.21052631578947367,0.3684210526315789,0.42105263157894735,0.5789473684210527,0.0,0.0
1609480,1609518,worker,/pscratch/sd/s/satt/sprints/a_star_campaign/h5/h5_tr_210.py,0,0,0,0,0,0,0,,,,,,
1609480,1609518,worker,/pscratch/sd/s/satt/sprints/data/converted_10M/mc_normalized_rntuple_10M_30.h5,17,10,4,0,4,6,7,0.23529411764705882,0.35294117647058826,0.4117647058823529,0.5882352941176471,0.0,0.0
1609480,1609519,worker,/pscratch/sd/s/satt/sprints/a_star_campaign/h5/h5_tr_210.py,0,0,0,0,0,0,0,,,,,,
1609480,1609519,worker,/pscratch/sd/s/satt/sprints/data/converted_10M/mc_normalized_rntuple_10M_30.h5,17,10,4,0,4,6,7,0.23529411764705882,0.35294117647058826,0.4117647058823529,0.5882352941176471,0.0,0.0
1609480,1609520,worker,/pscratch/sd/s/satt/sprints/a_star_campaign/h5/h5_tr_210.py,0,0,0,0,0,0,0,,,,,,
1609480,1609520,worker,/pscratch/sd/s/satt/sprints/data/converted_10M/mc_normalized_rntuple_10M_30.h5,19,11,4,0,4,7,8,0.21052631578947367,0.3684210526315789,0.42105263157894735,0.5789473684210527,0.0,0.0
1609480,1609521,worker,/pscratch/sd/s/satt/sprints/a_star_campaign/h5/h5_tr_210.py,0,0,0,0,0,0,0,,,,,,
1609480,1609521,worker,/pscratch/sd/s/satt/sprints/data/converted_10M/mc_normalized_rntuple_10M_30.h5,17,10,4,0,4,6,7,0.23529411764705882,0.35294117647058826,0.4117647058823529,0.5882352941176471,0.0,0.0
1609480,1609522,worker,/pscratch/sd/s/satt/sprints/a_star_campaign/h5/h5_tr_210.py,0,0,0,0,0,0,0,,,,,,
1609480,1609522,worker,/pscratch/sd/s/satt/sprints/data/converted_10M/mc_normalized_rntuple_10M_30.h5,17,10,4,0,4,6,7,0.23529411764705882,0.35294117647058826,0.4117647058823529,0.5882352941176471,0.0,0.0
1609480,1609523,worker,/pscratch/sd/s/satt/sprints/a_star_campaign/h5/h5_tr_210.py,0,0,0,0,0,0,0,,,,,,
1609480,1609523,worker,/pscratch/sd/s/satt/sprints/data/converted_10M/mc_normalized_rntuple_10M_30.h5,19,11,4,0,4,7,8,0.21052631578947367,0.3684210526315789,0.42105263157894735,0.5789473684210527,0.0,0.0
1609480,1609524,worker,/pscratch/sd/s/satt/sprints/a_star_campaign/h5/h5_tr_210.py,0,0,0,0,0,0,0,,,,,,
1609480,1609524,worker,/pscratch/sd/s/satt/sprints/data/converted_10M/mc_normalized_rntuple_10M_30.h5,17,10,4,0,4,6,7,0.23529411764705882,0.35294117647058826,0.4117647058823529,0.5882352941176471,0.0,0.0
1609480,1609525,worker,/pscratch/sd/s/satt/sprints/a_star_campaign/h5/h5_tr_210.py,0,0,0,0,0,0,0,,,,,,
1609480,1609525,worker,/pscratch/sd/s/satt/sprints/data/converted_10M/mc_normalized_rntuple_10M_30.h5,17,10,4,0,4,6,7,0.23529411764705882,0.35294117647058826,0.4117647058823529,0.5882352941176471,0.0,0.0
1609480,1609526,worker,/pscratch/sd/s/satt/sprints/a_star_campaign/h5/h5_tr_210.py,0,0,0,0,0,0,0,,,,,,
1609480,1609526,worker,/pscratch/sd/s/satt/sprints/data/converted_10M/mc_normalized_rntuple_10M_30.h5,19,11,4,0,4,7,8,0.21052631578947367,0.3684210526315789,0.42105263157894735,0.5789473684210527,0.0,0.0
1609480,1609527,worker,/pscratch/sd/s/satt/sprints/a_star_campaign/h5/h5_tr_210.py,0,0,0,0,0,0,0,,,,,,
1609480,1609527,worker,/pscratch/sd/s/satt/sprints/data/converted_10M/mc_normalized_rntuple_10M_30.h5,17,10,4,0,4,6,7,0.23529411764705882,0.35294117647058826,0.4117647058823529,0.5882352941176471,0.0,0.0
1609480,1609528,worker,/pscratch/sd/s/satt/sprints/a_star_campaign/h5/h5_tr_210.py,0,0,0,0,0,0,0,,,,,,
1609480,1609528,worker,/pscratch/sd/s/satt/sprints/data/converted_10M/mc_normalized_rntuple_10M_30.h5,17,10,4,0,4,6,7,0.23529411764705882,0.35294117647058826,0.4117647058823529,0.5882352941176471,0.0,0.0
1609480,1609529,worker,/pscratch/sd/s/satt/sprints/a_star_campaign/h5/h5_tr_210.py,0,0,0,0,0,0,0,,,,,,
1609480,1609529,worker,/pscratch/sd/s/satt/sprints/data/converted_10M/mc_normalized_rntuple_10M_30.h5,19,11,4,0,4,7,8,0.21052631578947367,0.3684210526315789,0.42105263157894735,0.5789473684210527,0.0,0.0
1609480,1609530,worker,/pscratch/sd/s/satt/sprints/a_star_campaign/h5/h5_tr_210.py,0,0,0,0,0,0,0,,,,,,
1609480,1609530,worker,/pscratch/sd/s/satt/sprints/data/converted_10M/mc_normalized_rntuple_10M_30.h5,17,10,4,0,4,6,7,0.23529411764705882,0.35294117647058826,0.4117647058823529,0.5882352941176471,0.0,0.0
1609480,1609531,worker,/pscratch/sd/s/satt/sprints/a_star_campaign/h5/h5_tr_210.py,0,0,0,0,0,0,0,,,,,,
1609480,1609531,worker,/pscratch/sd/s/satt/sprints/data/converted_10M/mc_normalized_rntuple_10M_30.h5,17,10,4,0,4,6,7,0.23529411764705882,0.35294117647058826,0.4117647058823529,0.5882352941176471,0.0,0.0
1609480,1609532,worker,/pscratch/sd/s/satt/sprints/a_star_campaign/h5/h5_tr_210.py,0,0,0,0,0,0,0,,,,,,
1609480,1609532,worker,/pscratch/sd/s/satt/sprints/data/converted_10M/mc_normalized_rntuple_10M_30.h5,19,11,4,0,4,7,8,0.21052631578947367,0.3684210526315789,0.42105263157894735,0.5789473684210527,0.0,0.0
1609480,1609533,worker,/pscratch/sd/s/satt/sprints/a_star_campaign/h5/h5_tr_210.py,0,0,0,0,0,0,0,,,,,,
1609480,1609533,worker,/pscratch/sd/s/satt/sprints/data/converted_10M/mc_normalized_rntuple_10M_30.h5,17,10,4,0,4,6,7,0.23529411764705882,0.35294117647058826,0.4117647058823529,0.5882352941176471,0.0,0.0
1609480,1609534,worker,/pscratch/sd/s/satt/sprints/a_star_campaign/h5/h5_tr_210.py,0,0,0,0,0,0,0,,,,,,
1609480,1609534,worker,/pscratch/sd/s/satt/sprints/data/converted_10M/mc_normalized_rntuple_10M_30.h5,17,10,4,0,4,6,7,0.23529411764705882,0.35294117647058826,0.4117647058823529,0.5882352941176471,0.0,0.0
1609480,1609535,worker,/pscratch/sd/s/satt/sprints/a_star_campaign/h5/h5_tr_210.py,0,0,0,0,0,0,0,,,,,,
1609480,1609535,worker,/pscratch/sd/s/satt/sprints/data/converted_10M/mc_normalized_rntuple_10M_30.h5,19,11,4,0,4,7,8,0.21052631578947367,0.3684210526315789,0.42105263157894735,0.5789473684210527,0.0,0.0
1609480,1609536,worker,/pscratch/sd/s/satt/sprints/a_star_campaign/h5/h5_tr_210.py,0,0,0,0,0,0,0,,,,,,
1609480,1609536,worker,/pscratch/sd/s/satt/sprints/data/converted_10M/mc_normalized_rntuple_10M_30.h5,17,10,4,0,4,6,7,0.23529411764705882,0.35294117647058826,0.4117647058823529,0.5882352941176471,0.0,0.0
1609480,1609537,worker,/pscratch/sd/s/satt/sprints/a_star_campaign/h5/h5_tr_210.py,0,0,0,0,0,0,0,,,,,,
1609480,1609537,worker,/pscratch/sd/s/satt/sprints/data/converted_10M/mc_normalized_rntuple_10M_30.h5,17,10,4,0,4,6,7,0.23529411764705882,0.35294117647058826,0.4117647058823529,0.5882352941176471,0.0,0.0
1609480,1609538,worker,/pscratch/sd/s/satt/sprints/a_star_campaign/h5/h5_tr_210.py,0,0,0,0,0,0,0,,,,,,
1609480,1609538,worker,/pscratch/sd/s/satt/sprints/data/converted_10M/mc_normalized_rntuple_10M_30.h5,19,11,4,0,4,7,8,0.21052631578947367,0.3684210526315789,0.42105263157894735,0.5789473684210527,0.0,0.0
1609480,1609539,worker,/pscratch/sd/s/satt/sprints/a_star_campaign/h5/h5_tr_210.py,0,0,0,0,0,0,0,,,,,,
1609480,1609539,worker,/pscratch/sd/s/satt/sprints/data/converted_10M/mc_normalized_rntuple_10M_30.h5,17,10,4,0,4,6,7,0.23529411764705882,0.35294117647058826,0.4117647058823529,0.5882352941176471,0.0,0.0
1609480,1609540,worker,/pscratch/sd/s/satt/sprints/a_star_campaign/h5/h5_tr_210.py,0,0,0,0,0,0,0,,,,,,
1609480,1609540,worker,/pscratch/sd/s/satt/sprints/data/converted_10M/mc_normalized_rntuple_10M_30.h5,17,10,4,0,4,6,7,0.23529411764705882,0.35294117647058826,0.4117647058823529,0.5882352941176471,0.0,0.0
1609480,1609541,worker,/pscratch/sd/s/satt/sprints/a_star_campaign/h5/h5_tr_210.py,0,0,0,0,0,0,0,,,,,,
1609480,1609541,worker,/pscratch/sd/s/satt/sprints/data/converted_10M/mc_normalized_rntuple_10M_30.h5,19,11,4,0,4,7,8,0.21052631578947367,0.3684210526315789,0.42105263157894735,0.5789473684210527,0.0,0.0
1609480,1609542,worker,/pscratch/sd/s/satt/sprints/a_star_campaign/h5/h5_tr_210.py,0,0,0,0,0,0,0,,,,,,
1609480,1609542,worker,/pscratch/sd/s/satt/sprints/data/converted_10M/mc_normalized_rntuple_10M_30.h5,17,10,4,0,4,6,7,0.23529411764705882,0.35294117647058826,0.4117647058823529,0.5882352941176471,0.0,0.0
1609480,1609543,worker,/pscratch/sd/s/satt/sprints/a_star_campaign/h5/h5_tr_210.py,0,0,0,0,0,0,0,,,,,,
1609480,1609543,worker,/pscratch/sd/s/satt/sprints/data/converted_10M/mc_normalized_rntuple_10M_30.h5,17,10,4,0,4,6,7,0.23529411764705882,0.35294117647058826,0.4117647058823529,0.5882352941176471,0.0,0.0
1609480,1609544,worker,/pscratch/sd/s/satt/sprints/a_star_campaign/h5/h5_tr_210.py,0,0,0,0,0,0,0,,,,,,
1609480,1609544,worker,/pscratch/sd/s/satt/sprints/data/converted_10M/mc_normalized_rntuple_10M_30.h5,19,11,4,0,4,7,8,0.21052631578947367,0.3684210526315789,0.42105263157894735,0.5789473684210527,0.0,0.0
1609480,1609545,worker,/pscratch/sd/s/satt/sprints/a_star_campaign/h5/h5_tr_210.py,0,0,0,0,0,0,0,,,,,,
1609480,1609545,worker,/pscratch/sd/s/satt/sprints/data/converted_10M/mc_normalized_rntuple_10M_30.h5,19,10,2,0,2,8,9,0.10526315789473684,0.42105263157894735,0.47368421052631576,0.5263157894736842,0.0,0.0
1609480,1609546,worker,/pscratch/sd/s/satt/sprints/a_star_campaign/h5/h5_tr_210.py,0,0,0,0,0,0,0,,,,,,
1609480,1609546,worker,/pscratch/sd/s/satt/sprints/data/converted_10M/mc_normalized_rntuple_10M_30.h5,19,11,4,0,4,7,8,0.21052631578947367,0.3684210526315789,0.42105263157894735,0.5789473684210527,0.0,0.0
1609480,1609547,worker,/pscratch/sd/s/satt/sprints/a_star_campaign/h5/h5_tr_210.py,0,0,0,0,0,0,0,,,,,,
1609480,1609547,worker,/pscratch/sd/s/satt/sprints/data/converted_10M/mc_normalized_rntuple_10M_30.h5,17,10,4,0,4,6,7,0.23529411764705882,0.35294117647058826,0.4117647058823529,0.5882352941176471,0.0,0.0
1609480,1609548,worker,/pscratch/sd/s/satt/sprints/a_star_campaign/h5/h5_tr_210.py,0,0,0,0,0,0,0,,,,,,
1609480,1609548,worker,/pscratch/sd/s/satt/sprints/data/converted_10M/mc_normalized_rntuple_10M_30.h5,17,10,4,0,4,6,7,0.23529411764705882,0.35294117647058826,0.4117647058823529,0.5882352941176471,0.0,0.0
1609480,1609549,worker,/pscratch/sd/s/satt/sprints/a_star_campaign/h5/h5_tr_210.py,0,0,0,0,0,0,0,,,,,,
1609480,1609549,worker,/pscratch/sd/s/satt/sprints/data/converted_10M/mc_normalized_rntuple_10M_30.h5,19,11,4,0,4,7,8,0.21052631578947367,0.3684210526315789,0.42105263157894735,0.5789473684210527,0.0,0.0
1609480,1609550,worker,/pscratch/sd/s/satt/sprints/a_star_campaign/h5/h5_tr_210.py,0,0,0,0,0,0,0,,,,,,
1609480,1609550,worker,/pscratch/sd/s/satt/sprints/data/converted_10M/mc_normalized_rntuple_10M_30.h5,17,10,4,0,4,6,7,0.23529411764705882,0.35294117647058826,0.4117647058823529,0.5882352941176471,0.0,0.0
1609480,1609551,worker,/pscratch/sd/s/satt/sprints/a_star_campaign/h5/h5_tr_210.py,0,0,0,0,0,0,0,,,,,,
1609480,1609551,worker,/pscratch/sd/s/satt/sprints/data/converted_10M/mc_normalized_rntuple_10M_30.h5,17,10,2,0,2,8,7,0.11764705882352941,0.47058823529411764,0.4117647058823529,0.5882352941176471,0.0,0.0
1609480,1609552,worker,/pscratch/sd/s/satt/sprints/a_star_campaign/h5/h5_tr_210.py,0,0,0,0,0,0,0,,,,,,
1609480,1609552,worker,/pscratch/sd/s/satt/sprints/data/converted_10M/mc_normalized_rntuple_10M_30.h5,19,13,4,0,4,9,6,0.21052631578947367,0.47368421052631576,0.3157894736842105,0.6842105263157895,0.0,0.0
1609480,1609553,worker,/pscratch/sd/s/satt/sprints/a_star_campaign/h5/h5_tr_210.py,0,0,0,0,0,0,0,,,,,,
1609480,1609553,worker,/pscratch/sd/s/satt/sprints/data/converted_10M/mc_normalized_rntuple_10M_30.h5,17,12,4,0,4,8,5,0.23529411764705882,0.47058823529411764,0.29411764705882354,0.7058823529411765,0.0,0.0
1609480,1609554,worker,/pscratch/sd/s/satt/sprints/a_star_campaign/h5/h5_tr_210.py,0,0,0,0,0,0,0,,,,,,
1609480,1609554,worker,/pscratch/sd/s/satt/sprints/data/converted_10M/mc_normalized_rntuple_10M_30.h5,17,12,4,0,4,8,5,0.23529411764705882,0.47058823529411764,0.29411764705882354,0.7058823529411765,0.0,0.0
1609480,1609555,worker,/pscratch/sd/s/satt/sprints/a_star_campaign/h5/h5_tr_210.py,0,0,0,0,0,0,0,,,,,,
1609480,1609555,worker,/pscratch/sd/s/satt/sprints/data/converted_10M/mc_normalized_rntuple_10M_30.h5,19,13,4,0,4,9,6,0.21052631578947367,0.47368421052631576,0.3157894736842105,0.6842105263157895,0.0,0.0
1609480,1609556,worker,/pscratch/sd/s/satt/sprints/a_star_campaign/h5/h5_tr_210.py,0,0,0,0,0,0,0,,,,,,
1609480,1609556,worker,/pscratch/sd/s/satt/sprints/data/converted_10M/mc_normalized_rntuple_10M_30.h5,17,12,4,0,4,8,5,0.23529411764705882,0.47058823529411764,0.29411764705882354,0.7058823529411765,0.0,0.0
1609480,1609557,worker,/pscratch/sd/s/satt/sprints/a_star_campaign/h5/h5_tr_210.py,0,0,0,0,0,0,0,,,,,,
1609480,1609557,worker,/pscratch/sd/s/satt/sprints/data/converted_10M/mc_normalized_rntuple_10M_30.h5,17,12,4,0,4,8,5,0.23529411764705882,0.47058823529411764,0.29411764705882354,0.7058823529411765,0.0,0.0
1609480,1609558,worker,/pscratch/sd/s/satt/sprints/a_star_campaign/h5/h5_tr_210.py,0,0,0,0,0,0,0,,,,,,
1609480,1609558,worker,/pscratch/sd/s/satt/sprints/data/converted_10M/mc_normalized_rntuple_10M_30.h5,19,13,4,0,4,9,6,0.21052631578947367,0.47368421052631576,0.3157894736842105,0.6842105263157895,0.0,0.0
1609480,1609559,worker,/pscratch/sd/s/satt/sprints/a_star_campaign/h5/h5_tr_210.py,0,0,0,0,0,0,0,,,,,,
1609480,1609559,worker,/pscratch/sd/s/satt/sprints/data/converted_10M/mc_normalized_rntuple_10M_30.h5,17,12,4,0,4,8,5,0.23529411764705882,0.47058823529411764,0.29411764705882354,0.7058823529411765,0.0,0.0
1609480,1609560,worker,/pscratch/sd/s/satt/sprints/a_star_campaign/h5/h5_tr_210.py,0,0,0,0,0,0,0,,,,,,
1609480,1609560,worker,/pscratch/sd/s/satt/sprints/data/converted_10M/mc_normalized_rntuple_10M_30.h5,17,12,4,0,4,8,5,0.23529411764705882,0.47058823529411764,0.29411764705882354,0.7058823529411765,0.0,0.0
1609480,1609561,worker,/pscratch/sd/s/satt/sprints/a_star_campaign/h5/h5_tr_210.py,0,0,0,0,0,0,0,,,,,,
1609480,1609561,worker,/pscratch/sd/s/satt/sprints/data/converted_10M/mc_normalized_rntuple_10M_30.h5,19,13,4,0,4,9,6,0.21052631578947367,0.47368421052631576,0.3157894736842105,0.6842105263157895,0.0,0.0
1609480,1609562,worker,/pscratch/sd/s/satt/sprints/a_star_campaign/h5/h5_tr_210.py,0,0,0,0,0,0,0,,,,,,
1609480,1609562,worker,/pscratch/sd/s/satt/sprints/data/converted_10M/mc_normalized_rntuple_10M_30.h5,17,12,4,0,4,8,5,0.23529411764705882,0.47058823529411764,0.29411764705882354,0.7058823529411765,0.0,0.0
1609480,1609563,worker,/pscratch/sd/s/satt/sprints/a_star_campaign/h5/h5_tr_210.py,0,0,0,0,0,0,0,,,,,,
1609480,1609563,worker,/pscratch/sd/s/satt/sprints/data/converted_10M/mc_normalized_rntuple_10M_30.h5,17,12,4,0,4,8,5,0.23529411764705882,0.47058823529411764,0.29411764705882354,0.7058823529411765,0.0,0.0
1609480,1609564,worker,/pscratch/sd/s/satt/sprints/a_star_campaign/h5/h5_tr_210.py,0,0,0,0,0,0,0,,,,,,
1609480,1609564,worker,/pscratch/sd/s/satt/sprints/data/converted_10M/mc_normalized_rntuple_10M_30.h5,19,13,4,0,4,9,6,0.21052631578947367,0.47368421052631576,0.3157894736842105,0.6842105263157895,0.0,0.0
1609480,1609565,worker,/pscratch/sd/s/satt/sprints/a_star_campaign/h5/h5_tr_210.py,0,0,0,0,0,0,0,,,,,,
1609480,1609565,worker,/pscratch/sd/s/satt/sprints/data/converted_10M/mc_normalized_rntuple_10M_30.h5,17,12,4,0,4,8,5,0.23529411764705882,0.47058823529411764,0.29411764705882354,0.7058823529411765,0.0,0.0
1609480,1609566,worker,/pscratch/sd/s/satt/sprints/a_star_campaign/h5/h5_tr_210.py,0,0,0,0,0,0,0,,,,,,
1609480,1609566,worker,/pscratch/sd/s/satt/sprints/data/converted_10M/mc_normalized_rntuple_10M_30.h5,17,12,4,0,4,8,5,0.23529411764705882,0.47058823529411764,0.29411764705882354,0.7058823529411765,0.0,0.0
1609480,1609567,worker,/pscratch/sd/s/satt/sprints/a_star_campaign/h5/h5_tr_210.py,0,0,0,0,0,0,0,,,,,,
1609480,1609567,worker,/pscratch/sd/s/satt/sprints/data/converted_10M/mc_normalized_rntuple_10M_30.h5,19,13,4,0,4,9,6,0.21052631578947367,0.47368421052631576,0.3157894736842105,0.6842105263157895,0.0,0.0
1609480,1609568,worker,/pscratch/sd/s/satt/sprints/a_star_campaign/h5/h5_tr_210.py,0,0,0,0,0,0,0,,,,,,
1609480,1609568,worker,/pscratch/sd/s/satt/sprints/data/converted_10M/mc_normalized_rntuple_10M_30.h5,17,12,4,0,4,8,5,0.23529411764705882,0.47058823529411764,0.29411764705882354,0.7058823529411765,0.0,0.0
1609480,1609569,worker,/pscratch/sd/s/satt/sprints/a_star_campaign/h5/h5_tr_210.py,0,0,0,0,0,0,0,,,,,,
1609480,1609569,worker,/pscratch/sd/s/satt/sprints/data/converted_10M/mc_normalized_rntuple_10M_30.h5,17,12,4,0,4,8,5,0.23529411764705882,0.47058823529411764,0.29411764705882354,0.7058823529411765,0.0,0.0
1609480,1609570,worker,/pscratch/sd/s/satt/sprints/a_star_campaign/h5/h5_tr_210.py,0,0,0,0,0,0,0,,,,,,
1609480,1609570,worker,/pscratch/sd/s/satt/sprints/data/converted_10M/mc_normalized_rntuple_10M_30.h5,19,13,4,0,4,9,6,0.21052631578947367,0.47368421052631576,0.3157894736842105,0.6842105263157895,0.0,0.0
1609480,1609571,worker,/pscratch/sd/s/satt/sprints/a_star_campaign/h5/h5_tr_210.py,0,0,0,0,0,0,0,,,,,,
1609480,1609571,worker,/pscratch/sd/s/satt/sprints/data/converted_10M/mc_normalized_rntuple_10M_30.h5,17,12,4,0,4,8,5,0.23529411764705882,0.47058823529411764,0.29411764705882354,0.7058823529411765,0.0,0.0
1609480,1609572,worker,/pscratch/sd/s/satt/sprints/a_star_campaign/h5/h5_tr_210.py,0,0,0,0,0,0,0,,,,,,
1609480,1609572,worker,/pscratch/sd/s/satt/sprints/data/converted_10M/mc_normalized_rntuple_10M_30.h5,17,12,4,0,4,8,5,0.23529411764705882,0.47058823529411764,0.29411764705882354,0.7058823529411765,0.0,0.0
1609480,1609573,worker,/pscratch/sd/s/satt/sprints/a_star_campaign/h5/h5_tr_210.py,0,0,0,0,0,0,0,,,,,,
1609480,1609573,worker,/pscratch/sd/s/satt/sprints/data/converted_10M/mc_normalized_rntuple_10M_30.h5,19,13,4,0,4,9,6,0.21052631578947367,0.47368421052631576,0.3157894736842105,0.6842105263157895,0.0,0.0
1609480,1609574,worker,/pscratch/sd/s/satt/sprints/a_star_campaign/h5/h5_tr_210.py,0,0,0,0,0,0,0,,,,,,
1609480,1609574,worker,/pscratch/sd/s/satt/sprints/data/converted_10M/mc_normalized_rntuple_10M_30.h5,17,12,4,0,4,8,5,0.23529411764705882,0.47058823529411764,0.29411764705882354,0.7058823529411765,0.0,0.0
1609480,1609575,worker,/pscratch/sd/s/satt/sprints/a_star_campaign/h5/h5_tr_210.py,0,0,0,0,0,0,0,,,,,,
1609480,1609575,worker,/pscratch/sd/s/satt/sprints/data/converted_10M/mc_normalized_rntuple_10M_30.h5,17,12,4,0,4,8,5,0.23529411764705882,0.47058823529411764,0.29411764705882354,0.7058823529411765,0.0,0.0
1609480,1609576,worker,/pscratch/sd/s/satt/sprints/a_star_campaign/h5/h5_tr_210.py,0,0,0,0,0,0,0,,,,,,
1609480,1609576,worker,/pscratch/sd/s/satt/sprints/data/converted_10M/mc_normalized_rntuple_10M_30.h5,19,13,4,0,4,9,6,0.21052631578947367,0.47368421052631576,0.3157894736842105,0.6842105263157895,0.0,0.0
1609480,1609577,worker,/pscratch/sd/s/satt/sprints/a_star_campaign/h5/h5_tr_210.py,0,0,0,0,0,0,0,,,,,,
1609480,1609577,worker,/pscratch/sd/s/satt/sprints/data/converted_10M/mc_normalized_rntuple_10M_30.h5,17,12,4,0,4,8,5,0.23529411764705882,0.47058823529411764,0.29411764705882354,0.7058823529411765,0.0,0.0
1609480,1609578,worker,/pscratch/sd/s/satt/sprints/a_star_campaign/h5/h5_tr_210.py,0,0,0,0,0,0,0,,,,,,
1609480,1609578,worker,/pscratch/sd/s/satt/sprints/data/converted_10M/mc_normalized_rntuple_10M_30.h5,17,12,4,0,4,8,5,0.23529411764705882,0.47058823529411764,0.29411764705882354,0.7058823529411765,0.0,0.0
1609480,1609579,worker,/pscratch/sd/s/satt/sprints/a_star_campaign/h5/h5_tr_210.py,0,0,0,0,0,0,0,,,,,,
1609480,1609579,worker,/pscratch/sd/s/satt/sprints/data/converted_10M/mc_normalized_rntuple_10M_30.h5,19,13,4,0,4,9,6,0.21052631578947367,0.47368421052631576,0.3157894736842105,0.6842105263157895,0.0,0.0
1609480,1609580,worker,/pscratch/sd/s/satt/sprints/a_star_campaign/h5/h5_tr_210.py,0,0,0,0,0,0,0,,,,,,
1609480,1609580,worker,/pscratch/sd/s/satt/sprints/data/converted_10M/mc_normalized_rntuple_10M_30.h5,17,12,4,0,4,8,5,0.23529411764705882,0.47058823529411764,0.29411764705882354,0.7058823529411765,0.0,0.0
1609480,1609581,worker,/pscratch/sd/s/satt/sprints/a_star_campaign/h5/h5_tr_210.py,0,0,0,0,0,0,0,,,,,,
1609480,1609581,worker,/pscratch/sd/s/satt/sprints/data/converted_10M/mc_normalized_rntuple_10M_30.h5,17,12,4,0,4,8,5,0.23529411764705882,0.47058823529411764,0.29411764705882354,0.7058823529411765,0.0,0.0
1609480,1609582,worker,/pscratch/sd/s/satt/sprints/a_star_campaign/h5/h5_tr_210.py,0,0,0,0,0,0,0,,,,,,
1609480,1609582,worker,/pscratch/sd/s/satt/sprints/data/converted_10M/mc_normalized_rntuple_10M_30.h5,19,13,4,0,4,9,6,0.21052631578947367,0.47368421052631576,0.3157894736842105,0.6842105263157895,0.0,0.0
1609480,1609583,worker,/pscratch/sd/s/satt/sprints/a_star_campaign/h5/h5_tr_210.py,0,0,0,0,0,0,0,,,,,,
1609480,1609583,worker,/pscratch/sd/s/satt/sprints/data/converted_10M/mc_normalized_rntuple_10M_30.h5,17,12,4,0,4,8,5,0.23529411764705882,0.47058823529411764,0.29411764705882354,0.7058823529411765,0.0,0.0
1609480,1609584,worker,/pscratch/sd/s/satt/sprints/a_star_campaign/h5/h5_tr_210.py,0,0,0,0,0,0,0,,,,,,
1609480,1609584,worker,/pscratch/sd/s/satt/sprints/data/converted_10M/mc_normalized_rntuple_10M_30.h5,17,12,4,0,4,8,5,0.23529411764705882,0.47058823529411764,0.29411764705882354,0.7058823529411765,0.0,0.0
1609480,1609585,worker,/pscratch/sd/s/satt/sprints/a_star_campaign/h5/h5_tr_210.py,0,0,0,0,0,0,0,,,,,,
1609480,1609585,worker,/pscratch/sd/s/satt/sprints/data/converted_10M/mc_normalized_rntuple_10M_30.h5,19,13,4,0,4,9,6,0.21052631578947367,0.47368421052631576,0.3157894736842105,0.6842105263157895,0.0,0.0
1609480,1609586,worker,/pscratch/sd/s/satt/sprints/a_star_campaign/h5/h5_tr_210.py,0,0,0,0,0,0,0,,,,,,
1609480,1609586,worker,/pscratch/sd/s/satt/sprints/data/converted_10M/mc_normalized_rntuple_10M_30.h5,17,12,4,0,4,8,5,0.23529411764705882,0.47058823529411764,0.29411764705882354,0.7058823529411765,0.0,0.0
1609480,1609587,worker,/pscratch/sd/s/satt/sprints/a_star_campaign/h5/h5_tr_210.py,0,0,0,0,0,0,0,,,,,,
1609480,1609587,worker,/pscratch/sd/s/satt/sprints/data/converted_10M/mc_normalized_rntuple_10M_30.h5,21,13,4,0,4,9,8,0.19047619047619047,0.42857142857142855,0.38095238095238093,0.6190476190476191,0.0,0.0
1609480,1609588,worker,/pscratch/sd/s/satt/sprints/a_star_campaign/h5/h5_tr_210.py,0,0,0,0,0,0,0,,,,,,
1609480,1609588,worker,/pscratch/sd/s/satt/sprints/data/converted_10M/mc_normalized_rntuple_10M_30.h5,17,10,4,0,4,6,7,0.23529411764705882,0.35294117647058826,0.4117647058823529,0.5882352941176471,0.0,0.0
1609480,1609589,worker,/pscratch/sd/s/satt/sprints/a_star_campaign/h5/h5_tr_210.py,0,0,0,0,0,0,0,,,,,,
1609480,1609589,worker,/pscratch/sd/s/satt/sprints/data/converted_10M/mc_normalized_rntuple_10M_30.h5,17,10,4,0,4,6,7,0.23529411764705882,0.35294117647058826,0.4117647058823529,0.5882352941176471,0.0,0.0
1609480,1609590,worker,/pscratch/sd/s/satt/sprints/a_star_campaign/h5/h5_tr_210.py,0,0,0,0,0,0,0,,,,,,
1609480,1609590,worker,/pscratch/sd/s/satt/sprints/data/converted_10M/mc_normalized_rntuple_10M_30.h5,19,11,4,0,4,7,8,0.21052631578947367,0.3684210526315789,0.42105263157894735,0.5789473684210527,0.0,0.0
1609480,1609591,worker,/pscratch/sd/s/satt/sprints/a_star_campaign/h5/h5_tr_210.py,0,0,0,0,0,0,0,,,,,,
1609480,1609591,worker,/pscratch/sd/s/satt/sprints/data/converted_10M/mc_normalized_rntuple_10M_30.h5,17,10,4,0,4,6,7,0.23529411764705882,0.35294117647058826,0.4117647058823529,0.5882352941176471,0.0,0.0
1609480,1609592,worker,/pscratch/sd/s/satt/sprints/a_star_campaign/h5/h5_tr_210.py,0,0,0,0,0,0,0,,,,,,
1609480,1609592,worker,/pscratch/sd/s/satt/sprints/data/converted_10M/mc_normalized_rntuple_10M_30.h5,17,10,4,0,4,6,7,0.23529411764705882,0.35294117647058826,0.4117647058823529,0.5882352941176471,0.0,0.0
1609480,1609593,worker,/pscratch/sd/s/satt/sprints/a_star_campaign/h5/h5_tr_210.py,0,0,0,0,0,0,0,,,,,,
1609480,1609593,worker,/pscratch/sd/s/satt/sprints/data/converted_10M/mc_normalized_rntuple_10M_30.h5,19,11,4,0,4,7,8,0.21052631578947367,0.3684210526315789,0.42105263157894735,0.5789473684210527,0.0,0.0
1609480,1609594,worker,/pscratch/sd/s/satt/sprints/a_star_campaign/h5/h5_tr_210.py,0,0,0,0,0,0,0,,,,,,
1609480,1609594,worker,/pscratch/sd/s/satt/sprints/data/converted_10M/mc_normalized_rntuple_10M_30.h5,17,12,6,0,6,6,5,0.35294117647058826,0.35294117647058826,0.29411764705882354,0.7058823529411765,0.0,0.0
1609480,1609595,worker,/pscratch/sd/s/satt/sprints/a_star_campaign/h5/h5_tr_210.py,0,0,0,0,0,0,0,,,,,,
1609480,1609595,worker,/pscratch/sd/s/satt/sprints/data/converted_10M/mc_normalized_rntuple_10M_30.h5,17,12,4,0,4,8,5,0.23529411764705882,0.47058823529411764,0.29411764705882354,0.7058823529411765,0.0,0.0
1609480,1609596,worker,/pscratch/sd/s/satt/sprints/a_star_campaign/h5/h5_tr_210.py,0,0,0,0,0,0,0,,,,,,
1609480,1609596,worker,/pscratch/sd/s/satt/sprints/data/converted_10M/mc_normalized_rntuple_10M_30.h5,19,13,4,0,4,9,6,0.21052631578947367,0.47368421052631576,0.3157894736842105,0.6842105263157895,0.0,0.0
1609480,1609597,worker,/pscratch/sd/s/satt/sprints/a_star_campaign/h5/h5_tr_210.py,0,0,0,0,0,0,0,,,,,,
1609480,1609597,worker,/pscratch/sd/s/satt/sprints/data/converted_10M/mc_normalized_rntuple_10M_30.h5,17,12,4,0,4,8,5,0.23529411764705882,0.47058823529411764,0.29411764705882354,0.7058823529411765,0.0,0.0
1609480,1609598,worker,/pscratch/sd/s/satt/sprints/a_star_campaign/h5/h5_tr_210.py,0,0,0,0,0,0,0,,,,,,
1609480,1609598,worker,/pscratch/sd/s/satt/sprints/data/converted_10M/mc_normalized_rntuple_10M_30.h5,17,12,4,0,4,8,5,0.23529411764705882,0.47058823529411764,0.29411764705882354,0.7058823529411765,0.0,0.0
1609480,1609599,worker,/pscratch/sd/s/satt/sprints/a_star_campaign/h5/h5_tr_210.py,0,0,0,0,0,0,0,,,,,,
1609480,1609599,worker,/pscratch/sd/s/satt/sprints/data/converted_10M/mc_normalized_rntuple_10M_30.h5,19,13,4,0,4,9,6,0.21052631578947367,0.47368421052631576,0.3157894736842105,0.6842105263157895,0.0,0.0
1609480,1609600,worker,/pscratch/sd/s/satt/sprints/a_star_campaign/h5/h5_tr_210.py,0,0,0,0,0,0,0,,,,,,
1609480,1609600,worker,/pscratch/sd/s/satt/sprints/data/converted_10M/mc_normalized_rntuple_10M_30.h5,17,12,4,0,4,8,5,0.23529411764705882,0.47058823529411764,0.29411764705882354,0.7058823529411765,0.0,0.0
1609480,1609601,worker,/pscratch/sd/s/satt/sprints/a_star_campaign/h5/h5_tr_210.py,0,0,0,0,0,0,0,,,,,,
1609480,1609601,worker,/pscratch/sd/s/satt/sprints/data/converted_10M/mc_normalized_rntuple_10M_30.h5,17,12,4,0,4,8,5,0.23529411764705882,0.47058823529411764,0.29411764705882354,0.7058823529411765,0.0,0.0
1609480,1609602,worker,/pscratch/sd/s/satt/sprints/a_star_campaign/h5/h5_tr_210.py,0,0,0,0,0,0,0,,,,,,
1609480,1609602,worker,/pscratch/sd/s/satt/sprints/data/converted_10M/mc_normalized_rntuple_10M_30.h5,19,13,4,0,4,9,6,0.21052631578947367,0.47368421052631576,0.3157894736842105,0.6842105263157895,0.0,0.0
1609480,1609603,worker,/pscratch/sd/s/satt/sprints/a_star_campaign/h5/h5_tr_210.py,0,0,0,0,0,0,0,,,,,,
1609480,1609603,worker,/pscratch/sd/s/satt/sprints/data/converted_10M/mc_normalized_rntuple_10M_30.h5,17,12,4,0,4,8,5,0.23529411764705882,0.47058823529411764,0.29411764705882354,0.7058823529411765,0.0,0.0
1609480,1609604,worker,/pscratch/sd/s/satt/sprints/a_star_campaign/h5/h5_tr_210.py,0,0,0,0,0,0,0,,,,,,
1609480,1609604,worker,/pscratch/sd/s/satt/sprints/data/converted_10M/mc_normalized_rntuple_10M_30.h5,17,12,4,0,4,8,5,0.23529411764705882,0.47058823529411764,0.29411764705882354,0.7058823529411765,0.0,0.0
1609480,1609605,worker,/pscratch/sd/s/satt/sprints/a_star_campaign/h5/h5_tr_210.py,0,0,0,0,0,0,0,,,,,,
1609480,1609605,worker,/pscratch/sd/s/satt/sprints/data/converted_10M/mc_normalized_rntuple_10M_30.h5,19,13,4,0,4,9,6,0.21052631578947367,0.47368421052631576,0.3157894736842105,0.6842105263157895,0.0,0.0
1609480,1609606,worker,/pscratch/sd/s/satt/sprints/a_star_campaign/h5/h5_tr_210.py,0,0,0,0,0,0,0,,,,,,
1609480,1609606,worker,/pscratch/sd/s/satt/sprints/data/converted_10M/mc_normalized_rntuple_10M_30.h5,17,12,4,0,4,8,5,0.23529411764705882,0.47058823529411764,0.29411764705882354,0.7058823529411765,0.0,0.0
1609480,1609607,worker,/pscratch/sd/s/satt/sprints/a_star_campaign/h5/h5_tr_210.py,0,0,0,0,0,0,0,,,,,,
1609480,1609607,worker,/pscratch/sd/s/satt/sprints/data/converted_10M/mc_normalized_rntuple_10M_30.h5,17,12,4,0,4,8,5,0.23529411764705882,0.47058823529411764,0.29411764705882354,0.7058823529411765,0.0,0.0
1609480,1609608,worker,/pscratch/sd/s/satt/sprints/a_star_campaign/h5/h5_tr_210.py,0,0,0,0,0,0,0,,,,,,
1609480,1609608,worker,/pscratch/sd/s/satt/sprints/data/converted_10M/mc_normalized_rntuple_10M_30.h5,19,13,4,0,4,9,6,0.21052631578947367,0.47368421052631576,0.3157894736842105,0.6842105263157895,0.0,0.0
1609480,1609609,worker,/pscratch/sd/s/satt/sprints/a_star_campaign/h5/h5_tr_210.py,0,0,0,0,0,0,0,,,,,,
1609480,1609609,worker,/pscratch/sd/s/satt/sprints/data/converted_10M/mc_normalized_rntuple_10M_30.h5,17,12,4,0,4,8,5,0.23529411764705882,0.47058823529411764,0.29411764705882354,0.7058823529411765,0.0,0.0
1609480,1609610,worker,/pscratch/sd/s/satt/sprints/a_star_campaign/h5/h5_tr_210.py,0,0,0,0,0,0,0,,,,,,
1609480,1609610,worker,/pscratch/sd/s/satt/sprints/data/converted_10M/mc_normalized_rntuple_10M_30.h5,17,12,4,0,4,8,5,0.23529411764705882,0.47058823529411764,0.29411764705882354,0.7058823529411765,0.0,0.0
1609480,1609611,worker,/pscratch/sd/s/satt/sprints/a_star_campaign/h5/h5_tr_210.py,0,0,0,0,0,0,0,,,,,,
1609480,1609611,worker,/pscratch/sd/s/satt/sprints/data/converted_10M/mc_normalized_rntuple_10M_30.h5,19,13,4,0,4,9,6,0.21052631578947367,0.47368421052631576,0.3157894736842105,0.6842105263157895,0.0,0.0
1609480,1609612,worker,/pscratch/sd/s/satt/sprints/a_star_campaign/h5/h5_tr_210.py,0,0,0,0,0,0,0,,,,,,
1609480,1609612,worker,/pscratch/sd/s/satt/sprints/data/converted_10M/mc_normalized_rntuple_10M_30.h5,17,12,4,0,4,8,5,0.23529411764705882,0.47058823529411764,0.29411764705882354,0.7058823529411765,0.0,0.0
1609480,1609613,worker,/pscratch/sd/s/satt/sprints/a_star_campaign/h5/h5_tr_210.py,0,0,0,0,0,0,0,,,,,,
1609480,1609613,worker,/pscratch/sd/s/satt/sprints/data/converted_10M/mc_normalized_rntuple_10M_30.h5,17,12,4,0,4,8,5,0.23529411764705882,0.47058823529411764,0.29411764705882354,0.7058823529411765,0.0,0.0
1609480,1609614,worker,/pscratch/sd/s/satt/sprints/a_star_campaign/h5/h5_tr_210.py,0,0,0,0,0,0,0,,,,,,
1609480,1609614,worker,/pscratch/sd/s/satt/sprints/data/converted_10M/mc_normalized_rntuple_10M_30.h5,19,13,4,0,4,9,6,0.21052631578947367,0.47368421052631576,0.3157894736842105,0.6842105263157895,0.0,0.0
1609480,1609615,worker,/pscratch/sd/s/satt/sprints/a_star_campaign/h5/h5_tr_210.py,0,0,0,0,0,0,0,,,,,,
1609480,1609615,worker,/pscratch/sd/s/satt/sprints/data/converted_10M/mc_normalized_rntuple_10M_30.h5,17,12,4,0,4,8,5,0.23529411764705882,0.47058823529411764,0.29411764705882354,0.7058823529411765,0.0,0.0
1609480,1609616,worker,/pscratch/sd/s/satt/sprints/a_star_campaign/h5/h5_tr_210.py,0,0,0,0,0,0,0,,,,,,
1609480,1609616,worker,/pscratch/sd/s/satt/sprints/data/converted_10M/mc_normalized_rntuple_10M_30.h5,17,12,4,0,4,8,5,0.23529411764705882,0.47058823529411764,0.29411764705882354,0.7058823529411765,0.0,0.0
1609480,1609617,worker,/pscratch/sd/s/satt/sprints/a_star_campaign/h5/h5_tr_210.py,0,0,0,0,0,0,0,,,,,,
1609480,1609617,worker,/pscratch/sd/s/satt/sprints/data/converted_10M/mc_normalized_rntuple_10M_30.h5,19,13,4,0,4,9,6,0.21052631578947367,0.47368421052631576,0.3157894736842105,0.6842105263157895,0.0,0.0
1609480,1609618,worker,/pscratch/sd/s/satt/sprints/a_star_campaign/h5/h5_tr_210.py,0,0,0,0,0,0,0,,,,,,
1609480,1609618,worker,/pscratch/sd/s/satt/sprints/data/converted_10M/mc_normalized_rntuple_10M_30.h5,17,12,4,0,4,8,5,0.23529411764705882,0.47058823529411764,0.29411764705882354,0.7058823529411765,0.0,0.0
1609480,1609619,worker,/pscratch/sd/s/satt/sprints/a_star_campaign/h5/h5_tr_210.py,0,0,0,0,0,0,0,,,,,,
1609480,1609619,worker,/pscratch/sd/s/satt/sprints/data/converted_10M/mc_normalized_rntuple_10M_30.h5,17,12,4,0,4,8,5,0.23529411764705882,0.47058823529411764,0.29411764705882354,0.7058823529411765,0.0,0.0
1609480,1609620,worker,/pscratch/sd/s/satt/sprints/a_star_campaign/h5/h5_tr_210.py,0,0,0,0,0,0,0,,,,,,
1609480,1609620,worker,/pscratch/sd/s/satt/sprints/data/converted_10M/mc_normalized_rntuple_10M_30.h5,19,13,4,0,4,9,6,0.21052631578947367,0.47368421052631576,0.3157894736842105,0.6842105263157895,0.0,0.0
1609480,1609621,worker,/pscratch/sd/s/satt/sprints/a_star_campaign/h5/h5_tr_210.py,0,0,0,0,0,0,0,,,,,,
1609480,1609621,worker,/pscratch/sd/s/satt/sprints/data/converted_10M/mc_normalized_rntuple_10M_30.h5,17,12,4,0,4,8,5,0.23529411764705882,0.47058823529411764,0.29411764705882354,0.7058823529411765,0.0,0.0
1609480,1609622,worker,/pscratch/sd/s/satt/sprints/a_star_campaign/h5/h5_tr_210.py,0,0,0,0,0,0,0,,,,,,
1609480,1609622,worker,/pscratch/sd/s/satt/sprints/data/converted_10M/mc_normalized_rntuple_10M_30.h5,17,12,4,0,4,8,5,0.23529411764705882,0.47058823529411764,0.29411764705882354,0.7058823529411765,0.0,0.0
1609480,1609623,worker,/pscratch/sd/s/satt/sprints/a_star_campaign/h5/h5_tr_210.py,0,0,0,0,0,0,0,,,,,,
1609480,1609623,worker,/pscratch/sd/s/satt/sprints/data/converted_10M/mc_normalized_rntuple_10M_30.h5,19,13,4,0,4,9,6,0.21052631578947367,0.47368421052631576,0.3157894736842105,0.6842105263157895,0.0,0.0
1609480,1609624,worker,/pscratch/sd/s/satt/sprints/a_star_campaign/h5/h5_tr_210.py,0,0,0,0,0,0,0,,,,,,
1609480,1609624,worker,/pscratch/sd/s/satt/sprints/data/converted_10M/mc_normalized_rntuple_10M_30.h5,17,12,4,0,4,8,5,0.23529411764705882,0.47058823529411764,0.29411764705882354,0.7058823529411765,0.0,0.0
1609480,1609625,worker,/pscratch/sd/s/satt/sprints/a_star_campaign/h5/h5_tr_210.py,0,0,0,0,0,0,0,,,,,,
1609480,1609625,worker,/pscratch/sd/s/satt/sprints/data/converted_10M/mc_normalized_rntuple_10M_30.h5,17,12,4,0,4,8,5,0.23529411764705882,0.47058823529411764,0.29411764705882354,0.7058823529411765,0.0,0.0
1609480,1609626,worker,/pscratch/sd/s/satt/sprints/a_star_campaign/h5/h5_tr_210.py,0,0,0,0,0,0,0,,,,,,
1609480,1609626,worker,/pscratch/sd/s/satt/sprints/data/converted_10M/mc_normalized_rntuple_10M_30.h5,19,13,4,0,4,9,6,0.21052631578947367,0.47368421052631576,0.3157894736842105,0.6842105263157895,0.0,0.0
1609480,1609627,worker,/pscratch/sd/s/satt/sprints/a_star_campaign/h5/h5_tr_210.py,0,0,0,0,0,0,0,,,,,,
1609480,1609627,worker,/pscratch/sd/s/satt/sprints/data/converted_10M/mc_normalized_rntuple_10M_30.h5,17,12,4,0,4,8,5,0.23529411764705882,0.47058823529411764,0.29411764705882354,0.7058823529411765,0.0,0.0
1609480,1609628,worker,/pscratch/sd/s/satt/sprints/a_star_campaign/h5/h5_tr_210.py,0,0,0,0,0,0,0,,,,,,
1609480,1609628,worker,/pscratch/sd/s/satt/sprints/data/converted_10M/mc_normalized_rntuple_10M_30.h5,17,12,4,0,4,8,5,0.23529411764705882,0.47058823529411764,0.29411764705882354,0.7058823529411765,0.0,0.0
1609480,1609629,worker,/pscratch/sd/s/satt/sprints/a_star_campaign/h5/h5_tr_210.py,0,0,0,0,0,0,0,,,,,,
1609480,1609629,worker,/pscratch/sd/s/satt/sprints/data/converted_10M/mc_normalized_rntuple_10M_30.h5,19,13,4,0,4,9,6,0.21052631578947367,0.47368421052631576,0.3157894736842105,0.6842105263157895,0.0,0.0
1609480,1609630,worker,/pscratch/sd/s/satt/sprints/a_star_campaign/h5/h5_tr_210.py,0,0,0,0,0,0,0,,,,,,
1609480,1609630,worker,/pscratch/sd/s/satt/sprints/data/converted_10M/mc_normalized_rntuple_10M_30.h5,19,12,2,0,2,10,7,0.10526315789473684,0.5263157894736842,0.3684210526315789,0.631578947368421,0.0,0.0
1609480,1609631,worker,/pscratch/sd/s/satt/sprints/a_star_campaign/h5/h5_tr_210.py,0,0,0,0,0,0,0,,,,,,
1609480,1609631,worker,/pscratch/sd/s/satt/sprints/data/converted_10M/mc_normalized_rntuple_10M_30.h5,19,11,4,0,4,7,8,0.21052631578947367,0.3684210526315789,0.42105263157894735,0.5789473684210527,0.0,0.0
1609480,1609632,worker,/pscratch/sd/s/satt/sprints/a_star_campaign/h5/h5_tr_210.py,0,0,0,0,0,0,0,,,,,,
1609480,1609632,worker,/pscratch/sd/s/satt/sprints/data/converted_10M/mc_normalized_rntuple_10M_30.h5,17,10,4,0,4,6,7,0.23529411764705882,0.35294117647058826,0.4117647058823529,0.5882352941176471,0.0,0.0
1609480,1609633,worker,/pscratch/sd/s/satt/sprints/a_star_campaign/h5/h5_tr_210.py,0,0,0,0,0,0,0,,,,,,
1609480,1609633,worker,/pscratch/sd/s/satt/sprints/data/converted_10M/mc_normalized_rntuple_10M_30.h5,17,10,4,0,4,6,7,0.23529411764705882,0.35294117647058826,0.4117647058823529,0.5882352941176471,0.0,0.0
1609480,1609634,worker,/pscratch/sd/s/satt/sprints/a_star_campaign/h5/h5_tr_210.py,0,0,0,0,0,0,0,,,,,,
1609480,1609634,worker,/pscratch/sd/s/satt/sprints/data/converted_10M/mc_normalized_rntuple_10M_30.h5,19,11,4,0,4,7,8,0.21052631578947367,0.3684210526315789,0.42105263157894735,0.5789473684210527,0.0,0.0
1609480,1609635,worker,/pscratch/sd/s/satt/sprints/a_star_campaign/h5/h5_tr_210.py,0,0,0,0,0,0,0,,,,,,
1609480,1609635,worker,/pscratch/sd/s/satt/sprints/data/converted_10M/mc_normalized_rntuple_10M_30.h5,17,10,4,0,4,6,7,0.23529411764705882,0.35294117647058826,0.4117647058823529,0.5882352941176471,0.0,0.0
1609480,1609636,worker,/pscratch/sd/s/satt/sprints/a_star_campaign/h5/h5_tr_210.py,0,0,0,0,0,0,0,,,,,,
1609480,1609636,worker,/pscratch/sd/s/satt/sprints/data/converted_10M/mc_normalized_rntuple_10M_30.h5,17,10,2,0,2,8,7,0.11764705882352941,0.47058823529411764,0.4117647058823529,0.5882352941176471,0.0,0.0
1609480,1609637,worker,/pscratch/sd/s/satt/sprints/a_star_campaign/h5/h5_tr_210.py,0,0,0,0,0,0,0,,,,,,
1609480,1609637,worker,/pscratch/sd/s/satt/sprints/data/converted_10M/mc_normalized_rntuple_10M_30.h5,19,13,6,0,6,7,6,0.3157894736842105,0.3684210526315789,0.3157894736842105,0.6842105263157895,0.0,0.0
1609480,1609638,worker,/pscratch/sd/s/satt/sprints/a_star_campaign/h5/h5_tr_210.py,0,0,0,0,0,0,0,,,,,,
1609480,1609638,worker,/pscratch/sd/s/satt/sprints/data/converted_10M/mc_normalized_rntuple_10M_30.h5,17,12,4,0,4,8,5,0.23529411764705882,0.47058823529411764,0.29411764705882354,0.7058823529411765,0.0,0.0
1609480,1609639,worker,/pscratch/sd/s/satt/sprints/a_star_campaign/h5/h5_tr_210.py,0,0,0,0,0,0,0,,,,,,
1609480,1609639,worker,/pscratch/sd/s/satt/sprints/data/converted_10M/mc_normalized_rntuple_10M_30.h5,17,12,4,0,4,8,5,0.23529411764705882,0.47058823529411764,0.29411764705882354,0.7058823529411765,0.0,0.0
1609480,1609640,worker,/pscratch/sd/s/satt/sprints/a_star_campaign/h5/h5_tr_210.py,0,0,0,0,0,0,0,,,,,,
1609480,1609640,worker,/pscratch/sd/s/satt/sprints/data/converted_10M/mc_normalized_rntuple_10M_30.h5,19,13,4,0,4,9,6,0.21052631578947367,0.47368421052631576,0.3157894736842105,0.6842105263157895,0.0,0.0
1609480,1609641,worker,/pscratch/sd/s/satt/sprints/a_star_campaign/h5/h5_tr_210.py,0,0,0,0,0,0,0,,,,,,
1609480,1609641,worker,/pscratch/sd/s/satt/sprints/data/converted_10M/mc_normalized_rntuple_10M_30.h5,17,12,4,0,4,8,5,0.23529411764705882,0.47058823529411764,0.29411764705882354,0.7058823529411765,0.0,0.0
1609480,1609642,worker,/pscratch/sd/s/satt/sprints/a_star_campaign/h5/h5_tr_210.py,0,0,0,0,0,0,0,,,,,,
1609480,1609642,worker,/pscratch/sd/s/satt/sprints/data/converted_10M/mc_normalized_rntuple_10M_30.h5,17,12,4,0,4,8,5,0.23529411764705882,0.47058823529411764,0.29411764705882354,0.7058823529411765,0.0,0.0
1609480,1609643,worker,/pscratch/sd/s/satt/sprints/a_star_campaign/h5/h5_tr_210.py,0,0,0,0,0,0,0,,,,,,
1609480,1609643,worker,/pscratch/sd/s/satt/sprints/data/converted_10M/mc_normalized_rntuple_10M_30.h5,19,13,4,0,4,9,6,0.21052631578947367,0.47368421052631576,0.3157894736842105,0.6842105263157895,0.0,0.0
1609480,1609644,worker,/pscratch/sd/s/satt/sprints/a_star_campaign/h5/h5_tr_210.py,0,0,0,0,0,0,0,,,,,,
1609480,1609644,worker,/pscratch/sd/s/satt/sprints/data/converted_10M/mc_normalized_rntuple_10M_30.h5,17,12,4,0,4,8,5,0.23529411764705882,0.47058823529411764,0.29411764705882354,0.7058823529411765,0.0,0.0
1609480,1609645,worker,/pscratch/sd/s/satt/sprints/a_star_campaign/h5/h5_tr_210.py,0,0,0,0,0,0,0,,,,,,
1609480,1609645,worker,/pscratch/sd/s/satt/sprints/data/converted_10M/mc_normalized_rntuple_10M_30.h5,17,12,4,0,4,8,5,0.23529411764705882,0.47058823529411764,0.29411764705882354,0.7058823529411765,0.0,0.0
1609480,1609646,worker,/pscratch/sd/s/satt/sprints/a_star_campaign/h5/h5_tr_210.py,0,0,0,0,0,0,0,,,,,,
1609480,1609646,worker,/pscratch/sd/s/satt/sprints/data/converted_10M/mc_normalized_rntuple_10M_30.h5,19,13,4,0,4,9,6,0.21052631578947367,0.47368421052631576,0.3157894736842105,0.6842105263157895,0.0,0.0
1609480,1609647,worker,/pscratch/sd/s/satt/sprints/a_star_campaign/h5/h5_tr_210.py,0,0,0,0,0,0,0,,,,,,
1609480,1609647,worker,/pscratch/sd/s/satt/sprints/data/converted_10M/mc_normalized_rntuple_10M_30.h5,17,12,4,0,4,8,5,0.23529411764705882,0.47058823529411764,0.29411764705882354,0.7058823529411765,0.0,0.0
1609480,1609648,worker,/pscratch/sd/s/satt/sprints/a_star_campaign/h5/h5_tr_210.py,0,0,0,0,0,0,0,,,,,,
1609480,1609648,worker,/pscratch/sd/s/satt/sprints/data/converted_10M/mc_normalized_rntuple_10M_30.h5,17,12,4,0,4,8,5,0.23529411764705882,0.47058823529411764,0.29411764705882354,0.7058823529411765,0.0,0.0
1609480,1609649,worker,/pscratch/sd/s/satt/sprints/a_star_campaign/h5/h5_tr_210.py,0,0,0,0,0,0,0,,,,,,
1609480,1609649,worker,/pscratch/sd/s/satt/sprints/data/converted_10M/mc_normalized_rntuple_10M_30.h5,19,13,4,0,4,9,6,0.21052631578947367,0.47368421052631576,0.3157894736842105,0.6842105263157895,0.0,0.0
1609480,1609650,worker,/pscratch/sd/s/satt/sprints/a_star_campaign/h5/h5_tr_210.py,0,0,0,0,0,0,0,,,,,,
1609480,1609650,worker,/pscratch/sd/s/satt/sprints/data/converted_10M/mc_normalized_rntuple_10M_30.h5,17,12,4,0,4,8,5,0.23529411764705882,0.47058823529411764,0.29411764705882354,0.7058823529411765,0.0,0.0
1609480,1609651,worker,/pscratch/sd/s/satt/sprints/a_star_campaign/h5/h5_tr_210.py,0,0,0,0,0,0,0,,,,,,
1609480,1609651,worker,/pscratch/sd/s/satt/sprints/data/converted_10M/mc_normalized_rntuple_10M_30.h5,17,12,4,0,4,8,5,0.23529411764705882,0.47058823529411764,0.29411764705882354,0.7058823529411765,0.0,0.0
1609480,1609652,worker,/pscratch/sd/s/satt/sprints/a_star_campaign/h5/h5_tr_210.py,0,0,0,0,0,0,0,,,,,,
1609480,1609652,worker,/pscratch/sd/s/satt/sprints/data/converted_10M/mc_normalized_rntuple_10M_30.h5,19,13,4,0,4,9,6,0.21052631578947367,0.47368421052631576,0.3157894736842105,0.6842105263157895,0.0,0.0
1609480,1609653,worker,/pscratch/sd/s/satt/sprints/a_star_campaign/h5/h5_tr_210.py,0,0,0,0,0,0,0,,,,,,
1609480,1609653,worker,/pscratch/sd/s/satt/sprints/data/converted_10M/mc_normalized_rntuple_10M_30.h5,17,12,4,0,4,8,5,0.23529411764705882,0.47058823529411764,0.29411764705882354,0.7058823529411765,0.0,0.0
1609480,1609654,worker,/pscratch/sd/s/satt/sprints/a_star_campaign/h5/h5_tr_210.py,0,0,0,0,0,0,0,,,,,,
1609480,1609654,worker,/pscratch/sd/s/satt/sprints/data/converted_10M/mc_normalized_rntuple_10M_30.h5,17,12,4,0,4,8,5,0.23529411764705882,0.47058823529411764,0.29411764705882354,0.7058823529411765,0.0,0.0
1609480,1609655,worker,/pscratch/sd/s/satt/sprints/a_star_campaign/h5/h5_tr_210.py,0,0,0,0,0,0,0,,,,,,
1609480,1609655,worker,/pscratch/sd/s/satt/sprints/data/converted_10M/mc_normalized_rntuple_10M_30.h5,19,13,4,0,4,9,6,0.21052631578947367,0.47368421052631576,0.3157894736842105,0.6842105263157895,0.0,0.0
1609480,1609656,worker,/pscratch/sd/s/satt/sprints/a_star_campaign/h5/h5_tr_210.py,0,0,0,0,0,0,0,,,,,,
1609480,1609656,worker,/pscratch/sd/s/satt/sprints/data/converted_10M/mc_normalized_rntuple_10M_30.h5,17,12,4,0,4,8,5,0.23529411764705882,0.47058823529411764,0.29411764705882354,0.7058823529411765,0.0,0.0
1609480,1609657,worker,/pscratch/sd/s/satt/sprints/a_star_campaign/h5/h5_tr_210.py,0,0,0,0,0,0,0,,,,,,
1609480,1609657,worker,/pscratch/sd/s/satt/sprints/data/converted_10M/mc_normalized_rntuple_10M_30.h5,17,12,4,0,4,8,5,0.23529411764705882,0.47058823529411764,0.29411764705882354,0.7058823529411765,0.0,0.0
1609480,1609658,worker,/pscratch/sd/s/satt/sprints/a_star_campaign/h5/h5_tr_210.py,0,0,0,0,0,0,0,,,,,,
1609480,1609658,worker,/pscratch/sd/s/satt/sprints/data/converted_10M/mc_normalized_rntuple_10M_30.h5,19,13,4,0,4,9,6,0.21052631578947367,0.47368421052631576,0.3157894736842105,0.6842105263157895,0.0,0.0
1609480,1609659,worker,/pscratch/sd/s/satt/sprints/a_star_campaign/h5/h5_tr_210.py,0,0,0,0,0,0,0,,,,,,
1609480,1609659,worker,/pscratch/sd/s/satt/sprints/data/converted_10M/mc_normalized_rntuple_10M_30.h5,17,12,4,0,4,8,5,0.23529411764705882,0.47058823529411764,0.29411764705882354,0.7058823529411765,0.0,0.0
1609480,1609660,worker,/pscratch/sd/s/satt/sprints/a_star_campaign/h5/h5_tr_210.py,0,0,0,0,0,0,0,,,,,,
1609480,1609660,worker,/pscratch/sd/s/satt/sprints/data/converted_10M/mc_normalized_rntuple_10M_30.h5,17,12,4,0,4,8,5,0.23529411764705882,0.47058823529411764,0.29411764705882354,0.7058823529411765,0.0,0.0
1609480,1609661,worker,/pscratch/sd/s/satt/sprints/a_star_campaign/h5/h5_tr_210.py,0,0,0,0,0,0,0,,,,,,
1609480,1609661,worker,/pscratch/sd/s/satt/sprints/data/converted_10M/mc_normalized_rntuple_10M_30.h5,19,13,4,0,4,9,6,0.21052631578947367,0.47368421052631576,0.3157894736842105,0.6842105263157895,0.0,0.0
1609480,1609662,worker,/pscratch/sd/s/satt/sprints/a_star_campaign/h5/h5_tr_210.py,0,0,0,0,0,0,0,,,,,,
1609480,1609662,worker,/pscratch/sd/s/satt/sprints/data/converted_10M/mc_normalized_rntuple_10M_30.h5,17,12,4,0,4,8,5,0.23529411764705882,0.47058823529411764,0.29411764705882354,0.7058823529411765,0.0,0.0
1609480,1609663,worker,/pscratch/sd/s/satt/sprints/a_star_campaign/h5/h5_tr_210.py,0,0,0,0,0,0,0,,,,,,
1609480,1609663,worker,/pscratch/sd/s/satt/sprints/data/converted_10M/mc_normalized_rntuple_10M_30.h5,17,12,4,0,4,8,5,0.23529411764705882,0.47058823529411764,0.29411764705882354,0.7058823529411765,0.0,0.0
1609480,1609664,worker,/pscratch/sd/s/satt/sprints/a_star_campaign/h5/h5_tr_210.py,0,0,0,0,0,0,0,,,,,,
1609480,1609664,worker,/pscratch/sd/s/satt/sprints/data/converted_10M/mc_normalized_rntuple_10M_30.h5,19,13,4,0,4,9,6,0.21052631578947367,0.47368421052631576,0.3157894736842105,0.6842105263157895,0.0,0.0
1609480,1609665,worker,/pscratch/sd/s/satt/sprints/a_star_campaign/h5/h5_tr_210.py,0,0,0,0,0,0,0,,,,,,
1609480,1609665,worker,/pscratch/sd/s/satt/sprints/data/converted_10M/mc_normalized_rntuple_10M_30.h5,17,12,4,0,4,8,5,0.23529411764705882,0.47058823529411764,0.29411764705882354,0.7058823529411765,0.0,0.0
1609480,1609666,worker,/pscratch/sd/s/satt/sprints/a_star_campaign/h5/h5_tr_210.py,0,0,0,0,0,0,0,,,,,,
1609480,1609666,worker,/pscratch/sd/s/satt/sprints/data/converted_10M/mc_normalized_rntuple_10M_30.h5,17,12,4,0,4,8,5,0.23529411764705882,0.47058823529411764,0.29411764705882354,0.7058823529411765,0.0,0.0
1609480,1609667,worker,/pscratch/sd/s/satt/sprints/a_star_campaign/h5/h5_tr_210.py,0,0,0,0,0,0,0,,,,,,
1609480,1609667,worker,/pscratch/sd/s/satt/sprints/data/converted_10M/mc_normalized_rntuple_10M_30.h5,19,13,4,0,4,9,6,0.21052631578947367,0.47368421052631576,0.3157894736842105,0.6842105263157895,0.0,0.0
1609480,1609668,worker,/pscratch/sd/s/satt/sprints/a_star_campaign/h5/h5_tr_210.py,0,0,0,0,0,0,0,,,,,,
1609480,1609668,worker,/pscratch/sd/s/satt/sprints/data/converted_10M/mc_normalized_rntuple_10M_30.h5,17,12,4,0,4,8,5,0.23529411764705882,0.47058823529411764,0.29411764705882354,0.7058823529411765,0.0,0.0
1609480,1609669,worker,/pscratch/sd/s/satt/sprints/a_star_campaign/h5/h5_tr_210.py,0,0,0,0,0,0,0,,,,,,
1609480,1609669,worker,/pscratch/sd/s/satt/sprints/data/converted_10M/mc_normalized_rntuple_10M_30.h5,17,12,4,0,4,8,5,0.23529411764705882,0.47058823529411764,0.29411764705882354,0.7058823529411765,0.0,0.0
1609480,1609670,worker,/pscratch/sd/s/satt/sprints/a_star_campaign/h5/h5_tr_210.py,0,0,0,0,0,0,0,,,,,,
1609480,1609670,worker,/pscratch/sd/s/satt/sprints/data/converted_10M/mc_normalized_rntuple_10M_30.h5,19,13,4,0,4,9,6,0.21052631578947367,0.47368421052631576,0.3157894736842105,0.6842105263157895,0.0,0.0
1609480,1609671,worker,/pscratch/sd/s/satt/sprints/a_star_campaign/h5/h5_tr_210.py,0,0,0,0,0,0,0,,,,,,
1609480,1609671,worker,/pscratch/sd/s/satt/sprints/data/converted_10M/mc_normalized_rntuple_10M_30.h5,17,12,4,0,4,8,5,0.23529411764705882,0.47058823529411764,0.29411764705882354,0.7058823529411765,0.0,0.0
1609480,1609672,worker,/pscratch/sd/s/satt/sprints/a_star_campaign/h5/h5_tr_210.py,0,0,0,0,0,0,0,,,,,,
1609480,1609672,worker,/pscratch/sd/s/satt/sprints/data/converted_10M/mc_normalized_rntuple_10M_30.h5,21,13,4,0,4,9,8,0.19047619047619047,0.42857142857142855,0.38095238095238093,0.6190476190476191,0.0,0.0
1609480,1609673,worker,/pscratch/sd/s/satt/sprints/a_star_campaign/h5/h5_tr_210.py,0,0,0,0,0,0,0,,,,,,
1609480,1609673,worker,/pscratch/sd/s/satt/sprints/data/converted_10M/mc_normalized_rntuple_10M_30.h5,17,10,4,0,4,6,7,0.23529411764705882,0.35294117647058826,0.4117647058823529,0.5882352941176471,0.0,0.0
1609480,1609674,worker,/pscratch/sd/s/satt/sprints/a_star_campaign/h5/h5_tr_210.py,0,0,0,0,0,0,0,,,,,,
1609480,1609674,worker,/pscratch/sd/s/satt/sprints/data/converted_10M/mc_normalized_rntuple_10M_30.h5,17,10,4,0,4,6,7,0.23529411764705882,0.35294117647058826,0.4117647058823529,0.5882352941176471,0.0,0.0
1609480,1609675,worker,/pscratch/sd/s/satt/sprints/a_star_campaign/h5/h5_tr_210.py,0,0,0,0,0,0,0,,,,,,
1609480,1609675,worker,/pscratch/sd/s/satt/sprints/data/converted_10M/mc_normalized_rntuple_10M_30.h5,19,11,4,0,4,7,8,0.21052631578947367,0.3684210526315789,0.42105263157894735,0.5789473684210527,0.0,0.0
1609480,1609676,worker,/pscratch/sd/s/satt/sprints/a_star_campaign/h5/h5_tr_210.py,0,0,0,0,0,0,0,,,,,,
1609480,1609676,worker,/pscratch/sd/s/satt/sprints/data/converted_10M/mc_normalized_rntuple_10M_30.h5,17,10,4,0,4,6,7,0.23529411764705882,0.35294117647058826,0.4117647058823529,0.5882352941176471,0.0,0.0
1609480,1609677,worker,/pscratch/sd/s/satt/sprints/a_star_campaign/h5/h5_tr_210.py,0,0,0,0,0,0,0,,,,,,
1609480,1609677,worker,/pscratch/sd/s/satt/sprints/data/converted_10M/mc_normalized_rntuple_10M_30.h5,17,10,4,0,4,6,7,0.23529411764705882,0.35294117647058826,0.4117647058823529,0.5882352941176471,0.0,0.0
1609480,1609678,worker,/pscratch/sd/s/satt/sprints/a_star_campaign/h5/h5_tr_210.py,0,0,0,0,0,0,0,,,,,,
1609480,1609678,worker,/pscratch/sd/s/satt/sprints/data/converted_10M/mc_normalized_rntuple_10M_30.h5,19,11,4,0,4,7,8,0.21052631578947367,0.3684210526315789,0.42105263157894735,0.5789473684210527,0.0,0.0
1609480,1609679,worker,/pscratch/sd/s/satt/sprints/a_star_campaign/h5/h5_tr_210.py,0,0,0,0,0,0,0,,,,,,
1609480,1609679,worker,/pscratch/sd/s/satt/sprints/data/converted_10M/mc_normalized_rntuple_10M_30.h5,17,12,6,0,6,6,5,0.35294117647058826,0.35294117647058826,0.29411764705882354,0.7058823529411765,0.0,0.0
1609480,1609680,worker,/pscratch/sd/s/satt/sprints/a_star_campaign/h5/h5_tr_210.py,0,0,0,0,0,0,0,,,,,,
1609480,1609680,worker,/pscratch/sd/s/satt/sprints/data/converted_10M/mc_normalized_rntuple_10M_30.h5,17,12,4,0,4,8,5,0.23529411764705882,0.47058823529411764,0.29411764705882354,0.7058823529411765,0.0,0.0
1609480,1609681,worker,/pscratch/sd/s/satt/sprints/a_star_campaign/h5/h5_tr_210.py,0,0,0,0,0,0,0,,,,,,
1609480,1609681,worker,/pscratch/sd/s/satt/sprints/data/converted_10M/mc_normalized_rntuple_10M_30.h5,19,13,4,0,4,9,6,0.21052631578947367,0.47368421052631576,0.3157894736842105,0.6842105263157895,0.0,0.0
1609480,1609682,worker,/pscratch/sd/s/satt/sprints/a_star_campaign/h5/h5_tr_210.py,0,0,0,0,0,0,0,,,,,,
1609480,1609682,worker,/pscratch/sd/s/satt/sprints/data/converted_10M/mc_normalized_rntuple_10M_30.h5,17,12,4,0,4,8,5,0.23529411764705882,0.47058823529411764,0.29411764705882354,0.7058823529411765,0.0,0.0
1609480,1609683,worker,/pscratch/sd/s/satt/sprints/a_star_campaign/h5/h5_tr_210.py,0,0,0,0,0,0,0,,,,,,
1609480,1609683,worker,/pscratch/sd/s/satt/sprints/data/converted_10M/mc_normalized_rntuple_10M_30.h5,17,12,4,0,4,8,5,0.23529411764705882,0.47058823529411764,0.29411764705882354,0.7058823529411765,0.0,0.0
1609480,1609684,worker,/pscratch/sd/s/satt/sprints/a_star_campaign/h5/h5_tr_210.py,0,0,0,0,0,0,0,,,,,,
1609480,1609684,worker,/pscratch/sd/s/satt/sprints/data/converted_10M/mc_normalized_rntuple_10M_30.h5,19,13,4,0,4,9,6,0.21052631578947367,0.47368421052631576,0.3157894736842105,0.6842105263157895,0.0,0.0
1609480,1609685,worker,/pscratch/sd/s/satt/sprints/a_star_campaign/h5/h5_tr_210.py,0,0,0,0,0,0,0,,,,,,
1609480,1609685,worker,/pscratch/sd/s/satt/sprints/data/converted_10M/mc_normalized_rntuple_10M_30.h5,17,12,4,0,4,8,5,0.23529411764705882,0.47058823529411764,0.29411764705882354,0.7058823529411765,0.0,0.0
1609480,1609686,worker,/pscratch/sd/s/satt/sprints/a_star_campaign/h5/h5_tr_210.py,0,0,0,0,0,0,0,,,,,,
1609480,1609686,worker,/pscratch/sd/s/satt/sprints/data/converted_10M/mc_normalized_rntuple_10M_30.h5,17,12,4,0,4,8,5,0.23529411764705882,0.47058823529411764,0.29411764705882354,0.7058823529411765,0.0,0.0
1609480,1609687,worker,/pscratch/sd/s/satt/sprints/a_star_campaign/h5/h5_tr_210.py,0,0,0,0,0,0,0,,,,,,
1609480,1609687,worker,/pscratch/sd/s/satt/sprints/data/converted_10M/mc_normalized_rntuple_10M_30.h5,19,13,4,0,4,9,6,0.21052631578947367,0.47368421052631576,0.3157894736842105,0.6842105263157895,0.0,0.0
1609480,1609688,worker,/pscratch/sd/s/satt/sprints/a_star_campaign/h5/h5_tr_210.py,0,0,0,0,0,0,0,,,,,,
1609480,1609688,worker,/pscratch/sd/s/satt/sprints/data/converted_10M/mc_normalized_rntuple_10M_30.h5,17,12,4,0,4,8,5,0.23529411764705882,0.47058823529411764,0.29411764705882354,0.7058823529411765,0.0,0.0
1609480,1609689,worker,/pscratch/sd/s/satt/sprints/a_star_campaign/h5/h5_tr_210.py,0,0,0,0,0,0,0,,,,,,
1609480,1609689,worker,/pscratch/sd/s/satt/sprints/data/converted_10M/mc_normalized_rntuple_10M_30.h5,17,12,4,0,4,8,5,0.23529411764705882,0.47058823529411764,0.29411764705882354,0.7058823529411765,0.0,0.0
1609480,1609690,worker,/pscratch/sd/s/satt/sprints/a_star_campaign/h5/h5_tr_210.py,0,0,0,0,0,0,0,,,,,,
1609480,1609690,worker,/pscratch/sd/s/satt/sprints/data/converted_10M/mc_normalized_rntuple_10M_30.h5,19,13,4,0,4,9,6,0.21052631578947367,0.47368421052631576,0.3157894736842105,0.6842105263157895,0.0,0.0
1609480,1609691,worker,/pscratch/sd/s/satt/sprints/a_star_campaign/h5/h5_tr_210.py,0,0,0,0,0,0,0,,,,,,
1609480,1609691,worker,/pscratch/sd/s/satt/sprints/data/converted_10M/mc_normalized_rntuple_10M_30.h5,17,12,4,0,4,8,5,0.23529411764705882,0.47058823529411764,0.29411764705882354,0.7058823529411765,0.0,0.0
1609480,1609692,worker,/pscratch/sd/s/satt/sprints/a_star_campaign/h5/h5_tr_210.py,0,0,0,0,0,0,0,,,,,,
1609480,1609692,worker,/pscratch/sd/s/satt/sprints/data/converted_10M/mc_normalized_rntuple_10M_30.h5,17,12,4,0,4,8,5,0.23529411764705882,0.47058823529411764,0.29411764705882354,0.7058823529411765,0.0,0.0
1609480,1609693,worker,/pscratch/sd/s/satt/sprints/a_star_campaign/h5/h5_tr_210.py,0,0,0,0,0,0,0,,,,,,
1609480,1609693,worker,/pscratch/sd/s/satt/sprints/data/converted_10M/mc_normalized_rntuple_10M_30.h5,19,13,4,0,4,9,6,0.21052631578947367,0.47368421052631576,0.3157894736842105,0.6842105263157895,0.0,0.0
1609480,1609694,worker,/pscratch/sd/s/satt/sprints/a_star_campaign/h5/h5_tr_210.py,0,0,0,0,0,0,0,,,,,,
1609480,1609694,worker,/pscratch/sd/s/satt/sprints/data/converted_10M/mc_normalized_rntuple_10M_30.h5,17,12,4,0,4,8,5,0.23529411764705882,0.47058823529411764,0.29411764705882354,0.7058823529411765,0.0,0.0
1609480,1609695,worker,/pscratch/sd/s/satt/sprints/a_star_campaign/h5/h5_tr_210.py,0,0,0,0,0,0,0,,,,,,
1609480,1609695,worker,/pscratch/sd/s/satt/sprints/data/converted_10M/mc_normalized_rntuple_10M_30.h5,17,12,4,0,4,8,5,0.23529411764705882,0.47058823529411764,0.29411764705882354,0.7058823529411765,0.0,0.0
1609480,1609696,worker,/pscratch/sd/s/satt/sprints/a_star_campaign/h5/h5_tr_210.py,0,0,0,0,0,0,0,,,,,,
1609480,1609696,worker,/pscratch/sd/s/satt/sprints/data/converted_10M/mc_normalized_rntuple_10M_30.h5,19,13,4,0,4,9,6,0.21052631578947367,0.47368421052631576,0.3157894736842105,0.6842105263157895,0.0,0.0
1609480,1609697,worker,/pscratch/sd/s/satt/sprints/a_star_campaign/h5/h5_tr_210.py,0,0,0,0,0,0,0,,,,,,
1609480,1609697,worker,/pscratch/sd/s/satt/sprints/data/converted_10M/mc_normalized_rntuple_10M_30.h5,17,12,4,0,4,8,5,0.23529411764705882,0.47058823529411764,0.29411764705882354,0.7058823529411765,0.0,0.0
1609480,1609698,worker,/pscratch/sd/s/satt/sprints/a_star_campaign/h5/h5_tr_210.py,0,0,0,0,0,0,0,,,,,,
1609480,1609698,worker,/pscratch/sd/s/satt/sprints/data/converted_10M/mc_normalized_rntuple_10M_30.h5,17,12,4,0,4,8,5,0.23529411764705882,0.47058823529411764,0.29411764705882354,0.7058823529411765,0.0,0.0
1609480,1609699,worker,/pscratch/sd/s/satt/sprints/a_star_campaign/h5/h5_tr_210.py,0,0,0,0,0,0,0,,,,,,
1609480,1609699,worker,/pscratch/sd/s/satt/sprints/data/converted_10M/mc_normalized_rntuple_10M_30.h5,19,13,4,0,4,9,6,0.21052631578947367,0.47368421052631576,0.3157894736842105,0.6842105263157895,0.0,0.0
1609480,1609700,worker,/pscratch/sd/s/satt/sprints/a_star_campaign/h5/h5_tr_210.py,0,0,0,0,0,0,0,,,,,,
1609480,1609700,worker,/pscratch/sd/s/satt/sprints/data/converted_10M/mc_normalized_rntuple_10M_30.h5,17,12,4,0,4,8,5,0.23529411764705882,0.47058823529411764,0.29411764705882354,0.7058823529411765,0.0,0.0
1609480,1609701,worker,/pscratch/sd/s/satt/sprints/a_star_campaign/h5/h5_tr_210.py,0,0,0,0,0,0,0,,,,,,
1609480,1609701,worker,/pscratch/sd/s/satt/sprints/data/converted_10M/mc_normalized_rntuple_10M_30.h5,17,12,4,0,4,8,5,0.23529411764705882,0.47058823529411764,0.29411764705882354,0.7058823529411765,0.0,0.0
1609480,1609702,worker,/pscratch/sd/s/satt/sprints/a_star_campaign/h5/h5_tr_210.py,0,0,0,0,0,0,0,,,,,,
1609480,1609702,worker,/pscratch/sd/s/satt/sprints/data/converted_10M/mc_normalized_rntuple_10M_30.h5,19,13,4,0,4,9,6,0.21052631578947367,0.47368421052631576,0.3157894736842105,0.6842105263157895,0.0,0.0
1609480,1609703,worker,/pscratch/sd/s/satt/sprints/a_star_campaign/h5/h5_tr_210.py,0,0,0,0,0,0,0,,,,,,
1609480,1609703,worker,/pscratch/sd/s/satt/sprints/data/converted_10M/mc_normalized_rntuple_10M_30.h5,17,12,4,0,4,8,5,0.23529411764705882,0.47058823529411764,0.29411764705882354,0.7058823529411765,0.0,0.0
1609480,1609704,worker,/pscratch/sd/s/satt/sprints/a_star_campaign/h5/h5_tr_210.py,0,0,0,0,0,0,0,,,,,,
1609480,1609704,worker,/pscratch/sd/s/satt/sprints/data/converted_10M/mc_normalized_rntuple_10M_30.h5,17,12,4,0,4,8,5,0.23529411764705882,0.47058823529411764,0.29411764705882354,0.7058823529411765,0.0,0.0
1609480,1609705,worker,/pscratch/sd/s/satt/sprints/a_star_campaign/h5/h5_tr_210.py,0,0,0,0,0,0,0,,,,,,
1609480,1609705,worker,/pscratch/sd/s/satt/sprints/data/converted_10M/mc_normalized_rntuple_10M_30.h5,19,13,4,0,4,9,6,0.21052631578947367,0.47368421052631576,0.3157894736842105,0.6842105263157895,0.0,0.0
1609480,1609706,worker,/pscratch/sd/s/satt/sprints/a_star_campaign/h5/h5_tr_210.py,0,0,0,0,0,0,0,,,,,,
1609480,1609706,worker,/pscratch/sd/s/satt/sprints/data/converted_10M/mc_normalized_rntuple_10M_30.h5,17,12,4,0,4,8,5,0.23529411764705882,0.47058823529411764,0.29411764705882354,0.7058823529411765,0.0,0.0
1609480,1609707,worker,/pscratch/sd/s/satt/sprints/a_star_campaign/h5/h5_tr_210.py,0,0,0,0,0,0,0,,,,,,
1609480,1609707,worker,/pscratch/sd/s/satt/sprints/data/converted_10M/mc_normalized_rntuple_10M_30.h5,17,12,4,0,4,8,5,0.23529411764705882,0.47058823529411764,0.29411764705882354,0.7058823529411765,0.0,0.0
1609480,1609708,worker,/pscratch/sd/s/satt/sprints/a_star_campaign/h5/h5_tr_210.py,0,0,0,0,0,0,0,,,,,,
1609480,1609708,worker,/pscratch/sd/s/satt/sprints/data/converted_10M/mc_normalized_rntuple_10M_30.h5,19,13,4,0,4,9,6,0.21052631578947367,0.47368421052631576,0.3157894736842105,0.6842105263157895,0.0,0.0
1609480,1609709,worker,/pscratch/sd/s/satt/sprints/a_star_campaign/h5/h5_tr_210.py,0,0,0,0,0,0,0,,,,,,
1609480,1609709,worker,/pscratch/sd/s/satt/sprints/data/converted_10M/mc_normalized_rntuple_10M_30.h5,17,12,4,0,4,8,5,0.23529411764705882,0.47058823529411764,0.29411764705882354,0.7058823529411765,0.0,0.0
1609480,1609710,worker,/pscratch/sd/s/satt/sprints/a_star_campaign/h5/h5_tr_210.py,0,0,0,0,0,0,0,,,,,,
1609480,1609710,worker,/pscratch/sd/s/satt/sprints/data/converted_10M/mc_normalized_rntuple_10M_30.h5,17,12,4,0,4,8,5,0.23529411764705882,0.47058823529411764,0.29411764705882354,0.7058823529411765,0.0,0.0
1609480,1609711,worker,/pscratch/sd/s/satt/sprints/a_star_campaign/h5/h5_tr_210.py,0,0,0,0,0,0,0,,,,,,
1609480,1609711,worker,/pscratch/sd/s/satt/sprints/data/converted_10M/mc_normalized_rntuple_10M_30.h5,19,13,4,0,4,9,6,0.21052631578947367,0.47368421052631576,0.3157894736842105,0.6842105263157895,0.0,0.0
1609480,1609712,worker,/pscratch/sd/s/satt/sprints/a_star_campaign/h5/h5_tr_210.py,0,0,0,0,0,0,0,,,,,,
1609480,1609712,worker,/pscratch/sd/s/satt/sprints/data/converted_10M/mc_normalized_rntuple_10M_30.h5,17,12,4,0,4,8,5,0.23529411764705882,0.47058823529411764,0.29411764705882354,0.7058823529411765,0.0,0.0
1609480,1609713,worker,/pscratch/sd/s/satt/sprints/a_star_campaign/h5/h5_tr_210.py,0,0,0,0,0,0,0,,,,,,
1609480,1609713,worker,/pscratch/sd/s/satt/sprints/data/converted_10M/mc_normalized_rntuple_10M_30.h5,17,12,4,0,4,8,5,0.23529411764705882,0.47058823529411764,0.29411764705882354,0.7058823529411765,0.0,0.0
1609480,1609714,worker,/pscratch/sd/s/satt/sprints/a_star_campaign/h5/h5_tr_210.py,0,0,0,0,0,0,0,,,,,,
1609480,1609714,worker,/pscratch/sd/s/satt/sprints/data/converted_10M/mc_normalized_rntuple_10M_30.h5,19,13,4,0,4,9,6,0.21052631578947367,0.47368421052631576,0.3157894736842105,0.6842105263157895,0.0,0.0
1609480,1609715,worker,/pscratch/sd/s/satt/sprints/a_star_campaign/h5/h5_tr_210.py,0,0,0,0,0,0,0,,,,,,
1609480,1609715,worker,/pscratch/sd/s/satt/sprints/data/converted_10M/mc_normalized_rntuple_10M_30.h5,19,12,2,0,2,10,7,0.10526315789473684,0.5263157894736842,0.3684210526315789,0.631578947368421,0.0,0.0
1609480,1609716,worker,/pscratch/sd/s/satt/sprints/a_star_campaign/h5/h5_tr_210.py,0,0,0,0,0,0,0,,,,,,
1609480,1609716,worker,/pscratch/sd/s/satt/sprints/data/converted_10M/mc_normalized_rntuple_10M_30.h5,19,11,4,0,4,7,8,0.21052631578947367,0.3684210526315789,0.42105263157894735,0.5789473684210527,0.0,0.0
1609480,1609717,worker,/pscratch/sd/s/satt/sprints/a_star_campaign/h5/h5_tr_210.py,0,0,0,0,0,0,0,,,,,,
1609480,1609717,worker,/pscratch/sd/s/satt/sprints/data/converted_10M/mc_normalized_rntuple_10M_30.h5,17,10,4,0,4,6,7,0.23529411764705882,0.35294117647058826,0.4117647058823529,0.5882352941176471,0.0,0.0
1609480,1609718,worker,/pscratch/sd/s/satt/sprints/a_star_campaign/h5/h5_tr_210.py,0,0,0,0,0,0,0,,,,,,
1609480,1609718,worker,/pscratch/sd/s/satt/sprints/data/converted_10M/mc_normalized_rntuple_10M_30.h5,17,10,4,0,4,6,7,0.23529411764705882,0.35294117647058826,0.4117647058823529,0.5882352941176471,0.0,0.0
1609480,1609719,worker,/pscratch/sd/s/satt/sprints/a_star_campaign/h5/h5_tr_210.py,0,0,0,0,0,0,0,,,,,,
1609480,1609719,worker,/pscratch/sd/s/satt/sprints/data/converted_10M/mc_normalized_rntuple_10M_30.h5,19,11,4,0,4,7,8,0.21052631578947367,0.3684210526315789,0.42105263157894735,0.5789473684210527,0.0,0.0
1609480,1609720,worker,/pscratch/sd/s/satt/sprints/a_star_campaign/h5/h5_tr_210.py,0,0,0,0,0,0,0,,,,,,
1609480,1609720,worker,/pscratch/sd/s/satt/sprints/data/converted_10M/mc_normalized_rntuple_10M_30.h5,17,10,4,0,4,6,7,0.23529411764705882,0.35294117647058826,0.4117647058823529,0.5882352941176471,0.0,0.0
1609480,1609721,worker,/pscratch/sd/s/satt/sprints/a_star_campaign/h5/h5_tr_210.py,0,0,0,0,0,0,0,,,,,,
1609480,1609721,worker,/pscratch/sd/s/satt/sprints/data/converted_10M/mc_normalized_rntuple_10M_30.h5,17,10,2,0,2,8,7,0.11764705882352941,0.47058823529411764,0.4117647058823529,0.5882352941176471,0.0,0.0
1609480,1609722,worker,/pscratch/sd/s/satt/sprints/a_star_campaign/h5/h5_tr_210.py,0,0,0,0,0,0,0,,,,,,
1609480,1609722,worker,/pscratch/sd/s/satt/sprints/data/converted_10M/mc_normalized_rntuple_10M_30.h5,19,13,6,0,6,7,6,0.3157894736842105,0.3684210526315789,0.3157894736842105,0.6842105263157895,0.0,0.0
1609480,1609723,worker,/pscratch/sd/s/satt/sprints/a_star_campaign/h5/h5_tr_210.py,0,0,0,0,0,0,0,,,,,,
1609480,1609723,worker,/pscratch/sd/s/satt/sprints/data/converted_10M/mc_normalized_rntuple_10M_30.h5,17,12,4,0,4,8,5,0.23529411764705882,0.47058823529411764,0.29411764705882354,0.7058823529411765,0.0,0.0
1609480,1609724,worker,/pscratch/sd/s/satt/sprints/a_star_campaign/h5/h5_tr_210.py,0,0,0,0,0,0,0,,,,,,
1609480,1609724,worker,/pscratch/sd/s/satt/sprints/data/converted_10M/mc_normalized_rntuple_10M_30.h5,17,12,4,0,4,8,5,0.23529411764705882,0.47058823529411764,0.29411764705882354,0.7058823529411765,0.0,0.0
1609480,1609725,worker,/pscratch/sd/s/satt/sprints/a_star_campaign/h5/h5_tr_210.py,0,0,0,0,0,0,0,,,,,,
1609480,1609725,worker,/pscratch/sd/s/satt/sprints/data/converted_10M/mc_normalized_rntuple_10M_30.h5,19,13,4,0,4,9,6,0.21052631578947367,0.47368421052631576,0.3157894736842105,0.6842105263157895,0.0,0.0
1609480,1609726,worker,/pscratch/sd/s/satt/sprints/a_star_campaign/h5/h5_tr_210.py,0,0,0,0,0,0,0,,,,,,
1609480,1609726,worker,/pscratch/sd/s/satt/sprints/data/converted_10M/mc_normalized_rntuple_10M_30.h5,17,12,4,0,4,8,5,0.23529411764705882,0.47058823529411764,0.29411764705882354,0.7058823529411765,0.0,0.0
1609480,1609727,worker,/pscratch/sd/s/satt/sprints/a_star_campaign/h5/h5_tr_210.py,0,0,0,0,0,0,0,,,,,,
1609480,1609727,worker,/pscratch/sd/s/satt/sprints/data/converted_10M/mc_normalized_rntuple_10M_30.h5,17,12,4,0,4,8,5,0.23529411764705882,0.47058823529411764,0.29411764705882354,0.7058823529411765,0.0,0.0
1609480,1609728,worker,/pscratch/sd/s/satt/sprints/a_star_campaign/h5/h5_tr_210.py,0,0,0,0,0,0,0,,,,,,
1609480,1609728,worker,/pscratch/sd/s/satt/sprints/data/converted_10M/mc_normalized_rntuple_10M_30.h5,19,13,4,0,4,9,6,0.21052631578947367,0.47368421052631576,0.3157894736842105,0.6842105263157895,0.0,0.0
1609480,1609729,worker,/pscratch/sd/s/satt/sprints/a_star_campaign/h5/h5_tr_210.py,0,0,0,0,0,0,0,,,,,,
1609480,1609729,worker,/pscratch/sd/s/satt/sprints/data/converted_10M/mc_normalized_rntuple_10M_30.h5,17,12,4,0,4,8,5,0.23529411764705882,0.47058823529411764,0.29411764705882354,0.7058823529411765,0.0,0.0
1609480,1609730,worker,/pscratch/sd/s/satt/sprints/a_star_campaign/h5/h5_tr_210.py,0,0,0,0,0,0,0,,,,,,
1609480,1609730,worker,/pscratch/sd/s/satt/sprints/data/converted_10M/mc_normalized_rntuple_10M_30.h5,17,12,4,0,4,8,5,0.23529411764705882,0.47058823529411764,0.29411764705882354,0.7058823529411765,0.0,0.0
1609480,1609731,worker,/pscratch/sd/s/satt/sprints/a_star_campaign/h5/h5_tr_210.py,0,0,0,0,0,0,0,,,,,,
1609480,1609731,worker,/pscratch/sd/s/satt/sprints/data/converted_10M/mc_normalized_rntuple_10M_30.h5,19,13,4,0,4,9,6,0.21052631578947367,0.47368421052631576,0.3157894736842105,0.6842105263157895,0.0,0.0
1609480,1609732,worker,/pscratch/sd/s/satt/sprints/a_star_campaign/h5/h5_tr_210.py,0,0,0,0,0,0,0,,,,,,
1609480,1609732,worker,/pscratch/sd/s/satt/sprints/data/converted_10M/mc_normalized_rntuple_10M_30.h5,17,12,4,0,4,8,5,0.23529411764705882,0.47058823529411764,0.29411764705882354,0.7058823529411765,0.0,0.0
1609480,1609733,worker,/pscratch/sd/s/satt/sprints/a_star_campaign/h5/h5_tr_210.py,0,0,0,0,0,0,0,,,,,,
1609480,1609733,worker,/pscratch/sd/s/satt/sprints/data/converted_10M/mc_normalized_rntuple_10M_30.h5,17,12,4,0,4,8,5,0.23529411764705882,0.47058823529411764,0.29411764705882354,0.7058823529411765,0.0,0.0
1609480,1609734,worker,/pscratch/sd/s/satt/sprints/a_star_campaign/h5/h5_tr_210.py,0,0,0,0,0,0,0,,,,,,
1609480,1609734,worker,/pscratch/sd/s/satt/sprints/data/converted_10M/mc_normalized_rntuple_10M_30.h5,19,13,4,0,4,9,6,0.21052631578947367,0.47368421052631576,0.3157894736842105,0.6842105263157895,0.0,0.0
1609480,1609735,worker,/pscratch/sd/s/satt/sprints/a_star_campaign/h5/h5_tr_210.py,0,0,0,0,0,0,0,,,,,,
1609480,1609735,worker,/pscratch/sd/s/satt/sprints/data/converted_10M/mc_normalized_rntuple_10M_30.h5,17,12,4,0,4,8,5,0.23529411764705882,0.47058823529411764,0.29411764705882354,0.7058823529411765,0.0,0.0
1609480,1609736,worker,/pscratch/sd/s/satt/sprints/a_star_campaign/h5/h5_tr_210.py,0,0,0,0,0,0,0,,,,,,
1609480,1609736,worker,/pscratch/sd/s/satt/sprints/data/converted_10M/mc_normalized_rntuple_10M_30.h5,17,12,4,0,4,8,5,0.23529411764705882,0.47058823529411764,0.29411764705882354,0.7058823529411765,0.0,0.0
1609480,1609737,worker,/pscratch/sd/s/satt/sprints/a_star_campaign/h5/h5_tr_210.py,0,0,0,0,0,0,0,,,,,,
1609480,1609737,worker,/pscratch/sd/s/satt/sprints/data/converted_10M/mc_normalized_rntuple_10M_30.h5,19,13,4,0,4,9,6,0.21052631578947367,0.47368421052631576,0.3157894736842105,0.6842105263157895,0.0,0.0
1609480,1609738,worker,/pscratch/sd/s/satt/sprints/a_star_campaign/h5/h5_tr_210.py,0,0,0,0,0,0,0,,,,,,
1609480,1609738,worker,/pscratch/sd/s/satt/sprints/data/converted_10M/mc_normalized_rntuple_10M_30.h5,17,12,4,0,4,8,5,0.23529411764705882,0.47058823529411764,0.29411764705882354,0.7058823529411765,0.0,0.0
1609480,1609739,worker,/pscratch/sd/s/satt/sprints/a_star_campaign/h5/h5_tr_210.py,0,0,0,0,0,0,0,,,,,,
1609480,1609739,worker,/pscratch/sd/s/satt/sprints/data/converted_10M/mc_normalized_rntuple_10M_30.h5,17,12,4,0,4,8,5,0.23529411764705882,0.47058823529411764,0.29411764705882354,0.7058823529411765,0.0,0.0
1609480,1609740,worker,/pscratch/sd/s/satt/sprints/a_star_campaign/h5/h5_tr_210.py,0,0,0,0,0,0,0,,,,,,
1609480,1609740,worker,/pscratch/sd/s/satt/sprints/data/converted_10M/mc_normalized_rntuple_10M_30.h5,19,13,4,0,4,9,6,0.21052631578947367,0.47368421052631576,0.3157894736842105,0.6842105263157895,0.0,0.0
1609480,1609741,worker,/pscratch/sd/s/satt/sprints/a_star_campaign/h5/h5_tr_210.py,0,0,0,0,0,0,0,,,,,,
1609480,1609741,worker,/pscratch/sd/s/satt/sprints/data/converted_10M/mc_normalized_rntuple_10M_30.h5,17,12,4,0,4,8,5,0.23529411764705882,0.47058823529411764,0.29411764705882354,0.7058823529411765,0.0,0.0
1609480,1609742,worker,/pscratch/sd/s/satt/sprints/a_star_campaign/h5/h5_tr_210.py,0,0,0,0,0,0,0,,,,,,
1609480,1609742,worker,/pscratch/sd/s/satt/sprints/data/converted_10M/mc_normalized_rntuple_10M_30.h5,17,12,4,0,4,8,5,0.23529411764705882,0.47058823529411764,0.29411764705882354,0.7058823529411765,0.0,0.0
1609480,1609743,worker,/pscratch/sd/s/satt/sprints/a_star_campaign/h5/h5_tr_210.py,0,0,0,0,0,0,0,,,,,,
1609480,1609743,worker,/pscratch/sd/s/satt/sprints/data/converted_10M/mc_normalized_rntuple_10M_30.h5,19,13,4,0,4,9,6,0.21052631578947367,0.47368421052631576,0.3157894736842105,0.6842105263157895,0.0,0.0
1609480,1609744,worker,/pscratch/sd/s/satt/sprints/a_star_campaign/h5/h5_tr_210.py,0,0,0,0,0,0,0,,,,,,
1609480,1609744,worker,/pscratch/sd/s/satt/sprints/data/converted_10M/mc_normalized_rntuple_10M_30.h5,17,12,4,0,4,8,5,0.23529411764705882,0.47058823529411764,0.29411764705882354,0.7058823529411765,0.0,0.0
1609480,1609745,worker,/pscratch/sd/s/satt/sprints/a_star_campaign/h5/h5_tr_210.py,0,0,0,0,0,0,0,,,,,,
1609480,1609745,worker,/pscratch/sd/s/satt/sprints/data/converted_10M/mc_normalized_rntuple_10M_30.h5,17,12,4,0,4,8,5,0.23529411764705882,0.47058823529411764,0.29411764705882354,0.7058823529411765,0.0,0.0
1609480,1609746,worker,/pscratch/sd/s/satt/sprints/a_star_campaign/h5/h5_tr_210.py,0,0,0,0,0,0,0,,,,,,
1609480,1609746,worker,/pscratch/sd/s/satt/sprints/data/converted_10M/mc_normalized_rntuple_10M_30.h5,19,13,4,0,4,9,6,0.21052631578947367,0.47368421052631576,0.3157894736842105,0.6842105263157895,0.0,0.0
1609480,1609747,worker,/pscratch/sd/s/satt/sprints/a_star_campaign/h5/h5_tr_210.py,0,0,0,0,0,0,0,,,,,,
1609480,1609747,worker,/pscratch/sd/s/satt/sprints/data/converted_10M/mc_normalized_rntuple_10M_30.h5,17,12,4,0,4,8,5,0.23529411764705882,0.47058823529411764,0.29411764705882354,0.7058823529411765,0.0,0.0
1609480,1609748,worker,/pscratch/sd/s/satt/sprints/a_star_campaign/h5/h5_tr_210.py,0,0,0,0,0,0,0,,,,,,
1609480,1609748,worker,/pscratch/sd/s/satt/sprints/data/converted_10M/mc_normalized_rntuple_10M_30.h5,17,12,4,0,4,8,5,0.23529411764705882,0.47058823529411764,0.29411764705882354,0.7058823529411765,0.0,0.0
1609480,1609749,worker,/pscratch/sd/s/satt/sprints/a_star_campaign/h5/h5_tr_210.py,0,0,0,0,0,0,0,,,,,,
1609480,1609749,worker,/pscratch/sd/s/satt/sprints/data/converted_10M/mc_normalized_rntuple_10M_30.h5,19,13,4,0,4,9,6,0.21052631578947367,0.47368421052631576,0.3157894736842105,0.6842105263157895,0.0,0.0
1609480,1609750,worker,/pscratch/sd/s/satt/sprints/a_star_campaign/h5/h5_tr_210.py,0,0,0,0,0,0,0,,,,,,
1609480,1609750,worker,/pscratch/sd/s/satt/sprints/data/converted_10M/mc_normalized_rntuple_10M_30.h5,17,12,4,0,4,8,5,0.23529411764705882,0.47058823529411764,0.29411764705882354,0.7058823529411765,0.0,0.0
1609480,1609751,worker,/pscratch/sd/s/satt/sprints/a_star_campaign/h5/h5_tr_210.py,0,0,0,0,0,0,0,,,,,,
1609480,1609751,worker,/pscratch/sd/s/satt/sprints/data/converted_10M/mc_normalized_rntuple_10M_30.h5,17,12,4,0,4,8,5,0.23529411764705882,0.47058823529411764,0.29411764705882354,0.7058823529411765,0.0,0.0
1609480,1609752,worker,/pscratch/sd/s/satt/sprints/a_star_campaign/h5/h5_tr_210.py,0,0,0,0,0,0,0,,,,,,
1609480,1609752,worker,/pscratch/sd/s/satt/sprints/data/converted_10M/mc_normalized_rntuple_10M_30.h5,19,13,4,0,4,9,6,0.21052631578947367,0.47368421052631576,0.3157894736842105,0.6842105263157895,0.0,0.0
1609480,1609753,worker,/pscratch/sd/s/satt/sprints/a_star_campaign/h5/h5_tr_210.py,0,0,0,0,0,0,0,,,,,,
1609480,1609753,worker,/pscratch/sd/s/satt/sprints/data/converted_10M/mc_normalized_rntuple_10M_30.h5,17,12,4,0,4,8,5,0.23529411764705882,0.47058823529411764,0.29411764705882354,0.7058823529411765,0.0,0.0
1609480,1609754,worker,/pscratch/sd/s/satt/sprints/a_star_campaign/h5/h5_tr_210.py,0,0,0,0,0,0,0,,,,,,
1609480,1609754,worker,/pscratch/sd/s/satt/sprints/data/converted_10M/mc_normalized_rntuple_10M_30.h5,17,12,4,0,4,8,5,0.23529411764705882,0.47058823529411764,0.29411764705882354,0.7058823529411765,0.0,0.0
1609480,1609755,worker,/pscratch/sd/s/satt/sprints/a_star_campaign/h5/h5_tr_210.py,0,0,0,0,0,0,0,,,,,,
1609480,1609755,worker,/pscratch/sd/s/satt/sprints/data/converted_10M/mc_normalized_rntuple_10M_30.h5,19,13,4,0,4,9,6,0.21052631578947367,0.47368421052631576,0.3157894736842105,0.6842105263157895,0.0,0.0
1609480,1609756,worker,/pscratch/sd/s/satt/sprints/a_star_campaign/h5/h5_tr_210.py,0,0,0,0,0,0,0,,,,,,
1609480,1609756,worker,/pscratch/sd/s/satt/sprints/data/converted_10M/mc_normalized_rntuple_10M_30.h5,17,12,4,0,4,8,5,0.23529411764705882,0.47058823529411764,0.29411764705882354,0.7058823529411765,0.0,0.0
1609480,1609757,worker,/pscratch/sd/s/satt/sprints/a_star_campaign/h5/h5_tr_210.py,0,0,0,0,0,0,0,,,,,,
1609480,1609757,worker,/pscratch/sd/s/satt/sprints/data/converted_10M/mc_normalized_rntuple_10M_30.h5,21,13,4,0,4,9,8,0.19047619047619047,0.42857142857142855,0.38095238095238093,0.6190476190476191,0.0,0.0
1609480,1609758,worker,/pscratch/sd/s/satt/sprints/a_star_campaign/h5/h5_tr_210.py,0,0,0,0,0,0,0,,,,,,
1609480,1609758,worker,/pscratch/sd/s/satt/sprints/data/converted_10M/mc_normalized_rntuple_10M_30.h5,17,10,4,0,4,6,7,0.23529411764705882,0.35294117647058826,0.4117647058823529,0.5882352941176471,0.0,0.0
1609480,1609759,worker,/pscratch/sd/s/satt/sprints/a_star_campaign/h5/h5_tr_210.py,0,0,0,0,0,0,0,,,,,,
1609480,1609759,worker,/pscratch/sd/s/satt/sprints/data/converted_10M/mc_normalized_rntuple_10M_30.h5,17,10,4,0,4,6,7,0.23529411764705882,0.35294117647058826,0.4117647058823529,0.5882352941176471,0.0,0.0
1609480,1609760,worker,/pscratch/sd/s/satt/sprints/a_star_campaign/h5/h5_tr_210.py,0,0,0,0,0,0,0,,,,,,
1609480,1609760,worker,/pscratch/sd/s/satt/sprints/data/converted_10M/mc_normalized_rntuple_10M_30.h5,19,11,4,0,4,7,8,0.21052631578947367,0.3684210526315789,0.42105263157894735,0.5789473684210527,0.0,0.0
1609480,1609761,worker,/pscratch/sd/s/satt/sprints/a_star_campaign/h5/h5_tr_210.py,0,0,0,0,0,0,0,,,,,,
1609480,1609761,worker,/pscratch/sd/s/satt/sprints/data/converted_10M/mc_normalized_rntuple_10M_30.h5,17,10,4,0,4,6,7,0.23529411764705882,0.35294117647058826,0.4117647058823529,0.5882352941176471,0.0,0.0
1609480,1609762,worker,/pscratch/sd/s/satt/sprints/a_star_campaign/h5/h5_tr_210.py,0,0,0,0,0,0,0,,,,,,
1609480,1609762,worker,/pscratch/sd/s/satt/sprints/data/converted_10M/mc_normalized_rntuple_10M_30.h5,17,10,4,0,4,6,7,0.23529411764705882,0.35294117647058826,0.4117647058823529,0.5882352941176471,0.0,0.0
1609480,1609763,worker,/pscratch/sd/s/satt/sprints/a_star_campaign/h5/h5_tr_210.py,0,0,0,0,0,0,0,,,,,,
1609480,1609763,worker,/pscratch/sd/s/satt/sprints/data/converted_10M/mc_normalized_rntuple_10M_30.h5,19,11,4,0,4,7,8,0.21052631578947367,0.3684210526315789,0.42105263157894735,0.5789473684210527,0.0,0.0
1609480,1609764,worker,/pscratch/sd/s/satt/sprints/a_star_campaign/h5/h5_tr_210.py,0,0,0,0,0,0,0,,,,,,
1609480,1609764,worker,/pscratch/sd/s/satt/sprints/data/converted_10M/mc_normalized_rntuple_10M_30.h5,17,12,6,0,6,6,5,0.35294117647058826,0.35294117647058826,0.29411764705882354,0.7058823529411765,0.0,0.0
1609480,1609765,worker,/pscratch/sd/s/satt/sprints/a_star_campaign/h5/h5_tr_210.py,0,0,0,0,0,0,0,,,,,,
1609480,1609765,worker,/pscratch/sd/s/satt/sprints/data/converted_10M/mc_normalized_rntuple_10M_30.h5,17,12,4,0,4,8,5,0.23529411764705882,0.47058823529411764,0.29411764705882354,0.7058823529411765,0.0,0.0
1609480,1609766,worker,/pscratch/sd/s/satt/sprints/a_star_campaign/h5/h5_tr_210.py,0,0,0,0,0,0,0,,,,,,
1609480,1609766,worker,/pscratch/sd/s/satt/sprints/data/converted_10M/mc_normalized_rntuple_10M_30.h5,19,13,4,0,4,9,6,0.21052631578947367,0.47368421052631576,0.3157894736842105,0.6842105263157895,0.0,0.0
1609480,1609767,worker,/pscratch/sd/s/satt/sprints/a_star_campaign/h5/h5_tr_210.py,0,0,0,0,0,0,0,,,,,,
1609480,1609767,worker,/pscratch/sd/s/satt/sprints/data/converted_10M/mc_normalized_rntuple_10M_30.h5,17,12,4,0,4,8,5,0.23529411764705882,0.47058823529411764,0.29411764705882354,0.7058823529411765,0.0,0.0
1609480,1609768,worker,/pscratch/sd/s/satt/sprints/a_star_campaign/h5/h5_tr_210.py,0,0,0,0,0,0,0,,,,,,
1609480,1609768,worker,/pscratch/sd/s/satt/sprints/data/converted_10M/mc_normalized_rntuple_10M_30.h5,17,12,4,0,4,8,5,0.23529411764705882,0.47058823529411764,0.29411764705882354,0.7058823529411765,0.0,0.0
1609480,1609769,worker,/pscratch/sd/s/satt/sprints/a_star_campaign/h5/h5_tr_210.py,0,0,0,0,0,0,0,,,,,,
1609480,1609769,worker,/pscratch/sd/s/satt/sprints/data/converted_10M/mc_normalized_rntuple_10M_30.h5,19,13,4,0,4,9,6,0.21052631578947367,0.47368421052631576,0.3157894736842105,0.6842105263157895,0.0,0.0
1609480,1609770,worker,/pscratch/sd/s/satt/sprints/a_star_campaign/h5/h5_tr_210.py,0,0,0,0,0,0,0,,,,,,
1609480,1609770,worker,/pscratch/sd/s/satt/sprints/data/converted_10M/mc_normalized_rntuple_10M_30.h5,17,12,4,0,4,8,5,0.23529411764705882,0.47058823529411764,0.29411764705882354,0.7058823529411765,0.0,0.0
1609480,1609771,worker,/pscratch/sd/s/satt/sprints/a_star_campaign/h5/h5_tr_210.py,0,0,0,0,0,0,0,,,,,,
1609480,1609771,worker,/pscratch/sd/s/satt/sprints/data/converted_10M/mc_normalized_rntuple_10M_30.h5,17,12,4,0,4,8,5,0.23529411764705882,0.47058823529411764,0.29411764705882354,0.7058823529411765,0.0,0.0
1609480,1609772,worker,/pscratch/sd/s/satt/sprints/a_star_campaign/h5/h5_tr_210.py,0,0,0,0,0,0,0,,,,,,
1609480,1609772,worker,/pscratch/sd/s/satt/sprints/data/converted_10M/mc_normalized_rntuple_10M_30.h5,19,13,4,0,4,9,6,0.21052631578947367,0.47368421052631576,0.3157894736842105,0.6842105263157895,0.0,0.0
1609480,1609773,worker,/pscratch/sd/s/satt/sprints/a_star_campaign/h5/h5_tr_210.py,0,0,0,0,0,0,0,,,,,,
1609480,1609773,worker,/pscratch/sd/s/satt/sprints/data/converted_10M/mc_normalized_rntuple_10M_30.h5,17,12,4,0,4,8,5,0.23529411764705882,0.47058823529411764,0.29411764705882354,0.7058823529411765,0.0,0.0
1609480,1609774,worker,/pscratch/sd/s/satt/sprints/a_star_campaign/h5/h5_tr_210.py,0,0,0,0,0,0,0,,,,,,
1609480,1609774,worker,/pscratch/sd/s/satt/sprints/data/converted_10M/mc_normalized_rntuple_10M_30.h5,17,12,4,0,4,8,5,0.23529411764705882,0.47058823529411764,0.29411764705882354,0.7058823529411765,0.0,0.0
1609480,1609775,worker,/pscratch/sd/s/satt/sprints/a_star_campaign/h5/h5_tr_210.py,0,0,0,0,0,0,0,,,,,,
1609480,1609775,worker,/pscratch/sd/s/satt/sprints/data/converted_10M/mc_normalized_rntuple_10M_30.h5,19,13,4,0,4,9,6,0.21052631578947367,0.47368421052631576,0.3157894736842105,0.6842105263157895,0.0,0.0
1609480,1609776,worker,/pscratch/sd/s/satt/sprints/a_star_campaign/h5/h5_tr_210.py,0,0,0,0,0,0,0,,,,,,
1609480,1609776,worker,/pscratch/sd/s/satt/sprints/data/converted_10M/mc_normalized_rntuple_10M_30.h5,17,12,4,0,4,8,5,0.23529411764705882,0.47058823529411764,0.29411764705882354,0.7058823529411765,0.0,0.0
1609480,1609777,worker,/pscratch/sd/s/satt/sprints/a_star_campaign/h5/h5_tr_210.py,0,0,0,0,0,0,0,,,,,,
1609480,1609777,worker,/pscratch/sd/s/satt/sprints/data/converted_10M/mc_normalized_rntuple_10M_30.h5,17,12,4,0,4,8,5,0.23529411764705882,0.47058823529411764,0.29411764705882354,0.7058823529411765,0.0,0.0
1609480,1609778,worker,/pscratch/sd/s/satt/sprints/a_star_campaign/h5/h5_tr_210.py,0,0,0,0,0,0,0,,,,,,
1609480,1609778,worker,/pscratch/sd/s/satt/sprints/data/converted_10M/mc_normalized_rntuple_10M_30.h5,19,13,4,0,4,9,6,0.21052631578947367,0.47368421052631576,0.3157894736842105,0.6842105263157895,0.0,0.0
1609480,1609779,worker,/pscratch/sd/s/satt/sprints/a_star_campaign/h5/h5_tr_210.py,0,0,0,0,0,0,0,,,,,,
1609480,1609779,worker,/pscratch/sd/s/satt/sprints/data/converted_10M/mc_normalized_rntuple_10M_30.h5,17,12,4,0,4,8,5,0.23529411764705882,0.47058823529411764,0.29411764705882354,0.7058823529411765,0.0,0.0
1609480,1609780,worker,/pscratch/sd/s/satt/sprints/a_star_campaign/h5/h5_tr_210.py,0,0,0,0,0,0,0,,,,,,
1609480,1609780,worker,/pscratch/sd/s/satt/sprints/data/converted_10M/mc_normalized_rntuple_10M_30.h5,17,12,4,0,4,8,5,0.23529411764705882,0.47058823529411764,0.29411764705882354,0.7058823529411765,0.0,0.0
1609480,1609781,worker,/pscratch/sd/s/satt/sprints/a_star_campaign/h5/h5_tr_210.py,0,0,0,0,0,0,0,,,,,,
1609480,1609781,worker,/pscratch/sd/s/satt/sprints/data/converted_10M/mc_normalized_rntuple_10M_30.h5,19,13,4,0,4,9,6,0.21052631578947367,0.47368421052631576,0.3157894736842105,0.6842105263157895,0.0,0.0
1609480,1609782,worker,/pscratch/sd/s/satt/sprints/a_star_campaign/h5/h5_tr_210.py,0,0,0,0,0,0,0,,,,,,
1609480,1609782,worker,/pscratch/sd/s/satt/sprints/data/converted_10M/mc_normalized_rntuple_10M_30.h5,17,12,4,0,4,8,5,0.23529411764705882,0.47058823529411764,0.29411764705882354,0.7058823529411765,0.0,0.0
1609480,1609783,worker,/pscratch/sd/s/satt/sprints/a_star_campaign/h5/h5_tr_210.py,0,0,0,0,0,0,0,,,,,,
1609480,1609783,worker,/pscratch/sd/s/satt/sprints/data/converted_10M/mc_normalized_rntuple_10M_30.h5,17,12,4,0,4,8,5,0.23529411764705882,0.47058823529411764,0.29411764705882354,0.7058823529411765,0.0,0.0
1609480,1609784,worker,/pscratch/sd/s/satt/sprints/a_star_campaign/h5/h5_tr_210.py,0,0,0,0,0,0,0,,,,,,
1609480,1609784,worker,/pscratch/sd/s/satt/sprints/data/converted_10M/mc_normalized_rntuple_10M_30.h5,19,13,4,0,4,9,6,0.21052631578947367,0.47368421052631576,0.3157894736842105,0.6842105263157895,0.0,0.0
1609480,1609785,worker,/pscratch/sd/s/satt/sprints/a_star_campaign/h5/h5_tr_210.py,0,0,0,0,0,0,0,,,,,,
1609480,1609785,worker,/pscratch/sd/s/satt/sprints/data/converted_10M/mc_normalized_rntuple_10M_30.h5,17,12,4,0,4,8,5,0.23529411764705882,0.47058823529411764,0.29411764705882354,0.7058823529411765,0.0,0.0
1609480,1609786,worker,/pscratch/sd/s/satt/sprints/a_star_campaign/h5/h5_tr_210.py,0,0,0,0,0,0,0,,,,,,
1609480,1609786,worker,/pscratch/sd/s/satt/sprints/data/converted_10M/mc_normalized_rntuple_10M_30.h5,17,12,4,0,4,8,5,0.23529411764705882,0.47058823529411764,0.29411764705882354,0.7058823529411765,0.0,0.0
1609480,1609787,worker,/pscratch/sd/s/satt/sprints/a_star_campaign/h5/h5_tr_210.py,0,0,0,0,0,0,0,,,,,,
1609480,1609787,worker,/pscratch/sd/s/satt/sprints/data/converted_10M/mc_normalized_rntuple_10M_30.h5,19,13,4,0,4,9,6,0.21052631578947367,0.47368421052631576,0.3157894736842105,0.6842105263157895,0.0,0.0
1609480,1609788,worker,/pscratch/sd/s/satt/sprints/a_star_campaign/h5/h5_tr_210.py,0,0,0,0,0,0,0,,,,,,
1609480,1609788,worker,/pscratch/sd/s/satt/sprints/data/converted_10M/mc_normalized_rntuple_10M_30.h5,17,12,4,0,4,8,5,0.23529411764705882,0.47058823529411764,0.29411764705882354,0.7058823529411765,0.0,0.0
1609480,1609789,worker,/pscratch/sd/s/satt/sprints/a_star_campaign/h5/h5_tr_210.py,0,0,0,0,0,0,0,,,,,,
1609480,1609789,worker,/pscratch/sd/s/satt/sprints/data/converted_10M/mc_normalized_rntuple_10M_30.h5,17,12,4,0,4,8,5,0.23529411764705882,0.47058823529411764,0.29411764705882354,0.7058823529411765,0.0,0.0
1609480,1609790,worker,/pscratch/sd/s/satt/sprints/a_star_campaign/h5/h5_tr_210.py,0,0,0,0,0,0,0,,,,,,
1609480,1609790,worker,/pscratch/sd/s/satt/sprints/data/converted_10M/mc_normalized_rntuple_10M_30.h5,19,13,4,0,4,9,6,0.21052631578947367,0.47368421052631576,0.3157894736842105,0.6842105263157895,0.0,0.0
1609480,1609791,worker,/pscratch/sd/s/satt/sprints/a_star_campaign/h5/h5_tr_210.py,0,0,0,0,0,0,0,,,,,,
1609480,1609791,worker,/pscratch/sd/s/satt/sprints/data/converted_10M/mc_normalized_rntuple_10M_30.h5,17,12,4,0,4,8,5,0.23529411764705882,0.47058823529411764,0.29411764705882354,0.7058823529411765,0.0,0.0
1609480,1609792,worker,/pscratch/sd/s/satt/sprints/a_star_campaign/h5/h5_tr_210.py,0,0,0,0,0,0,0,,,,,,
1609480,1609792,worker,/pscratch/sd/s/satt/sprints/data/converted_10M/mc_normalized_rntuple_10M_30.h5,17,12,4,0,4,8,5,0.23529411764705882,0.47058823529411764,0.29411764705882354,0.7058823529411765,0.0,0.0
1609480,1609793,worker,/pscratch/sd/s/satt/sprints/a_star_campaign/h5/h5_tr_210.py,0,0,0,0,0,0,0,,,,,,
1609480,1609793,worker,/pscratch/sd/s/satt/sprints/data/converted_10M/mc_normalized_rntuple_10M_30.h5,19,13,4,0,4,9,6,0.21052631578947367,0.47368421052631576,0.3157894736842105,0.6842105263157895,0.0,0.0
1609480,1609794,worker,/pscratch/sd/s/satt/sprints/a_star_campaign/h5/h5_tr_210.py,0,0,0,0,0,0,0,,,,,,
1609480,1609794,worker,/pscratch/sd/s/satt/sprints/data/converted_10M/mc_normalized_rntuple_10M_30.h5,17,12,4,0,4,8,5,0.23529411764705882,0.47058823529411764,0.29411764705882354,0.7058823529411765,0.0,0.0
1609480,1609795,worker,/pscratch/sd/s/satt/sprints/a_star_campaign/h5/h5_tr_210.py,0,0,0,0,0,0,0,,,,,,
1609480,1609795,worker,/pscratch/sd/s/satt/sprints/data/converted_10M/mc_normalized_rntuple_10M_30.h5,17,12,4,0,4,8,5,0.23529411764705882,0.47058823529411764,0.29411764705882354,0.7058823529411765,0.0,0.0
1609480,1609796,worker,/pscratch/sd/s/satt/sprints/a_star_campaign/h5/h5_tr_210.py,0,0,0,0,0,0,0,,,,,,
1609480,1609796,worker,/pscratch/sd/s/satt/sprints/data/converted_10M/mc_normalized_rntuple_10M_30.h5,19,13,4,0,4,9,6,0.21052631578947367,0.47368421052631576,0.3157894736842105,0.6842105263157895,0.0,0.0
1609480,1609797,worker,/pscratch/sd/s/satt/sprints/a_star_campaign/h5/h5_tr_210.py,0,0,0,0,0,0,0,,,,,,
1609480,1609797,worker,/pscratch/sd/s/satt/sprints/data/converted_10M/mc_normalized_rntuple_10M_30.h5,17,12,4,0,4,8,5,0.23529411764705882,0.47058823529411764,0.29411764705882354,0.7058823529411765,0.0,0.0
1609480,1609798,worker,/pscratch/sd/s/satt/sprints/a_star_campaign/h5/h5_tr_210.py,0,0,0,0,0,0,0,,,,,,
1609480,1609798,worker,/pscratch/sd/s/satt/sprints/data/converted_10M/mc_normalized_rntuple_10M_30.h5,17,12,4,0,4,8,5,0.23529411764705882,0.47058823529411764,0.29411764705882354,0.7058823529411765,0.0,0.0
1609480,1609799,worker,/pscratch/sd/s/satt/sprints/a_star_campaign/h5/h5_tr_210.py,0,0,0,0,0,0,0,,,,,,
1609480,1609799,worker,/pscratch/sd/s/satt/sprints/data/converted_10M/mc_normalized_rntuple_10M_30.h5,19,13,4,0,4,9,6,0.21052631578947367,0.47368421052631576,0.3157894736842105,0.6842105263157895,0.0,0.0
1609480,1609800,worker,/pscratch/sd/s/satt/sprints/a_star_campaign/h5/h5_tr_210.py,0,0,0,0,0,0,0,,,,,,
1609480,1609800,worker,/pscratch/sd/s/satt/sprints/data/converted_10M/mc_normalized_rntuple_10M_30.h5,19,12,2,0,2,10,7,0.10526315789473684,0.5263157894736842,0.3684210526315789,0.631578947368421,0.0,0.0
1609480,1609801,worker,/pscratch/sd/s/satt/sprints/a_star_campaign/h5/h5_tr_210.py,0,0,0,0,0,0,0,,,,,,
1609480,1609801,worker,/pscratch/sd/s/satt/sprints/data/converted_10M/mc_normalized_rntuple_10M_30.h5,19,11,4,0,4,7,8,0.21052631578947367,0.3684210526315789,0.42105263157894735,0.5789473684210527,0.0,0.0
1609480,1609802,worker,/pscratch/sd/s/satt/sprints/a_star_campaign/h5/h5_tr_210.py,0,0,0,0,0,0,0,,,,,,
1609480,1609802,worker,/pscratch/sd/s/satt/sprints/data/converted_10M/mc_normalized_rntuple_10M_30.h5,17,10,4,0,4,6,7,0.23529411764705882,0.35294117647058826,0.4117647058823529,0.5882352941176471,0.0,0.0
1609480,1609803,worker,/pscratch/sd/s/satt/sprints/a_star_campaign/h5/h5_tr_210.py,0,0,0,0,0,0,0,,,,,,
1609480,1609803,worker,/pscratch/sd/s/satt/sprints/data/converted_10M/mc_normalized_rntuple_10M_30.h5,17,10,4,0,4,6,7,0.23529411764705882,0.35294117647058826,0.4117647058823529,0.5882352941176471,0.0,0.0
1609480,1609804,worker,/pscratch/sd/s/satt/sprints/a_star_campaign/h5/h5_tr_210.py,0,0,0,0,0,0,0,,,,,,
1609480,1609804,worker,/pscratch/sd/s/satt/sprints/data/converted_10M/mc_normalized_rntuple_10M_30.h5,19,11,4,0,4,7,8,0.21052631578947367,0.3684210526315789,0.42105263157894735,0.5789473684210527,0.0,0.0
1609480,1609805,worker,/pscratch/sd/s/satt/sprints/a_star_campaign/h5/h5_tr_210.py,0,0,0,0,0,0,0,,,,,,
1609480,1609805,worker,/pscratch/sd/s/satt/sprints/data/converted_10M/mc_normalized_rntuple_10M_30.h5,17,10,4,0,4,6,7,0.23529411764705882,0.35294117647058826,0.4117647058823529,0.5882352941176471,0.0,0.0
1609480,1609806,worker,/pscratch/sd/s/satt/sprints/a_star_campaign/h5/h5_tr_210.py,0,0,0,0,0,0,0,,,,,,
1609480,1609806,worker,/pscratch/sd/s/satt/sprints/data/converted_10M/mc_normalized_rntuple_10M_30.h5,17,10,2,0,2,8,7,0.11764705882352941,0.47058823529411764,0.4117647058823529,0.5882352941176471,0.0,0.0
1609480,1609807,worker,/pscratch/sd/s/satt/sprints/a_star_campaign/h5/h5_tr_210.py,0,0,0,0,0,0,0,,,,,,
1609480,1609807,worker,/pscratch/sd/s/satt/sprints/data/converted_10M/mc_normalized_rntuple_10M_30.h5,19,13,6,0,6,7,6,0.3157894736842105,0.3684210526315789,0.3157894736842105,0.6842105263157895,0.0,0.0
1609480,1609808,worker,/pscratch/sd/s/satt/sprints/a_star_campaign/h5/h5_tr_210.py,0,0,0,0,0,0,0,,,,,,
1609480,1609808,worker,/pscratch/sd/s/satt/sprints/data/converted_10M/mc_normalized_rntuple_10M_30.h5,17,12,4,0,4,8,5,0.23529411764705882,0.47058823529411764,0.29411764705882354,0.7058823529411765,0.0,0.0
1609480,1609809,worker,/pscratch/sd/s/satt/sprints/a_star_campaign/h5/h5_tr_210.py,0,0,0,0,0,0,0,,,,,,
1609480,1609809,worker,/pscratch/sd/s/satt/sprints/data/converted_10M/mc_normalized_rntuple_10M_30.h5,17,12,4,0,4,8,5,0.23529411764705882,0.47058823529411764,0.29411764705882354,0.7058823529411765,0.0,0.0
1609480,1609810,worker,/pscratch/sd/s/satt/sprints/a_star_campaign/h5/h5_tr_210.py,0,0,0,0,0,0,0,,,,,,
1609480,1609810,worker,/pscratch/sd/s/satt/sprints/data/converted_10M/mc_normalized_rntuple_10M_30.h5,19,13,4,0,4,9,6,0.21052631578947367,0.47368421052631576,0.3157894736842105,0.6842105263157895,0.0,0.0
1609480,1609811,worker,/pscratch/sd/s/satt/sprints/a_star_campaign/h5/h5_tr_210.py,0,0,0,0,0,0,0,,,,,,
1609480,1609811,worker,/pscratch/sd/s/satt/sprints/data/converted_10M/mc_normalized_rntuple_10M_30.h5,17,12,4,0,4,8,5,0.23529411764705882,0.47058823529411764,0.29411764705882354,0.7058823529411765,0.0,0.0
1609480,1609812,worker,/pscratch/sd/s/satt/sprints/a_star_campaign/h5/h5_tr_210.py,0,0,0,0,0,0,0,,,,,,
1609480,1609812,worker,/pscratch/sd/s/satt/sprints/data/converted_10M/mc_normalized_rntuple_10M_30.h5,17,12,4,0,4,8,5,0.23529411764705882,0.47058823529411764,0.29411764705882354,0.7058823529411765,0.0,0.0
1609480,1609813,worker,/pscratch/sd/s/satt/sprints/a_star_campaign/h5/h5_tr_210.py,0,0,0,0,0,0,0,,,,,,
1609480,1609813,worker,/pscratch/sd/s/satt/sprints/data/converted_10M/mc_normalized_rntuple_10M_30.h5,19,13,4,0,4,9,6,0.21052631578947367,0.47368421052631576,0.3157894736842105,0.6842105263157895,0.0,0.0
1609480,1609814,worker,/pscratch/sd/s/satt/sprints/a_star_campaign/h5/h5_tr_210.py,0,0,0,0,0,0,0,,,,,,
1609480,1609814,worker,/pscratch/sd/s/satt/sprints/data/converted_10M/mc_normalized_rntuple_10M_30.h5,17,12,4,0,4,8,5,0.23529411764705882,0.47058823529411764,0.29411764705882354,0.7058823529411765,0.0,0.0
1609480,1609815,worker,/pscratch/sd/s/satt/sprints/a_star_campaign/h5/h5_tr_210.py,0,0,0,0,0,0,0,,,,,,
1609480,1609815,worker,/pscratch/sd/s/satt/sprints/data/converted_10M/mc_normalized_rntuple_10M_30.h5,17,12,4,0,4,8,5,0.23529411764705882,0.47058823529411764,0.29411764705882354,0.7058823529411765,0.0,0.0
1609480,1609816,worker,/pscratch/sd/s/satt/sprints/a_star_campaign/h5/h5_tr_210.py,0,0,0,0,0,0,0,,,,,,
1609480,1609816,worker,/pscratch/sd/s/satt/sprints/data/converted_10M/mc_normalized_rntuple_10M_30.h5,19,13,4,0,4,9,6,0.21052631578947367,0.47368421052631576,0.3157894736842105,0.6842105263157895,0.0,0.0
1609480,1609817,worker,/pscratch/sd/s/satt/sprints/a_star_campaign/h5/h5_tr_210.py,0,0,0,0,0,0,0,,,,,,
1609480,1609817,worker,/pscratch/sd/s/satt/sprints/data/converted_10M/mc_normalized_rntuple_10M_30.h5,17,12,4,0,4,8,5,0.23529411764705882,0.47058823529411764,0.29411764705882354,0.7058823529411765,0.0,0.0
1609480,1609818,worker,/pscratch/sd/s/satt/sprints/a_star_campaign/h5/h5_tr_210.py,0,0,0,0,0,0,0,,,,,,
1609480,1609818,worker,/pscratch/sd/s/satt/sprints/data/converted_10M/mc_normalized_rntuple_10M_30.h5,17,12,4,0,4,8,5,0.23529411764705882,0.47058823529411764,0.29411764705882354,0.7058823529411765,0.0,0.0
1609480,1609819,worker,/pscratch/sd/s/satt/sprints/a_star_campaign/h5/h5_tr_210.py,0,0,0,0,0,0,0,,,,,,
1609480,1609819,worker,/pscratch/sd/s/satt/sprints/data/converted_10M/mc_normalized_rntuple_10M_30.h5,19,13,4,0,4,9,6,0.21052631578947367,0.47368421052631576,0.3157894736842105,0.6842105263157895,0.0,0.0
1609480,1609820,worker,/pscratch/sd/s/satt/sprints/a_star_campaign/h5/h5_tr_210.py,0,0,0,0,0,0,0,,,,,,
1609480,1609820,worker,/pscratch/sd/s/satt/sprints/data/converted_10M/mc_normalized_rntuple_10M_30.h5,17,12,4,0,4,8,5,0.23529411764705882,0.47058823529411764,0.29411764705882354,0.7058823529411765,0.0,0.0
1609480,1609821,worker,/pscratch/sd/s/satt/sprints/a_star_campaign/h5/h5_tr_210.py,0,0,0,0,0,0,0,,,,,,
1609480,1609821,worker,/pscratch/sd/s/satt/sprints/data/converted_10M/mc_normalized_rntuple_10M_30.h5,17,12,4,0,4,8,5,0.23529411764705882,0.47058823529411764,0.29411764705882354,0.7058823529411765,0.0,0.0
1609480,1609822,worker,/pscratch/sd/s/satt/sprints/a_star_campaign/h5/h5_tr_210.py,0,0,0,0,0,0,0,,,,,,
1609480,1609822,worker,/pscratch/sd/s/satt/sprints/data/converted_10M/mc_normalized_rntuple_10M_30.h5,19,13,4,0,4,9,6,0.21052631578947367,0.47368421052631576,0.3157894736842105,0.6842105263157895,0.0,0.0
1609480,1609823,worker,/pscratch/sd/s/satt/sprints/a_star_campaign/h5/h5_tr_210.py,0,0,0,0,0,0,0,,,,,,
1609480,1609823,worker,/pscratch/sd/s/satt/sprints/data/converted_10M/mc_normalized_rntuple_10M_30.h5,17,12,4,0,4,8,5,0.23529411764705882,0.47058823529411764,0.29411764705882354,0.7058823529411765,0.0,0.0
1609480,1609824,worker,/pscratch/sd/s/satt/sprints/a_star_campaign/h5/h5_tr_210.py,0,0,0,0,0,0,0,,,,,,
1609480,1609824,worker,/pscratch/sd/s/satt/sprints/data/converted_10M/mc_normalized_rntuple_10M_30.h5,17,12,4,0,4,8,5,0.23529411764705882,0.47058823529411764,0.29411764705882354,0.7058823529411765,0.0,0.0
1609480,1609825,worker,/pscratch/sd/s/satt/sprints/a_star_campaign/h5/h5_tr_210.py,0,0,0,0,0,0,0,,,,,,
1609480,1609825,worker,/pscratch/sd/s/satt/sprints/data/converted_10M/mc_normalized_rntuple_10M_30.h5,19,13,4,0,4,9,6,0.21052631578947367,0.47368421052631576,0.3157894736842105,0.6842105263157895,0.0,0.0
1609480,1609826,worker,/pscratch/sd/s/satt/sprints/a_star_campaign/h5/h5_tr_210.py,0,0,0,0,0,0,0,,,,,,
1609480,1609826,worker,/pscratch/sd/s/satt/sprints/data/converted_10M/mc_normalized_rntuple_10M_30.h5,17,12,4,0,4,8,5,0.23529411764705882,0.47058823529411764,0.29411764705882354,0.7058823529411765,0.0,0.0
1609480,1609827,worker,/pscratch/sd/s/satt/sprints/a_star_campaign/h5/h5_tr_210.py,0,0,0,0,0,0,0,,,,,,
1609480,1609827,worker,/pscratch/sd/s/satt/sprints/data/converted_10M/mc_normalized_rntuple_10M_30.h5,17,12,4,0,4,8,5,0.23529411764705882,0.47058823529411764,0.29411764705882354,0.7058823529411765,0.0,0.0
1609480,1609828,worker,/pscratch/sd/s/satt/sprints/a_star_campaign/h5/h5_tr_210.py,0,0,0,0,0,0,0,,,,,,
1609480,1609828,worker,/pscratch/sd/s/satt/sprints/data/converted_10M/mc_normalized_rntuple_10M_30.h5,19,13,4,0,4,9,6,0.21052631578947367,0.47368421052631576,0.3157894736842105,0.6842105263157895,0.0,0.0
1609480,1609829,worker,/pscratch/sd/s/satt/sprints/a_star_campaign/h5/h5_tr_210.py,0,0,0,0,0,0,0,,,,,,
1609480,1609829,worker,/pscratch/sd/s/satt/sprints/data/converted_10M/mc_normalized_rntuple_10M_30.h5,17,12,4,0,4,8,5,0.23529411764705882,0.47058823529411764,0.29411764705882354,0.7058823529411765,0.0,0.0
1609480,1609830,worker,/pscratch/sd/s/satt/sprints/a_star_campaign/h5/h5_tr_210.py,0,0,0,0,0,0,0,,,,,,
1609480,1609830,worker,/pscratch/sd/s/satt/sprints/data/converted_10M/mc_normalized_rntuple_10M_30.h5,17,12,4,0,4,8,5,0.23529411764705882,0.47058823529411764,0.29411764705882354,0.7058823529411765,0.0,0.0
1609480,1609831,worker,/pscratch/sd/s/satt/sprints/a_star_campaign/h5/h5_tr_210.py,0,0,0,0,0,0,0,,,,,,
1609480,1609831,worker,/pscratch/sd/s/satt/sprints/data/converted_10M/mc_normalized_rntuple_10M_30.h5,19,13,4,0,4,9,6,0.21052631578947367,0.47368421052631576,0.3157894736842105,0.6842105263157895,0.0,0.0
1609480,1609832,worker,/pscratch/sd/s/satt/sprints/a_star_campaign/h5/h5_tr_210.py,0,0,0,0,0,0,0,,,,,,
1609480,1609832,worker,/pscratch/sd/s/satt/sprints/data/converted_10M/mc_normalized_rntuple_10M_30.h5,17,12,4,0,4,8,5,0.23529411764705882,0.47058823529411764,0.29411764705882354,0.7058823529411765,0.0,0.0
1609480,1609833,worker,/pscratch/sd/s/satt/sprints/a_star_campaign/h5/h5_tr_210.py,0,0,0,0,0,0,0,,,,,,
1609480,1609833,worker,/pscratch/sd/s/satt/sprints/data/converted_10M/mc_normalized_rntuple_10M_30.h5,17,12,4,0,4,8,5,0.23529411764705882,0.47058823529411764,0.29411764705882354,0.7058823529411765,0.0,0.0
1609480,1609834,worker,/pscratch/sd/s/satt/sprints/a_star_campaign/h5/h5_tr_210.py,0,0,0,0,0,0,0,,,,,,
1609480,1609834,worker,/pscratch/sd/s/satt/sprints/data/converted_10M/mc_normalized_rntuple_10M_30.h5,19,13,4,0,4,9,6,0.21052631578947367,0.47368421052631576,0.3157894736842105,0.6842105263157895,0.0,0.0
1609480,1609835,worker,/pscratch/sd/s/satt/sprints/a_star_campaign/h5/h5_tr_210.py,0,0,0,0,0,0,0,,,,,,
1609480,1609835,worker,/pscratch/sd/s/satt/sprints/data/converted_10M/mc_normalized_rntuple_10M_30.h5,17,12,4,0,4,8,5,0.23529411764705882,0.47058823529411764,0.29411764705882354,0.7058823529411765,0.0,0.0
1609480,1609836,worker,/pscratch/sd/s/satt/sprints/a_star_campaign/h5/h5_tr_210.py,0,0,0,0,0,0,0,,,,,,
1609480,1609836,worker,/pscratch/sd/s/satt/sprints/data/converted_10M/mc_normalized_rntuple_10M_30.h5,17,12,4,0,4,8,5,0.23529411764705882,0.47058823529411764,0.29411764705882354,0.7058823529411765,0.0,0.0
1609480,1609837,worker,/pscratch/sd/s/satt/sprints/a_star_campaign/h5/h5_tr_210.py,0,0,0,0,0,0,0,,,,,,
1609480,1609837,worker,/pscratch/sd/s/satt/sprints/data/converted_10M/mc_normalized_rntuple_10M_30.h5,19,13,4,0,4,9,6,0.21052631578947367,0.47368421052631576,0.3157894736842105,0.6842105263157895,0.0,0.0
1609480,1609838,worker,/pscratch/sd/s/satt/sprints/a_star_campaign/h5/h5_tr_210.py,0,0,0,0,0,0,0,,,,,,
1609480,1609838,worker,/pscratch/sd/s/satt/sprints/data/converted_10M/mc_normalized_rntuple_10M_30.h5,17,12,4,0,4,8,5,0.23529411764705882,0.47058823529411764,0.29411764705882354,0.7058823529411765,0.0,0.0
1609480,1609839,worker,/pscratch/sd/s/satt/sprints/a_star_campaign/h5/h5_tr_210.py,0,0,0,0,0,0,0,,,,,,
1609480,1609839,worker,/pscratch/sd/s/satt/sprints/data/converted_10M/mc_normalized_rntuple_10M_30.h5,17,12,4,0,4,8,5,0.23529411764705882,0.47058823529411764,0.29411764705882354,0.7058823529411765,0.0,0.0
1609480,1609840,worker,/pscratch/sd/s/satt/sprints/a_star_campaign/h5/h5_tr_210.py,0,0,0,0,0,0,0,,,,,,
1609480,1609840,worker,/pscratch/sd/s/satt/sprints/data/converted_10M/mc_normalized_rntuple_10M_30.h5,19,13,4,0,4,9,6,0.21052631578947367,0.47368421052631576,0.3157894736842105,0.6842105263157895,0.0,0.0
1609480,1609841,worker,/pscratch/sd/s/satt/sprints/a_star_campaign/h5/h5_tr_210.py,0,0,0,0,0,0,0,,,,,,
1609480,1609841,worker,/pscratch/sd/s/satt/sprints/data/converted_10M/mc_normalized_rntuple_10M_30.h5,17,12,4,0,4,8,5,0.23529411764705882,0.47058823529411764,0.29411764705882354,0.7058823529411765,0.0,0.0
1609480,1609842,worker,/pscratch/sd/s/satt/sprints/a_star_campaign/h5/h5_tr_210.py,0,0,0,0,0,0,0,,,,,,
1609480,1609842,worker,/pscratch/sd/s/satt/sprints/data/converted_10M/mc_normalized_rntuple_10M_30.h5,21,13,4,0,4,9,8,0.19047619047619047,0.42857142857142855,0.38095238095238093,0.6190476190476191,0.0,0.0
1609480,1609843,worker,/pscratch/sd/s/satt/sprints/a_star_campaign/h5/h5_tr_210.py,0,0,0,0,0,0,0,,,,,,
1609480,1609843,worker,/pscratch/sd/s/satt/sprints/data/converted_10M/mc_normalized_rntuple_10M_30.h5,17,10,4,0,4,6,7,0.23529411764705882,0.35294117647058826,0.4117647058823529,0.5882352941176471,0.0,0.0
1609480,1609844,worker,/pscratch/sd/s/satt/sprints/a_star_campaign/h5/h5_tr_210.py,0,0,0,0,0,0,0,,,,,,
1609480,1609844,worker,/pscratch/sd/s/satt/sprints/data/converted_10M/mc_normalized_rntuple_10M_30.h5,17,10,4,0,4,6,7,0.23529411764705882,0.35294117647058826,0.4117647058823529,0.5882352941176471,0.0,0.0
1609480,1609845,worker,/pscratch/sd/s/satt/sprints/a_star_campaign/h5/h5_tr_210.py,0,0,0,0,0,0,0,,,,,,
1609480,1609845,worker,/pscratch/sd/s/satt/sprints/data/converted_10M/mc_normalized_rntuple_10M_30.h5,19,11,4,0,4,7,8,0.21052631578947367,0.3684210526315789,0.42105263157894735,0.5789473684210527,0.0,0.0
1609480,1609846,worker,/pscratch/sd/s/satt/sprints/a_star_campaign/h5/h5_tr_210.py,0,0,0,0,0,0,0,,,,,,
1609480,1609846,worker,/pscratch/sd/s/satt/sprints/data/converted_10M/mc_normalized_rntuple_10M_30.h5,17,10,4,0,4,6,7,0.23529411764705882,0.35294117647058826,0.4117647058823529,0.5882352941176471,0.0,0.0
1609480,1609847,worker,/pscratch/sd/s/satt/sprints/a_star_campaign/h5/h5_tr_210.py,0,0,0,0,0,0,0,,,,,,
1609480,1609847,worker,/pscratch/sd/s/satt/sprints/data/converted_10M/mc_normalized_rntuple_10M_30.h5,17,10,4,0,4,6,7,0.23529411764705882,0.35294117647058826,0.4117647058823529,0.5882352941176471,0.0,0.0
1609480,1609848,worker,/pscratch/sd/s/satt/sprints/a_star_campaign/h5/h5_tr_210.py,0,0,0,0,0,0,0,,,,,,
1609480,1609848,worker,/pscratch/sd/s/satt/sprints/data/converted_10M/mc_normalized_rntuple_10M_30.h5,19,11,4,0,4,7,8,0.21052631578947367,0.3684210526315789,0.42105263157894735,0.5789473684210527,0.0,0.0
1609480,1609849,worker,/pscratch/sd/s/satt/sprints/a_star_campaign/h5/h5_tr_210.py,0,0,0,0,0,0,0,,,,,,
1609480,1609849,worker,/pscratch/sd/s/satt/sprints/data/converted_10M/mc_normalized_rntuple_10M_30.h5,17,12,6,0,6,6,5,0.35294117647058826,0.35294117647058826,0.29411764705882354,0.7058823529411765,0.0,0.0
1609480,1609850,worker,/pscratch/sd/s/satt/sprints/a_star_campaign/h5/h5_tr_210.py,0,0,0,0,0,0,0,,,,,,
1609480,1609850,worker,/pscratch/sd/s/satt/sprints/data/converted_10M/mc_normalized_rntuple_10M_30.h5,17,12,4,0,4,8,5,0.23529411764705882,0.47058823529411764,0.29411764705882354,0.7058823529411765,0.0,0.0
1609480,1609851,worker,/pscratch/sd/s/satt/sprints/a_star_campaign/h5/h5_tr_210.py,0,0,0,0,0,0,0,,,,,,
1609480,1609851,worker,/pscratch/sd/s/satt/sprints/data/converted_10M/mc_normalized_rntuple_10M_30.h5,19,13,4,0,4,9,6,0.21052631578947367,0.47368421052631576,0.3157894736842105,0.6842105263157895,0.0,0.0
1609480,1609852,worker,/pscratch/sd/s/satt/sprints/a_star_campaign/h5/h5_tr_210.py,0,0,0,0,0,0,0,,,,,,
1609480,1609852,worker,/pscratch/sd/s/satt/sprints/data/converted_10M/mc_normalized_rntuple_10M_30.h5,17,12,4,0,4,8,5,0.23529411764705882,0.47058823529411764,0.29411764705882354,0.7058823529411765,0.0,0.0
1609480,1609853,worker,/pscratch/sd/s/satt/sprints/a_star_campaign/h5/h5_tr_210.py,0,0,0,0,0,0,0,,,,,,
1609480,1609853,worker,/pscratch/sd/s/satt/sprints/data/converted_10M/mc_normalized_rntuple_10M_30.h5,17,12,4,0,4,8,5,0.23529411764705882,0.47058823529411764,0.29411764705882354,0.7058823529411765,0.0,0.0
1609480,1609854,worker,/pscratch/sd/s/satt/sprints/a_star_campaign/h5/h5_tr_210.py,0,0,0,0,0,0,0,,,,,,
1609480,1609854,worker,/pscratch/sd/s/satt/sprints/data/converted_10M/mc_normalized_rntuple_10M_30.h5,19,13,4,0,4,9,6,0.21052631578947367,0.47368421052631576,0.3157894736842105,0.6842105263157895,0.0,0.0
1609480,1609855,worker,/pscratch/sd/s/satt/sprints/a_star_campaign/h5/h5_tr_210.py,0,0,0,0,0,0,0,,,,,,
1609480,1609855,worker,/pscratch/sd/s/satt/sprints/data/converted_10M/mc_normalized_rntuple_10M_30.h5,17,12,4,0,4,8,5,0.23529411764705882,0.47058823529411764,0.29411764705882354,0.7058823529411765,0.0,0.0
1609480,1609856,worker,/pscratch/sd/s/satt/sprints/a_star_campaign/h5/h5_tr_210.py,0,0,0,0,0,0,0,,,,,,
1609480,1609856,worker,/pscratch/sd/s/satt/sprints/data/converted_10M/mc_normalized_rntuple_10M_30.h5,17,12,4,0,4,8,5,0.23529411764705882,0.47058823529411764,0.29411764705882354,0.7058823529411765,0.0,0.0
1609480,1609857,worker,/pscratch/sd/s/satt/sprints/a_star_campaign/h5/h5_tr_210.py,0,0,0,0,0,0,0,,,,,,
1609480,1609857,worker,/pscratch/sd/s/satt/sprints/data/converted_10M/mc_normalized_rntuple_10M_30.h5,19,13,4,0,4,9,6,0.21052631578947367,0.47368421052631576,0.3157894736842105,0.6842105263157895,0.0,0.0
1609480,1609858,worker,/pscratch/sd/s/satt/sprints/a_star_campaign/h5/h5_tr_210.py,0,0,0,0,0,0,0,,,,,,
1609480,1609858,worker,/pscratch/sd/s/satt/sprints/data/converted_10M/mc_normalized_rntuple_10M_30.h5,17,12,4,0,4,8,5,0.23529411764705882,0.47058823529411764,0.29411764705882354,0.7058823529411765,0.0,0.0
1609480,1609859,worker,/pscratch/sd/s/satt/sprints/a_star_campaign/h5/h5_tr_210.py,0,0,0,0,0,0,0,,,,,,
1609480,1609859,worker,/pscratch/sd/s/satt/sprints/data/converted_10M/mc_normalized_rntuple_10M_30.h5,17,12,4,0,4,8,5,0.23529411764705882,0.47058823529411764,0.29411764705882354,0.7058823529411765,0.0,0.0
1609480,1609860,worker,/pscratch/sd/s/satt/sprints/a_star_campaign/h5/h5_tr_210.py,0,0,0,0,0,0,0,,,,,,
1609480,1609860,worker,/pscratch/sd/s/satt/sprints/data/converted_10M/mc_normalized_rntuple_10M_30.h5,19,13,4,0,4,9,6,0.21052631578947367,0.47368421052631576,0.3157894736842105,0.6842105263157895,0.0,0.0
1609480,1609861,worker,/pscratch/sd/s/satt/sprints/a_star_campaign/h5/h5_tr_210.py,0,0,0,0,0,0,0,,,,,,
1609480,1609861,worker,/pscratch/sd/s/satt/sprints/data/converted_10M/mc_normalized_rntuple_10M_30.h5,17,12,4,0,4,8,5,0.23529411764705882,0.47058823529411764,0.29411764705882354,0.7058823529411765,0.0,0.0
1609480,1609862,worker,/pscratch/sd/s/satt/sprints/a_star_campaign/h5/h5_tr_210.py,0,0,0,0,0,0,0,,,,,,
1609480,1609862,worker,/pscratch/sd/s/satt/sprints/data/converted_10M/mc_normalized_rntuple_10M_30.h5,17,12,4,0,4,8,5,0.23529411764705882,0.47058823529411764,0.29411764705882354,0.7058823529411765,0.0,0.0
1609480,1609863,worker,/pscratch/sd/s/satt/sprints/a_star_campaign/h5/h5_tr_210.py,0,0,0,0,0,0,0,,,,,,
1609480,1609863,worker,/pscratch/sd/s/satt/sprints/data/converted_10M/mc_normalized_rntuple_10M_30.h5,19,13,4,0,4,9,6,0.21052631578947367,0.47368421052631576,0.3157894736842105,0.6842105263157895,0.0,0.0
1609480,1609864,worker,/pscratch/sd/s/satt/sprints/a_star_campaign/h5/h5_tr_210.py,0,0,0,0,0,0,0,,,,,,
1609480,1609864,worker,/pscratch/sd/s/satt/sprints/data/converted_10M/mc_normalized_rntuple_10M_30.h5,17,12,4,0,4,8,5,0.23529411764705882,0.47058823529411764,0.29411764705882354,0.7058823529411765,0.0,0.0
1609480,1609865,worker,/pscratch/sd/s/satt/sprints/a_star_campaign/h5/h5_tr_210.py,0,0,0,0,0,0,0,,,,,,
1609480,1609865,worker,/pscratch/sd/s/satt/sprints/data/converted_10M/mc_normalized_rntuple_10M_30.h5,17,12,4,0,4,8,5,0.23529411764705882,0.47058823529411764,0.29411764705882354,0.7058823529411765,0.0,0.0
1609480,1609866,worker,/pscratch/sd/s/satt/sprints/a_star_campaign/h5/h5_tr_210.py,0,0,0,0,0,0,0,,,,,,
1609480,1609866,worker,/pscratch/sd/s/satt/sprints/data/converted_10M/mc_normalized_rntuple_10M_30.h5,19,13,4,0,4,9,6,0.21052631578947367,0.47368421052631576,0.3157894736842105,0.6842105263157895,0.0,0.0
1609480,1609867,worker,/pscratch/sd/s/satt/sprints/a_star_campaign/h5/h5_tr_210.py,0,0,0,0,0,0,0,,,,,,
1609480,1609867,worker,/pscratch/sd/s/satt/sprints/data/converted_10M/mc_normalized_rntuple_10M_30.h5,17,12,4,0,4,8,5,0.23529411764705882,0.47058823529411764,0.29411764705882354,0.7058823529411765,0.0,0.0
1609480,1609868,worker,/pscratch/sd/s/satt/sprints/a_star_campaign/h5/h5_tr_210.py,0,0,0,0,0,0,0,,,,,,
1609480,1609868,worker,/pscratch/sd/s/satt/sprints/data/converted_10M/mc_normalized_rntuple_10M_30.h5,17,12,4,0,4,8,5,0.23529411764705882,0.47058823529411764,0.29411764705882354,0.7058823529411765,0.0,0.0
1609480,1609869,worker,/pscratch/sd/s/satt/sprints/a_star_campaign/h5/h5_tr_210.py,0,0,0,0,0,0,0,,,,,,
1609480,1609869,worker,/pscratch/sd/s/satt/sprints/data/converted_10M/mc_normalized_rntuple_10M_30.h5,19,13,4,0,4,9,6,0.21052631578947367,0.47368421052631576,0.3157894736842105,0.6842105263157895,0.0,0.0
1609480,1609870,worker,/pscratch/sd/s/satt/sprints/a_star_campaign/h5/h5_tr_210.py,0,0,0,0,0,0,0,,,,,,
1609480,1609870,worker,/pscratch/sd/s/satt/sprints/data/converted_10M/mc_normalized_rntuple_10M_30.h5,17,12,4,0,4,8,5,0.23529411764705882,0.47058823529411764,0.29411764705882354,0.7058823529411765,0.0,0.0
1609480,1609871,worker,/pscratch/sd/s/satt/sprints/a_star_campaign/h5/h5_tr_210.py,0,0,0,0,0,0,0,,,,,,
1609480,1609871,worker,/pscratch/sd/s/satt/sprints/data/converted_10M/mc_normalized_rntuple_10M_30.h5,17,12,4,0,4,8,5,0.23529411764705882,0.47058823529411764,0.29411764705882354,0.7058823529411765,0.0,0.0
1609480,1609872,worker,/pscratch/sd/s/satt/sprints/a_star_campaign/h5/h5_tr_210.py,0,0,0,0,0,0,0,,,,,,
1609480,1609872,worker,/pscratch/sd/s/satt/sprints/data/converted_10M/mc_normalized_rntuple_10M_30.h5,19,13,4,0,4,9,6,0.21052631578947367,0.47368421052631576,0.3157894736842105,0.6842105263157895,0.0,0.0
1609480,1609873,worker,/pscratch/sd/s/satt/sprints/a_star_campaign/h5/h5_tr_210.py,0,0,0,0,0,0,0,,,,,,
1609480,1609873,worker,/pscratch/sd/s/satt/sprints/data/converted_10M/mc_normalized_rntuple_10M_30.h5,17,12,4,0,4,8,5,0.23529411764705882,0.47058823529411764,0.29411764705882354,0.7058823529411765,0.0,0.0
1609480,1609874,worker,/pscratch/sd/s/satt/sprints/a_star_campaign/h5/h5_tr_210.py,0,0,0,0,0,0,0,,,,,,
1609480,1609874,worker,/pscratch/sd/s/satt/sprints/data/converted_10M/mc_normalized_rntuple_10M_30.h5,17,12,4,0,4,8,5,0.23529411764705882,0.47058823529411764,0.29411764705882354,0.7058823529411765,0.0,0.0
1609480,1609875,worker,/pscratch/sd/s/satt/sprints/a_star_campaign/h5/h5_tr_210.py,0,0,0,0,0,0,0,,,,,,
1609480,1609875,worker,/pscratch/sd/s/satt/sprints/data/converted_10M/mc_normalized_rntuple_10M_30.h5,19,13,4,0,4,9,6,0.21052631578947367,0.47368421052631576,0.3157894736842105,0.6842105263157895,0.0,0.0
1609480,1609876,worker,/pscratch/sd/s/satt/sprints/a_star_campaign/h5/h5_tr_210.py,0,0,0,0,0,0,0,,,,,,
1609480,1609876,worker,/pscratch/sd/s/satt/sprints/data/converted_10M/mc_normalized_rntuple_10M_30.h5,17,12,4,0,4,8,5,0.23529411764705882,0.47058823529411764,0.29411764705882354,0.7058823529411765,0.0,0.0
1609480,1609877,worker,/pscratch/sd/s/satt/sprints/a_star_campaign/h5/h5_tr_210.py,0,0,0,0,0,0,0,,,,,,
1609480,1609877,worker,/pscratch/sd/s/satt/sprints/data/converted_10M/mc_normalized_rntuple_10M_30.h5,17,12,4,0,4,8,5,0.23529411764705882,0.47058823529411764,0.29411764705882354,0.7058823529411765,0.0,0.0
1609480,1609878,worker,/pscratch/sd/s/satt/sprints/a_star_campaign/h5/h5_tr_210.py,0,0,0,0,0,0,0,,,,,,
1609480,1609878,worker,/pscratch/sd/s/satt/sprints/data/converted_10M/mc_normalized_rntuple_10M_30.h5,19,13,4,0,4,9,6,0.21052631578947367,0.47368421052631576,0.3157894736842105,0.6842105263157895,0.0,0.0
1609480,1609879,worker,/pscratch/sd/s/satt/sprints/a_star_campaign/h5/h5_tr_210.py,0,0,0,0,0,0,0,,,,,,
1609480,1609879,worker,/pscratch/sd/s/satt/sprints/data/converted_10M/mc_normalized_rntuple_10M_30.h5,17,12,4,0,4,8,5,0.23529411764705882,0.47058823529411764,0.29411764705882354,0.7058823529411765,0.0,0.0
1609480,1609880,worker,/pscratch/sd/s/satt/sprints/a_star_campaign/h5/h5_tr_210.py,0,0,0,0,0,0,0,,,,,,
1609480,1609880,worker,/pscratch/sd/s/satt/sprints/data/converted_10M/mc_normalized_rntuple_10M_30.h5,17,12,4,0,4,8,5,0.23529411764705882,0.47058823529411764,0.29411764705882354,0.7058823529411765,0.0,0.0
1609480,1609881,worker,/pscratch/sd/s/satt/sprints/a_star_campaign/h5/h5_tr_210.py,0,0,0,0,0,0,0,,,,,,
1609480,1609881,worker,/pscratch/sd/s/satt/sprints/data/converted_10M/mc_normalized_rntuple_10M_30.h5,19,13,4,0,4,9,6,0.21052631578947367,0.47368421052631576,0.3157894736842105,0.6842105263157895,0.0,0.0
1609480,1609882,worker,/pscratch/sd/s/satt/sprints/a_star_campaign/h5/h5_tr_210.py,0,0,0,0,0,0,0,,,,,,
1609480,1609882,worker,/pscratch/sd/s/satt/sprints/data/converted_10M/mc_normalized_rntuple_10M_30.h5,17,12,4,0,4,8,5,0.23529411764705882,0.47058823529411764,0.29411764705882354,0.7058823529411765,0.0,0.0
1609480,1609883,worker,/pscratch/sd/s/satt/sprints/a_star_campaign/h5/h5_tr_210.py,0,0,0,0,0,0,0,,,,,,
1609480,1609883,worker,/pscratch/sd/s/satt/sprints/data/converted_10M/mc_normalized_rntuple_10M_30.h5,17,12,4,0,4,8,5,0.23529411764705882,0.47058823529411764,0.29411764705882354,0.7058823529411765,0.0,0.0
1609480,1609884,worker,/pscratch/sd/s/satt/sprints/a_star_campaign/h5/h5_tr_210.py,0,0,0,0,0,0,0,,,,,,
1609480,1609884,worker,/pscratch/sd/s/satt/sprints/data/converted_10M/mc_normalized_rntuple_10M_30.h5,19,13,4,0,4,9,6,0.21052631578947367,0.47368421052631576,0.3157894736842105,0.6842105263157895,0.0,0.0
1609480,1609885,worker,/pscratch/sd/s/satt/sprints/a_star_campaign/h5/h5_tr_210.py,0,0,0,0,0,0,0,,,,,,
1609480,1609885,worker,/pscratch/sd/s/satt/sprints/data/converted_10M/mc_normalized_rntuple_10M_30.h5,19,12,2,0,2,10,7,0.10526315789473684,0.5263157894736842,0.3684210526315789,0.631578947368421,0.0,0.0
1609480,1609886,worker,/pscratch/sd/s/satt/sprints/a_star_campaign/h5/h5_tr_210.py,0,0,0,0,0,0,0,,,,,,
1609480,1609886,worker,/pscratch/sd/s/satt/sprints/data/converted_10M/mc_normalized_rntuple_10M_30.h5,19,11,4,0,4,7,8,0.21052631578947367,0.3684210526315789,0.42105263157894735,0.5789473684210527,0.0,0.0
1609480,1609887,worker,/pscratch/sd/s/satt/sprints/a_star_campaign/h5/h5_tr_210.py,0,0,0,0,0,0,0,,,,,,
1609480,1609887,worker,/pscratch/sd/s/satt/sprints/data/converted_10M/mc_normalized_rntuple_10M_30.h5,17,10,4,0,4,6,7,0.23529411764705882,0.35294117647058826,0.4117647058823529,0.5882352941176471,0.0,0.0
1609480,1609888,worker,/pscratch/sd/s/satt/sprints/a_star_campaign/h5/h5_tr_210.py,0,0,0,0,0,0,0,,,,,,
1609480,1609888,worker,/pscratch/sd/s/satt/sprints/data/converted_10M/mc_normalized_rntuple_10M_30.h5,17,10,4,0,4,6,7,0.23529411764705882,0.35294117647058826,0.4117647058823529,0.5882352941176471,0.0,0.0
1609480,1609889,worker,/pscratch/sd/s/satt/sprints/a_star_campaign/h5/h5_tr_210.py,0,0,0,0,0,0,0,,,,,,
1609480,1609889,worker,/pscratch/sd/s/satt/sprints/data/converted_10M/mc_normalized_rntuple_10M_30.h5,19,11,4,0,4,7,8,0.21052631578947367,0.3684210526315789,0.42105263157894735,0.5789473684210527,0.0,0.0
1609480,1609890,worker,/pscratch/sd/s/satt/sprints/a_star_campaign/h5/h5_tr_210.py,0,0,0,0,0,0,0,,,,,,
1609480,1609890,worker,/pscratch/sd/s/satt/sprints/data/converted_10M/mc_normalized_rntuple_10M_30.h5,17,10,4,0,4,6,7,0.23529411764705882,0.35294117647058826,0.4117647058823529,0.5882352941176471,0.0,0.0
1609480,1609891,worker,/pscratch/sd/s/satt/sprints/a_star_campaign/h5/h5_tr_210.py,0,0,0,0,0,0,0,,,,,,
1609480,1609891,worker,/pscratch/sd/s/satt/sprints/data/converted_10M/mc_normalized_rntuple_10M_30.h5,17,10,2,0,2,8,7,0.11764705882352941,0.47058823529411764,0.4117647058823529,0.5882352941176471,0.0,0.0
1609480,1609892,worker,/pscratch/sd/s/satt/sprints/a_star_campaign/h5/h5_tr_210.py,0,0,0,0,0,0,0,,,,,,
1609480,1609892,worker,/pscratch/sd/s/satt/sprints/data/converted_10M/mc_normalized_rntuple_10M_30.h5,19,13,6,0,6,7,6,0.3157894736842105,0.3684210526315789,0.3157894736842105,0.6842105263157895,0.0,0.0
1609480,1609893,worker,/pscratch/sd/s/satt/sprints/a_star_campaign/h5/h5_tr_210.py,0,0,0,0,0,0,0,,,,,,
1609480,1609893,worker,/pscratch/sd/s/satt/sprints/data/converted_10M/mc_normalized_rntuple_10M_30.h5,17,12,4,0,4,8,5,0.23529411764705882,0.47058823529411764,0.29411764705882354,0.7058823529411765,0.0,0.0
1609480,1609894,worker,/pscratch/sd/s/satt/sprints/a_star_campaign/h5/h5_tr_210.py,0,0,0,0,0,0,0,,,,,,
1609480,1609894,worker,/pscratch/sd/s/satt/sprints/data/converted_10M/mc_normalized_rntuple_10M_30.h5,17,12,4,0,4,8,5,0.23529411764705882,0.47058823529411764,0.29411764705882354,0.7058823529411765,0.0,0.0
1609480,1609895,worker,/pscratch/sd/s/satt/sprints/a_star_campaign/h5/h5_tr_210.py,0,0,0,0,0,0,0,,,,,,
1609480,1609895,worker,/pscratch/sd/s/satt/sprints/data/converted_10M/mc_normalized_rntuple_10M_30.h5,19,13,4,0,4,9,6,0.21052631578947367,0.47368421052631576,0.3157894736842105,0.6842105263157895,0.0,0.0
1609480,1609896,worker,/pscratch/sd/s/satt/sprints/a_star_campaign/h5/h5_tr_210.py,0,0,0,0,0,0,0,,,,,,
1609480,1609896,worker,/pscratch/sd/s/satt/sprints/data/converted_10M/mc_normalized_rntuple_10M_30.h5,17,12,4,0,4,8,5,0.23529411764705882,0.47058823529411764,0.29411764705882354,0.7058823529411765,0.0,0.0
1609480,1609897,worker,/pscratch/sd/s/satt/sprints/a_star_campaign/h5/h5_tr_210.py,0,0,0,0,0,0,0,,,,,,
1609480,1609897,worker,/pscratch/sd/s/satt/sprints/data/converted_10M/mc_normalized_rntuple_10M_30.h5,17,12,4,0,4,8,5,0.23529411764705882,0.47058823529411764,0.29411764705882354,0.7058823529411765,0.0,0.0
1609480,1609898,worker,/pscratch/sd/s/satt/sprints/a_star_campaign/h5/h5_tr_210.py,0,0,0,0,0,0,0,,,,,,
1609480,1609898,worker,/pscratch/sd/s/satt/sprints/data/converted_10M/mc_normalized_rntuple_10M_30.h5,19,13,4,0,4,9,6,0.21052631578947367,0.47368421052631576,0.3157894736842105,0.6842105263157895,0.0,0.0
1609480,1609899,worker,/pscratch/sd/s/satt/sprints/a_star_campaign/h5/h5_tr_210.py,0,0,0,0,0,0,0,,,,,,
1609480,1609899,worker,/pscratch/sd/s/satt/sprints/data/converted_10M/mc_normalized_rntuple_10M_30.h5,17,12,4,0,4,8,5,0.23529411764705882,0.47058823529411764,0.29411764705882354,0.7058823529411765,0.0,0.0
1609480,1609900,worker,/pscratch/sd/s/satt/sprints/a_star_campaign/h5/h5_tr_210.py,0,0,0,0,0,0,0,,,,,,
1609480,1609900,worker,/pscratch/sd/s/satt/sprints/data/converted_10M/mc_normalized_rntuple_10M_30.h5,17,12,4,0,4,8,5,0.23529411764705882,0.47058823529411764,0.29411764705882354,0.7058823529411765,0.0,0.0
1609480,1609901,worker,/pscratch/sd/s/satt/sprints/a_star_campaign/h5/h5_tr_210.py,0,0,0,0,0,0,0,,,,,,
1609480,1609901,worker,/pscratch/sd/s/satt/sprints/data/converted_10M/mc_normalized_rntuple_10M_30.h5,19,13,4,0,4,9,6,0.21052631578947367,0.47368421052631576,0.3157894736842105,0.6842105263157895,0.0,0.0
1609480,1609902,worker,/pscratch/sd/s/satt/sprints/a_star_campaign/h5/h5_tr_210.py,0,0,0,0,0,0,0,,,,,,
1609480,1609902,worker,/pscratch/sd/s/satt/sprints/data/converted_10M/mc_normalized_rntuple_10M_30.h5,17,12,4,0,4,8,5,0.23529411764705882,0.47058823529411764,0.29411764705882354,0.7058823529411765,0.0,0.0
1609480,1609903,worker,/pscratch/sd/s/satt/sprints/a_star_campaign/h5/h5_tr_210.py,0,0,0,0,0,0,0,,,,,,
1609480,1609903,worker,/pscratch/sd/s/satt/sprints/data/converted_10M/mc_normalized_rntuple_10M_30.h5,17,12,4,0,4,8,5,0.23529411764705882,0.47058823529411764,0.29411764705882354,0.7058823529411765,0.0,0.0
1609480,1609904,worker,/pscratch/sd/s/satt/sprints/a_star_campaign/h5/h5_tr_210.py,0,0,0,0,0,0,0,,,,,,
1609480,1609904,worker,/pscratch/sd/s/satt/sprints/data/converted_10M/mc_normalized_rntuple_10M_30.h5,19,13,4,0,4,9,6,0.21052631578947367,0.47368421052631576,0.3157894736842105,0.6842105263157895,0.0,0.0
1609480,1609905,worker,/pscratch/sd/s/satt/sprints/a_star_campaign/h5/h5_tr_210.py,0,0,0,0,0,0,0,,,,,,
1609480,1609905,worker,/pscratch/sd/s/satt/sprints/data/converted_10M/mc_normalized_rntuple_10M_30.h5,17,12,4,0,4,8,5,0.23529411764705882,0.47058823529411764,0.29411764705882354,0.7058823529411765,0.0,0.0
1609480,1609906,worker,/pscratch/sd/s/satt/sprints/a_star_campaign/h5/h5_tr_210.py,0,0,0,0,0,0,0,,,,,,
1609480,1609906,worker,/pscratch/sd/s/satt/sprints/data/converted_10M/mc_normalized_rntuple_10M_30.h5,17,12,4,0,4,8,5,0.23529411764705882,0.47058823529411764,0.29411764705882354,0.7058823529411765,0.0,0.0
1609480,1609907,worker,/pscratch/sd/s/satt/sprints/a_star_campaign/h5/h5_tr_210.py,0,0,0,0,0,0,0,,,,,,
1609480,1609907,worker,/pscratch/sd/s/satt/sprints/data/converted_10M/mc_normalized_rntuple_10M_30.h5,19,13,4,0,4,9,6,0.21052631578947367,0.47368421052631576,0.3157894736842105,0.6842105263157895,0.0,0.0
1609480,1609908,worker,/pscratch/sd/s/satt/sprints/a_star_campaign/h5/h5_tr_210.py,0,0,0,0,0,0,0,,,,,,
1609480,1609908,worker,/pscratch/sd/s/satt/sprints/data/converted_10M/mc_normalized_rntuple_10M_30.h5,17,12,4,0,4,8,5,0.23529411764705882,0.47058823529411764,0.29411764705882354,0.7058823529411765,0.0,0.0
1609480,1609909,worker,/pscratch/sd/s/satt/sprints/a_star_campaign/h5/h5_tr_210.py,0,0,0,0,0,0,0,,,,,,
1609480,1609909,worker,/pscratch/sd/s/satt/sprints/data/converted_10M/mc_normalized_rntuple_10M_30.h5,17,12,4,0,4,8,5,0.23529411764705882,0.47058823529411764,0.29411764705882354,0.7058823529411765,0.0,0.0
1609480,1609910,worker,/pscratch/sd/s/satt/sprints/a_star_campaign/h5/h5_tr_210.py,0,0,0,0,0,0,0,,,,,,
1609480,1609910,worker,/pscratch/sd/s/satt/sprints/data/converted_10M/mc_normalized_rntuple_10M_30.h5,19,13,4,0,4,9,6,0.21052631578947367,0.47368421052631576,0.3157894736842105,0.6842105263157895,0.0,0.0
1609480,1609911,worker,/pscratch/sd/s/satt/sprints/a_star_campaign/h5/h5_tr_210.py,0,0,0,0,0,0,0,,,,,,
1609480,1609911,worker,/pscratch/sd/s/satt/sprints/data/converted_10M/mc_normalized_rntuple_10M_30.h5,17,12,4,0,4,8,5,0.23529411764705882,0.47058823529411764,0.29411764705882354,0.7058823529411765,0.0,0.0
1609480,1609912,worker,/pscratch/sd/s/satt/sprints/a_star_campaign/h5/h5_tr_210.py,0,0,0,0,0,0,0,,,,,,
1609480,1609912,worker,/pscratch/sd/s/satt/sprints/data/converted_10M/mc_normalized_rntuple_10M_30.h5,17,12,4,0,4,8,5,0.23529411764705882,0.47058823529411764,0.29411764705882354,0.7058823529411765,0.0,0.0
1609480,1609913,worker,/pscratch/sd/s/satt/sprints/a_star_campaign/h5/h5_tr_210.py,0,0,0,0,0,0,0,,,,,,
1609480,1609913,worker,/pscratch/sd/s/satt/sprints/data/converted_10M/mc_normalized_rntuple_10M_30.h5,19,13,4,0,4,9,6,0.21052631578947367,0.47368421052631576,0.3157894736842105,0.6842105263157895,0.0,0.0
1609480,1609914,worker,/pscratch/sd/s/satt/sprints/a_star_campaign/h5/h5_tr_210.py,0,0,0,0,0,0,0,,,,,,
1609480,1609914,worker,/pscratch/sd/s/satt/sprints/data/converted_10M/mc_normalized_rntuple_10M_30.h5,17,12,4,0,4,8,5,0.23529411764705882,0.47058823529411764,0.29411764705882354,0.7058823529411765,0.0,0.0
1609480,1609915,worker,/pscratch/sd/s/satt/sprints/a_star_campaign/h5/h5_tr_210.py,0,0,0,0,0,0,0,,,,,,
1609480,1609915,worker,/pscratch/sd/s/satt/sprints/data/converted_10M/mc_normalized_rntuple_10M_30.h5,17,12,4,0,4,8,5,0.23529411764705882,0.47058823529411764,0.29411764705882354,0.7058823529411765,0.0,0.0
1609480,1609916,worker,/pscratch/sd/s/satt/sprints/a_star_campaign/h5/h5_tr_210.py,0,0,0,0,0,0,0,,,,,,
1609480,1609916,worker,/pscratch/sd/s/satt/sprints/data/converted_10M/mc_normalized_rntuple_10M_30.h5,19,13,4,0,4,9,6,0.21052631578947367,0.47368421052631576,0.3157894736842105,0.6842105263157895,0.0,0.0
1609480,1609917,worker,/pscratch/sd/s/satt/sprints/a_star_campaign/h5/h5_tr_210.py,0,0,0,0,0,0,0,,,,,,
1609480,1609917,worker,/pscratch/sd/s/satt/sprints/data/converted_10M/mc_normalized_rntuple_10M_30.h5,17,12,4,0,4,8,5,0.23529411764705882,0.47058823529411764,0.29411764705882354,0.7058823529411765,0.0,0.0
1609480,1609918,worker,/pscratch/sd/s/satt/sprints/a_star_campaign/h5/h5_tr_210.py,0,0,0,0,0,0,0,,,,,,
1609480,1609918,worker,/pscratch/sd/s/satt/sprints/data/converted_10M/mc_normalized_rntuple_10M_30.h5,17,12,4,0,4,8,5,0.23529411764705882,0.47058823529411764,0.29411764705882354,0.7058823529411765,0.0,0.0
1609480,1609919,worker,/pscratch/sd/s/satt/sprints/a_star_campaign/h5/h5_tr_210.py,0,0,0,0,0,0,0,,,,,,
1609480,1609919,worker,/pscratch/sd/s/satt/sprints/data/converted_10M/mc_normalized_rntuple_10M_30.h5,19,13,4,0,4,9,6,0.21052631578947367,0.47368421052631576,0.3157894736842105,0.6842105263157895,0.0,0.0
1609480,1609920,worker,/pscratch/sd/s/satt/sprints/a_star_campaign/h5/h5_tr_210.py,0,0,0,0,0,0,0,,,,,,
1609480,1609920,worker,/pscratch/sd/s/satt/sprints/data/converted_10M/mc_normalized_rntuple_10M_30.h5,17,12,4,0,4,8,5,0.23529411764705882,0.47058823529411764,0.29411764705882354,0.7058823529411765,0.0,0.0
1609480,1609921,worker,/pscratch/sd/s/satt/sprints/a_star_campaign/h5/h5_tr_210.py,0,0,0,0,0,0,0,,,,,,
1609480,1609921,worker,/pscratch/sd/s/satt/sprints/data/converted_10M/mc_normalized_rntuple_10M_30.h5,17,12,4,0,4,8,5,0.23529411764705882,0.47058823529411764,0.29411764705882354,0.7058823529411765,0.0,0.0
1609480,1609922,worker,/pscratch/sd/s/satt/sprints/a_star_campaign/h5/h5_tr_210.py,0,0,0,0,0,0,0,,,,,,
1609480,1609922,worker,/pscratch/sd/s/satt/sprints/data/converted_10M/mc_normalized_rntuple_10M_30.h5,19,13,4,0,4,9,6,0.21052631578947367,0.47368421052631576,0.3157894736842105,0.6842105263157895,0.0,0.0
1609480,1609923,worker,/pscratch/sd/s/satt/sprints/a_star_campaign/h5/h5_tr_210.py,0,0,0,0,0,0,0,,,,,,
1609480,1609923,worker,/pscratch/sd/s/satt/sprints/data/converted_10M/mc_normalized_rntuple_10M_30.h5,17,12,4,0,4,8,5,0.23529411764705882,0.47058823529411764,0.29411764705882354,0.7058823529411765,0.0,0.0
1609480,1609924,worker,/pscratch/sd/s/satt/sprints/a_star_campaign/h5/h5_tr_210.py,0,0,0,0,0,0,0,,,,,,
1609480,1609924,worker,/pscratch/sd/s/satt/sprints/data/converted_10M/mc_normalized_rntuple_10M_30.h5,17,12,4,0,4,8,5,0.23529411764705882,0.47058823529411764,0.29411764705882354,0.7058823529411765,0.0,0.0
1609480,1609925,worker,/pscratch/sd/s/satt/sprints/a_star_campaign/h5/h5_tr_210.py,0,0,0,0,0,0,0,,,,,,
1609480,1609925,worker,/pscratch/sd/s/satt/sprints/data/converted_10M/mc_normalized_rntuple_10M_30.h5,19,13,4,0,4,9,6,0.21052631578947367,0.47368421052631576,0.3157894736842105,0.6842105263157895,0.0,0.0
1609480,1609926,worker,/pscratch/sd/s/satt/sprints/a_star_campaign/h5/h5_tr_210.py,0,0,0,0,0,0,0,,,,,,
1609480,1609926,worker,/pscratch/sd/s/satt/sprints/data/converted_10M/mc_normalized_rntuple_10M_30.h5,17,12,4,0,4,8,5,0.23529411764705882,0.47058823529411764,0.29411764705882354,0.7058823529411765,0.0,0.0
1609480,1609927,worker,/pscratch/sd/s/satt/sprints/a_star_campaign/h5/h5_tr_210.py,0,0,0,0,0,0,0,,,,,,
1609480,1609927,worker,/pscratch/sd/s/satt/sprints/data/converted_10M/mc_normalized_rntuple_10M_30.h5,21,13,4,0,4,9,8,0.19047619047619047,0.42857142857142855,0.38095238095238093,0.6190476190476191,0.0,0.0
1609480,1609928,worker,/pscratch/sd/s/satt/sprints/a_star_campaign/h5/h5_tr_210.py,0,0,0,0,0,0,0,,,,,,
1609480,1609928,worker,/pscratch/sd/s/satt/sprints/data/converted_10M/mc_normalized_rntuple_10M_30.h5,17,10,4,0,4,6,7,0.23529411764705882,0.35294117647058826,0.4117647058823529,0.5882352941176471,0.0,0.0
1609480,1609929,worker,/pscratch/sd/s/satt/sprints/a_star_campaign/h5/h5_tr_210.py,0,0,0,0,0,0,0,,,,,,
1609480,1609929,worker,/pscratch/sd/s/satt/sprints/data/converted_10M/mc_normalized_rntuple_10M_30.h5,17,10,4,0,4,6,7,0.23529411764705882,0.35294117647058826,0.4117647058823529,0.5882352941176471,0.0,0.0
1609480,1609930,worker,/pscratch/sd/s/satt/sprints/a_star_campaign/h5/h5_tr_210.py,0,0,0,0,0,0,0,,,,,,
1609480,1609930,worker,/pscratch/sd/s/satt/sprints/data/converted_10M/mc_normalized_rntuple_10M_30.h5,19,11,4,0,4,7,8,0.21052631578947367,0.3684210526315789,0.42105263157894735,0.5789473684210527,0.0,0.0
1609480,1609931,worker,/pscratch/sd/s/satt/sprints/a_star_campaign/h5/h5_tr_210.py,0,0,0,0,0,0,0,,,,,,
1609480,1609931,worker,/pscratch/sd/s/satt/sprints/data/converted_10M/mc_normalized_rntuple_10M_30.h5,17,10,4,0,4,6,7,0.23529411764705882,0.35294117647058826,0.4117647058823529,0.5882352941176471,0.0,0.0
1609480,1609932,worker,/pscratch/sd/s/satt/sprints/a_star_campaign/h5/h5_tr_210.py,0,0,0,0,0,0,0,,,,,,
1609480,1609932,worker,/pscratch/sd/s/satt/sprints/data/converted_10M/mc_normalized_rntuple_10M_30.h5,17,10,4,0,4,6,7,0.23529411764705882,0.35294117647058826,0.4117647058823529,0.5882352941176471,0.0,0.0
1609480,1609933,worker,/pscratch/sd/s/satt/sprints/a_star_campaign/h5/h5_tr_210.py,0,0,0,0,0,0,0,,,,,,
1609480,1609933,worker,/pscratch/sd/s/satt/sprints/data/converted_10M/mc_normalized_rntuple_10M_30.h5,19,11,4,0,4,7,8,0.21052631578947367,0.3684210526315789,0.42105263157894735,0.5789473684210527,0.0,0.0
1609480,1609934,worker,/pscratch/sd/s/satt/sprints/a_star_campaign/h5/h5_tr_210.py,0,0,0,0,0,0,0,,,,,,
1609480,1609934,worker,/pscratch/sd/s/satt/sprints/data/converted_10M/mc_normalized_rntuple_10M_30.h5,17,12,6,0,6,6,5,0.35294117647058826,0.35294117647058826,0.29411764705882354,0.7058823529411765,0.0,0.0
1609480,1609935,worker,/pscratch/sd/s/satt/sprints/a_star_campaign/h5/h5_tr_210.py,0,0,0,0,0,0,0,,,,,,
1609480,1609935,worker,/pscratch/sd/s/satt/sprints/data/converted_10M/mc_normalized_rntuple_10M_30.h5,17,12,4,0,4,8,5,0.23529411764705882,0.47058823529411764,0.29411764705882354,0.7058823529411765,0.0,0.0
1609480,1609936,worker,/pscratch/sd/s/satt/sprints/a_star_campaign/h5/h5_tr_210.py,0,0,0,0,0,0,0,,,,,,
1609480,1609936,worker,/pscratch/sd/s/satt/sprints/data/converted_10M/mc_normalized_rntuple_10M_30.h5,19,13,4,0,4,9,6,0.21052631578947367,0.47368421052631576,0.3157894736842105,0.6842105263157895,0.0,0.0
1609480,1609937,worker,/pscratch/sd/s/satt/sprints/a_star_campaign/h5/h5_tr_210.py,0,0,0,0,0,0,0,,,,,,
1609480,1609937,worker,/pscratch/sd/s/satt/sprints/data/converted_10M/mc_normalized_rntuple_10M_30.h5,17,12,4,0,4,8,5,0.23529411764705882,0.47058823529411764,0.29411764705882354,0.7058823529411765,0.0,0.0
1609480,1609938,worker,/pscratch/sd/s/satt/sprints/a_star_campaign/h5/h5_tr_210.py,0,0,0,0,0,0,0,,,,,,
1609480,1609938,worker,/pscratch/sd/s/satt/sprints/data/converted_10M/mc_normalized_rntuple_10M_30.h5,17,12,4,0,4,8,5,0.23529411764705882,0.47058823529411764,0.29411764705882354,0.7058823529411765,0.0,0.0
1609480,1609939,worker,/pscratch/sd/s/satt/sprints/a_star_campaign/h5/h5_tr_210.py,0,0,0,0,0,0,0,,,,,,
1609480,1609939,worker,/pscratch/sd/s/satt/sprints/data/converted_10M/mc_normalized_rntuple_10M_30.h5,19,13,4,0,4,9,6,0.21052631578947367,0.47368421052631576,0.3157894736842105,0.6842105263157895,0.0,0.0
1609480,1609940,worker,/pscratch/sd/s/satt/sprints/a_star_campaign/h5/h5_tr_210.py,0,0,0,0,0,0,0,,,,,,
1609480,1609940,worker,/pscratch/sd/s/satt/sprints/data/converted_10M/mc_normalized_rntuple_10M_30.h5,17,12,4,0,4,8,5,0.23529411764705882,0.47058823529411764,0.29411764705882354,0.7058823529411765,0.0,0.0
1609480,1609941,worker,/pscratch/sd/s/satt/sprints/a_star_campaign/h5/h5_tr_210.py,0,0,0,0,0,0,0,,,,,,
1609480,1609941,worker,/pscratch/sd/s/satt/sprints/data/converted_10M/mc_normalized_rntuple_10M_30.h5,17,12,4,0,4,8,5,0.23529411764705882,0.47058823529411764,0.29411764705882354,0.7058823529411765,0.0,0.0
1609480,1609942,worker,/pscratch/sd/s/satt/sprints/a_star_campaign/h5/h5_tr_210.py,0,0,0,0,0,0,0,,,,,,
1609480,1609942,worker,/pscratch/sd/s/satt/sprints/data/converted_10M/mc_normalized_rntuple_10M_30.h5,19,13,4,0,4,9,6,0.21052631578947367,0.47368421052631576,0.3157894736842105,0.6842105263157895,0.0,0.0
1609480,1609943,worker,/pscratch/sd/s/satt/sprints/a_star_campaign/h5/h5_tr_210.py,0,0,0,0,0,0,0,,,,,,
1609480,1609943,worker,/pscratch/sd/s/satt/sprints/data/converted_10M/mc_normalized_rntuple_10M_30.h5,17,12,4,0,4,8,5,0.23529411764705882,0.47058823529411764,0.29411764705882354,0.7058823529411765,0.0,0.0
1609480,1609944,worker,/pscratch/sd/s/satt/sprints/a_star_campaign/h5/h5_tr_210.py,0,0,0,0,0,0,0,,,,,,
1609480,1609944,worker,/pscratch/sd/s/satt/sprints/data/converted_10M/mc_normalized_rntuple_10M_30.h5,17,12,4,0,4,8,5,0.23529411764705882,0.47058823529411764,0.29411764705882354,0.7058823529411765,0.0,0.0
1609480,1609945,worker,/pscratch/sd/s/satt/sprints/a_star_campaign/h5/h5_tr_210.py,0,0,0,0,0,0,0,,,,,,
1609480,1609945,worker,/pscratch/sd/s/satt/sprints/data/converted_10M/mc_normalized_rntuple_10M_30.h5,19,13,4,0,4,9,6,0.21052631578947367,0.47368421052631576,0.3157894736842105,0.6842105263157895,0.0,0.0
1609480,1609946,worker,/pscratch/sd/s/satt/sprints/a_star_campaign/h5/h5_tr_210.py,0,0,0,0,0,0,0,,,,,,
1609480,1609946,worker,/pscratch/sd/s/satt/sprints/data/converted_10M/mc_normalized_rntuple_10M_30.h5,17,12,4,0,4,8,5,0.23529411764705882,0.47058823529411764,0.29411764705882354,0.7058823529411765,0.0,0.0
1609480,1609947,worker,/pscratch/sd/s/satt/sprints/a_star_campaign/h5/h5_tr_210.py,0,0,0,0,0,0,0,,,,,,
1609480,1609947,worker,/pscratch/sd/s/satt/sprints/data/converted_10M/mc_normalized_rntuple_10M_30.h5,17,12,4,0,4,8,5,0.23529411764705882,0.47058823529411764,0.29411764705882354,0.7058823529411765,0.0,0.0
1609480,1609948,worker,/pscratch/sd/s/satt/sprints/a_star_campaign/h5/h5_tr_210.py,0,0,0,0,0,0,0,,,,,,
1609480,1609948,worker,/pscratch/sd/s/satt/sprints/data/converted_10M/mc_normalized_rntuple_10M_30.h5,19,13,4,0,4,9,6,0.21052631578947367,0.47368421052631576,0.3157894736842105,0.6842105263157895,0.0,0.0
1609480,1609949,worker,/pscratch/sd/s/satt/sprints/a_star_campaign/h5/h5_tr_210.py,0,0,0,0,0,0,0,,,,,,
1609480,1609949,worker,/pscratch/sd/s/satt/sprints/data/converted_10M/mc_normalized_rntuple_10M_30.h5,17,12,4,0,4,8,5,0.23529411764705882,0.47058823529411764,0.29411764705882354,0.7058823529411765,0.0,0.0
1609480,1609950,worker,/pscratch/sd/s/satt/sprints/a_star_campaign/h5/h5_tr_210.py,0,0,0,0,0,0,0,,,,,,
1609480,1609950,worker,/pscratch/sd/s/satt/sprints/data/converted_10M/mc_normalized_rntuple_10M_30.h5,17,12,4,0,4,8,5,0.23529411764705882,0.47058823529411764,0.29411764705882354,0.7058823529411765,0.0,0.0
1609480,1609951,worker,/pscratch/sd/s/satt/sprints/a_star_campaign/h5/h5_tr_210.py,0,0,0,0,0,0,0,,,,,,
1609480,1609951,worker,/pscratch/sd/s/satt/sprints/data/converted_10M/mc_normalized_rntuple_10M_30.h5,19,13,4,0,4,9,6,0.21052631578947367,0.47368421052631576,0.3157894736842105,0.6842105263157895,0.0,0.0
1609480,1609952,worker,/pscratch/sd/s/satt/sprints/a_star_campaign/h5/h5_tr_210.py,0,0,0,0,0,0,0,,,,,,
1609480,1609952,worker,/pscratch/sd/s/satt/sprints/data/converted_10M/mc_normalized_rntuple_10M_30.h5,17,12,4,0,4,8,5,0.23529411764705882,0.47058823529411764,0.29411764705882354,0.7058823529411765,0.0,0.0
1609480,1609953,worker,/pscratch/sd/s/satt/sprints/a_star_campaign/h5/h5_tr_210.py,0,0,0,0,0,0,0,,,,,,
1609480,1609953,worker,/pscratch/sd/s/satt/sprints/data/converted_10M/mc_normalized_rntuple_10M_30.h5,17,12,4,0,4,8,5,0.23529411764705882,0.47058823529411764,0.29411764705882354,0.7058823529411765,0.0,0.0
1609480,1609954,worker,/pscratch/sd/s/satt/sprints/a_star_campaign/h5/h5_tr_210.py,0,0,0,0,0,0,0,,,,,,
1609480,1609954,worker,/pscratch/sd/s/satt/sprints/data/converted_10M/mc_normalized_rntuple_10M_30.h5,19,13,4,0,4,9,6,0.21052631578947367,0.47368421052631576,0.3157894736842105,0.6842105263157895,0.0,0.0
1609480,1609955,worker,/pscratch/sd/s/satt/sprints/a_star_campaign/h5/h5_tr_210.py,0,0,0,0,0,0,0,,,,,,
1609480,1609955,worker,/pscratch/sd/s/satt/sprints/data/converted_10M/mc_normalized_rntuple_10M_30.h5,17,12,4,0,4,8,5,0.23529411764705882,0.47058823529411764,0.29411764705882354,0.7058823529411765,0.0,0.0
1609480,1609956,worker,/pscratch/sd/s/satt/sprints/a_star_campaign/h5/h5_tr_210.py,0,0,0,0,0,0,0,,,,,,
1609480,1609956,worker,/pscratch/sd/s/satt/sprints/data/converted_10M/mc_normalized_rntuple_10M_30.h5,17,12,4,0,4,8,5,0.23529411764705882,0.47058823529411764,0.29411764705882354,0.7058823529411765,0.0,0.0
1609480,1609957,worker,/pscratch/sd/s/satt/sprints/a_star_campaign/h5/h5_tr_210.py,0,0,0,0,0,0,0,,,,,,
1609480,1609957,worker,/pscratch/sd/s/satt/sprints/data/converted_10M/mc_normalized_rntuple_10M_30.h5,19,13,4,0,4,9,6,0.21052631578947367,0.47368421052631576,0.3157894736842105,0.6842105263157895,0.0,0.0
1609480,1609958,worker,/pscratch/sd/s/satt/sprints/a_star_campaign/h5/h5_tr_210.py,0,0,0,0,0,0,0,,,,,,
1609480,1609958,worker,/pscratch/sd/s/satt/sprints/data/converted_10M/mc_normalized_rntuple_10M_30.h5,17,12,4,0,4,8,5,0.23529411764705882,0.47058823529411764,0.29411764705882354,0.7058823529411765,0.0,0.0
1609480,1609959,worker,/pscratch/sd/s/satt/sprints/a_star_campaign/h5/h5_tr_210.py,0,0,0,0,0,0,0,,,,,,
1609480,1609959,worker,/pscratch/sd/s/satt/sprints/data/converted_10M/mc_normalized_rntuple_10M_30.h5,17,12,4,0,4,8,5,0.23529411764705882,0.47058823529411764,0.29411764705882354,0.7058823529411765,0.0,0.0
1609480,1609960,worker,/pscratch/sd/s/satt/sprints/a_star_campaign/h5/h5_tr_210.py,0,0,0,0,0,0,0,,,,,,
1609480,1609960,worker,/pscratch/sd/s/satt/sprints/data/converted_10M/mc_normalized_rntuple_10M_30.h5,19,13,4,0,4,9,6,0.21052631578947367,0.47368421052631576,0.3157894736842105,0.6842105263157895,0.0,0.0
1609480,1609961,worker,/pscratch/sd/s/satt/sprints/a_star_campaign/h5/h5_tr_210.py,0,0,0,0,0,0,0,,,,,,
1609480,1609961,worker,/pscratch/sd/s/satt/sprints/data/converted_10M/mc_normalized_rntuple_10M_30.h5,17,12,4,0,4,8,5,0.23529411764705882,0.47058823529411764,0.29411764705882354,0.7058823529411765,0.0,0.0
1609480,1609962,worker,/pscratch/sd/s/satt/sprints/a_star_campaign/h5/h5_tr_210.py,0,0,0,0,0,0,0,,,,,,
1609480,1609962,worker,/pscratch/sd/s/satt/sprints/data/converted_10M/mc_normalized_rntuple_10M_30.h5,17,12,4,0,4,8,5,0.23529411764705882,0.47058823529411764,0.29411764705882354,0.7058823529411765,0.0,0.0
1609480,1609963,worker,/pscratch/sd/s/satt/sprints/a_star_campaign/h5/h5_tr_210.py,0,0,0,0,0,0,0,,,,,,
1609480,1609963,worker,/pscratch/sd/s/satt/sprints/data/converted_10M/mc_normalized_rntuple_10M_30.h5,19,13,4,0,4,9,6,0.21052631578947367,0.47368421052631576,0.3157894736842105,0.6842105263157895,0.0,0.0
1609480,1609964,worker,/pscratch/sd/s/satt/sprints/a_star_campaign/h5/h5_tr_210.py,0,0,0,0,0,0,0,,,,,,
1609480,1609964,worker,/pscratch/sd/s/satt/sprints/data/converted_10M/mc_normalized_rntuple_10M_30.h5,17,12,4,0,4,8,5,0.23529411764705882,0.47058823529411764,0.29411764705882354,0.7058823529411765,0.0,0.0
1609480,1609965,worker,/pscratch/sd/s/satt/sprints/a_star_campaign/h5/h5_tr_210.py,0,0,0,0,0,0,0,,,,,,
1609480,1609965,worker,/pscratch/sd/s/satt/sprints/data/converted_10M/mc_normalized_rntuple_10M_30.h5,17,12,4,0,4,8,5,0.23529411764705882,0.47058823529411764,0.29411764705882354,0.7058823529411765,0.0,0.0
1609480,1609966,worker,/pscratch/sd/s/satt/sprints/a_star_campaign/h5/h5_tr_210.py,0,0,0,0,0,0,0,,,,,,
1609480,1609966,worker,/pscratch/sd/s/satt/sprints/data/converted_10M/mc_normalized_rntuple_10M_30.h5,19,13,4,0,4,9,6,0.21052631578947367,0.47368421052631576,0.3157894736842105,0.6842105263157895,0.0,0.0
1609480,1609967,worker,/pscratch/sd/s/satt/sprints/a_star_campaign/h5/h5_tr_210.py,0,0,0,0,0,0,0,,,,,,
1609480,1609967,worker,/pscratch/sd/s/satt/sprints/data/converted_10M/mc_normalized_rntuple_10M_30.h5,17,12,4,0,4,8,5,0.23529411764705882,0.47058823529411764,0.29411764705882354,0.7058823529411765,0.0,0.0
1609480,1609968,worker,/pscratch/sd/s/satt/sprints/a_star_campaign/h5/h5_tr_210.py,0,0,0,0,0,0,0,,,,,,
1609480,1609968,worker,/pscratch/sd/s/satt/sprints/data/converted_10M/mc_normalized_rntuple_10M_30.h5,19,13,4,0,4,9,6,0.21052631578947367,0.47368421052631576,0.3157894736842105,0.6842105263157895,0.0,0.0
1609480,1609969,worker,/pscratch/sd/s/satt/sprints/a_star_campaign/h5/h5_tr_210.py,0,0,0,0,0,0,0,,,,,,
1609480,1609969,worker,/pscratch/sd/s/satt/sprints/data/converted_10M/mc_normalized_rntuple_10M_30.h5,17,12,4,0,4,8,5,0.23529411764705882,0.47058823529411764,0.29411764705882354,0.7058823529411765,0.0,0.0
1609480,1609970,worker,/pscratch/sd/s/satt/sprints/a_star_campaign/h5/h5_tr_210.py,0,0,0,0,0,0,0,,,,,,
1609480,1609970,worker,/pscratch/sd/s/satt/sprints/data/converted_10M/mc_normalized_rntuple_10M_30.h5,19,12,2,0,2,10,7,0.10526315789473684,0.5263157894736842,0.3684210526315789,0.631578947368421,0.0,0.0
1609480,1609971,worker,/pscratch/sd/s/satt/sprints/a_star_campaign/h5/h5_tr_210.py,0,0,0,0,0,0,0,,,,,,
1609480,1609971,worker,/pscratch/sd/s/satt/sprints/data/converted_10M/mc_normalized_rntuple_10M_30.h5,19,11,4,0,4,7,8,0.21052631578947367,0.3684210526315789,0.42105263157894735,0.5789473684210527,0.0,0.0
1609480,1609972,worker,/pscratch/sd/s/satt/sprints/a_star_campaign/h5/h5_tr_210.py,0,0,0,0,0,0,0,,,,,,
1609480,1609972,worker,/pscratch/sd/s/satt/sprints/data/converted_10M/mc_normalized_rntuple_10M_30.h5,17,10,4,0,4,6,7,0.23529411764705882,0.35294117647058826,0.4117647058823529,0.5882352941176471,0.0,0.0
1609480,1609973,worker,/pscratch/sd/s/satt/sprints/a_star_campaign/h5/h5_tr_210.py,0,0,0,0,0,0,0,,,,,,
1609480,1609973,worker,/pscratch/sd/s/satt/sprints/data/converted_10M/mc_normalized_rntuple_10M_30.h5,17,10,4,0,4,6,7,0.23529411764705882,0.35294117647058826,0.4117647058823529,0.5882352941176471,0.0,0.0
1609480,1609974,worker,/pscratch/sd/s/satt/sprints/a_star_campaign/h5/h5_tr_210.py,0,0,0,0,0,0,0,,,,,,
1609480,1609974,worker,/pscratch/sd/s/satt/sprints/data/converted_10M/mc_normalized_rntuple_10M_30.h5,19,11,4,0,4,7,8,0.21052631578947367,0.3684210526315789,0.42105263157894735,0.5789473684210527,0.0,0.0
1609480,1609975,worker,/pscratch/sd/s/satt/sprints/a_star_campaign/h5/h5_tr_210.py,0,0,0,0,0,0,0,,,,,,
1609480,1609975,worker,/pscratch/sd/s/satt/sprints/data/converted_10M/mc_normalized_rntuple_10M_30.h5,17,10,4,0,4,6,7,0.23529411764705882,0.35294117647058826,0.4117647058823529,0.5882352941176471,0.0,0.0
1609480,1609976,worker,/pscratch/sd/s/satt/sprints/a_star_campaign/h5/h5_tr_210.py,0,0,0,0,0,0,0,,,,,,
1609480,1609976,worker,/pscratch/sd/s/satt/sprints/data/converted_10M/mc_normalized_rntuple_10M_30.h5,17,10,2,0,2,8,7,0.11764705882352941,0.47058823529411764,0.4117647058823529,0.5882352941176471,0.0,0.0
1609480,1609977,worker,/pscratch/sd/s/satt/sprints/a_star_campaign/h5/h5_tr_210.py,0,0,0,0,0,0,0,,,,,,
1609480,1609977,worker,/pscratch/sd/s/satt/sprints/data/converted_10M/mc_normalized_rntuple_10M_30.h5,19,13,6,0,6,7,6,0.3157894736842105,0.3684210526315789,0.3157894736842105,0.6842105263157895,0.0,0.0
1609480,1609978,worker,/pscratch/sd/s/satt/sprints/a_star_campaign/h5/h5_tr_210.py,0,0,0,0,0,0,0,,,,,,
1609480,1609978,worker,/pscratch/sd/s/satt/sprints/data/converted_10M/mc_normalized_rntuple_10M_30.h5,17,12,4,0,4,8,5,0.23529411764705882,0.47058823529411764,0.29411764705882354,0.7058823529411765,0.0,0.0
1609480,1609979,worker,/pscratch/sd/s/satt/sprints/a_star_campaign/h5/h5_tr_210.py,0,0,0,0,0,0,0,,,,,,
1609480,1609979,worker,/pscratch/sd/s/satt/sprints/data/converted_10M/mc_normalized_rntuple_10M_30.h5,17,12,4,0,4,8,5,0.23529411764705882,0.47058823529411764,0.29411764705882354,0.7058823529411765,0.0,0.0
1609480,1609980,worker,/pscratch/sd/s/satt/sprints/a_star_campaign/h5/h5_tr_210.py,0,0,0,0,0,0,0,,,,,,
1609480,1609980,worker,/pscratch/sd/s/satt/sprints/data/converted_10M/mc_normalized_rntuple_10M_30.h5,19,13,4,0,4,9,6,0.21052631578947367,0.47368421052631576,0.3157894736842105,0.6842105263157895,0.0,0.0
1609480,1609981,worker,/pscratch/sd/s/satt/sprints/a_star_campaign/h5/h5_tr_210.py,0,0,0,0,0,0,0,,,,,,
1609480,1609981,worker,/pscratch/sd/s/satt/sprints/data/converted_10M/mc_normalized_rntuple_10M_30.h5,17,12,4,0,4,8,5,0.23529411764705882,0.47058823529411764,0.29411764705882354,0.7058823529411765,0.0,0.0
1609480,1609982,worker,/pscratch/sd/s/satt/sprints/a_star_campaign/h5/h5_tr_210.py,0,0,0,0,0,0,0,,,,,,
1609480,1609982,worker,/pscratch/sd/s/satt/sprints/data/converted_10M/mc_normalized_rntuple_10M_30.h5,17,12,4,0,4,8,5,0.23529411764705882,0.47058823529411764,0.29411764705882354,0.7058823529411765,0.0,0.0
1609480,1609983,worker,/pscratch/sd/s/satt/sprints/a_star_campaign/h5/h5_tr_210.py,0,0,0,0,0,0,0,,,,,,
1609480,1609983,worker,/pscratch/sd/s/satt/sprints/data/converted_10M/mc_normalized_rntuple_10M_30.h5,19,13,4,0,4,9,6,0.21052631578947367,0.47368421052631576,0.3157894736842105,0.6842105263157895,0.0,0.0
1609480,1609984,worker,/pscratch/sd/s/satt/sprints/a_star_campaign/h5/h5_tr_210.py,0,0,0,0,0,0,0,,,,,,
1609480,1609984,worker,/pscratch/sd/s/satt/sprints/data/converted_10M/mc_normalized_rntuple_10M_30.h5,17,12,4,0,4,8,5,0.23529411764705882,0.47058823529411764,0.29411764705882354,0.7058823529411765,0.0,0.0
1609480,1609985,worker,/pscratch/sd/s/satt/sprints/a_star_campaign/h5/h5_tr_210.py,0,0,0,0,0,0,0,,,,,,
1609480,1609985,worker,/pscratch/sd/s/satt/sprints/data/converted_10M/mc_normalized_rntuple_10M_30.h5,17,12,4,0,4,8,5,0.23529411764705882,0.47058823529411764,0.29411764705882354,0.7058823529411765,0.0,0.0
1609480,1609986,worker,/pscratch/sd/s/satt/sprints/a_star_campaign/h5/h5_tr_210.py,0,0,0,0,0,0,0,,,,,,
1609480,1609986,worker,/pscratch/sd/s/satt/sprints/data/converted_10M/mc_normalized_rntuple_10M_30.h5,19,13,4,0,4,9,6,0.21052631578947367,0.47368421052631576,0.3157894736842105,0.6842105263157895,0.0,0.0
1609480,1609987,worker,/pscratch/sd/s/satt/sprints/a_star_campaign/h5/h5_tr_210.py,0,0,0,0,0,0,0,,,,,,
1609480,1609987,worker,/pscratch/sd/s/satt/sprints/data/converted_10M/mc_normalized_rntuple_10M_30.h5,17,12,4,0,4,8,5,0.23529411764705882,0.47058823529411764,0.29411764705882354,0.7058823529411765,0.0,0.0
1609480,1609988,worker,/pscratch/sd/s/satt/sprints/a_star_campaign/h5/h5_tr_210.py,0,0,0,0,0,0,0,,,,,,
1609480,1609988,worker,/pscratch/sd/s/satt/sprints/data/converted_10M/mc_normalized_rntuple_10M_30.h5,17,12,4,0,4,8,5,0.23529411764705882,0.47058823529411764,0.29411764705882354,0.7058823529411765,0.0,0.0
1609480,1609989,worker,/pscratch/sd/s/satt/sprints/a_star_campaign/h5/h5_tr_210.py,0,0,0,0,0,0,0,,,,,,
1609480,1609989,worker,/pscratch/sd/s/satt/sprints/data/converted_10M/mc_normalized_rntuple_10M_30.h5,19,13,4,0,4,9,6,0.21052631578947367,0.47368421052631576,0.3157894736842105,0.6842105263157895,0.0,0.0
1609480,1609990,worker,/pscratch/sd/s/satt/sprints/a_star_campaign/h5/h5_tr_210.py,0,0,0,0,0,0,0,,,,,,
1609480,1609990,worker,/pscratch/sd/s/satt/sprints/data/converted_10M/mc_normalized_rntuple_10M_30.h5,17,12,4,0,4,8,5,0.23529411764705882,0.47058823529411764,0.29411764705882354,0.7058823529411765,0.0,0.0
1609480,1609991,worker,/pscratch/sd/s/satt/sprints/a_star_campaign/h5/h5_tr_210.py,0,0,0,0,0,0,0,,,,,,
1609480,1609991,worker,/pscratch/sd/s/satt/sprints/data/converted_10M/mc_normalized_rntuple_10M_30.h5,17,12,4,0,4,8,5,0.23529411764705882,0.47058823529411764,0.29411764705882354,0.7058823529411765,0.0,0.0
1609480,1609992,worker,/pscratch/sd/s/satt/sprints/a_star_campaign/h5/h5_tr_210.py,0,0,0,0,0,0,0,,,,,,
1609480,1609992,worker,/pscratch/sd/s/satt/sprints/data/converted_10M/mc_normalized_rntuple_10M_30.h5,19,13,4,0,4,9,6,0.21052631578947367,0.47368421052631576,0.3157894736842105,0.6842105263157895,0.0,0.0
1609480,1609993,worker,/pscratch/sd/s/satt/sprints/a_star_campaign/h5/h5_tr_210.py,0,0,0,0,0,0,0,,,,,,
1609480,1609993,worker,/pscratch/sd/s/satt/sprints/data/converted_10M/mc_normalized_rntuple_10M_30.h5,17,12,4,0,4,8,5,0.23529411764705882,0.47058823529411764,0.29411764705882354,0.7058823529411765,0.0,0.0
1609480,1609994,worker,/pscratch/sd/s/satt/sprints/a_star_campaign/h5/h5_tr_210.py,0,0,0,0,0,0,0,,,,,,
1609480,1609994,worker,/pscratch/sd/s/satt/sprints/data/converted_10M/mc_normalized_rntuple_10M_30.h5,17,12,4,0,4,8,5,0.23529411764705882,0.47058823529411764,0.29411764705882354,0.7058823529411765,0.0,0.0
1609480,1609995,worker,/pscratch/sd/s/satt/sprints/a_star_campaign/h5/h5_tr_210.py,0,0,0,0,0,0,0,,,,,,
1609480,1609995,worker,/pscratch/sd/s/satt/sprints/data/converted_10M/mc_normalized_rntuple_10M_30.h5,19,13,4,0,4,9,6,0.21052631578947367,0.47368421052631576,0.3157894736842105,0.6842105263157895,0.0,0.0
1609480,1609996,worker,/pscratch/sd/s/satt/sprints/a_star_campaign/h5/h5_tr_210.py,0,0,0,0,0,0,0,,,,,,
1609480,1609996,worker,/pscratch/sd/s/satt/sprints/data/converted_10M/mc_normalized_rntuple_10M_30.h5,17,12,4,0,4,8,5,0.23529411764705882,0.47058823529411764,0.29411764705882354,0.7058823529411765,0.0,0.0
1609480,1609997,worker,/pscratch/sd/s/satt/sprints/a_star_campaign/h5/h5_tr_210.py,0,0,0,0,0,0,0,,,,,,
1609480,1609997,worker,/pscratch/sd/s/satt/sprints/data/converted_10M/mc_normalized_rntuple_10M_30.h5,17,12,4,0,4,8,5,0.23529411764705882,0.47058823529411764,0.29411764705882354,0.7058823529411765,0.0,0.0
1609480,1609998,worker,/pscratch/sd/s/satt/sprints/a_star_campaign/h5/h5_tr_210.py,0,0,0,0,0,0,0,,,,,,
1609480,1609998,worker,/pscratch/sd/s/satt/sprints/data/converted_10M/mc_normalized_rntuple_10M_30.h5,19,13,4,0,4,9,6,0.21052631578947367,0.47368421052631576,0.3157894736842105,0.6842105263157895,0.0,0.0
1609480,1609999,worker,/pscratch/sd/s/satt/sprints/a_star_campaign/h5/h5_tr_210.py,0,0,0,0,0,0,0,,,,,,
1609480,1609999,worker,/pscratch/sd/s/satt/sprints/data/converted_10M/mc_normalized_rntuple_10M_30.h5,17,12,4,0,4,8,5,0.23529411764705882,0.47058823529411764,0.29411764705882354,0.7058823529411765,0.0,0.0
1609480,1610000,worker,/pscratch/sd/s/satt/sprints/a_star_campaign/h5/h5_tr_210.py,0,0,0,0,0,0,0,,,,,,
1609480,1610000,worker,/pscratch/sd/s/satt/sprints/data/converted_10M/mc_normalized_rntuple_10M_30.h5,17,12,4,0,4,8,5,0.23529411764705882,0.47058823529411764,0.29411764705882354,0.7058823529411765,0.0,0.0
1609480,1610001,worker,/pscratch/sd/s/satt/sprints/a_star_campaign/h5/h5_tr_210.py,0,0,0,0,0,0,0,,,,,,
1609480,1610001,worker,/pscratch/sd/s/satt/sprints/data/converted_10M/mc_normalized_rntuple_10M_30.h5,19,13,4,0,4,9,6,0.21052631578947367,0.47368421052631576,0.3157894736842105,0.6842105263157895,0.0,0.0
1609480,1610002,worker,/pscratch/sd/s/satt/sprints/a_star_campaign/h5/h5_tr_210.py,0,0,0,0,0,0,0,,,,,,
1609480,1610002,worker,/pscratch/sd/s/satt/sprints/data/converted_10M/mc_normalized_rntuple_10M_30.h5,17,12,4,0,4,8,5,0.23529411764705882,0.47058823529411764,0.29411764705882354,0.7058823529411765,0.0,0.0
1609480,1610003,worker,/pscratch/sd/s/satt/sprints/a_star_campaign/h5/h5_tr_210.py,0,0,0,0,0,0,0,,,,,,
1609480,1610003,worker,/pscratch/sd/s/satt/sprints/data/converted_10M/mc_normalized_rntuple_10M_30.h5,17,12,4,0,4,8,5,0.23529411764705882,0.47058823529411764,0.29411764705882354,0.7058823529411765,0.0,0.0
1609480,1610004,worker,/pscratch/sd/s/satt/sprints/a_star_campaign/h5/h5_tr_210.py,0,0,0,0,0,0,0,,,,,,
1609480,1610004,worker,/pscratch/sd/s/satt/sprints/data/converted_10M/mc_normalized_rntuple_10M_30.h5,19,13,4,0,4,9,6,0.21052631578947367,0.47368421052631576,0.3157894736842105,0.6842105263157895,0.0,0.0
1609480,1610005,worker,/pscratch/sd/s/satt/sprints/a_star_campaign/h5/h5_tr_210.py,0,0,0,0,0,0,0,,,,,,
1609480,1610005,worker,/pscratch/sd/s/satt/sprints/data/converted_10M/mc_normalized_rntuple_10M_30.h5,17,12,4,0,4,8,5,0.23529411764705882,0.47058823529411764,0.29411764705882354,0.7058823529411765,0.0,0.0
1609480,1610006,worker,/pscratch/sd/s/satt/sprints/a_star_campaign/h5/h5_tr_210.py,0,0,0,0,0,0,0,,,,,,
1609480,1610006,worker,/pscratch/sd/s/satt/sprints/data/converted_10M/mc_normalized_rntuple_10M_30.h5,17,12,4,0,4,8,5,0.23529411764705882,0.47058823529411764,0.29411764705882354,0.7058823529411765,0.0,0.0
1609480,1610007,worker,/pscratch/sd/s/satt/sprints/a_star_campaign/h5/h5_tr_210.py,0,0,0,0,0,0,0,,,,,,
1609480,1610007,worker,/pscratch/sd/s/satt/sprints/data/converted_10M/mc_normalized_rntuple_10M_30.h5,19,13,4,0,4,9,6,0.21052631578947367,0.47368421052631576,0.3157894736842105,0.6842105263157895,0.0,0.0
1609480,1610008,worker,/pscratch/sd/s/satt/sprints/a_star_campaign/h5/h5_tr_210.py,0,0,0,0,0,0,0,,,,,,
1609480,1610008,worker,/pscratch/sd/s/satt/sprints/data/converted_10M/mc_normalized_rntuple_10M_30.h5,17,12,4,0,4,8,5,0.23529411764705882,0.47058823529411764,0.29411764705882354,0.7058823529411765,0.0,0.0
1609480,1610009,worker,/pscratch/sd/s/satt/sprints/a_star_campaign/h5/h5_tr_210.py,0,0,0,0,0,0,0,,,,,,
1609480,1610009,worker,/pscratch/sd/s/satt/sprints/data/converted_10M/mc_normalized_rntuple_10M_30.h5,17,12,4,0,4,8,5,0.23529411764705882,0.47058823529411764,0.29411764705882354,0.7058823529411765,0.0,0.0
1609480,1610010,worker,/pscratch/sd/s/satt/sprints/a_star_campaign/h5/h5_tr_210.py,0,0,0,0,0,0,0,,,,,,
1609480,1610010,worker,/pscratch/sd/s/satt/sprints/data/converted_10M/mc_normalized_rntuple_10M_30.h5,19,13,4,0,4,9,6,0.21052631578947367,0.47368421052631576,0.3157894736842105,0.6842105263157895,0.0,0.0
1609480,1610011,worker,/pscratch/sd/s/satt/sprints/a_star_campaign/h5/h5_tr_210.py,0,0,0,0,0,0,0,,,,,,
1609480,1610011,worker,/pscratch/sd/s/satt/sprints/data/converted_10M/mc_normalized_rntuple_10M_30.h5,17,12,4,0,4,8,5,0.23529411764705882,0.47058823529411764,0.29411764705882354,0.7058823529411765,0.0,0.0
1609480,1610012,worker,/pscratch/sd/s/satt/sprints/a_star_campaign/h5/h5_tr_210.py,0,0,0,0,0,0,0,,,,,,
1609480,1610012,worker,/pscratch/sd/s/satt/sprints/data/converted_10M/mc_normalized_rntuple_10M_30.h5,19,13,4,0,4,9,6,0.21052631578947367,0.47368421052631576,0.3157894736842105,0.6842105263157895,0.0,0.0
1609480,1610013,worker,/pscratch/sd/s/satt/sprints/a_star_campaign/h5/h5_tr_210.py,0,0,0,0,0,0,0,,,,,,
1609480,1610013,worker,/pscratch/sd/s/satt/sprints/data/converted_10M/mc_normalized_rntuple_10M_30.h5,17,12,4,0,4,8,5,0.23529411764705882,0.47058823529411764,0.29411764705882354,0.7058823529411765,0.0,0.0
1609480,1610014,worker,/pscratch/sd/s/satt/sprints/a_star_campaign/h5/h5_tr_210.py,0,0,0,0,0,0,0,,,,,,
1609480,1610014,worker,/pscratch/sd/s/satt/sprints/data/converted_10M/mc_normalized_rntuple_10M_30.h5,17,12,4,0,4,8,5,0.23529411764705882,0.47058823529411764,0.29411764705882354,0.7058823529411765,0.0,0.0
