run_id,pid,role,run_time,any_partial,fmt,script,script_variant,strategy,model,workers,epochs,batch,data_path,batches_in_memory,block_rows,prefetch_factor,log_every,seed,device,tree_name,target_col,torch_num_threads,torch_interop_threads,shuffle,persistent_workers,reads,seq_reads,consec_reads,seeks,consecutive_reads,sequential_gap_reads,nonsequential_reads,consecutive_ratio,sequential_gap_ratio,nonsequential_ratio,sequential_ratio,seeks_per_read,seeks_per_1000_reads,n_files
1609480,1609480,parent,330.99103832244873,False,hdf5,h5_tr_210.py,210,stream,M2,512,1,64,/pscratch/sd/s/satt/sprints/data/converted_10M/mc_normalized_rntuple_10M_30.h5,,auto,,5000,,,,,,,false,true,27,14,9,13,9,5,13,0.3333333333333333,0.18518518518518517,0.48148148148148145,0.5185185185185185,0.48148148148148145,481.48148148148147,2
1609480,1609503,worker,322.59257411956787,False,hdf5,h5_tr_210.py,210,stream,M2,512,1,64,/pscratch/sd/s/satt/sprints/data/converted_10M/mc_normalized_rntuple_10M_30.h5,,auto,,5000,,,,,,,false,true,17,9,2,0,2,7,8,0.11764705882352941,0.4117647058823529,0.47058823529411764,0.5294117647058824,0.0,0.0,2
1609480,1609504,worker,322.6186668872833,False,hdf5,h5_tr_210.py,210,stream,M2,512,1,64,/pscratch/sd/s/satt/sprints/data/converted_10M/mc_normalized_rntuple_10M_30.h5,,auto,,5000,,,,,,,false,true,17,10,4,0,4,6,7,0.23529411764705882,0.35294117647058826,0.4117647058823529,0.5882352941176471,0.0,0.0,2
1609480,1609505,worker,322.58039355278015,False,hdf5,h5_tr_210.py,210,stream,M2,512,1,64,/pscratch/sd/s/satt/sprints/data/converted_10M/mc_normalized_rntuple_10M_30.h5,,auto,,5000,,,,,,,false,true,19,11,4,0,4,7,8,0.21052631578947367,0.3684210526315789,0.42105263157894735,0.5789473684210527,0.0,0.0,2
1609480,1609506,worker,322.57768082618713,False,hdf5,h5_tr_210.py,210,stream,M2,512,1,64,/pscratch/sd/s/satt/sprints/data/converted_10M/mc_normalized_rntuple_10M_30.h5,,auto,,5000,,,,,,,false,true,17,10,4,0,4,6,7,0.23529411764705882,0.35294117647058826,0.4117647058823529,0.5882352941176471,0.0,0.0,2
1609480,1609507,worker,322.5741403102875,False,hdf5,h5_tr_210.py,210,stream,M2,512,1,64,/pscratch/sd/s/satt/sprints/data/converted_10M/mc_normalized_rntuple_10M_30.h5,,auto,,5000,,,,,,,false,true,17,10,4,0,4,6,7,0.23529411764705882,0.35294117647058826,0.4117647058823529,0.5882352941176471,0.0,0.0,2
1609480,1609508,worker,322.5678160190582,False,hdf5,h5_tr_210.py,210,stream,M2,512,1,64,/pscratch/sd/s/satt/sprints/data/converted_10M/mc_normalized_rntuple_10M_30.h5,,auto,,5000,,,,,,,false,true,19,11,4,0,4,7,8,0.21052631578947367,0.3684210526315789,0.42105263157894735,0.5789473684210527,0.0,0.0,2
1609480,1609509,worker,322.5612094402313,False,hdf5,h5_tr_210.py,210,stream,M2,512,1,64,/pscratch/sd/s/satt/sprints/data/converted_10M/mc_normalized_rntuple_10M_30.h5,,auto,,5000,,,,,,,false,true,17,10,4,0,4,6,7,0.23529411764705882,0.35294117647058826,0.4117647058823529,0.5882352941176471,0.0,0.0,2
1609480,1609510,worker,322.56216859817505,False,hdf5,h5_tr_210.py,210,stream,M2,512,1,64,/pscratch/sd/s/satt/sprints/data/converted_10M/mc_normalized_rntuple_10M_30.h5,,auto,,5000,,,,,,,false,true,17,10,4,0,4,6,7,0.23529411764705882,0.35294117647058826,0.4117647058823529,0.5882352941176471,0.0,0.0,2
1609480,1609511,worker,322.5487895011902,False,hdf5,h5_tr_210.py,210,stream,M2,512,1,64,/pscratch/sd/s/satt/sprints/data/converted_10M/mc_normalized_rntuple_10M_30.h5,,auto,,5000,,,,,,,false,true,19,11,4,0,4,7,8,0.21052631578947367,0.3684210526315789,0.42105263157894735,0.5789473684210527,0.0,0.0,2
1609480,1609512,worker,322.5465362071991,False,hdf5,h5_tr_210.py,210,stream,M2,512,1,64,/pscratch/sd/s/satt/sprints/data/converted_10M/mc_normalized_rntuple_10M_30.h5,,auto,,5000,,,,,,,false,true,17,10,4,0,4,6,7,0.23529411764705882,0.35294117647058826,0.4117647058823529,0.5882352941176471,0.0,0.0,2
1609480,1609513,worker,322.53884291648865,False,hdf5,h5_tr_210.py,210,stream,M2,512,1,64,/pscratch/sd/s/satt/sprints/data/converted_10M/mc_normalized_rntuple_10M_30.h5,,auto,,5000,,,,,,,false,true,17,10,4,0,4,6,7,0.23529411764705882,0.35294117647058826,0.4117647058823529,0.5882352941176471,0.0,0.0,2
1609480,1609514,worker,322.540940284729,False,hdf5,h5_tr_210.py,210,stream,M2,512,1,64,/pscratch/sd/s/satt/sprints/data/converted_10M/mc_normalized_rntuple_10M_30.h5,,auto,,5000,,,,,,,false,true,19,11,4,0,4,7,8,0.21052631578947367,0.3684210526315789,0.42105263157894735,0.5789473684210527,0.0,0.0,2
1609480,1609515,worker,322.52518248558044,False,hdf5,h5_tr_210.py,210,stream,M2,512,1,64,/pscratch/sd/s/satt/sprints/data/converted_10M/mc_normalized_rntuple_10M_30.h5,,auto,,5000,,,,,,,false,true,17,10,4,0,4,6,7,0.23529411764705882,0.35294117647058826,0.4117647058823529,0.5882352941176471,0.0,0.0,2
1609480,1609516,worker,322.5206983089447,False,hdf5,h5_tr_210.py,210,stream,M2,512,1,64,/pscratch/sd/s/satt/sprints/data/converted_10M/mc_normalized_rntuple_10M_30.h5,,auto,,5000,,,,,,,false,true,17,10,4,0,4,6,7,0.23529411764705882,0.35294117647058826,0.4117647058823529,0.5882352941176471,0.0,0.0,2
1609480,1609517,worker,322.51651525497437,False,hdf5,h5_tr_210.py,210,stream,M2,512,1,64,/pscratch/sd/s/satt/sprints/data/converted_10M/mc_normalized_rntuple_10M_30.h5,,auto,,5000,,,,,,,false,true,19,11,4,0,4,7,8,0.21052631578947367,0.3684210526315789,0.42105263157894735,0.5789473684210527,0.0,0.0,2
1609480,1609518,worker,322.5224483013153,False,hdf5,h5_tr_210.py,210,stream,M2,512,1,64,/pscratch/sd/s/satt/sprints/data/converted_10M/mc_normalized_rntuple_10M_30.h5,,auto,,5000,,,,,,,false,true,17,10,4,0,4,6,7,0.23529411764705882,0.35294117647058826,0.4117647058823529,0.5882352941176471,0.0,0.0,2
1609480,1609519,worker,322.50333642959595,False,hdf5,h5_tr_210.py,210,stream,M2,512,1,64,/pscratch/sd/s/satt/sprints/data/converted_10M/mc_normalized_rntuple_10M_30.h5,,auto,,5000,,,,,,,false,true,17,10,4,0,4,6,7,0.23529411764705882,0.35294117647058826,0.4117647058823529,0.5882352941176471,0.0,0.0,2
1609480,1609520,worker,322.50162959098816,False,hdf5,h5_tr_210.py,210,stream,M2,512,1,64,/pscratch/sd/s/satt/sprints/data/converted_10M/mc_normalized_rntuple_10M_30.h5,,auto,,5000,,,,,,,false,true,19,11,4,0,4,7,8,0.21052631578947367,0.3684210526315789,0.42105263157894735,0.5789473684210527,0.0,0.0,2
1609480,1609521,worker,322.4929738044739,False,hdf5,h5_tr_210.py,210,stream,M2,512,1,64,/pscratch/sd/s/satt/sprints/data/converted_10M/mc_normalized_rntuple_10M_30.h5,,auto,,5000,,,,,,,false,true,17,10,4,0,4,6,7,0.23529411764705882,0.35294117647058826,0.4117647058823529,0.5882352941176471,0.0,0.0,2
1609480,1609522,worker,322.4870617389679,False,hdf5,h5_tr_210.py,210,stream,M2,512,1,64,/pscratch/sd/s/satt/sprints/data/converted_10M/mc_normalized_rntuple_10M_30.h5,,auto,,5000,,,,,,,false,true,17,10,4,0,4,6,7,0.23529411764705882,0.35294117647058826,0.4117647058823529,0.5882352941176471,0.0,0.0,2
1609480,1609523,worker,322.4889757633209,False,hdf5,h5_tr_210.py,210,stream,M2,512,1,64,/pscratch/sd/s/satt/sprints/data/converted_10M/mc_normalized_rntuple_10M_30.h5,,auto,,5000,,,,,,,false,true,19,11,4,0,4,7,8,0.21052631578947367,0.3684210526315789,0.42105263157894735,0.5789473684210527,0.0,0.0,2
1609480,1609524,worker,322.47877860069275,False,hdf5,h5_tr_210.py,210,stream,M2,512,1,64,/pscratch/sd/s/satt/sprints/data/converted_10M/mc_normalized_rntuple_10M_30.h5,,auto,,5000,,,,,,,false,true,17,10,4,0,4,6,7,0.23529411764705882,0.35294117647058826,0.4117647058823529,0.5882352941176471,0.0,0.0,2
1609480,1609525,worker,322.47065258026123,False,hdf5,h5_tr_210.py,210,stream,M2,512,1,64,/pscratch/sd/s/satt/sprints/data/converted_10M/mc_normalized_rntuple_10M_30.h5,,auto,,5000,,,,,,,false,true,17,10,4,0,4,6,7,0.23529411764705882,0.35294117647058826,0.4117647058823529,0.5882352941176471,0.0,0.0,2
1609480,1609526,worker,322.49357557296753,False,hdf5,h5_tr_210.py,210,stream,M2,512,1,64,/pscratch/sd/s/satt/sprints/data/converted_10M/mc_normalized_rntuple_10M_30.h5,,auto,,5000,,,,,,,false,true,19,11,4,0,4,7,8,0.21052631578947367,0.3684210526315789,0.42105263157894735,0.5789473684210527,0.0,0.0,2
1609480,1609527,worker,322.4521291255951,False,hdf5,h5_tr_210.py,210,stream,M2,512,1,64,/pscratch/sd/s/satt/sprints/data/converted_10M/mc_normalized_rntuple_10M_30.h5,,auto,,5000,,,,,,,false,true,17,10,4,0,4,6,7,0.23529411764705882,0.35294117647058826,0.4117647058823529,0.5882352941176471,0.0,0.0,2
1609480,1609528,worker,322.45102047920227,False,hdf5,h5_tr_210.py,210,stream,M2,512,1,64,/pscratch/sd/s/satt/sprints/data/converted_10M/mc_normalized_rntuple_10M_30.h5,,auto,,5000,,,,,,,false,true,17,10,4,0,4,6,7,0.23529411764705882,0.35294117647058826,0.4117647058823529,0.5882352941176471,0.0,0.0,2
1609480,1609529,worker,322.44120049476624,False,hdf5,h5_tr_210.py,210,stream,M2,512,1,64,/pscratch/sd/s/satt/sprints/data/converted_10M/mc_normalized_rntuple_10M_30.h5,,auto,,5000,,,,,,,false,true,19,11,4,0,4,7,8,0.21052631578947367,0.3684210526315789,0.42105263157894735,0.5789473684210527,0.0,0.0,2
1609480,1609530,worker,322.44478702545166,False,hdf5,h5_tr_210.py,210,stream,M2,512,1,64,/pscratch/sd/s/satt/sprints/data/converted_10M/mc_normalized_rntuple_10M_30.h5,,auto,,5000,,,,,,,false,true,17,10,4,0,4,6,7,0.23529411764705882,0.35294117647058826,0.4117647058823529,0.5882352941176471,0.0,0.0,2
1609480,1609531,worker,322.4311361312866,False,hdf5,h5_tr_210.py,210,stream,M2,512,1,64,/pscratch/sd/s/satt/sprints/data/converted_10M/mc_normalized_rntuple_10M_30.h5,,auto,,5000,,,,,,,false,true,17,10,4,0,4,6,7,0.23529411764705882,0.35294117647058826,0.4117647058823529,0.5882352941176471,0.0,0.0,2
1609480,1609532,worker,322.426860332489,False,hdf5,h5_tr_210.py,210,stream,M2,512,1,64,/pscratch/sd/s/satt/sprints/data/converted_10M/mc_normalized_rntuple_10M_30.h5,,auto,,5000,,,,,,,false,true,19,11,4,0,4,7,8,0.21052631578947367,0.3684210526315789,0.42105263157894735,0.5789473684210527,0.0,0.0,2
1609480,1609533,worker,322.4189884662628,False,hdf5,h5_tr_210.py,210,stream,M2,512,1,64,/pscratch/sd/s/satt/sprints/data/converted_10M/mc_normalized_rntuple_10M_30.h5,,auto,,5000,,,,,,,false,true,17,10,4,0,4,6,7,0.23529411764705882,0.35294117647058826,0.4117647058823529,0.5882352941176471,0.0,0.0,2
1609480,1609534,worker,322.4130690097809,False,hdf5,h5_tr_210.py,210,stream,M2,512,1,64,/pscratch/sd/s/satt/sprints/data/converted_10M/mc_normalized_rntuple_10M_30.h5,,auto,,5000,,,,,,,false,true,17,10,4,0,4,6,7,0.23529411764705882,0.35294117647058826,0.4117647058823529,0.5882352941176471,0.0,0.0,2
1609480,1609535,worker,322.4163291454315,False,hdf5,h5_tr_210.py,210,stream,M2,512,1,64,/pscratch/sd/s/satt/sprints/data/converted_10M/mc_normalized_rntuple_10M_30.h5,,auto,,5000,,,,,,,false,true,19,11,4,0,4,7,8,0.21052631578947367,0.3684210526315789,0.42105263157894735,0.5789473684210527,0.0,0.0,2
1609480,1609536,worker,322.4055275917053,False,hdf5,h5_tr_210.py,210,stream,M2,512,1,64,/pscratch/sd/s/satt/sprints/data/converted_10M/mc_normalized_rntuple_10M_30.h5,,auto,,5000,,,,,,,false,true,17,10,4,0,4,6,7,0.23529411764705882,0.35294117647058826,0.4117647058823529,0.5882352941176471,0.0,0.0,2
1609480,1609537,worker,322.39654517173767,False,hdf5,h5_tr_210.py,210,stream,M2,512,1,64,/pscratch/sd/s/satt/sprints/data/converted_10M/mc_normalized_rntuple_10M_30.h5,,auto,,5000,,,,,,,false,true,17,10,4,0,4,6,7,0.23529411764705882,0.35294117647058826,0.4117647058823529,0.5882352941176471,0.0,0.0,2
1609480,1609538,worker,322.39074659347534,False,hdf5,h5_tr_210.py,210,stream,M2,512,1,64,/pscratch/sd/s/satt/sprints/data/converted_10M/mc_normalized_rntuple_10M_30.h5,,auto,,5000,,,,,,,false,true,19,11,4,0,4,7,8,0.21052631578947367,0.3684210526315789,0.42105263157894735,0.5789473684210527,0.0,0.0,2
1609480,1609539,worker,322.3913586139679,False,hdf5,h5_tr_210.py,210,stream,M2,512,1,64,/pscratch/sd/s/satt/sprints/data/converted_10M/mc_normalized_rntuple_10M_30.h5,,auto,,5000,,,,,,,false,true,17,10,4,0,4,6,7,0.23529411764705882,0.35294117647058826,0.4117647058823529,0.5882352941176471,0.0,0.0,2
1609480,1609540,worker,322.38004541397095,False,hdf5,h5_tr_210.py,210,stream,M2,512,1,64,/pscratch/sd/s/satt/sprints/data/converted_10M/mc_normalized_rntuple_10M_30.h5,,auto,,5000,,,,,,,false,true,17,10,4,0,4,6,7,0.23529411764705882,0.35294117647058826,0.4117647058823529,0.5882352941176471,0.0,0.0,2
1609480,1609541,worker,322.37362456321716,False,hdf5,h5_tr_210.py,210,stream,M2,512,1,64,/pscratch/sd/s/satt/sprints/data/converted_10M/mc_normalized_rntuple_10M_30.h5,,auto,,5000,,,,,,,false,true,19,11,4,0,4,7,8,0.21052631578947367,0.3684210526315789,0.42105263157894735,0.5789473684210527,0.0,0.0,2
1609480,1609542,worker,322.36893224716187,False,hdf5,h5_tr_210.py,210,stream,M2,512,1,64,/pscratch/sd/s/satt/sprints/data/converted_10M/mc_normalized_rntuple_10M_30.h5,,auto,,5000,,,,,,,false,true,17,10,4,0,4,6,7,0.23529411764705882,0.35294117647058826,0.4117647058823529,0.5882352941176471,0.0,0.0,2
1609480,1609543,worker,322.36701488494873,False,hdf5,h5_tr_210.py,210,stream,M2,512,1,64,/pscratch/sd/s/satt/sprints/data/converted_10M/mc_normalized_rntuple_10M_30.h5,,auto,,5000,,,,,,,false,true,17,10,4,0,4,6,7,0.23529411764705882,0.35294117647058826,0.4117647058823529,0.5882352941176471,0.0,0.0,2
1609480,1609544,worker,322.3656404018402,False,hdf5,h5_tr_210.py,210,stream,M2,512,1,64,/pscratch/sd/s/satt/sprints/data/converted_10M/mc_normalized_rntuple_10M_30.h5,,auto,,5000,,,,,,,false,true,19,11,4,0,4,7,8,0.21052631578947367,0.3684210526315789,0.42105263157894735,0.5789473684210527,0.0,0.0,2
1609480,1609545,worker,322.35084891319275,False,hdf5,h5_tr_210.py,210,stream,M2,512,1,64,/pscratch/sd/s/satt/sprints/data/converted_10M/mc_normalized_rntuple_10M_30.h5,,auto,,5000,,,,,,,false,true,19,10,2,0,2,8,9,0.10526315789473684,0.42105263157894735,0.47368421052631576,0.5263157894736842,0.0,0.0,2
1609480,1609546,worker,322.3458459377289,False,hdf5,h5_tr_210.py,210,stream,M2,512,1,64,/pscratch/sd/s/satt/sprints/data/converted_10M/mc_normalized_rntuple_10M_30.h5,,auto,,5000,,,,,,,false,true,19,11,4,0,4,7,8,0.21052631578947367,0.3684210526315789,0.42105263157894735,0.5789473684210527,0.0,0.0,2
1609480,1609547,worker,322.35401678085327,False,hdf5,h5_tr_210.py,210,stream,M2,512,1,64,/pscratch/sd/s/satt/sprints/data/converted_10M/mc_normalized_rntuple_10M_30.h5,,auto,,5000,,,,,,,false,true,17,10,4,0,4,6,7,0.23529411764705882,0.35294117647058826,0.4117647058823529,0.5882352941176471,0.0,0.0,2
1609480,1609548,worker,322.33728218078613,False,hdf5,h5_tr_210.py,210,stream,M2,512,1,64,/pscratch/sd/s/satt/sprints/data/converted_10M/mc_normalized_rntuple_10M_30.h5,,auto,,5000,,,,,,,false,true,17,10,4,0,4,6,7,0.23529411764705882,0.35294117647058826,0.4117647058823529,0.5882352941176471,0.0,0.0,2
1609480,1609549,worker,322.32798647880554,False,hdf5,h5_tr_210.py,210,stream,M2,512,1,64,/pscratch/sd/s/satt/sprints/data/converted_10M/mc_normalized_rntuple_10M_30.h5,,auto,,5000,,,,,,,false,true,19,11,4,0,4,7,8,0.21052631578947367,0.3684210526315789,0.42105263157894735,0.5789473684210527,0.0,0.0,2
1609480,1609550,worker,322.32688307762146,False,hdf5,h5_tr_210.py,210,stream,M2,512,1,64,/pscratch/sd/s/satt/sprints/data/converted_10M/mc_normalized_rntuple_10M_30.h5,,auto,,5000,,,,,,,false,true,17,10,4,0,4,6,7,0.23529411764705882,0.35294117647058826,0.4117647058823529,0.5882352941176471,0.0,0.0,2
1609480,1609551,worker,322.31787300109863,False,hdf5,h5_tr_210.py,210,stream,M2,512,1,64,/pscratch/sd/s/satt/sprints/data/converted_10M/mc_normalized_rntuple_10M_30.h5,,auto,,5000,,,,,,,false,true,17,10,2,0,2,8,7,0.11764705882352941,0.47058823529411764,0.4117647058823529,0.5882352941176471,0.0,0.0,2
1609480,1609552,worker,322.3109345436096,False,hdf5,h5_tr_210.py,210,stream,M2,512,1,64,/pscratch/sd/s/satt/sprints/data/converted_10M/mc_normalized_rntuple_10M_30.h5,,auto,,5000,,,,,,,false,true,19,13,4,0,4,9,6,0.21052631578947367,0.47368421052631576,0.3157894736842105,0.6842105263157895,0.0,0.0,2
1609480,1609553,worker,322.3248097896576,False,hdf5,h5_tr_210.py,210,stream,M2,512,1,64,/pscratch/sd/s/satt/sprints/data/converted_10M/mc_normalized_rntuple_10M_30.h5,,auto,,5000,,,,,,,false,true,17,12,4,0,4,8,5,0.23529411764705882,0.47058823529411764,0.29411764705882354,0.7058823529411765,0.0,0.0,2
1609480,1609554,worker,322.3012762069702,False,hdf5,h5_tr_210.py,210,stream,M2,512,1,64,/pscratch/sd/s/satt/sprints/data/converted_10M/mc_normalized_rntuple_10M_30.h5,,auto,,5000,,,,,,,false,true,17,12,4,0,4,8,5,0.23529411764705882,0.47058823529411764,0.29411764705882354,0.7058823529411765,0.0,0.0,2
1609480,1609555,worker,322.2980201244354,False,hdf5,h5_tr_210.py,210,stream,M2,512,1,64,/pscratch/sd/s/satt/sprints/data/converted_10M/mc_normalized_rntuple_10M_30.h5,,auto,,5000,,,,,,,false,true,19,13,4,0,4,9,6,0.21052631578947367,0.47368421052631576,0.3157894736842105,0.6842105263157895,0.0,0.0,2
1609480,1609556,worker,322.29717898368835,False,hdf5,h5_tr_210.py,210,stream,M2,512,1,64,/pscratch/sd/s/satt/sprints/data/converted_10M/mc_normalized_rntuple_10M_30.h5,,auto,,5000,,,,,,,false,true,17,12,4,0,4,8,5,0.23529411764705882,0.47058823529411764,0.29411764705882354,0.7058823529411765,0.0,0.0,2
1609480,1609557,worker,322.2831058502197,False,hdf5,h5_tr_210.py,210,stream,M2,512,1,64,/pscratch/sd/s/satt/sprints/data/converted_10M/mc_normalized_rntuple_10M_30.h5,,auto,,5000,,,,,,,false,true,17,12,4,0,4,8,5,0.23529411764705882,0.47058823529411764,0.29411764705882354,0.7058823529411765,0.0,0.0,2
1609480,1609558,worker,322.279581785202,False,hdf5,h5_tr_210.py,210,stream,M2,512,1,64,/pscratch/sd/s/satt/sprints/data/converted_10M/mc_normalized_rntuple_10M_30.h5,,auto,,5000,,,,,,,false,true,19,13,4,0,4,9,6,0.21052631578947367,0.47368421052631576,0.3157894736842105,0.6842105263157895,0.0,0.0,2
1609480,1609559,worker,322.2745592594147,False,hdf5,h5_tr_210.py,210,stream,M2,512,1,64,/pscratch/sd/s/satt/sprints/data/converted_10M/mc_normalized_rntuple_10M_30.h5,,auto,,5000,,,,,,,false,true,17,12,4,0,4,8,5,0.23529411764705882,0.47058823529411764,0.29411764705882354,0.7058823529411765,0.0,0.0,2
1609480,1609560,worker,322.2795557975769,False,hdf5,h5_tr_210.py,210,stream,M2,512,1,64,/pscratch/sd/s/satt/sprints/data/converted_10M/mc_normalized_rntuple_10M_30.h5,,auto,,5000,,,,,,,false,true,17,12,4,0,4,8,5,0.23529411764705882,0.47058823529411764,0.29411764705882354,0.7058823529411765,0.0,0.0,2
1609480,1609561,worker,322.2608335018158,False,hdf5,h5_tr_210.py,210,stream,M2,512,1,64,/pscratch/sd/s/satt/sprints/data/converted_10M/mc_normalized_rntuple_10M_30.h5,,auto,,5000,,,,,,,false,true,19,13,4,0,4,9,6,0.21052631578947367,0.47368421052631576,0.3157894736842105,0.6842105263157895,0.0,0.0,2
1609480,1609562,worker,322.25875186920166,False,hdf5,h5_tr_210.py,210,stream,M2,512,1,64,/pscratch/sd/s/satt/sprints/data/converted_10M/mc_normalized_rntuple_10M_30.h5,,auto,,5000,,,,,,,false,true,17,12,4,0,4,8,5,0.23529411764705882,0.47058823529411764,0.29411764705882354,0.7058823529411765,0.0,0.0,2
1609480,1609563,worker,322.2481918334961,False,hdf5,h5_tr_210.py,210,stream,M2,512,1,64,/pscratch/sd/s/satt/sprints/data/converted_10M/mc_normalized_rntuple_10M_30.h5,,auto,,5000,,,,,,,false,true,17,12,4,0,4,8,5,0.23529411764705882,0.47058823529411764,0.29411764705882354,0.7058823529411765,0.0,0.0,2
1609480,1609564,worker,322.2435212135315,False,hdf5,h5_tr_210.py,210,stream,M2,512,1,64,/pscratch/sd/s/satt/sprints/data/converted_10M/mc_normalized_rntuple_10M_30.h5,,auto,,5000,,,,,,,false,true,19,13,4,0,4,9,6,0.21052631578947367,0.47368421052631576,0.3157894736842105,0.6842105263157895,0.0,0.0,2
1609480,1609565,worker,322.24707436561584,False,hdf5,h5_tr_210.py,210,stream,M2,512,1,64,/pscratch/sd/s/satt/sprints/data/converted_10M/mc_normalized_rntuple_10M_30.h5,,auto,,5000,,,,,,,false,true,17,12,4,0,4,8,5,0.23529411764705882,0.47058823529411764,0.29411764705882354,0.7058823529411765,0.0,0.0,2
1609480,1609566,worker,322.23191022872925,False,hdf5,h5_tr_210.py,210,stream,M2,512,1,64,/pscratch/sd/s/satt/sprints/data/converted_10M/mc_normalized_rntuple_10M_30.h5,,auto,,5000,,,,,,,false,true,17,12,4,0,4,8,5,0.23529411764705882,0.47058823529411764,0.29411764705882354,0.7058823529411765,0.0,0.0,2
1609480,1609567,worker,322.22910928726196,False,hdf5,h5_tr_210.py,210,stream,M2,512,1,64,/pscratch/sd/s/satt/sprints/data/converted_10M/mc_normalized_rntuple_10M_30.h5,,auto,,5000,,,,,,,false,true,19,13,4,0,4,9,6,0.21052631578947367,0.47368421052631576,0.3157894736842105,0.6842105263157895,0.0,0.0,2
1609480,1609568,worker,322.2244658470154,False,hdf5,h5_tr_210.py,210,stream,M2,512,1,64,/pscratch/sd/s/satt/sprints/data/converted_10M/mc_normalized_rntuple_10M_30.h5,,auto,,5000,,,,,,,false,true,17,12,4,0,4,8,5,0.23529411764705882,0.47058823529411764,0.29411764705882354,0.7058823529411765,0.0,0.0,2
1609480,1609569,worker,322.2146825790405,False,hdf5,h5_tr_210.py,210,stream,M2,512,1,64,/pscratch/sd/s/satt/sprints/data/converted_10M/mc_normalized_rntuple_10M_30.h5,,auto,,5000,,,,,,,false,true,17,12,4,0,4,8,5,0.23529411764705882,0.47058823529411764,0.29411764705882354,0.7058823529411765,0.0,0.0,2
1609480,1609570,worker,322.23251366615295,False,hdf5,h5_tr_210.py,210,stream,M2,512,1,64,/pscratch/sd/s/satt/sprints/data/converted_10M/mc_normalized_rntuple_10M_30.h5,,auto,,5000,,,,,,,false,true,19,13,4,0,4,9,6,0.21052631578947367,0.47368421052631576,0.3157894736842105,0.6842105263157895,0.0,0.0,2
1609480,1609571,worker,322.2111785411835,False,hdf5,h5_tr_210.py,210,stream,M2,512,1,64,/pscratch/sd/s/satt/sprints/data/converted_10M/mc_normalized_rntuple_10M_30.h5,,auto,,5000,,,,,,,false,true,17,12,4,0,4,8,5,0.23529411764705882,0.47058823529411764,0.29411764705882354,0.7058823529411765,0.0,0.0,2
1609480,1609572,worker,322.19794607162476,False,hdf5,h5_tr_210.py,210,stream,M2,512,1,64,/pscratch/sd/s/satt/sprints/data/converted_10M/mc_normalized_rntuple_10M_30.h5,,auto,,5000,,,,,,,false,true,17,12,4,0,4,8,5,0.23529411764705882,0.47058823529411764,0.29411764705882354,0.7058823529411765,0.0,0.0,2
1609480,1609573,worker,322.19343423843384,False,hdf5,h5_tr_210.py,210,stream,M2,512,1,64,/pscratch/sd/s/satt/sprints/data/converted_10M/mc_normalized_rntuple_10M_30.h5,,auto,,5000,,,,,,,false,true,19,13,4,0,4,9,6,0.21052631578947367,0.47368421052631576,0.3157894736842105,0.6842105263157895,0.0,0.0,2
1609480,1609574,worker,322.1902596950531,False,hdf5,h5_tr_210.py,210,stream,M2,512,1,64,/pscratch/sd/s/satt/sprints/data/converted_10M/mc_normalized_rntuple_10M_30.h5,,auto,,5000,,,,,,,false,true,17,12,4,0,4,8,5,0.23529411764705882,0.47058823529411764,0.29411764705882354,0.7058823529411765,0.0,0.0,2
1609480,1609575,worker,322.1843149662018,False,hdf5,h5_tr_210.py,210,stream,M2,512,1,64,/pscratch/sd/s/satt/sprints/data/converted_10M/mc_normalized_rntuple_10M_30.h5,,auto,,5000,,,,,,,false,true,17,12,4,0,4,8,5,0.23529411764705882,0.47058823529411764,0.29411764705882354,0.7058823529411765,0.0,0.0,2
1609480,1609576,worker,322.17432618141174,False,hdf5,h5_tr_210.py,210,stream,M2,512,1,64,/pscratch/sd/s/satt/sprints/data/converted_10M/mc_normalized_rntuple_10M_30.h5,,auto,,5000,,,,,,,false,true,19,13,4,0,4,9,6,0.21052631578947367,0.47368421052631576,0.3157894736842105,0.6842105263157895,0.0,0.0,2
1609480,1609577,worker,322.1718957424164,False,hdf5,h5_tr_210.py,210,stream,M2,512,1,64,/pscratch/sd/s/satt/sprints/data/converted_10M/mc_normalized_rntuple_10M_30.h5,,auto,,5000,,,,,,,false,true,17,12,4,0,4,8,5,0.23529411764705882,0.47058823529411764,0.29411764705882354,0.7058823529411765,0.0,0.0,2
1609480,1609578,worker,322.1761257648468,False,hdf5,h5_tr_210.py,210,stream,M2,512,1,64,/pscratch/sd/s/satt/sprints/data/converted_10M/mc_normalized_rntuple_10M_30.h5,,auto,,5000,,,,,,,false,true,17,12,4,0,4,8,5,0.23529411764705882,0.47058823529411764,0.29411764705882354,0.7058823529411765,0.0,0.0,2
1609480,1609579,worker,322.161239862442,False,hdf5,h5_tr_210.py,210,stream,M2,512,1,64,/pscratch/sd/s/satt/sprints/data/converted_10M/mc_normalized_rntuple_10M_30.h5,,auto,,5000,,,,,,,false,true,19,13,4,0,4,9,6,0.21052631578947367,0.47368421052631576,0.3157894736842105,0.6842105263157895,0.0,0.0,2
1609480,1609580,worker,322.1606090068817,False,hdf5,h5_tr_210.py,210,stream,M2,512,1,64,/pscratch/sd/s/satt/sprints/data/converted_10M/mc_normalized_rntuple_10M_30.h5,,auto,,5000,,,,,,,false,true,17,12,4,0,4,8,5,0.23529411764705882,0.47058823529411764,0.29411764705882354,0.7058823529411765,0.0,0.0,2
1609480,1609581,worker,322.15903973579407,False,hdf5,h5_tr_210.py,210,stream,M2,512,1,64,/pscratch/sd/s/satt/sprints/data/converted_10M/mc_normalized_rntuple_10M_30.h5,,auto,,5000,,,,,,,false,true,17,12,4,0,4,8,5,0.23529411764705882,0.47058823529411764,0.29411764705882354,0.7058823529411765,0.0,0.0,2
1609480,1609582,worker,322.14374136924744,False,hdf5,h5_tr_210.py,210,stream,M2,512,1,64,/pscratch/sd/s/satt/sprints/data/converted_10M/mc_normalized_rntuple_10M_30.h5,,auto,,5000,,,,,,,false,true,19,13,4,0,4,9,6,0.21052631578947367,0.47368421052631576,0.3157894736842105,0.6842105263157895,0.0,0.0,2
1609480,1609583,worker,322.1345133781433,False,hdf5,h5_tr_210.py,210,stream,M2,512,1,64,/pscratch/sd/s/satt/sprints/data/converted_10M/mc_normalized_rntuple_10M_30.h5,,auto,,5000,,,,,,,false,true,17,12,4,0,4,8,5,0.23529411764705882,0.47058823529411764,0.29411764705882354,0.7058823529411765,0.0,0.0,2
1609480,1609584,worker,322.13701152801514,False,hdf5,h5_tr_210.py,210,stream,M2,512,1,64,/pscratch/sd/s/satt/sprints/data/converted_10M/mc_normalized_rntuple_10M_30.h5,,auto,,5000,,,,,,,false,true,17,12,4,0,4,8,5,0.23529411764705882,0.47058823529411764,0.29411764705882354,0.7058823529411765,0.0,0.0,2
1609480,1609585,worker,322.13078474998474,False,hdf5,h5_tr_210.py,210,stream,M2,512,1,64,/pscratch/sd/s/satt/sprints/data/converted_10M/mc_normalized_rntuple_10M_30.h5,,auto,,5000,,,,,,,false,true,19,13,4,0,4,9,6,0.21052631578947367,0.47368421052631576,0.3157894736842105,0.6842105263157895,0.0,0.0,2
1609480,1609586,worker,322.12035846710205,False,hdf5,h5_tr_210.py,210,stream,M2,512,1,64,/pscratch/sd/s/satt/sprints/data/converted_10M/mc_normalized_rntuple_10M_30.h5,,auto,,5000,,,,,,,false,true,17,12,4,0,4,8,5,0.23529411764705882,0.47058823529411764,0.29411764705882354,0.7058823529411765,0.0,0.0,2
1609480,1609587,worker,322.1145181655884,False,hdf5,h5_tr_210.py,210,stream,M2,512,1,64,/pscratch/sd/s/satt/sprints/data/converted_10M/mc_normalized_rntuple_10M_30.h5,,auto,,5000,,,,,,,false,true,21,13,4,0,4,9,8,0.19047619047619047,0.42857142857142855,0.38095238095238093,0.6190476190476191,0.0,0.0,2
1609480,1609588,worker,322.1139597892761,False,hdf5,h5_tr_210.py,210,stream,M2,512,1,64,/pscratch/sd/s/satt/sprints/data/converted_10M/mc_normalized_rntuple_10M_30.h5,,auto,,5000,,,,,,,false,true,17,10,4,0,4,6,7,0.23529411764705882,0.35294117647058826,0.4117647058823529,0.5882352941176471,0.0,0.0,2
1609480,1609589,worker,322.1120252609253,False,hdf5,h5_tr_210.py,210,stream,M2,512,1,64,/pscratch/sd/s/satt/sprints/data/converted_10M/mc_normalized_rntuple_10M_30.h5,,auto,,5000,,,,,,,false,true,17,10,4,0,4,6,7,0.23529411764705882,0.35294117647058826,0.4117647058823529,0.5882352941176471,0.0,0.0,2
1609480,1609590,worker,322.111279964447,False,hdf5,h5_tr_210.py,210,stream,M2,512,1,64,/pscratch/sd/s/satt/sprints/data/converted_10M/mc_normalized_rntuple_10M_30.h5,,auto,,5000,,,,,,,false,true,19,11,4,0,4,7,8,0.21052631578947367,0.3684210526315789,0.42105263157894735,0.5789473684210527,0.0,0.0,2
1609480,1609591,worker,322.08977484703064,False,hdf5,h5_tr_210.py,210,stream,M2,512,1,64,/pscratch/sd/s/satt/sprints/data/converted_10M/mc_normalized_rntuple_10M_30.h5,,auto,,5000,,,,,,,false,true,17,10,4,0,4,6,7,0.23529411764705882,0.35294117647058826,0.4117647058823529,0.5882352941176471,0.0,0.0,2
1609480,1609592,worker,322.0936872959137,False,hdf5,h5_tr_210.py,210,stream,M2,512,1,64,/pscratch/sd/s/satt/sprints/data/converted_10M/mc_normalized_rntuple_10M_30.h5,,auto,,5000,,,,,,,false,true,17,10,4,0,4,6,7,0.23529411764705882,0.35294117647058826,0.4117647058823529,0.5882352941176471,0.0,0.0,2
1609480,1609593,worker,322.0792410373688,False,hdf5,h5_tr_210.py,210,stream,M2,512,1,64,/pscratch/sd/s/satt/sprints/data/converted_10M/mc_normalized_rntuple_10M_30.h5,,auto,,5000,,,,,,,false,true,19,11,4,0,4,7,8,0.21052631578947367,0.3684210526315789,0.42105263157894735,0.5789473684210527,0.0,0.0,2
1609480,1609594,worker,322.06998085975647,False,hdf5,h5_tr_210.py,210,stream,M2,512,1,64,/pscratch/sd/s/satt/sprints/data/converted_10M/mc_normalized_rntuple_10M_30.h5,,auto,,5000,,,,,,,false,true,17,12,6,0,6,6,5,0.35294117647058826,0.35294117647058826,0.29411764705882354,0.7058823529411765,0.0,0.0,2
1609480,1609595,worker,322.0726697444916,False,hdf5,h5_tr_210.py,210,stream,M2,512,1,64,/pscratch/sd/s/satt/sprints/data/converted_10M/mc_normalized_rntuple_10M_30.h5,,auto,,5000,,,,,,,false,true,17,12,4,0,4,8,5,0.23529411764705882,0.47058823529411764,0.29411764705882354,0.7058823529411765,0.0,0.0,2
1609480,1609596,worker,322.0614655017853,False,hdf5,h5_tr_210.py,210,stream,M2,512,1,64,/pscratch/sd/s/satt/sprints/data/converted_10M/mc_normalized_rntuple_10M_30.h5,,auto,,5000,,,,,,,false,true,19,13,4,0,4,9,6,0.21052631578947367,0.47368421052631576,0.3157894736842105,0.6842105263157895,0.0,0.0,2
1609480,1609597,worker,322.0547819137573,False,hdf5,h5_tr_210.py,210,stream,M2,512,1,64,/pscratch/sd/s/satt/sprints/data/converted_10M/mc_normalized_rntuple_10M_30.h5,,auto,,5000,,,,,,,false,true,17,12,4,0,4,8,5,0.23529411764705882,0.47058823529411764,0.29411764705882354,0.7058823529411765,0.0,0.0,2
1609480,1609598,worker,322.0697491168976,False,hdf5,h5_tr_210.py,210,stream,M2,512,1,64,/pscratch/sd/s/satt/sprints/data/converted_10M/mc_normalized_rntuple_10M_30.h5,,auto,,5000,,,,,,,false,true,17,12,4,0,4,8,5,0.23529411764705882,0.47058823529411764,0.29411764705882354,0.7058823529411765,0.0,0.0,2
1609480,1609599,worker,322.0444893836975,False,hdf5,h5_tr_210.py,210,stream,M2,512,1,64,/pscratch/sd/s/satt/sprints/data/converted_10M/mc_normalized_rntuple_10M_30.h5,,auto,,5000,,,,,,,false,true,19,13,4,0,4,9,6,0.21052631578947367,0.47368421052631576,0.3157894736842105,0.6842105263157895,0.0,0.0,2
1609480,1609600,worker,322.0376617908478,False,hdf5,h5_tr_210.py,210,stream,M2,512,1,64,/pscratch/sd/s/satt/sprints/data/converted_10M/mc_normalized_rntuple_10M_30.h5,,auto,,5000,,,,,,,false,true,17,12,4,0,4,8,5,0.23529411764705882,0.47058823529411764,0.29411764705882354,0.7058823529411765,0.0,0.0,2
1609480,1609601,worker,322.0287232398987,False,hdf5,h5_tr_210.py,210,stream,M2,512,1,64,/pscratch/sd/s/satt/sprints/data/converted_10M/mc_normalized_rntuple_10M_30.h5,,auto,,5000,,,,,,,false,true,17,12,4,0,4,8,5,0.23529411764705882,0.47058823529411764,0.29411764705882354,0.7058823529411765,0.0,0.0,2
1609480,1609602,worker,322.02575182914734,False,hdf5,h5_tr_210.py,210,stream,M2,512,1,64,/pscratch/sd/s/satt/sprints/data/converted_10M/mc_normalized_rntuple_10M_30.h5,,auto,,5000,,,,,,,false,true,19,13,4,0,4,9,6,0.21052631578947367,0.47368421052631576,0.3157894736842105,0.6842105263157895,0.0,0.0,2
1609480,1609603,worker,322.02115297317505,False,hdf5,h5_tr_210.py,210,stream,M2,512,1,64,/pscratch/sd/s/satt/sprints/data/converted_10M/mc_normalized_rntuple_10M_30.h5,,auto,,5000,,,,,,,false,true,17,12,4,0,4,8,5,0.23529411764705882,0.47058823529411764,0.29411764705882354,0.7058823529411765,0.0,0.0,2
1609480,1609604,worker,322.02313208580017,False,hdf5,h5_tr_210.py,210,stream,M2,512,1,64,/pscratch/sd/s/satt/sprints/data/converted_10M/mc_normalized_rntuple_10M_30.h5,,auto,,5000,,,,,,,false,true,17,12,4,0,4,8,5,0.23529411764705882,0.47058823529411764,0.29411764705882354,0.7058823529411765,0.0,0.0,2
1609480,1609605,worker,322.00860571861267,False,hdf5,h5_tr_210.py,210,stream,M2,512,1,64,/pscratch/sd/s/satt/sprints/data/converted_10M/mc_normalized_rntuple_10M_30.h5,,auto,,5000,,,,,,,false,true,19,13,4,0,4,9,6,0.21052631578947367,0.47368421052631576,0.3157894736842105,0.6842105263157895,0.0,0.0,2
1609480,1609606,worker,322.00648379325867,False,hdf5,h5_tr_210.py,210,stream,M2,512,1,64,/pscratch/sd/s/satt/sprints/data/converted_10M/mc_normalized_rntuple_10M_30.h5,,auto,,5000,,,,,,,false,true,17,12,4,0,4,8,5,0.23529411764705882,0.47058823529411764,0.29411764705882354,0.7058823529411765,0.0,0.0,2
1609480,1609607,worker,322.00144386291504,False,hdf5,h5_tr_210.py,210,stream,M2,512,1,64,/pscratch/sd/s/satt/sprints/data/converted_10M/mc_normalized_rntuple_10M_30.h5,,auto,,5000,,,,,,,false,true,17,12,4,0,4,8,5,0.23529411764705882,0.47058823529411764,0.29411764705882354,0.7058823529411765,0.0,0.0,2
1609480,1609608,worker,321.9944999217987,False,hdf5,h5_tr_210.py,210,stream,M2,512,1,64,/pscratch/sd/s/satt/sprints/data/converted_10M/mc_normalized_rntuple_10M_30.h5,,auto,,5000,,,,,,,false,true,19,13,4,0,4,9,6,0.21052631578947367,0.47368421052631576,0.3157894736842105,0.6842105263157895,0.0,0.0,2
1609480,1609609,worker,321.98997616767883,False,hdf5,h5_tr_210.py,210,stream,M2,512,1,64,/pscratch/sd/s/satt/sprints/data/converted_10M/mc_normalized_rntuple_10M_30.h5,,auto,,5000,,,,,,,false,true,17,12,4,0,4,8,5,0.23529411764705882,0.47058823529411764,0.29411764705882354,0.7058823529411765,0.0,0.0,2
1609480,1609610,worker,321.97857570648193,False,hdf5,h5_tr_210.py,210,stream,M2,512,1,64,/pscratch/sd/s/satt/sprints/data/converted_10M/mc_normalized_rntuple_10M_30.h5,,auto,,5000,,,,,,,false,true,17,12,4,0,4,8,5,0.23529411764705882,0.47058823529411764,0.29411764705882354,0.7058823529411765,0.0,0.0,2
1609480,1609611,worker,321.97361302375793,False,hdf5,h5_tr_210.py,210,stream,M2,512,1,64,/pscratch/sd/s/satt/sprints/data/converted_10M/mc_normalized_rntuple_10M_30.h5,,auto,,5000,,,,,,,false,true,19,13,4,0,4,9,6,0.21052631578947367,0.47368421052631576,0.3157894736842105,0.6842105263157895,0.0,0.0,2
1609480,1609612,worker,321.9668855667114,False,hdf5,h5_tr_210.py,210,stream,M2,512,1,64,/pscratch/sd/s/satt/sprints/data/converted_10M/mc_normalized_rntuple_10M_30.h5,,auto,,5000,,,,,,,false,true,17,12,4,0,4,8,5,0.23529411764705882,0.47058823529411764,0.29411764705882354,0.7058823529411765,0.0,0.0,2
1609480,1609613,worker,321.9653832912445,False,hdf5,h5_tr_210.py,210,stream,M2,512,1,64,/pscratch/sd/s/satt/sprints/data/converted_10M/mc_normalized_rntuple_10M_30.h5,,auto,,5000,,,,,,,false,true,17,12,4,0,4,8,5,0.23529411764705882,0.47058823529411764,0.29411764705882354,0.7058823529411765,0.0,0.0,2
1609480,1609614,worker,321.95454835891724,False,hdf5,h5_tr_210.py,210,stream,M2,512,1,64,/pscratch/sd/s/satt/sprints/data/converted_10M/mc_normalized_rntuple_10M_30.h5,,auto,,5000,,,,,,,false,true,19,13,4,0,4,9,6,0.21052631578947367,0.47368421052631576,0.3157894736842105,0.6842105263157895,0.0,0.0,2
1609480,1609615,worker,321.9453957080841,False,hdf5,h5_tr_210.py,210,stream,M2,512,1,64,/pscratch/sd/s/satt/sprints/data/converted_10M/mc_normalized_rntuple_10M_30.h5,,auto,,5000,,,,,,,false,true,17,12,4,0,4,8,5,0.23529411764705882,0.47058823529411764,0.29411764705882354,0.7058823529411765,0.0,0.0,2
1609480,1609616,worker,321.9530758857727,False,hdf5,h5_tr_210.py,210,stream,M2,512,1,64,/pscratch/sd/s/satt/sprints/data/converted_10M/mc_normalized_rntuple_10M_30.h5,,auto,,5000,,,,,,,false,true,17,12,4,0,4,8,5,0.23529411764705882,0.47058823529411764,0.29411764705882354,0.7058823529411765,0.0,0.0,2
1609480,1609617,worker,321.9407207965851,False,hdf5,h5_tr_210.py,210,stream,M2,512,1,64,/pscratch/sd/s/satt/sprints/data/converted_10M/mc_normalized_rntuple_10M_30.h5,,auto,,5000,,,,,,,false,true,19,13,4,0,4,9,6,0.21052631578947367,0.47368421052631576,0.3157894736842105,0.6842105263157895,0.0,0.0,2
1609480,1609618,worker,321.9308862686157,False,hdf5,h5_tr_210.py,210,stream,M2,512,1,64,/pscratch/sd/s/satt/sprints/data/converted_10M/mc_normalized_rntuple_10M_30.h5,,auto,,5000,,,,,,,false,true,17,12,4,0,4,8,5,0.23529411764705882,0.47058823529411764,0.29411764705882354,0.7058823529411765,0.0,0.0,2
1609480,1609619,worker,321.92994952201843,False,hdf5,h5_tr_210.py,210,stream,M2,512,1,64,/pscratch/sd/s/satt/sprints/data/converted_10M/mc_normalized_rntuple_10M_30.h5,,auto,,5000,,,,,,,false,true,17,12,4,0,4,8,5,0.23529411764705882,0.47058823529411764,0.29411764705882354,0.7058823529411765,0.0,0.0,2
1609480,1609620,worker,321.91916942596436,False,hdf5,h5_tr_210.py,210,stream,M2,512,1,64,/pscratch/sd/s/satt/sprints/data/converted_10M/mc_normalized_rntuple_10M_30.h5,,auto,,5000,,,,,,,false,true,19,13,4,0,4,9,6,0.21052631578947367,0.47368421052631576,0.3157894736842105,0.6842105263157895,0.0,0.0,2
1609480,1609621,worker,321.9127199649811,False,hdf5,h5_tr_210.py,210,stream,M2,512,1,64,/pscratch/sd/s/satt/sprints/data/converted_10M/mc_normalized_rntuple_10M_30.h5,,auto,,5000,,,,,,,false,true,17,12,4,0,4,8,5,0.23529411764705882,0.47058823529411764,0.29411764705882354,0.7058823529411765,0.0,0.0,2
1609480,1609622,worker,321.90202379226685,False,hdf5,h5_tr_210.py,210,stream,M2,512,1,64,/pscratch/sd/s/satt/sprints/data/converted_10M/mc_normalized_rntuple_10M_30.h5,,auto,,5000,,,,,,,false,true,17,12,4,0,4,8,5,0.23529411764705882,0.47058823529411764,0.29411764705882354,0.7058823529411765,0.0,0.0,2
1609480,1609623,worker,321.90056467056274,False,hdf5,h5_tr_210.py,210,stream,M2,512,1,64,/pscratch/sd/s/satt/sprints/data/converted_10M/mc_normalized_rntuple_10M_30.h5,,auto,,5000,,,,,,,false,true,19,13,4,0,4,9,6,0.21052631578947367,0.47368421052631576,0.3157894736842105,0.6842105263157895,0.0,0.0,2
1609480,1609624,worker,321.89460015296936,False,hdf5,h5_tr_210.py,210,stream,M2,512,1,64,/pscratch/sd/s/satt/sprints/data/converted_10M/mc_normalized_rntuple_10M_30.h5,,auto,,5000,,,,,,,false,true,17,12,4,0,4,8,5,0.23529411764705882,0.47058823529411764,0.29411764705882354,0.7058823529411765,0.0,0.0,2
1609480,1609625,worker,321.8935024738312,False,hdf5,h5_tr_210.py,210,stream,M2,512,1,64,/pscratch/sd/s/satt/sprints/data/converted_10M/mc_normalized_rntuple_10M_30.h5,,auto,,5000,,,,,,,false,true,17,12,4,0,4,8,5,0.23529411764705882,0.47058823529411764,0.29411764705882354,0.7058823529411765,0.0,0.0,2
1609480,1609626,worker,321.89292216300964,False,hdf5,h5_tr_210.py,210,stream,M2,512,1,64,/pscratch/sd/s/satt/sprints/data/converted_10M/mc_normalized_rntuple_10M_30.h5,,auto,,5000,,,,,,,false,true,19,13,4,0,4,9,6,0.21052631578947367,0.47368421052631576,0.3157894736842105,0.6842105263157895,0.0,0.0,2
1609480,1609627,worker,321.87701439857483,False,hdf5,h5_tr_210.py,210,stream,M2,512,1,64,/pscratch/sd/s/satt/sprints/data/converted_10M/mc_normalized_rntuple_10M_30.h5,,auto,,5000,,,,,,,false,true,17,12,4,0,4,8,5,0.23529411764705882,0.47058823529411764,0.29411764705882354,0.7058823529411765,0.0,0.0,2
1609480,1609628,worker,321.8708736896515,False,hdf5,h5_tr_210.py,210,stream,M2,512,1,64,/pscratch/sd/s/satt/sprints/data/converted_10M/mc_normalized_rntuple_10M_30.h5,,auto,,5000,,,,,,,false,true,17,12,4,0,4,8,5,0.23529411764705882,0.47058823529411764,0.29411764705882354,0.7058823529411765,0.0,0.0,2
1609480,1609629,worker,321.86551237106323,False,hdf5,h5_tr_210.py,210,stream,M2,512,1,64,/pscratch/sd/s/satt/sprints/data/converted_10M/mc_normalized_rntuple_10M_30.h5,,auto,,5000,,,,,,,false,true,19,13,4,0,4,9,6,0.21052631578947367,0.47368421052631576,0.3157894736842105,0.6842105263157895,0.0,0.0,2
1609480,1609630,worker,321.858350276947,False,hdf5,h5_tr_210.py,210,stream,M2,512,1,64,/pscratch/sd/s/satt/sprints/data/converted_10M/mc_normalized_rntuple_10M_30.h5,,auto,,5000,,,,,,,false,true,19,12,2,0,2,10,7,0.10526315789473684,0.5263157894736842,0.3684210526315789,0.631578947368421,0.0,0.0,2
1609480,1609631,worker,321.8531470298767,False,hdf5,h5_tr_210.py,210,stream,M2,512,1,64,/pscratch/sd/s/satt/sprints/data/converted_10M/mc_normalized_rntuple_10M_30.h5,,auto,,5000,,,,,,,false,true,19,11,4,0,4,7,8,0.21052631578947367,0.3684210526315789,0.42105263157894735,0.5789473684210527,0.0,0.0,2
1609480,1609632,worker,321.8509871959686,False,hdf5,h5_tr_210.py,210,stream,M2,512,1,64,/pscratch/sd/s/satt/sprints/data/converted_10M/mc_normalized_rntuple_10M_30.h5,,auto,,5000,,,,,,,false,true,17,10,4,0,4,6,7,0.23529411764705882,0.35294117647058826,0.4117647058823529,0.5882352941176471,0.0,0.0,2
1609480,1609633,worker,321.84049248695374,False,hdf5,h5_tr_210.py,210,stream,M2,512,1,64,/pscratch/sd/s/satt/sprints/data/converted_10M/mc_normalized_rntuple_10M_30.h5,,auto,,5000,,,,,,,false,true,17,10,4,0,4,6,7,0.23529411764705882,0.35294117647058826,0.4117647058823529,0.5882352941176471,0.0,0.0,2
1609480,1609634,worker,321.8387596607208,False,hdf5,h5_tr_210.py,210,stream,M2,512,1,64,/pscratch/sd/s/satt/sprints/data/converted_10M/mc_normalized_rntuple_10M_30.h5,,auto,,5000,,,,,,,false,true,19,11,4,0,4,7,8,0.21052631578947367,0.3684210526315789,0.42105263157894735,0.5789473684210527,0.0,0.0,2
1609480,1609635,worker,321.8236930370331,False,hdf5,h5_tr_210.py,210,stream,M2,512,1,64,/pscratch/sd/s/satt/sprints/data/converted_10M/mc_normalized_rntuple_10M_30.h5,,auto,,5000,,,,,,,false,true,17,10,4,0,4,6,7,0.23529411764705882,0.35294117647058826,0.4117647058823529,0.5882352941176471,0.0,0.0,2
1609480,1609636,worker,321.8223292827606,False,hdf5,h5_tr_210.py,210,stream,M2,512,1,64,/pscratch/sd/s/satt/sprints/data/converted_10M/mc_normalized_rntuple_10M_30.h5,,auto,,5000,,,,,,,false,true,17,10,2,0,2,8,7,0.11764705882352941,0.47058823529411764,0.4117647058823529,0.5882352941176471,0.0,0.0,2
1609480,1609637,worker,321.8122589588165,False,hdf5,h5_tr_210.py,210,stream,M2,512,1,64,/pscratch/sd/s/satt/sprints/data/converted_10M/mc_normalized_rntuple_10M_30.h5,,auto,,5000,,,,,,,false,true,19,13,6,0,6,7,6,0.3157894736842105,0.3684210526315789,0.3157894736842105,0.6842105263157895,0.0,0.0,2
1609480,1609638,worker,321.8233428001404,False,hdf5,h5_tr_210.py,210,stream,M2,512,1,64,/pscratch/sd/s/satt/sprints/data/converted_10M/mc_normalized_rntuple_10M_30.h5,,auto,,5000,,,,,,,false,true,17,12,4,0,4,8,5,0.23529411764705882,0.47058823529411764,0.29411764705882354,0.7058823529411765,0.0,0.0,2
1609480,1609639,worker,321.8091802597046,False,hdf5,h5_tr_210.py,210,stream,M2,512,1,64,/pscratch/sd/s/satt/sprints/data/converted_10M/mc_normalized_rntuple_10M_30.h5,,auto,,5000,,,,,,,false,true,17,12,4,0,4,8,5,0.23529411764705882,0.47058823529411764,0.29411764705882354,0.7058823529411765,0.0,0.0,2
1609480,1609640,worker,321.7980284690857,False,hdf5,h5_tr_210.py,210,stream,M2,512,1,64,/pscratch/sd/s/satt/sprints/data/converted_10M/mc_normalized_rntuple_10M_30.h5,,auto,,5000,,,,,,,false,true,19,13,4,0,4,9,6,0.21052631578947367,0.47368421052631576,0.3157894736842105,0.6842105263157895,0.0,0.0,2
1609480,1609641,worker,321.79322481155396,False,hdf5,h5_tr_210.py,210,stream,M2,512,1,64,/pscratch/sd/s/satt/sprints/data/converted_10M/mc_normalized_rntuple_10M_30.h5,,auto,,5000,,,,,,,false,true,17,12,4,0,4,8,5,0.23529411764705882,0.47058823529411764,0.29411764705882354,0.7058823529411765,0.0,0.0,2
1609480,1609642,worker,321.790776014328,False,hdf5,h5_tr_210.py,210,stream,M2,512,1,64,/pscratch/sd/s/satt/sprints/data/converted_10M/mc_normalized_rntuple_10M_30.h5,,auto,,5000,,,,,,,false,true,17,12,4,0,4,8,5,0.23529411764705882,0.47058823529411764,0.29411764705882354,0.7058823529411765,0.0,0.0,2
1609480,1609643,worker,321.78014397621155,False,hdf5,h5_tr_210.py,210,stream,M2,512,1,64,/pscratch/sd/s/satt/sprints/data/converted_10M/mc_normalized_rntuple_10M_30.h5,,auto,,5000,,,,,,,false,true,19,13,4,0,4,9,6,0.21052631578947367,0.47368421052631576,0.3157894736842105,0.6842105263157895,0.0,0.0,2
1609480,1609644,worker,321.78274941444397,False,hdf5,h5_tr_210.py,210,stream,M2,512,1,64,/pscratch/sd/s/satt/sprints/data/converted_10M/mc_normalized_rntuple_10M_30.h5,,auto,,5000,,,,,,,false,true,17,12,4,0,4,8,5,0.23529411764705882,0.47058823529411764,0.29411764705882354,0.7058823529411765,0.0,0.0,2
1609480,1609645,worker,321.77042627334595,False,hdf5,h5_tr_210.py,210,stream,M2,512,1,64,/pscratch/sd/s/satt/sprints/data/converted_10M/mc_normalized_rntuple_10M_30.h5,,auto,,5000,,,,,,,false,true,17,12,4,0,4,8,5,0.23529411764705882,0.47058823529411764,0.29411764705882354,0.7058823529411765,0.0,0.0,2
1609480,1609646,worker,321.7663822174072,False,hdf5,h5_tr_210.py,210,stream,M2,512,1,64,/pscratch/sd/s/satt/sprints/data/converted_10M/mc_normalized_rntuple_10M_30.h5,,auto,,5000,,,,,,,false,true,19,13,4,0,4,9,6,0.21052631578947367,0.47368421052631576,0.3157894736842105,0.6842105263157895,0.0,0.0,2
1609480,1609647,worker,321.76495480537415,False,hdf5,h5_tr_210.py,210,stream,M2,512,1,64,/pscratch/sd/s/satt/sprints/data/converted_10M/mc_normalized_rntuple_10M_30.h5,,auto,,5000,,,,,,,false,true,17,12,4,0,4,8,5,0.23529411764705882,0.47058823529411764,0.29411764705882354,0.7058823529411765,0.0,0.0,2
1609480,1609648,worker,321.7721230983734,False,hdf5,h5_tr_210.py,210,stream,M2,512,1,64,/pscratch/sd/s/satt/sprints/data/converted_10M/mc_normalized_rntuple_10M_30.h5,,auto,,5000,,,,,,,false,true,17,12,4,0,4,8,5,0.23529411764705882,0.47058823529411764,0.29411764705882354,0.7058823529411765,0.0,0.0,2
1609480,1609649,worker,321.7516839504242,False,hdf5,h5_tr_210.py,210,stream,M2,512,1,64,/pscratch/sd/s/satt/sprints/data/converted_10M/mc_normalized_rntuple_10M_30.h5,,auto,,5000,,,,,,,false,true,19,13,4,0,4,9,6,0.21052631578947367,0.47368421052631576,0.3157894736842105,0.6842105263157895,0.0,0.0,2
1609480,1609650,worker,321.75017619132996,False,hdf5,h5_tr_210.py,210,stream,M2,512,1,64,/pscratch/sd/s/satt/sprints/data/converted_10M/mc_normalized_rntuple_10M_30.h5,,auto,,5000,,,,,,,false,true,17,12,4,0,4,8,5,0.23529411764705882,0.47058823529411764,0.29411764705882354,0.7058823529411765,0.0,0.0,2
1609480,1609651,worker,321.7266116142273,False,hdf5,h5_tr_210.py,210,stream,M2,512,1,64,/pscratch/sd/s/satt/sprints/data/converted_10M/mc_normalized_rntuple_10M_30.h5,,auto,,5000,,,,,,,false,true,17,12,4,0,4,8,5,0.23529411764705882,0.47058823529411764,0.29411764705882354,0.7058823529411765,0.0,0.0,2
1609480,1609652,worker,321.7294945716858,False,hdf5,h5_tr_210.py,210,stream,M2,512,1,64,/pscratch/sd/s/satt/sprints/data/converted_10M/mc_normalized_rntuple_10M_30.h5,,auto,,5000,,,,,,,false,true,19,13,4,0,4,9,6,0.21052631578947367,0.47368421052631576,0.3157894736842105,0.6842105263157895,0.0,0.0,2
1609480,1609653,worker,321.72304368019104,False,hdf5,h5_tr_210.py,210,stream,M2,512,1,64,/pscratch/sd/s/satt/sprints/data/converted_10M/mc_normalized_rntuple_10M_30.h5,,auto,,5000,,,,,,,false,true,17,12,4,0,4,8,5,0.23529411764705882,0.47058823529411764,0.29411764705882354,0.7058823529411765,0.0,0.0,2
1609480,1609654,worker,321.7164852619171,False,hdf5,h5_tr_210.py,210,stream,M2,512,1,64,/pscratch/sd/s/satt/sprints/data/converted_10M/mc_normalized_rntuple_10M_30.h5,,auto,,5000,,,,,,,false,true,17,12,4,0,4,8,5,0.23529411764705882,0.47058823529411764,0.29411764705882354,0.7058823529411765,0.0,0.0,2
1609480,1609655,worker,321.7107858657837,False,hdf5,h5_tr_210.py,210,stream,M2,512,1,64,/pscratch/sd/s/satt/sprints/data/converted_10M/mc_normalized_rntuple_10M_30.h5,,auto,,5000,,,,,,,false,true,19,13,4,0,4,9,6,0.21052631578947367,0.47368421052631576,0.3157894736842105,0.6842105263157895,0.0,0.0,2
1609480,1609656,worker,321.69945788383484,False,hdf5,h5_tr_210.py,210,stream,M2,512,1,64,/pscratch/sd/s/satt/sprints/data/converted_10M/mc_normalized_rntuple_10M_30.h5,,auto,,5000,,,,,,,false,true,17,12,4,0,4,8,5,0.23529411764705882,0.47058823529411764,0.29411764705882354,0.7058823529411765,0.0,0.0,2
1609480,1609657,worker,321.70795941352844,False,hdf5,h5_tr_210.py,210,stream,M2,512,1,64,/pscratch/sd/s/satt/sprints/data/converted_10M/mc_normalized_rntuple_10M_30.h5,,auto,,5000,,,,,,,false,true,17,12,4,0,4,8,5,0.23529411764705882,0.47058823529411764,0.29411764705882354,0.7058823529411765,0.0,0.0,2
1609480,1609658,worker,321.6835083961487,False,hdf5,h5_tr_210.py,210,stream,M2,512,1,64,/pscratch/sd/s/satt/sprints/data/converted_10M/mc_normalized_rntuple_10M_30.h5,,auto,,5000,,,,,,,false,true,19,13,4,0,4,9,6,0.21052631578947367,0.47368421052631576,0.3157894736842105,0.6842105263157895,0.0,0.0,2
1609480,1609659,worker,321.6864333152771,False,hdf5,h5_tr_210.py,210,stream,M2,512,1,64,/pscratch/sd/s/satt/sprints/data/converted_10M/mc_normalized_rntuple_10M_30.h5,,auto,,5000,,,,,,,false,true,17,12,4,0,4,8,5,0.23529411764705882,0.47058823529411764,0.29411764705882354,0.7058823529411765,0.0,0.0,2
1609480,1609660,worker,321.6791591644287,False,hdf5,h5_tr_210.py,210,stream,M2,512,1,64,/pscratch/sd/s/satt/sprints/data/converted_10M/mc_normalized_rntuple_10M_30.h5,,auto,,5000,,,,,,,false,true,17,12,4,0,4,8,5,0.23529411764705882,0.47058823529411764,0.29411764705882354,0.7058823529411765,0.0,0.0,2
1609480,1609661,worker,321.67438411712646,False,hdf5,h5_tr_210.py,210,stream,M2,512,1,64,/pscratch/sd/s/satt/sprints/data/converted_10M/mc_normalized_rntuple_10M_30.h5,,auto,,5000,,,,,,,false,true,19,13,4,0,4,9,6,0.21052631578947367,0.47368421052631576,0.3157894736842105,0.6842105263157895,0.0,0.0,2
1609480,1609662,worker,321.6723110675812,False,hdf5,h5_tr_210.py,210,stream,M2,512,1,64,/pscratch/sd/s/satt/sprints/data/converted_10M/mc_normalized_rntuple_10M_30.h5,,auto,,5000,,,,,,,false,true,17,12,4,0,4,8,5,0.23529411764705882,0.47058823529411764,0.29411764705882354,0.7058823529411765,0.0,0.0,2
1609480,1609663,worker,321.66221380233765,False,hdf5,h5_tr_210.py,210,stream,M2,512,1,64,/pscratch/sd/s/satt/sprints/data/converted_10M/mc_normalized_rntuple_10M_30.h5,,auto,,5000,,,,,,,false,true,17,12,4,0,4,8,5,0.23529411764705882,0.47058823529411764,0.29411764705882354,0.7058823529411765,0.0,0.0,2
1609480,1609664,worker,321.66020941734314,False,hdf5,h5_tr_210.py,210,stream,M2,512,1,64,/pscratch/sd/s/satt/sprints/data/converted_10M/mc_normalized_rntuple_10M_30.h5,,auto,,5000,,,,,,,false,true,19,13,4,0,4,9,6,0.21052631578947367,0.47368421052631576,0.3157894736842105,0.6842105263157895,0.0,0.0,2
1609480,1609665,worker,321.65021085739136,False,hdf5,h5_tr_210.py,210,stream,M2,512,1,64,/pscratch/sd/s/satt/sprints/data/converted_10M/mc_normalized_rntuple_10M_30.h5,,auto,,5000,,,,,,,false,true,17,12,4,0,4,8,5,0.23529411764705882,0.47058823529411764,0.29411764705882354,0.7058823529411765,0.0,0.0,2
1609480,1609666,worker,321.64890122413635,False,hdf5,h5_tr_210.py,210,stream,M2,512,1,64,/pscratch/sd/s/satt/sprints/data/converted_10M/mc_normalized_rntuple_10M_30.h5,,auto,,5000,,,,,,,false,true,17,12,4,0,4,8,5,0.23529411764705882,0.47058823529411764,0.29411764705882354,0.7058823529411765,0.0,0.0,2
1609480,1609667,worker,321.63193225860596,False,hdf5,h5_tr_210.py,210,stream,M2,512,1,64,/pscratch/sd/s/satt/sprints/data/converted_10M/mc_normalized_rntuple_10M_30.h5,,auto,,5000,,,,,,,false,true,19,13,4,0,4,9,6,0.21052631578947367,0.47368421052631576,0.3157894736842105,0.6842105263157895,0.0,0.0,2
1609480,1609668,worker,321.62110924720764,False,hdf5,h5_tr_210.py,210,stream,M2,512,1,64,/pscratch/sd/s/satt/sprints/data/converted_10M/mc_normalized_rntuple_10M_30.h5,,auto,,5000,,,,,,,false,true,17,12,4,0,4,8,5,0.23529411764705882,0.47058823529411764,0.29411764705882354,0.7058823529411765,0.0,0.0,2
1609480,1609669,worker,321.6296181678772,False,hdf5,h5_tr_210.py,210,stream,M2,512,1,64,/pscratch/sd/s/satt/sprints/data/converted_10M/mc_normalized_rntuple_10M_30.h5,,auto,,5000,,,,,,,false,true,17,12,4,0,4,8,5,0.23529411764705882,0.47058823529411764,0.29411764705882354,0.7058823529411765,0.0,0.0,2
1609480,1609670,worker,321.6189720630646,False,hdf5,h5_tr_210.py,210,stream,M2,512,1,64,/pscratch/sd/s/satt/sprints/data/converted_10M/mc_normalized_rntuple_10M_30.h5,,auto,,5000,,,,,,,false,true,19,13,4,0,4,9,6,0.21052631578947367,0.47368421052631576,0.3157894736842105,0.6842105263157895,0.0,0.0,2
1609480,1609671,worker,321.61245226860046,False,hdf5,h5_tr_210.py,210,stream,M2,512,1,64,/pscratch/sd/s/satt/sprints/data/converted_10M/mc_normalized_rntuple_10M_30.h5,,auto,,5000,,,,,,,false,true,17,12,4,0,4,8,5,0.23529411764705882,0.47058823529411764,0.29411764705882354,0.7058823529411765,0.0,0.0,2
1609480,1609672,worker,321.6069881916046,False,hdf5,h5_tr_210.py,210,stream,M2,512,1,64,/pscratch/sd/s/satt/sprints/data/converted_10M/mc_normalized_rntuple_10M_30.h5,,auto,,5000,,,,,,,false,true,21,13,4,0,4,9,8,0.19047619047619047,0.42857142857142855,0.38095238095238093,0.6190476190476191,0.0,0.0,2
1609480,1609673,worker,321.5892722606659,False,hdf5,h5_tr_210.py,210,stream,M2,512,1,64,/pscratch/sd/s/satt/sprints/data/converted_10M/mc_normalized_rntuple_10M_30.h5,,auto,,5000,,,,,,,false,true,17,10,4,0,4,6,7,0.23529411764705882,0.35294117647058826,0.4117647058823529,0.5882352941176471,0.0,0.0,2
1609480,1609674,worker,321.59506916999817,False,hdf5,h5_tr_210.py,210,stream,M2,512,1,64,/pscratch/sd/s/satt/sprints/data/converted_10M/mc_normalized_rntuple_10M_30.h5,,auto,,5000,,,,,,,false,true,17,10,4,0,4,6,7,0.23529411764705882,0.35294117647058826,0.4117647058823529,0.5882352941176471,0.0,0.0,2
1609480,1609675,worker,321.59522771835327,False,hdf5,h5_tr_210.py,210,stream,M2,512,1,64,/pscratch/sd/s/satt/sprints/data/converted_10M/mc_normalized_rntuple_10M_30.h5,,auto,,5000,,,,,,,false,true,19,11,4,0,4,7,8,0.21052631578947367,0.3684210526315789,0.42105263157894735,0.5789473684210527,0.0,0.0,2
1609480,1609676,worker,321.57664155960083,False,hdf5,h5_tr_210.py,210,stream,M2,512,1,64,/pscratch/sd/s/satt/sprints/data/converted_10M/mc_normalized_rntuple_10M_30.h5,,auto,,5000,,,,,,,false,true,17,10,4,0,4,6,7,0.23529411764705882,0.35294117647058826,0.4117647058823529,0.5882352941176471,0.0,0.0,2
1609480,1609677,worker,321.58060026168823,False,hdf5,h5_tr_210.py,210,stream,M2,512,1,64,/pscratch/sd/s/satt/sprints/data/converted_10M/mc_normalized_rntuple_10M_30.h5,,auto,,5000,,,,,,,false,true,17,10,4,0,4,6,7,0.23529411764705882,0.35294117647058826,0.4117647058823529,0.5882352941176471,0.0,0.0,2
1609480,1609678,worker,321.5750014781952,False,hdf5,h5_tr_210.py,210,stream,M2,512,1,64,/pscratch/sd/s/satt/sprints/data/converted_10M/mc_normalized_rntuple_10M_30.h5,,auto,,5000,,,,,,,false,true,19,11,4,0,4,7,8,0.21052631578947367,0.3684210526315789,0.42105263157894735,0.5789473684210527,0.0,0.0,2
1609480,1609679,worker,321.5615200996399,False,hdf5,h5_tr_210.py,210,stream,M2,512,1,64,/pscratch/sd/s/satt/sprints/data/converted_10M/mc_normalized_rntuple_10M_30.h5,,auto,,5000,,,,,,,false,true,17,12,6,0,6,6,5,0.35294117647058826,0.35294117647058826,0.29411764705882354,0.7058823529411765,0.0,0.0,2
1609480,1609680,worker,321.5710458755493,False,hdf5,h5_tr_210.py,210,stream,M2,512,1,64,/pscratch/sd/s/satt/sprints/data/converted_10M/mc_normalized_rntuple_10M_30.h5,,auto,,5000,,,,,,,false,true,17,12,4,0,4,8,5,0.23529411764705882,0.47058823529411764,0.29411764705882354,0.7058823529411765,0.0,0.0,2
1609480,1609681,worker,321.55848503112793,False,hdf5,h5_tr_210.py,210,stream,M2,512,1,64,/pscratch/sd/s/satt/sprints/data/converted_10M/mc_normalized_rntuple_10M_30.h5,,auto,,5000,,,,,,,false,true,19,13,4,0,4,9,6,0.21052631578947367,0.47368421052631576,0.3157894736842105,0.6842105263157895,0.0,0.0,2
1609480,1609682,worker,321.55149102211,False,hdf5,h5_tr_210.py,210,stream,M2,512,1,64,/pscratch/sd/s/satt/sprints/data/converted_10M/mc_normalized_rntuple_10M_30.h5,,auto,,5000,,,,,,,false,true,17,12,4,0,4,8,5,0.23529411764705882,0.47058823529411764,0.29411764705882354,0.7058823529411765,0.0,0.0,2
1609480,1609683,worker,321.5428261756897,False,hdf5,h5_tr_210.py,210,stream,M2,512,1,64,/pscratch/sd/s/satt/sprints/data/converted_10M/mc_normalized_rntuple_10M_30.h5,,auto,,5000,,,,,,,false,true,17,12,4,0,4,8,5,0.23529411764705882,0.47058823529411764,0.29411764705882354,0.7058823529411765,0.0,0.0,2
1609480,1609684,worker,321.536568403244,False,hdf5,h5_tr_210.py,210,stream,M2,512,1,64,/pscratch/sd/s/satt/sprints/data/converted_10M/mc_normalized_rntuple_10M_30.h5,,auto,,5000,,,,,,,false,true,19,13,4,0,4,9,6,0.21052631578947367,0.47368421052631576,0.3157894736842105,0.6842105263157895,0.0,0.0,2
1609480,1609685,worker,321.5297269821167,False,hdf5,h5_tr_210.py,210,stream,M2,512,1,64,/pscratch/sd/s/satt/sprints/data/converted_10M/mc_normalized_rntuple_10M_30.h5,,auto,,5000,,,,,,,false,true,17,12,4,0,4,8,5,0.23529411764705882,0.47058823529411764,0.29411764705882354,0.7058823529411765,0.0,0.0,2
1609480,1609686,worker,321.5247712135315,False,hdf5,h5_tr_210.py,210,stream,M2,512,1,64,/pscratch/sd/s/satt/sprints/data/converted_10M/mc_normalized_rntuple_10M_30.h5,,auto,,5000,,,,,,,false,true,17,12,4,0,4,8,5,0.23529411764705882,0.47058823529411764,0.29411764705882354,0.7058823529411765,0.0,0.0,2
1609480,1609687,worker,321.5180311203003,False,hdf5,h5_tr_210.py,210,stream,M2,512,1,64,/pscratch/sd/s/satt/sprints/data/converted_10M/mc_normalized_rntuple_10M_30.h5,,auto,,5000,,,,,,,false,true,19,13,4,0,4,9,6,0.21052631578947367,0.47368421052631576,0.3157894736842105,0.6842105263157895,0.0,0.0,2
1609480,1609688,worker,321.4952929019928,False,hdf5,h5_tr_210.py,210,stream,M2,512,1,64,/pscratch/sd/s/satt/sprints/data/converted_10M/mc_normalized_rntuple_10M_30.h5,,auto,,5000,,,,,,,false,true,17,12,4,0,4,8,5,0.23529411764705882,0.47058823529411764,0.29411764705882354,0.7058823529411765,0.0,0.0,2
1609480,1609689,worker,321.509348154068,False,hdf5,h5_tr_210.py,210,stream,M2,512,1,64,/pscratch/sd/s/satt/sprints/data/converted_10M/mc_normalized_rntuple_10M_30.h5,,auto,,5000,,,,,,,false,true,17,12,4,0,4,8,5,0.23529411764705882,0.47058823529411764,0.29411764705882354,0.7058823529411765,0.0,0.0,2
1609480,1609690,worker,321.50592160224915,False,hdf5,h5_tr_210.py,210,stream,M2,512,1,64,/pscratch/sd/s/satt/sprints/data/converted_10M/mc_normalized_rntuple_10M_30.h5,,auto,,5000,,,,,,,false,true,19,13,4,0,4,9,6,0.21052631578947367,0.47368421052631576,0.3157894736842105,0.6842105263157895,0.0,0.0,2
1609480,1609691,worker,321.4969458580017,False,hdf5,h5_tr_210.py,210,stream,M2,512,1,64,/pscratch/sd/s/satt/sprints/data/converted_10M/mc_normalized_rntuple_10M_30.h5,,auto,,5000,,,,,,,false,true,17,12,4,0,4,8,5,0.23529411764705882,0.47058823529411764,0.29411764705882354,0.7058823529411765,0.0,0.0,2
1609480,1609692,worker,321.4914183616638,False,hdf5,h5_tr_210.py,210,stream,M2,512,1,64,/pscratch/sd/s/satt/sprints/data/converted_10M/mc_normalized_rntuple_10M_30.h5,,auto,,5000,,,,,,,false,true,17,12,4,0,4,8,5,0.23529411764705882,0.47058823529411764,0.29411764705882354,0.7058823529411765,0.0,0.0,2
1609480,1609693,worker,321.47480940818787,False,hdf5,h5_tr_210.py,210,stream,M2,512,1,64,/pscratch/sd/s/satt/sprints/data/converted_10M/mc_normalized_rntuple_10M_30.h5,,auto,,5000,,,,,,,false,true,19,13,4,0,4,9,6,0.21052631578947367,0.47368421052631576,0.3157894736842105,0.6842105263157895,0.0,0.0,2
1609480,1609694,worker,321.4677097797394,False,hdf5,h5_tr_210.py,210,stream,M2,512,1,64,/pscratch/sd/s/satt/sprints/data/converted_10M/mc_normalized_rntuple_10M_30.h5,,auto,,5000,,,,,,,false,true,17,12,4,0,4,8,5,0.23529411764705882,0.47058823529411764,0.29411764705882354,0.7058823529411765,0.0,0.0,2
1609480,1609695,worker,321.46777725219727,False,hdf5,h5_tr_210.py,210,stream,M2,512,1,64,/pscratch/sd/s/satt/sprints/data/converted_10M/mc_normalized_rntuple_10M_30.h5,,auto,,5000,,,,,,,false,true,17,12,4,0,4,8,5,0.23529411764705882,0.47058823529411764,0.29411764705882354,0.7058823529411765,0.0,0.0,2
1609480,1609696,worker,321.44465160369873,False,hdf5,h5_tr_210.py,210,stream,M2,512,1,64,/pscratch/sd/s/satt/sprints/data/converted_10M/mc_normalized_rntuple_10M_30.h5,,auto,,5000,,,,,,,false,true,19,13,4,0,4,9,6,0.21052631578947367,0.47368421052631576,0.3157894736842105,0.6842105263157895,0.0,0.0,2
1609480,1609697,worker,321.4585907459259,False,hdf5,h5_tr_210.py,210,stream,M2,512,1,64,/pscratch/sd/s/satt/sprints/data/converted_10M/mc_normalized_rntuple_10M_30.h5,,auto,,5000,,,,,,,false,true,17,12,4,0,4,8,5,0.23529411764705882,0.47058823529411764,0.29411764705882354,0.7058823529411765,0.0,0.0,2
1609480,1609698,worker,321.43877053260803,False,hdf5,h5_tr_210.py,210,stream,M2,512,1,64,/pscratch/sd/s/satt/sprints/data/converted_10M/mc_normalized_rntuple_10M_30.h5,,auto,,5000,,,,,,,false,true,17,12,4,0,4,8,5,0.23529411764705882,0.47058823529411764,0.29411764705882354,0.7058823529411765,0.0,0.0,2
1609480,1609699,worker,321.44993138313293,False,hdf5,h5_tr_210.py,210,stream,M2,512,1,64,/pscratch/sd/s/satt/sprints/data/converted_10M/mc_normalized_rntuple_10M_30.h5,,auto,,5000,,,,,,,false,true,19,13,4,0,4,9,6,0.21052631578947367,0.47368421052631576,0.3157894736842105,0.6842105263157895,0.0,0.0,2
1609480,1609700,worker,321.43995332717896,False,hdf5,h5_tr_210.py,210,stream,M2,512,1,64,/pscratch/sd/s/satt/sprints/data/converted_10M/mc_normalized_rntuple_10M_30.h5,,auto,,5000,,,,,,,false,true,17,12,4,0,4,8,5,0.23529411764705882,0.47058823529411764,0.29411764705882354,0.7058823529411765,0.0,0.0,2
1609480,1609701,worker,321.4330711364746,False,hdf5,h5_tr_210.py,210,stream,M2,512,1,64,/pscratch/sd/s/satt/sprints/data/converted_10M/mc_normalized_rntuple_10M_30.h5,,auto,,5000,,,,,,,false,true,17,12,4,0,4,8,5,0.23529411764705882,0.47058823529411764,0.29411764705882354,0.7058823529411765,0.0,0.0,2
1609480,1609702,worker,321.4070861339569,False,hdf5,h5_tr_210.py,210,stream,M2,512,1,64,/pscratch/sd/s/satt/sprints/data/converted_10M/mc_normalized_rntuple_10M_30.h5,,auto,,5000,,,,,,,false,true,19,13,4,0,4,9,6,0.21052631578947367,0.47368421052631576,0.3157894736842105,0.6842105263157895,0.0,0.0,2
1609480,1609703,worker,321.4109206199646,False,hdf5,h5_tr_210.py,210,stream,M2,512,1,64,/pscratch/sd/s/satt/sprints/data/converted_10M/mc_normalized_rntuple_10M_30.h5,,auto,,5000,,,,,,,false,true,17,12,4,0,4,8,5,0.23529411764705882,0.47058823529411764,0.29411764705882354,0.7058823529411765,0.0,0.0,2
1609480,1609704,worker,321.4138882160187,False,hdf5,h5_tr_210.py,210,stream,M2,512,1,64,/pscratch/sd/s/satt/sprints/data/converted_10M/mc_normalized_rntuple_10M_30.h5,,auto,,5000,,,,,,,false,true,17,12,4,0,4,8,5,0.23529411764705882,0.47058823529411764,0.29411764705882354,0.7058823529411765,0.0,0.0,2
1609480,1609705,worker,321.41170024871826,False,hdf5,h5_tr_210.py,210,stream,M2,512,1,64,/pscratch/sd/s/satt/sprints/data/converted_10M/mc_normalized_rntuple_10M_30.h5,,auto,,5000,,,,,,,false,true,19,13,4,0,4,9,6,0.21052631578947367,0.47368421052631576,0.3157894736842105,0.6842105263157895,0.0,0.0,2
1609480,1609706,worker,321.385719537735,False,hdf5,h5_tr_210.py,210,stream,M2,512,1,64,/pscratch/sd/s/satt/sprints/data/converted_10M/mc_normalized_rntuple_10M_30.h5,,auto,,5000,,,,,,,false,true,17,12,4,0,4,8,5,0.23529411764705882,0.47058823529411764,0.29411764705882354,0.7058823529411765,0.0,0.0,2
1609480,1609707,worker,321.39475893974304,False,hdf5,h5_tr_210.py,210,stream,M2,512,1,64,/pscratch/sd/s/satt/sprints/data/converted_10M/mc_normalized_rntuple_10M_30.h5,,auto,,5000,,,,,,,false,true,17,12,4,0,4,8,5,0.23529411764705882,0.47058823529411764,0.29411764705882354,0.7058823529411765,0.0,0.0,2
1609480,1609708,worker,321.3920147418976,False,hdf5,h5_tr_210.py,210,stream,M2,512,1,64,/pscratch/sd/s/satt/sprints/data/converted_10M/mc_normalized_rntuple_10M_30.h5,,auto,,5000,,,,,,,false,true,19,13,4,0,4,9,6,0.21052631578947367,0.47368421052631576,0.3157894736842105,0.6842105263157895,0.0,0.0,2
1609480,1609709,worker,321.38155794143677,False,hdf5,h5_tr_210.py,210,stream,M2,512,1,64,/pscratch/sd/s/satt/sprints/data/converted_10M/mc_normalized_rntuple_10M_30.h5,,auto,,5000,,,,,,,false,true,17,12,4,0,4,8,5,0.23529411764705882,0.47058823529411764,0.29411764705882354,0.7058823529411765,0.0,0.0,2
1609480,1609710,worker,321.3803005218506,False,hdf5,h5_tr_210.py,210,stream,M2,512,1,64,/pscratch/sd/s/satt/sprints/data/converted_10M/mc_normalized_rntuple_10M_30.h5,,auto,,5000,,,,,,,false,true,17,12,4,0,4,8,5,0.23529411764705882,0.47058823529411764,0.29411764705882354,0.7058823529411765,0.0,0.0,2
1609480,1609711,worker,321.3728668689728,False,hdf5,h5_tr_210.py,210,stream,M2,512,1,64,/pscratch/sd/s/satt/sprints/data/converted_10M/mc_normalized_rntuple_10M_30.h5,,auto,,5000,,,,,,,false,true,19,13,4,0,4,9,6,0.21052631578947367,0.47368421052631576,0.3157894736842105,0.6842105263157895,0.0,0.0,2
1609480,1609712,worker,321.3470859527588,False,hdf5,h5_tr_210.py,210,stream,M2,512,1,64,/pscratch/sd/s/satt/sprints/data/converted_10M/mc_normalized_rntuple_10M_30.h5,,auto,,5000,,,,,,,false,true,17,12,4,0,4,8,5,0.23529411764705882,0.47058823529411764,0.29411764705882354,0.7058823529411765,0.0,0.0,2
1609480,1609713,worker,321.3565547466278,False,hdf5,h5_tr_210.py,210,stream,M2,512,1,64,/pscratch/sd/s/satt/sprints/data/converted_10M/mc_normalized_rntuple_10M_30.h5,,auto,,5000,,,,,,,false,true,17,12,4,0,4,8,5,0.23529411764705882,0.47058823529411764,0.29411764705882354,0.7058823529411765,0.0,0.0,2
1609480,1609714,worker,321.3492410182953,False,hdf5,h5_tr_210.py,210,stream,M2,512,1,64,/pscratch/sd/s/satt/sprints/data/converted_10M/mc_normalized_rntuple_10M_30.h5,,auto,,5000,,,,,,,false,true,19,13,4,0,4,9,6,0.21052631578947367,0.47368421052631576,0.3157894736842105,0.6842105263157895,0.0,0.0,2
1609480,1609715,worker,321.3443615436554,False,hdf5,h5_tr_210.py,210,stream,M2,512,1,64,/pscratch/sd/s/satt/sprints/data/converted_10M/mc_normalized_rntuple_10M_30.h5,,auto,,5000,,,,,,,false,true,19,12,2,0,2,10,7,0.10526315789473684,0.5263157894736842,0.3684210526315789,0.631578947368421,0.0,0.0,2
1609480,1609716,worker,321.34044551849365,False,hdf5,h5_tr_210.py,210,stream,M2,512,1,64,/pscratch/sd/s/satt/sprints/data/converted_10M/mc_normalized_rntuple_10M_30.h5,,auto,,5000,,,,,,,false,true,19,11,4,0,4,7,8,0.21052631578947367,0.3684210526315789,0.42105263157894735,0.5789473684210527,0.0,0.0,2
1609480,1609717,worker,321.33602571487427,False,hdf5,h5_tr_210.py,210,stream,M2,512,1,64,/pscratch/sd/s/satt/sprints/data/converted_10M/mc_normalized_rntuple_10M_30.h5,,auto,,5000,,,,,,,false,true,17,10,4,0,4,6,7,0.23529411764705882,0.35294117647058826,0.4117647058823529,0.5882352941176471,0.0,0.0,2
1609480,1609718,worker,321.3196129798889,False,hdf5,h5_tr_210.py,210,stream,M2,512,1,64,/pscratch/sd/s/satt/sprints/data/converted_10M/mc_normalized_rntuple_10M_30.h5,,auto,,5000,,,,,,,false,true,17,10,4,0,4,6,7,0.23529411764705882,0.35294117647058826,0.4117647058823529,0.5882352941176471,0.0,0.0,2
1609480,1609719,worker,321.319198846817,False,hdf5,h5_tr_210.py,210,stream,M2,512,1,64,/pscratch/sd/s/satt/sprints/data/converted_10M/mc_normalized_rntuple_10M_30.h5,,auto,,5000,,,,,,,false,true,19,11,4,0,4,7,8,0.21052631578947367,0.3684210526315789,0.42105263157894735,0.5789473684210527,0.0,0.0,2
1609480,1609720,worker,321.2903175354004,False,hdf5,h5_tr_210.py,210,stream,M2,512,1,64,/pscratch/sd/s/satt/sprints/data/converted_10M/mc_normalized_rntuple_10M_30.h5,,auto,,5000,,,,,,,false,true,17,10,4,0,4,6,7,0.23529411764705882,0.35294117647058826,0.4117647058823529,0.5882352941176471,0.0,0.0,2
1609480,1609721,worker,321.3132498264313,False,hdf5,h5_tr_210.py,210,stream,M2,512,1,64,/pscratch/sd/s/satt/sprints/data/converted_10M/mc_normalized_rntuple_10M_30.h5,,auto,,5000,,,,,,,false,true,17,10,2,0,2,8,7,0.11764705882352941,0.47058823529411764,0.4117647058823529,0.5882352941176471,0.0,0.0,2
1609480,1609722,worker,321.29816198349,False,hdf5,h5_tr_210.py,210,stream,M2,512,1,64,/pscratch/sd/s/satt/sprints/data/converted_10M/mc_normalized_rntuple_10M_30.h5,,auto,,5000,,,,,,,false,true,19,13,6,0,6,7,6,0.3157894736842105,0.3684210526315789,0.3157894736842105,0.6842105263157895,0.0,0.0,2
1609480,1609723,worker,321.29307103157043,False,hdf5,h5_tr_210.py,210,stream,M2,512,1,64,/pscratch/sd/s/satt/sprints/data/converted_10M/mc_normalized_rntuple_10M_30.h5,,auto,,5000,,,,,,,false,true,17,12,4,0,4,8,5,0.23529411764705882,0.47058823529411764,0.29411764705882354,0.7058823529411765,0.0,0.0,2
1609480,1609724,worker,321.2860817909241,False,hdf5,h5_tr_210.py,210,stream,M2,512,1,64,/pscratch/sd/s/satt/sprints/data/converted_10M/mc_normalized_rntuple_10M_30.h5,,auto,,5000,,,,,,,false,true,17,12,4,0,4,8,5,0.23529411764705882,0.47058823529411764,0.29411764705882354,0.7058823529411765,0.0,0.0,2
1609480,1609725,worker,321.27986669540405,False,hdf5,h5_tr_210.py,210,stream,M2,512,1,64,/pscratch/sd/s/satt/sprints/data/converted_10M/mc_normalized_rntuple_10M_30.h5,,auto,,5000,,,,,,,false,true,19,13,4,0,4,9,6,0.21052631578947367,0.47368421052631576,0.3157894736842105,0.6842105263157895,0.0,0.0,2
1609480,1609726,worker,321.27285838127136,False,hdf5,h5_tr_210.py,210,stream,M2,512,1,64,/pscratch/sd/s/satt/sprints/data/converted_10M/mc_normalized_rntuple_10M_30.h5,,auto,,5000,,,,,,,false,true,17,12,4,0,4,8,5,0.23529411764705882,0.47058823529411764,0.29411764705882354,0.7058823529411765,0.0,0.0,2
1609480,1609727,worker,321.2709491252899,False,hdf5,h5_tr_210.py,210,stream,M2,512,1,64,/pscratch/sd/s/satt/sprints/data/converted_10M/mc_normalized_rntuple_10M_30.h5,,auto,,5000,,,,,,,false,true,17,12,4,0,4,8,5,0.23529411764705882,0.47058823529411764,0.29411764705882354,0.7058823529411765,0.0,0.0,2
1609480,1609728,worker,321.23886489868164,False,hdf5,h5_tr_210.py,210,stream,M2,512,1,64,/pscratch/sd/s/satt/sprints/data/converted_10M/mc_normalized_rntuple_10M_30.h5,,auto,,5000,,,,,,,false,true,19,13,4,0,4,9,6,0.21052631578947367,0.47368421052631576,0.3157894736842105,0.6842105263157895,0.0,0.0,2
1609480,1609729,worker,321.2574472427368,False,hdf5,h5_tr_210.py,210,stream,M2,512,1,64,/pscratch/sd/s/satt/sprints/data/converted_10M/mc_normalized_rntuple_10M_30.h5,,auto,,5000,,,,,,,false,true,17,12,4,0,4,8,5,0.23529411764705882,0.47058823529411764,0.29411764705882354,0.7058823529411765,0.0,0.0,2
1609480,1609730,worker,321.2319984436035,False,hdf5,h5_tr_210.py,210,stream,M2,512,1,64,/pscratch/sd/s/satt/sprints/data/converted_10M/mc_normalized_rntuple_10M_30.h5,,auto,,5000,,,,,,,false,true,17,12,4,0,4,8,5,0.23529411764705882,0.47058823529411764,0.29411764705882354,0.7058823529411765,0.0,0.0,2
1609480,1609731,worker,321.2242124080658,False,hdf5,h5_tr_210.py,210,stream,M2,512,1,64,/pscratch/sd/s/satt/sprints/data/converted_10M/mc_normalized_rntuple_10M_30.h5,,auto,,5000,,,,,,,false,true,19,13,4,0,4,9,6,0.21052631578947367,0.47368421052631576,0.3157894736842105,0.6842105263157895,0.0,0.0,2
1609480,1609732,worker,321.2128052711487,False,hdf5,h5_tr_210.py,210,stream,M2,512,1,64,/pscratch/sd/s/satt/sprints/data/converted_10M/mc_normalized_rntuple_10M_30.h5,,auto,,5000,,,,,,,false,true,17,12,4,0,4,8,5,0.23529411764705882,0.47058823529411764,0.29411764705882354,0.7058823529411765,0.0,0.0,2
1609480,1609733,worker,321.2345049381256,False,hdf5,h5_tr_210.py,210,stream,M2,512,1,64,/pscratch/sd/s/satt/sprints/data/converted_10M/mc_normalized_rntuple_10M_30.h5,,auto,,5000,,,,,,,false,true,17,12,4,0,4,8,5,0.23529411764705882,0.47058823529411764,0.29411764705882354,0.7058823529411765,0.0,0.0,2
1609480,1609734,worker,321.22351002693176,False,hdf5,h5_tr_210.py,210,stream,M2,512,1,64,/pscratch/sd/s/satt/sprints/data/converted_10M/mc_normalized_rntuple_10M_30.h5,,auto,,5000,,,,,,,false,true,19,13,4,0,4,9,6,0.21052631578947367,0.47368421052631576,0.3157894736842105,0.6842105263157895,0.0,0.0,2
1609480,1609735,worker,321.21824741363525,False,hdf5,h5_tr_210.py,210,stream,M2,512,1,64,/pscratch/sd/s/satt/sprints/data/converted_10M/mc_normalized_rntuple_10M_30.h5,,auto,,5000,,,,,,,false,true,17,12,4,0,4,8,5,0.23529411764705882,0.47058823529411764,0.29411764705882354,0.7058823529411765,0.0,0.0,2
1609480,1609736,worker,321.21539974212646,False,hdf5,h5_tr_210.py,210,stream,M2,512,1,64,/pscratch/sd/s/satt/sprints/data/converted_10M/mc_normalized_rntuple_10M_30.h5,,auto,,5000,,,,,,,false,true,17,12,4,0,4,8,5,0.23529411764705882,0.47058823529411764,0.29411764705882354,0.7058823529411765,0.0,0.0,2
1609480,1609737,worker,321.1953010559082,False,hdf5,h5_tr_210.py,210,stream,M2,512,1,64,/pscratch/sd/s/satt/sprints/data/converted_10M/mc_normalized_rntuple_10M_30.h5,,auto,,5000,,,,,,,false,true,19,13,4,0,4,9,6,0.21052631578947367,0.47368421052631576,0.3157894736842105,0.6842105263157895,0.0,0.0,2
1609480,1609738,worker,321.19742345809937,False,hdf5,h5_tr_210.py,210,stream,M2,512,1,64,/pscratch/sd/s/satt/sprints/data/converted_10M/mc_normalized_rntuple_10M_30.h5,,auto,,5000,,,,,,,false,true,17,12,4,0,4,8,5,0.23529411764705882,0.47058823529411764,0.29411764705882354,0.7058823529411765,0.0,0.0,2
1609480,1609739,worker,321.1912806034088,False,hdf5,h5_tr_210.py,210,stream,M2,512,1,64,/pscratch/sd/s/satt/sprints/data/converted_10M/mc_normalized_rntuple_10M_30.h5,,auto,,5000,,,,,,,false,true,17,12,4,0,4,8,5,0.23529411764705882,0.47058823529411764,0.29411764705882354,0.7058823529411765,0.0,0.0,2
1609480,1609740,worker,321.1934745311737,False,hdf5,h5_tr_210.py,210,stream,M2,512,1,64,/pscratch/sd/s/satt/sprints/data/converted_10M/mc_normalized_rntuple_10M_30.h5,,auto,,5000,,,,,,,false,true,19,13,4,0,4,9,6,0.21052631578947367,0.47368421052631576,0.3157894736842105,0.6842105263157895,0.0,0.0,2
1609480,1609741,worker,321.1786570549011,False,hdf5,h5_tr_210.py,210,stream,M2,512,1,64,/pscratch/sd/s/satt/sprints/data/converted_10M/mc_normalized_rntuple_10M_30.h5,,auto,,5000,,,,,,,false,true,17,12,4,0,4,8,5,0.23529411764705882,0.47058823529411764,0.29411764705882354,0.7058823529411765,0.0,0.0,2
1609480,1609742,worker,321.16823077201843,False,hdf5,h5_tr_210.py,210,stream,M2,512,1,64,/pscratch/sd/s/satt/sprints/data/converted_10M/mc_normalized_rntuple_10M_30.h5,,auto,,5000,,,,,,,false,true,17,12,4,0,4,8,5,0.23529411764705882,0.47058823529411764,0.29411764705882354,0.7058823529411765,0.0,0.0,2
1609480,1609743,worker,321.16623044013977,False,hdf5,h5_tr_210.py,210,stream,M2,512,1,64,/pscratch/sd/s/satt/sprints/data/converted_10M/mc_normalized_rntuple_10M_30.h5,,auto,,5000,,,,,,,false,true,19,13,4,0,4,9,6,0.21052631578947367,0.47368421052631576,0.3157894736842105,0.6842105263157895,0.0,0.0,2
1609480,1609744,worker,321.1633126735687,False,hdf5,h5_tr_210.py,210,stream,M2,512,1,64,/pscratch/sd/s/satt/sprints/data/converted_10M/mc_normalized_rntuple_10M_30.h5,,auto,,5000,,,,,,,false,true,17,12,4,0,4,8,5,0.23529411764705882,0.47058823529411764,0.29411764705882354,0.7058823529411765,0.0,0.0,2
1609480,1609745,worker,321.1264097690582,False,hdf5,h5_tr_210.py,210,stream,M2,512,1,64,/pscratch/sd/s/satt/sprints/data/converted_10M/mc_normalized_rntuple_10M_30.h5,,auto,,5000,,,,,,,false,true,17,12,4,0,4,8,5,0.23529411764705882,0.47058823529411764,0.29411764705882354,0.7058823529411765,0.0,0.0,2
1609480,1609746,worker,321.145711183548,False,hdf5,h5_tr_210.py,210,stream,M2,512,1,64,/pscratch/sd/s/satt/sprints/data/converted_10M/mc_normalized_rntuple_10M_30.h5,,auto,,5000,,,,,,,false,true,19,13,4,0,4,9,6,0.21052631578947367,0.47368421052631576,0.3157894736842105,0.6842105263157895,0.0,0.0,2
1609480,1609747,worker,321.12511825561523,False,hdf5,h5_tr_210.py,210,stream,M2,512,1,64,/pscratch/sd/s/satt/sprints/data/converted_10M/mc_normalized_rntuple_10M_30.h5,,auto,,5000,,,,,,,false,true,17,12,4,0,4,8,5,0.23529411764705882,0.47058823529411764,0.29411764705882354,0.7058823529411765,0.0,0.0,2
1609480,1609748,worker,321.1356613636017,False,hdf5,h5_tr_210.py,210,stream,M2,512,1,64,/pscratch/sd/s/satt/sprints/data/converted_10M/mc_normalized_rntuple_10M_30.h5,,auto,,5000,,,,,,,false,true,17,12,4,0,4,8,5,0.23529411764705882,0.47058823529411764,0.29411764705882354,0.7058823529411765,0.0,0.0,2
1609480,1609749,worker,321.1124188899994,False,hdf5,h5_tr_210.py,210,stream,M2,512,1,64,/pscratch/sd/s/satt/sprints/data/converted_10M/mc_normalized_rntuple_10M_30.h5,,auto,,5000,,,,,,,false,true,19,13,4,0,4,9,6,0.21052631578947367,0.47368421052631576,0.3157894736842105,0.6842105263157895,0.0,0.0,2
1609480,1609750,worker,321.1110005378723,False,hdf5,h5_tr_210.py,210,stream,M2,512,1,64,/pscratch/sd/s/satt/sprints/data/converted_10M/mc_normalized_rntuple_10M_30.h5,,auto,,5000,,,,,,,false,true,17,12,4,0,4,8,5,0.23529411764705882,0.47058823529411764,0.29411764705882354,0.7058823529411765,0.0,0.0,2
1609480,1609751,worker,321.11463165283203,False,hdf5,h5_tr_210.py,210,stream,M2,512,1,64,/pscratch/sd/s/satt/sprints/data/converted_10M/mc_normalized_rntuple_10M_30.h5,,auto,,5000,,,,,,,false,true,17,12,4,0,4,8,5,0.23529411764705882,0.47058823529411764,0.29411764705882354,0.7058823529411765,0.0,0.0,2
1609480,1609752,worker,321.106032371521,False,hdf5,h5_tr_210.py,210,stream,M2,512,1,64,/pscratch/sd/s/satt/sprints/data/converted_10M/mc_normalized_rntuple_10M_30.h5,,auto,,5000,,,,,,,false,true,19,13,4,0,4,9,6,0.21052631578947367,0.47368421052631576,0.3157894736842105,0.6842105263157895,0.0,0.0,2
1609480,1609753,worker,321.1003351211548,False,hdf5,h5_tr_210.py,210,stream,M2,512,1,64,/pscratch/sd/s/satt/sprints/data/converted_10M/mc_normalized_rntuple_10M_30.h5,,auto,,5000,,,,,,,false,true,17,12,4,0,4,8,5,0.23529411764705882,0.47058823529411764,0.29411764705882354,0.7058823529411765,0.0,0.0,2
1609480,1609754,worker,321.0965588092804,False,hdf5,h5_tr_210.py,210,stream,M2,512,1,64,/pscratch/sd/s/satt/sprints/data/converted_10M/mc_normalized_rntuple_10M_30.h5,,auto,,5000,,,,,,,false,true,17,12,4,0,4,8,5,0.23529411764705882,0.47058823529411764,0.29411764705882354,0.7058823529411765,0.0,0.0,2
1609480,1609755,worker,321.08797097206116,False,hdf5,h5_tr_210.py,210,stream,M2,512,1,64,/pscratch/sd/s/satt/sprints/data/converted_10M/mc_normalized_rntuple_10M_30.h5,,auto,,5000,,,,,,,false,true,19,13,4,0,4,9,6,0.21052631578947367,0.47368421052631576,0.3157894736842105,0.6842105263157895,0.0,0.0,2
1609480,1609756,worker,321.0806772708893,False,hdf5,h5_tr_210.py,210,stream,M2,512,1,64,/pscratch/sd/s/satt/sprints/data/converted_10M/mc_normalized_rntuple_10M_30.h5,,auto,,5000,,,,,,,false,true,17,12,4,0,4,8,5,0.23529411764705882,0.47058823529411764,0.29411764705882354,0.7058823529411765,0.0,0.0,2
1609480,1609757,worker,321.0493862628937,False,hdf5,h5_tr_210.py,210,stream,M2,512,1,64,/pscratch/sd/s/satt/sprints/data/converted_10M/mc_normalized_rntuple_10M_30.h5,,auto,,5000,,,,,,,false,true,21,13,4,0,4,9,8,0.19047619047619047,0.42857142857142855,0.38095238095238093,0.6190476190476191,0.0,0.0,2
1609480,1609758,worker,321.07429003715515,False,hdf5,h5_tr_210.py,210,stream,M2,512,1,64,/pscratch/sd/s/satt/sprints/data/converted_10M/mc_normalized_rntuple_10M_30.h5,,auto,,5000,,,,,,,false,true,17,10,4,0,4,6,7,0.23529411764705882,0.35294117647058826,0.4117647058823529,0.5882352941176471,0.0,0.0,2
1609480,1609759,worker,321.06208205223083,False,hdf5,h5_tr_210.py,210,stream,M2,512,1,64,/pscratch/sd/s/satt/sprints/data/converted_10M/mc_normalized_rntuple_10M_30.h5,,auto,,5000,,,,,,,false,true,17,10,4,0,4,6,7,0.23529411764705882,0.35294117647058826,0.4117647058823529,0.5882352941176471,0.0,0.0,2
1609480,1609760,worker,321.0545904636383,False,hdf5,h5_tr_210.py,210,stream,M2,512,1,64,/pscratch/sd/s/satt/sprints/data/converted_10M/mc_normalized_rntuple_10M_30.h5,,auto,,5000,,,,,,,false,true,19,11,4,0,4,7,8,0.21052631578947367,0.3684210526315789,0.42105263157894735,0.5789473684210527,0.0,0.0,2
1609480,1609761,worker,321.04869747161865,False,hdf5,h5_tr_210.py,210,stream,M2,512,1,64,/pscratch/sd/s/satt/sprints/data/converted_10M/mc_normalized_rntuple_10M_30.h5,,auto,,5000,,,,,,,false,true,17,10,4,0,4,6,7,0.23529411764705882,0.35294117647058826,0.4117647058823529,0.5882352941176471,0.0,0.0,2
1609480,1609762,worker,321.0421516895294,False,hdf5,h5_tr_210.py,210,stream,M2,512,1,64,/pscratch/sd/s/satt/sprints/data/converted_10M/mc_normalized_rntuple_10M_30.h5,,auto,,5000,,,,,,,false,true,17,10,4,0,4,6,7,0.23529411764705882,0.35294117647058826,0.4117647058823529,0.5882352941176471,0.0,0.0,2
1609480,1609763,worker,321.0386161804199,False,hdf5,h5_tr_210.py,210,stream,M2,512,1,64,/pscratch/sd/s/satt/sprints/data/converted_10M/mc_normalized_rntuple_10M_30.h5,,auto,,5000,,,,,,,false,true,19,11,4,0,4,7,8,0.21052631578947367,0.3684210526315789,0.42105263157894735,0.5789473684210527,0.0,0.0,2
1609480,1609764,worker,321.0222997665405,False,hdf5,h5_tr_210.py,210,stream,M2,512,1,64,/pscratch/sd/s/satt/sprints/data/converted_10M/mc_normalized_rntuple_10M_30.h5,,auto,,5000,,,,,,,false,true,17,12,6,0,6,6,5,0.35294117647058826,0.35294117647058826,0.29411764705882354,0.7058823529411765,0.0,0.0,2
1609480,1609765,worker,321.0253565311432,False,hdf5,h5_tr_210.py,210,stream,M2,512,1,64,/pscratch/sd/s/satt/sprints/data/converted_10M/mc_normalized_rntuple_10M_30.h5,,auto,,5000,,,,,,,false,true,17,12,4,0,4,8,5,0.23529411764705882,0.47058823529411764,0.29411764705882354,0.7058823529411765,0.0,0.0,2
1609480,1609766,worker,321.01849341392517,False,hdf5,h5_tr_210.py,210,stream,M2,512,1,64,/pscratch/sd/s/satt/sprints/data/converted_10M/mc_normalized_rntuple_10M_30.h5,,auto,,5000,,,,,,,false,true,19,13,4,0,4,9,6,0.21052631578947367,0.47368421052631576,0.3157894736842105,0.6842105263157895,0.0,0.0,2
1609480,1609767,worker,320.9830849170685,False,hdf5,h5_tr_210.py,210,stream,M2,512,1,64,/pscratch/sd/s/satt/sprints/data/converted_10M/mc_normalized_rntuple_10M_30.h5,,auto,,5000,,,,,,,false,true,17,12,4,0,4,8,5,0.23529411764705882,0.47058823529411764,0.29411764705882354,0.7058823529411765,0.0,0.0,2
1609480,1609768,worker,320.97996616363525,False,hdf5,h5_tr_210.py,210,stream,M2,512,1,64,/pscratch/sd/s/satt/sprints/data/converted_10M/mc_normalized_rntuple_10M_30.h5,,auto,,5000,,,,,,,false,true,17,12,4,0,4,8,5,0.23529411764705882,0.47058823529411764,0.29411764705882354,0.7058823529411765,0.0,0.0,2
1609480,1609769,worker,320.9748685359955,False,hdf5,h5_tr_210.py,210,stream,M2,512,1,64,/pscratch/sd/s/satt/sprints/data/converted_10M/mc_normalized_rntuple_10M_30.h5,,auto,,5000,,,,,,,false,true,19,13,4,0,4,9,6,0.21052631578947367,0.47368421052631576,0.3157894736842105,0.6842105263157895,0.0,0.0,2
1609480,1609770,worker,320.9729027748108,False,hdf5,h5_tr_210.py,210,stream,M2,512,1,64,/pscratch/sd/s/satt/sprints/data/converted_10M/mc_normalized_rntuple_10M_30.h5,,auto,,5000,,,,,,,false,true,17,12,4,0,4,8,5,0.23529411764705882,0.47058823529411764,0.29411764705882354,0.7058823529411765,0.0,0.0,2
1609480,1609771,worker,320.99024963378906,False,hdf5,h5_tr_210.py,210,stream,M2,512,1,64,/pscratch/sd/s/satt/sprints/data/converted_10M/mc_normalized_rntuple_10M_30.h5,,auto,,5000,,,,,,,false,true,17,12,4,0,4,8,5,0.23529411764705882,0.47058823529411764,0.29411764705882354,0.7058823529411765,0.0,0.0,2
1609480,1609772,worker,320.9498507976532,False,hdf5,h5_tr_210.py,210,stream,M2,512,1,64,/pscratch/sd/s/satt/sprints/data/converted_10M/mc_normalized_rntuple_10M_30.h5,,auto,,5000,,,,,,,false,true,19,13,4,0,4,9,6,0.21052631578947367,0.47368421052631576,0.3157894736842105,0.6842105263157895,0.0,0.0,2
1609480,1609773,worker,320.9717195034027,False,hdf5,h5_tr_210.py,210,stream,M2,512,1,64,/pscratch/sd/s/satt/sprints/data/converted_10M/mc_normalized_rntuple_10M_30.h5,,auto,,5000,,,,,,,false,true,17,12,4,0,4,8,5,0.23529411764705882,0.47058823529411764,0.29411764705882354,0.7058823529411765,0.0,0.0,2
1609480,1609774,worker,320.96459579467773,False,hdf5,h5_tr_210.py,210,stream,M2,512,1,64,/pscratch/sd/s/satt/sprints/data/converted_10M/mc_normalized_rntuple_10M_30.h5,,auto,,5000,,,,,,,false,true,17,12,4,0,4,8,5,0.23529411764705882,0.47058823529411764,0.29411764705882354,0.7058823529411765,0.0,0.0,2
1609480,1609775,worker,320.96924209594727,False,hdf5,h5_tr_210.py,210,stream,M2,512,1,64,/pscratch/sd/s/satt/sprints/data/converted_10M/mc_normalized_rntuple_10M_30.h5,,auto,,5000,,,,,,,false,true,19,13,4,0,4,9,6,0.21052631578947367,0.47368421052631576,0.3157894736842105,0.6842105263157895,0.0,0.0,2
1609480,1609776,worker,320.95243549346924,False,hdf5,h5_tr_210.py,210,stream,M2,512,1,64,/pscratch/sd/s/satt/sprints/data/converted_10M/mc_normalized_rntuple_10M_30.h5,,auto,,5000,,,,,,,false,true,17,12,4,0,4,8,5,0.23529411764705882,0.47058823529411764,0.29411764705882354,0.7058823529411765,0.0,0.0,2
1609480,1609777,worker,320.94591188430786,False,hdf5,h5_tr_210.py,210,stream,M2,512,1,64,/pscratch/sd/s/satt/sprints/data/converted_10M/mc_normalized_rntuple_10M_30.h5,,auto,,5000,,,,,,,false,true,17,12,4,0,4,8,5,0.23529411764705882,0.47058823529411764,0.29411764705882354,0.7058823529411765,0.0,0.0,2
1609480,1609778,worker,320.939790725708,False,hdf5,h5_tr_210.py,210,stream,M2,512,1,64,/pscratch/sd/s/satt/sprints/data/converted_10M/mc_normalized_rntuple_10M_30.h5,,auto,,5000,,,,,,,false,true,19,13,4,0,4,9,6,0.21052631578947367,0.47368421052631576,0.3157894736842105,0.6842105263157895,0.0,0.0,2
1609480,1609779,worker,320.922563791275,False,hdf5,h5_tr_210.py,210,stream,M2,512,1,64,/pscratch/sd/s/satt/sprints/data/converted_10M/mc_normalized_rntuple_10M_30.h5,,auto,,5000,,,,,,,false,true,17,12,4,0,4,8,5,0.23529411764705882,0.47058823529411764,0.29411764705882354,0.7058823529411765,0.0,0.0,2
1609480,1609780,worker,320.93210315704346,False,hdf5,h5_tr_210.py,210,stream,M2,512,1,64,/pscratch/sd/s/satt/sprints/data/converted_10M/mc_normalized_rntuple_10M_30.h5,,auto,,5000,,,,,,,false,true,17,12,4,0,4,8,5,0.23529411764705882,0.47058823529411764,0.29411764705882354,0.7058823529411765,0.0,0.0,2
1609480,1609781,worker,320.9237096309662,False,hdf5,h5_tr_210.py,210,stream,M2,512,1,64,/pscratch/sd/s/satt/sprints/data/converted_10M/mc_normalized_rntuple_10M_30.h5,,auto,,5000,,,,,,,false,true,19,13,4,0,4,9,6,0.21052631578947367,0.47368421052631576,0.3157894736842105,0.6842105263157895,0.0,0.0,2
1609480,1609782,worker,320.91546988487244,False,hdf5,h5_tr_210.py,210,stream,M2,512,1,64,/pscratch/sd/s/satt/sprints/data/converted_10M/mc_normalized_rntuple_10M_30.h5,,auto,,5000,,,,,,,false,true,17,12,4,0,4,8,5,0.23529411764705882,0.47058823529411764,0.29411764705882354,0.7058823529411765,0.0,0.0,2
1609480,1609783,worker,320.8917510509491,False,hdf5,h5_tr_210.py,210,stream,M2,512,1,64,/pscratch/sd/s/satt/sprints/data/converted_10M/mc_normalized_rntuple_10M_30.h5,,auto,,5000,,,,,,,false,true,17,12,4,0,4,8,5,0.23529411764705882,0.47058823529411764,0.29411764705882354,0.7058823529411765,0.0,0.0,2
1609480,1609784,worker,320.90028142929077,False,hdf5,h5_tr_210.py,210,stream,M2,512,1,64,/pscratch/sd/s/satt/sprints/data/converted_10M/mc_normalized_rntuple_10M_30.h5,,auto,,5000,,,,,,,false,true,19,13,4,0,4,9,6,0.21052631578947367,0.47368421052631576,0.3157894736842105,0.6842105263157895,0.0,0.0,2
1609480,1609785,worker,320.89073872566223,False,hdf5,h5_tr_210.py,210,stream,M2,512,1,64,/pscratch/sd/s/satt/sprints/data/converted_10M/mc_normalized_rntuple_10M_30.h5,,auto,,5000,,,,,,,false,true,17,12,4,0,4,8,5,0.23529411764705882,0.47058823529411764,0.29411764705882354,0.7058823529411765,0.0,0.0,2
1609480,1609786,worker,320.88500475883484,False,hdf5,h5_tr_210.py,210,stream,M2,512,1,64,/pscratch/sd/s/satt/sprints/data/converted_10M/mc_normalized_rntuple_10M_30.h5,,auto,,5000,,,,,,,false,true,17,12,4,0,4,8,5,0.23529411764705882,0.47058823529411764,0.29411764705882354,0.7058823529411765,0.0,0.0,2
1609480,1609787,worker,320.85450530052185,False,hdf5,h5_tr_210.py,210,stream,M2,512,1,64,/pscratch/sd/s/satt/sprints/data/converted_10M/mc_normalized_rntuple_10M_30.h5,,auto,,5000,,,,,,,false,true,19,13,4,0,4,9,6,0.21052631578947367,0.47368421052631576,0.3157894736842105,0.6842105263157895,0.0,0.0,2
1609480,1609788,worker,320.8424508571625,False,hdf5,h5_tr_210.py,210,stream,M2,512,1,64,/pscratch/sd/s/satt/sprints/data/converted_10M/mc_normalized_rntuple_10M_30.h5,,auto,,5000,,,,,,,false,true,17,12,4,0,4,8,5,0.23529411764705882,0.47058823529411764,0.29411764705882354,0.7058823529411765,0.0,0.0,2
1609480,1609789,worker,320.8657371997833,False,hdf5,h5_tr_210.py,210,stream,M2,512,1,64,/pscratch/sd/s/satt/sprints/data/converted_10M/mc_normalized_rntuple_10M_30.h5,,auto,,5000,,,,,,,false,true,17,12,4,0,4,8,5,0.23529411764705882,0.47058823529411764,0.29411764705882354,0.7058823529411765,0.0,0.0,2
1609480,1609790,worker,320.85821437835693,False,hdf5,h5_tr_210.py,210,stream,M2,512,1,64,/pscratch/sd/s/satt/sprints/data/converted_10M/mc_normalized_rntuple_10M_30.h5,,auto,,5000,,,,,,,false,true,19,13,4,0,4,9,6,0.21052631578947367,0.47368421052631576,0.3157894736842105,0.6842105263157895,0.0,0.0,2
1609480,1609791,worker,320.85920810699463,False,hdf5,h5_tr_210.py,210,stream,M2,512,1,64,/pscratch/sd/s/satt/sprints/data/converted_10M/mc_normalized_rntuple_10M_30.h5,,auto,,5000,,,,,,,false,true,17,12,4,0,4,8,5,0.23529411764705882,0.47058823529411764,0.29411764705882354,0.7058823529411765,0.0,0.0,2
1609480,1609792,worker,320.8484842777252,False,hdf5,h5_tr_210.py,210,stream,M2,512,1,64,/pscratch/sd/s/satt/sprints/data/converted_10M/mc_normalized_rntuple_10M_30.h5,,auto,,5000,,,,,,,false,true,17,12,4,0,4,8,5,0.23529411764705882,0.47058823529411764,0.29411764705882354,0.7058823529411765,0.0,0.0,2
1609480,1609793,worker,320.8434262275696,False,hdf5,h5_tr_210.py,210,stream,M2,512,1,64,/pscratch/sd/s/satt/sprints/data/converted_10M/mc_normalized_rntuple_10M_30.h5,,auto,,5000,,,,,,,false,true,19,13,4,0,4,9,6,0.21052631578947367,0.47368421052631576,0.3157894736842105,0.6842105263157895,0.0,0.0,2
1609480,1609794,worker,320.8013310432434,False,hdf5,h5_tr_210.py,210,stream,M2,512,1,64,/pscratch/sd/s/satt/sprints/data/converted_10M/mc_normalized_rntuple_10M_30.h5,,auto,,5000,,,,,,,false,true,17,12,4,0,4,8,5,0.23529411764705882,0.47058823529411764,0.29411764705882354,0.7058823529411765,0.0,0.0,2
1609480,1609795,worker,320.815146446228,False,hdf5,h5_tr_210.py,210,stream,M2,512,1,64,/pscratch/sd/s/satt/sprints/data/converted_10M/mc_normalized_rntuple_10M_30.h5,,auto,,5000,,,,,,,false,true,17,12,4,0,4,8,5,0.23529411764705882,0.47058823529411764,0.29411764705882354,0.7058823529411765,0.0,0.0,2
1609480,1609796,worker,320.79377579689026,False,hdf5,h5_tr_210.py,210,stream,M2,512,1,64,/pscratch/sd/s/satt/sprints/data/converted_10M/mc_normalized_rntuple_10M_30.h5,,auto,,5000,,,,,,,false,true,19,13,4,0,4,9,6,0.21052631578947367,0.47368421052631576,0.3157894736842105,0.6842105263157895,0.0,0.0,2
1609480,1609797,worker,320.81011414527893,False,hdf5,h5_tr_210.py,210,stream,M2,512,1,64,/pscratch/sd/s/satt/sprints/data/converted_10M/mc_normalized_rntuple_10M_30.h5,,auto,,5000,,,,,,,false,true,17,12,4,0,4,8,5,0.23529411764705882,0.47058823529411764,0.29411764705882354,0.7058823529411765,0.0,0.0,2
1609480,1609798,worker,320.8059380054474,False,hdf5,h5_tr_210.py,210,stream,M2,512,1,64,/pscratch/sd/s/satt/sprints/data/converted_10M/mc_normalized_rntuple_10M_30.h5,,auto,,5000,,,,,,,false,true,17,12,4,0,4,8,5,0.23529411764705882,0.47058823529411764,0.29411764705882354,0.7058823529411765,0.0,0.0,2
1609480,1609799,worker,320.8023798465729,False,hdf5,h5_tr_210.py,210,stream,M2,512,1,64,/pscratch/sd/s/satt/sprints/data/converted_10M/mc_normalized_rntuple_10M_30.h5,,auto,,5000,,,,,,,false,true,19,13,4,0,4,9,6,0.21052631578947367,0.47368421052631576,0.3157894736842105,0.6842105263157895,0.0,0.0,2
1609480,1609800,worker,320.79273867607117,False,hdf5,h5_tr_210.py,210,stream,M2,512,1,64,/pscratch/sd/s/satt/sprints/data/converted_10M/mc_normalized_rntuple_10M_30.h5,,auto,,5000,,,,,,,false,true,19,12,2,0,2,10,7,0.10526315789473684,0.5263157894736842,0.3684210526315789,0.631578947368421,0.0,0.0,2
1609480,1609801,worker,320.79127979278564,False,hdf5,h5_tr_210.py,210,stream,M2,512,1,64,/pscratch/sd/s/satt/sprints/data/converted_10M/mc_normalized_rntuple_10M_30.h5,,auto,,5000,,,,,,,false,true,19,11,4,0,4,7,8,0.21052631578947367,0.3684210526315789,0.42105263157894735,0.5789473684210527,0.0,0.0,2
1609480,1609802,worker,320.782594203949,False,hdf5,h5_tr_210.py,210,stream,M2,512,1,64,/pscratch/sd/s/satt/sprints/data/converted_10M/mc_normalized_rntuple_10M_30.h5,,auto,,5000,,,,,,,false,true,17,10,4,0,4,6,7,0.23529411764705882,0.35294117647058826,0.4117647058823529,0.5882352941176471,0.0,0.0,2
1609480,1609803,worker,320.7669131755829,False,hdf5,h5_tr_210.py,210,stream,M2,512,1,64,/pscratch/sd/s/satt/sprints/data/converted_10M/mc_normalized_rntuple_10M_30.h5,,auto,,5000,,,,,,,false,true,17,10,4,0,4,6,7,0.23529411764705882,0.35294117647058826,0.4117647058823529,0.5882352941176471,0.0,0.0,2
1609480,1609804,worker,320.7637393474579,False,hdf5,h5_tr_210.py,210,stream,M2,512,1,64,/pscratch/sd/s/satt/sprints/data/converted_10M/mc_normalized_rntuple_10M_30.h5,,auto,,5000,,,,,,,false,true,19,11,4,0,4,7,8,0.21052631578947367,0.3684210526315789,0.42105263157894735,0.5789473684210527,0.0,0.0,2
1609480,1609805,worker,320.7622718811035,False,hdf5,h5_tr_210.py,210,stream,M2,512,1,64,/pscratch/sd/s/satt/sprints/data/converted_10M/mc_normalized_rntuple_10M_30.h5,,auto,,5000,,,,,,,false,true,17,10,4,0,4,6,7,0.23529411764705882,0.35294117647058826,0.4117647058823529,0.5882352941176471,0.0,0.0,2
1609480,1609806,worker,320.7200503349304,False,hdf5,h5_tr_210.py,210,stream,M2,512,1,64,/pscratch/sd/s/satt/sprints/data/converted_10M/mc_normalized_rntuple_10M_30.h5,,auto,,5000,,,,,,,false,true,17,10,2,0,2,8,7,0.11764705882352941,0.47058823529411764,0.4117647058823529,0.5882352941176471,0.0,0.0,2
1609480,1609807,worker,320.71735310554504,False,hdf5,h5_tr_210.py,210,stream,M2,512,1,64,/pscratch/sd/s/satt/sprints/data/converted_10M/mc_normalized_rntuple_10M_30.h5,,auto,,5000,,,,,,,false,true,19,13,6,0,6,7,6,0.3157894736842105,0.3684210526315789,0.3157894736842105,0.6842105263157895,0.0,0.0,2
1609480,1609808,worker,320.73968052864075,False,hdf5,h5_tr_210.py,210,stream,M2,512,1,64,/pscratch/sd/s/satt/sprints/data/converted_10M/mc_normalized_rntuple_10M_30.h5,,auto,,5000,,,,,,,false,true,17,12,4,0,4,8,5,0.23529411764705882,0.47058823529411764,0.29411764705882354,0.7058823529411765,0.0,0.0,2
1609480,1609809,worker,320.7286512851715,False,hdf5,h5_tr_210.py,210,stream,M2,512,1,64,/pscratch/sd/s/satt/sprints/data/converted_10M/mc_normalized_rntuple_10M_30.h5,,auto,,5000,,,,,,,false,true,17,12,4,0,4,8,5,0.23529411764705882,0.47058823529411764,0.29411764705882354,0.7058823529411765,0.0,0.0,2
1609480,1609810,worker,320.7022783756256,False,hdf5,h5_tr_210.py,210,stream,M2,512,1,64,/pscratch/sd/s/satt/sprints/data/converted_10M/mc_normalized_rntuple_10M_30.h5,,auto,,5000,,,,,,,false,true,19,13,4,0,4,9,6,0.21052631578947367,0.47368421052631576,0.3157894736842105,0.6842105263157895,0.0,0.0,2
1609480,1609811,worker,320.7190160751343,False,hdf5,h5_tr_210.py,210,stream,M2,512,1,64,/pscratch/sd/s/satt/sprints/data/converted_10M/mc_normalized_rntuple_10M_30.h5,,auto,,5000,,,,,,,false,true,17,12,4,0,4,8,5,0.23529411764705882,0.47058823529411764,0.29411764705882354,0.7058823529411765,0.0,0.0,2
1609480,1609812,worker,320.7092115879059,False,hdf5,h5_tr_210.py,210,stream,M2,512,1,64,/pscratch/sd/s/satt/sprints/data/converted_10M/mc_normalized_rntuple_10M_30.h5,,auto,,5000,,,,,,,false,true,17,12,4,0,4,8,5,0.23529411764705882,0.47058823529411764,0.29411764705882354,0.7058823529411765,0.0,0.0,2
1609480,1609813,worker,320.7082931995392,False,hdf5,h5_tr_210.py,210,stream,M2,512,1,64,/pscratch/sd/s/satt/sprints/data/converted_10M/mc_normalized_rntuple_10M_30.h5,,auto,,5000,,,,,,,false,true,19,13,4,0,4,9,6,0.21052631578947367,0.47368421052631576,0.3157894736842105,0.6842105263157895,0.0,0.0,2
1609480,1609814,worker,320.69452118873596,False,hdf5,h5_tr_210.py,210,stream,M2,512,1,64,/pscratch/sd/s/satt/sprints/data/converted_10M/mc_normalized_rntuple_10M_30.h5,,auto,,5000,,,,,,,false,true,17,12,4,0,4,8,5,0.23529411764705882,0.47058823529411764,0.29411764705882354,0.7058823529411765,0.0,0.0,2
1609480,1609815,worker,320.6669690608978,False,hdf5,h5_tr_210.py,210,stream,M2,512,1,64,/pscratch/sd/s/satt/sprints/data/converted_10M/mc_normalized_rntuple_10M_30.h5,,auto,,5000,,,,,,,false,true,17,12,4,0,4,8,5,0.23529411764705882,0.47058823529411764,0.29411764705882354,0.7058823529411765,0.0,0.0,2
1609480,1609816,worker,320.6496353149414,False,hdf5,h5_tr_210.py,210,stream,M2,512,1,64,/pscratch/sd/s/satt/sprints/data/converted_10M/mc_normalized_rntuple_10M_30.h5,,auto,,5000,,,,,,,false,true,19,13,4,0,4,9,6,0.21052631578947367,0.47368421052631576,0.3157894736842105,0.6842105263157895,0.0,0.0,2
1609480,1609817,worker,320.6595356464386,False,hdf5,h5_tr_210.py,210,stream,M2,512,1,64,/pscratch/sd/s/satt/sprints/data/converted_10M/mc_normalized_rntuple_10M_30.h5,,auto,,5000,,,,,,,false,true,17,12,4,0,4,8,5,0.23529411764705882,0.47058823529411764,0.29411764705882354,0.7058823529411765,0.0,0.0,2
1609480,1609818,worker,320.67049837112427,False,hdf5,h5_tr_210.py,210,stream,M2,512,1,64,/pscratch/sd/s/satt/sprints/data/converted_10M/mc_normalized_rntuple_10M_30.h5,,auto,,5000,,,,,,,false,true,17,12,4,0,4,8,5,0.23529411764705882,0.47058823529411764,0.29411764705882354,0.7058823529411765,0.0,0.0,2
1609480,1609819,worker,320.6638560295105,False,hdf5,h5_tr_210.py,210,stream,M2,512,1,64,/pscratch/sd/s/satt/sprints/data/converted_10M/mc_normalized_rntuple_10M_30.h5,,auto,,5000,,,,,,,false,true,19,13,4,0,4,9,6,0.21052631578947367,0.47368421052631576,0.3157894736842105,0.6842105263157895,0.0,0.0,2
1609480,1609820,worker,320.6572530269623,False,hdf5,h5_tr_210.py,210,stream,M2,512,1,64,/pscratch/sd/s/satt/sprints/data/converted_10M/mc_normalized_rntuple_10M_30.h5,,auto,,5000,,,,,,,false,true,17,12,4,0,4,8,5,0.23529411764705882,0.47058823529411764,0.29411764705882354,0.7058823529411765,0.0,0.0,2
1609480,1609821,worker,320.6147954463959,False,hdf5,h5_tr_210.py,210,stream,M2,512,1,64,/pscratch/sd/s/satt/sprints/data/converted_10M/mc_normalized_rntuple_10M_30.h5,,auto,,5000,,,,,,,false,true,17,12,4,0,4,8,5,0.23529411764705882,0.47058823529411764,0.29411764705882354,0.7058823529411765,0.0,0.0,2
1609480,1609822,worker,320.6486005783081,False,hdf5,h5_tr_210.py,210,stream,M2,512,1,64,/pscratch/sd/s/satt/sprints/data/converted_10M/mc_normalized_rntuple_10M_30.h5,,auto,,5000,,,,,,,false,true,19,13,4,0,4,9,6,0.21052631578947367,0.47368421052631576,0.3157894736842105,0.6842105263157895,0.0,0.0,2
1609480,1609823,worker,320.61197996139526,False,hdf5,h5_tr_210.py,210,stream,M2,512,1,64,/pscratch/sd/s/satt/sprints/data/converted_10M/mc_normalized_rntuple_10M_30.h5,,auto,,5000,,,,,,,false,true,17,12,4,0,4,8,5,0.23529411764705882,0.47058823529411764,0.29411764705882354,0.7058823529411765,0.0,0.0,2
1609480,1609824,worker,320.62859535217285,False,hdf5,h5_tr_210.py,210,stream,M2,512,1,64,/pscratch/sd/s/satt/sprints/data/converted_10M/mc_normalized_rntuple_10M_30.h5,,auto,,5000,,,,,,,false,true,17,12,4,0,4,8,5,0.23529411764705882,0.47058823529411764,0.29411764705882354,0.7058823529411765,0.0,0.0,2
1609480,1609825,worker,320.6233124732971,False,hdf5,h5_tr_210.py,210,stream,M2,512,1,64,/pscratch/sd/s/satt/sprints/data/converted_10M/mc_normalized_rntuple_10M_30.h5,,auto,,5000,,,,,,,false,true,19,13,4,0,4,9,6,0.21052631578947367,0.47368421052631576,0.3157894736842105,0.6842105263157895,0.0,0.0,2
1609480,1609826,worker,320.6137640476227,False,hdf5,h5_tr_210.py,210,stream,M2,512,1,64,/pscratch/sd/s/satt/sprints/data/converted_10M/mc_normalized_rntuple_10M_30.h5,,auto,,5000,,,,,,,false,true,17,12,4,0,4,8,5,0.23529411764705882,0.47058823529411764,0.29411764705882354,0.7058823529411765,0.0,0.0,2
1609480,1609827,worker,320.6149878501892,False,hdf5,h5_tr_210.py,210,stream,M2,512,1,64,/pscratch/sd/s/satt/sprints/data/converted_10M/mc_normalized_rntuple_10M_30.h5,,auto,,5000,,,,,,,false,true,17,12,4,0,4,8,5,0.23529411764705882,0.47058823529411764,0.29411764705882354,0.7058823529411765,0.0,0.0,2
1609480,1609828,worker,320.6015968322754,False,hdf5,h5_tr_210.py,210,stream,M2,512,1,64,/pscratch/sd/s/satt/sprints/data/converted_10M/mc_normalized_rntuple_10M_30.h5,,auto,,5000,,,,,,,false,true,19,13,4,0,4,9,6,0.21052631578947367,0.47368421052631576,0.3157894736842105,0.6842105263157895,0.0,0.0,2
1609480,1609829,worker,320.59767603874207,False,hdf5,h5_tr_210.py,210,stream,M2,512,1,64,/pscratch/sd/s/satt/sprints/data/converted_10M/mc_normalized_rntuple_10M_30.h5,,auto,,5000,,,,,,,false,true,17,12,4,0,4,8,5,0.23529411764705882,0.47058823529411764,0.29411764705882354,0.7058823529411765,0.0,0.0,2
1609480,1609830,worker,320.5581524372101,False,hdf5,h5_tr_210.py,210,stream,M2,512,1,64,/pscratch/sd/s/satt/sprints/data/converted_10M/mc_normalized_rntuple_10M_30.h5,,auto,,5000,,,,,,,false,true,17,12,4,0,4,8,5,0.23529411764705882,0.47058823529411764,0.29411764705882354,0.7058823529411765,0.0,0.0,2
1609480,1609831,worker,320.5794141292572,False,hdf5,h5_tr_210.py,210,stream,M2,512,1,64,/pscratch/sd/s/satt/sprints/data/converted_10M/mc_normalized_rntuple_10M_30.h5,,auto,,5000,,,,,,,false,true,19,13,4,0,4,9,6,0.21052631578947367,0.47368421052631576,0.3157894736842105,0.6842105263157895,0.0,0.0,2
1609480,1609832,worker,320.5695426464081,False,hdf5,h5_tr_210.py,210,stream,M2,512,1,64,/pscratch/sd/s/satt/sprints/data/converted_10M/mc_normalized_rntuple_10M_30.h5,,auto,,5000,,,,,,,false,true,17,12,4,0,4,8,5,0.23529411764705882,0.47058823529411764,0.29411764705882354,0.7058823529411765,0.0,0.0,2
1609480,1609833,worker,320.54129815101624,False,hdf5,h5_tr_210.py,210,stream,M2,512,1,64,/pscratch/sd/s/satt/sprints/data/converted_10M/mc_normalized_rntuple_10M_30.h5,,auto,,5000,,,,,,,false,true,17,12,4,0,4,8,5,0.23529411764705882,0.47058823529411764,0.29411764705882354,0.7058823529411765,0.0,0.0,2
1609480,1609834,worker,320.5499436855316,False,hdf5,h5_tr_210.py,210,stream,M2,512,1,64,/pscratch/sd/s/satt/sprints/data/converted_10M/mc_normalized_rntuple_10M_30.h5,,auto,,5000,,,,,,,false,true,19,13,4,0,4,9,6,0.21052631578947367,0.47368421052631576,0.3157894736842105,0.6842105263157895,0.0,0.0,2
1609480,1609835,worker,320.5672461986542,False,hdf5,h5_tr_210.py,210,stream,M2,512,1,64,/pscratch/sd/s/satt/sprints/data/converted_10M/mc_normalized_rntuple_10M_30.h5,,auto,,5000,,,,,,,false,true,17,12,4,0,4,8,5,0.23529411764705882,0.47058823529411764,0.29411764705882354,0.7058823529411765,0.0,0.0,2
1609480,1609836,worker,320.5104835033417,False,hdf5,h5_tr_210.py,210,stream,M2,512,1,64,/pscratch/sd/s/satt/sprints/data/converted_10M/mc_normalized_rntuple_10M_30.h5,,auto,,5000,,,,,,,false,true,17,12,4,0,4,8,5,0.23529411764705882,0.47058823529411764,0.29411764705882354,0.7058823529411765,0.0,0.0,2
1609480,1609837,worker,320.52432465553284,False,hdf5,h5_tr_210.py,210,stream,M2,512,1,64,/pscratch/sd/s/satt/sprints/data/converted_10M/mc_normalized_rntuple_10M_30.h5,,auto,,5000,,,,,,,false,true,19,13,4,0,4,9,6,0.21052631578947367,0.47368421052631576,0.3157894736842105,0.6842105263157895,0.0,0.0,2
1609480,1609838,worker,320.52363204956055,False,hdf5,h5_tr_210.py,210,stream,M2,512,1,64,/pscratch/sd/s/satt/sprints/data/converted_10M/mc_normalized_rntuple_10M_30.h5,,auto,,5000,,,,,,,false,true,17,12,4,0,4,8,5,0.23529411764705882,0.47058823529411764,0.29411764705882354,0.7058823529411765,0.0,0.0,2
1609480,1609839,worker,320.4936020374298,False,hdf5,h5_tr_210.py,210,stream,M2,512,1,64,/pscratch/sd/s/satt/sprints/data/converted_10M/mc_normalized_rntuple_10M_30.h5,,auto,,5000,,,,,,,false,true,17,12,4,0,4,8,5,0.23529411764705882,0.47058823529411764,0.29411764705882354,0.7058823529411765,0.0,0.0,2
1609480,1609840,worker,320.5236306190491,False,hdf5,h5_tr_210.py,210,stream,M2,512,1,64,/pscratch/sd/s/satt/sprints/data/converted_10M/mc_normalized_rntuple_10M_30.h5,,auto,,5000,,,,,,,false,true,19,13,4,0,4,9,6,0.21052631578947367,0.47368421052631576,0.3157894736842105,0.6842105263157895,0.0,0.0,2
1609480,1609841,worker,320.51188254356384,False,hdf5,h5_tr_210.py,210,stream,M2,512,1,64,/pscratch/sd/s/satt/sprints/data/converted_10M/mc_normalized_rntuple_10M_30.h5,,auto,,5000,,,,,,,false,true,17,12,4,0,4,8,5,0.23529411764705882,0.47058823529411764,0.29411764705882354,0.7058823529411765,0.0,0.0,2
1609480,1609842,worker,320.50551676750183,False,hdf5,h5_tr_210.py,210,stream,M2,512,1,64,/pscratch/sd/s/satt/sprints/data/converted_10M/mc_normalized_rntuple_10M_30.h5,,auto,,5000,,,,,,,false,true,21,13,4,0,4,9,8,0.19047619047619047,0.42857142857142855,0.38095238095238093,0.6190476190476191,0.0,0.0,2
1609480,1609843,worker,320.5015790462494,False,hdf5,h5_tr_210.py,210,stream,M2,512,1,64,/pscratch/sd/s/satt/sprints/data/converted_10M/mc_normalized_rntuple_10M_30.h5,,auto,,5000,,,,,,,false,true,17,10,4,0,4,6,7,0.23529411764705882,0.35294117647058826,0.4117647058823529,0.5882352941176471,0.0,0.0,2
1609480,1609844,worker,320.49052262306213,False,hdf5,h5_tr_210.py,210,stream,M2,512,1,64,/pscratch/sd/s/satt/sprints/data/converted_10M/mc_normalized_rntuple_10M_30.h5,,auto,,5000,,,,,,,false,true,17,10,4,0,4,6,7,0.23529411764705882,0.35294117647058826,0.4117647058823529,0.5882352941176471,0.0,0.0,2
1609480,1609845,worker,320.4820942878723,False,hdf5,h5_tr_210.py,210,stream,M2,512,1,64,/pscratch/sd/s/satt/sprints/data/converted_10M/mc_normalized_rntuple_10M_30.h5,,auto,,5000,,,,,,,false,true,19,11,4,0,4,7,8,0.21052631578947367,0.3684210526315789,0.42105263157894735,0.5789473684210527,0.0,0.0,2
1609480,1609846,worker,320.47767329216003,False,hdf5,h5_tr_210.py,210,stream,M2,512,1,64,/pscratch/sd/s/satt/sprints/data/converted_10M/mc_normalized_rntuple_10M_30.h5,,auto,,5000,,,,,,,false,true,17,10,4,0,4,6,7,0.23529411764705882,0.35294117647058826,0.4117647058823529,0.5882352941176471,0.0,0.0,2
1609480,1609847,worker,320.4490876197815,False,hdf5,h5_tr_210.py,210,stream,M2,512,1,64,/pscratch/sd/s/satt/sprints/data/converted_10M/mc_normalized_rntuple_10M_30.h5,,auto,,5000,,,,,,,false,true,17,10,4,0,4,6,7,0.23529411764705882,0.35294117647058826,0.4117647058823529,0.5882352941176471,0.0,0.0,2
1609480,1609848,worker,320.45952582359314,False,hdf5,h5_tr_210.py,210,stream,M2,512,1,64,/pscratch/sd/s/satt/sprints/data/converted_10M/mc_normalized_rntuple_10M_30.h5,,auto,,5000,,,,,,,false,true,19,11,4,0,4,7,8,0.21052631578947367,0.3684210526315789,0.42105263157894735,0.5789473684210527,0.0,0.0,2
1609480,1609849,worker,320.4344491958618,False,hdf5,h5_tr_210.py,210,stream,M2,512,1,64,/pscratch/sd/s/satt/sprints/data/converted_10M/mc_normalized_rntuple_10M_30.h5,,auto,,5000,,,,,,,false,true,17,12,6,0,6,6,5,0.35294117647058826,0.35294117647058826,0.29411764705882354,0.7058823529411765,0.0,0.0,2
1609480,1609850,worker,320.44900369644165,False,hdf5,h5_tr_210.py,210,stream,M2,512,1,64,/pscratch/sd/s/satt/sprints/data/converted_10M/mc_normalized_rntuple_10M_30.h5,,auto,,5000,,,,,,,false,true,17,12,4,0,4,8,5,0.23529411764705882,0.47058823529411764,0.29411764705882354,0.7058823529411765,0.0,0.0,2
1609480,1609851,worker,320.40695977211,False,hdf5,h5_tr_210.py,210,stream,M2,512,1,64,/pscratch/sd/s/satt/sprints/data/converted_10M/mc_normalized_rntuple_10M_30.h5,,auto,,5000,,,,,,,false,true,19,13,4,0,4,9,6,0.21052631578947367,0.47368421052631576,0.3157894736842105,0.6842105263157895,0.0,0.0,2
1609480,1609852,worker,320.3955397605896,False,hdf5,h5_tr_210.py,210,stream,M2,512,1,64,/pscratch/sd/s/satt/sprints/data/converted_10M/mc_normalized_rntuple_10M_30.h5,,auto,,5000,,,,,,,false,true,17,12,4,0,4,8,5,0.23529411764705882,0.47058823529411764,0.29411764705882354,0.7058823529411765,0.0,0.0,2
1609480,1609853,worker,320.43832182884216,False,hdf5,h5_tr_210.py,210,stream,M2,512,1,64,/pscratch/sd/s/satt/sprints/data/converted_10M/mc_normalized_rntuple_10M_30.h5,,auto,,5000,,,,,,,false,true,17,12,4,0,4,8,5,0.23529411764705882,0.47058823529411764,0.29411764705882354,0.7058823529411765,0.0,0.0,2
1609480,1609854,worker,320.4224865436554,False,hdf5,h5_tr_210.py,210,stream,M2,512,1,64,/pscratch/sd/s/satt/sprints/data/converted_10M/mc_normalized_rntuple_10M_30.h5,,auto,,5000,,,,,,,false,true,19,13,4,0,4,9,6,0.21052631578947367,0.47368421052631576,0.3157894736842105,0.6842105263157895,0.0,0.0,2
1609480,1609855,worker,320.41072392463684,False,hdf5,h5_tr_210.py,210,stream,M2,512,1,64,/pscratch/sd/s/satt/sprints/data/converted_10M/mc_normalized_rntuple_10M_30.h5,,auto,,5000,,,,,,,false,true,17,12,4,0,4,8,5,0.23529411764705882,0.47058823529411764,0.29411764705882354,0.7058823529411765,0.0,0.0,2
1609480,1609856,worker,320.374356508255,False,hdf5,h5_tr_210.py,210,stream,M2,512,1,64,/pscratch/sd/s/satt/sprints/data/converted_10M/mc_normalized_rntuple_10M_30.h5,,auto,,5000,,,,,,,false,true,17,12,4,0,4,8,5,0.23529411764705882,0.47058823529411764,0.29411764705882354,0.7058823529411765,0.0,0.0,2
1609480,1609857,worker,320.3697602748871,False,hdf5,h5_tr_210.py,210,stream,M2,512,1,64,/pscratch/sd/s/satt/sprints/data/converted_10M/mc_normalized_rntuple_10M_30.h5,,auto,,5000,,,,,,,false,true,19,13,4,0,4,9,6,0.21052631578947367,0.47368421052631576,0.3157894736842105,0.6842105263157895,0.0,0.0,2
1609480,1609858,worker,320.36312222480774,False,hdf5,h5_tr_210.py,210,stream,M2,512,1,64,/pscratch/sd/s/satt/sprints/data/converted_10M/mc_normalized_rntuple_10M_30.h5,,auto,,5000,,,,,,,false,true,17,12,4,0,4,8,5,0.23529411764705882,0.47058823529411764,0.29411764705882354,0.7058823529411765,0.0,0.0,2
1609480,1609859,worker,320.34776425361633,False,hdf5,h5_tr_210.py,210,stream,M2,512,1,64,/pscratch/sd/s/satt/sprints/data/converted_10M/mc_normalized_rntuple_10M_30.h5,,auto,,5000,,,,,,,false,true,17,12,4,0,4,8,5,0.23529411764705882,0.47058823529411764,0.29411764705882354,0.7058823529411765,0.0,0.0,2
1609480,1609860,worker,320.34433579444885,False,hdf5,h5_tr_210.py,210,stream,M2,512,1,64,/pscratch/sd/s/satt/sprints/data/converted_10M/mc_normalized_rntuple_10M_30.h5,,auto,,5000,,,,,,,false,true,19,13,4,0,4,9,6,0.21052631578947367,0.47368421052631576,0.3157894736842105,0.6842105263157895,0.0,0.0,2
1609480,1609861,worker,320.37501406669617,False,hdf5,h5_tr_210.py,210,stream,M2,512,1,64,/pscratch/sd/s/satt/sprints/data/converted_10M/mc_normalized_rntuple_10M_30.h5,,auto,,5000,,,,,,,false,true,17,12,4,0,4,8,5,0.23529411764705882,0.47058823529411764,0.29411764705882354,0.7058823529411765,0.0,0.0,2
1609480,1609862,worker,320.3670060634613,False,hdf5,h5_tr_210.py,210,stream,M2,512,1,64,/pscratch/sd/s/satt/sprints/data/converted_10M/mc_normalized_rntuple_10M_30.h5,,auto,,5000,,,,,,,false,true,17,12,4,0,4,8,5,0.23529411764705882,0.47058823529411764,0.29411764705882354,0.7058823529411765,0.0,0.0,2
1609480,1609863,worker,320.3611626625061,False,hdf5,h5_tr_210.py,210,stream,M2,512,1,64,/pscratch/sd/s/satt/sprints/data/converted_10M/mc_normalized_rntuple_10M_30.h5,,auto,,5000,,,,,,,false,true,19,13,4,0,4,9,6,0.21052631578947367,0.47368421052631576,0.3157894736842105,0.6842105263157895,0.0,0.0,2
1609480,1609864,worker,320.30836725234985,False,hdf5,h5_tr_210.py,210,stream,M2,512,1,64,/pscratch/sd/s/satt/sprints/data/converted_10M/mc_normalized_rntuple_10M_30.h5,,auto,,5000,,,,,,,false,true,17,12,4,0,4,8,5,0.23529411764705882,0.47058823529411764,0.29411764705882354,0.7058823529411765,0.0,0.0,2
1609480,1609865,worker,320.34388399124146,False,hdf5,h5_tr_210.py,210,stream,M2,512,1,64,/pscratch/sd/s/satt/sprints/data/converted_10M/mc_normalized_rntuple_10M_30.h5,,auto,,5000,,,,,,,false,true,17,12,4,0,4,8,5,0.23529411764705882,0.47058823529411764,0.29411764705882354,0.7058823529411765,0.0,0.0,2
1609480,1609866,worker,320.3365728855133,False,hdf5,h5_tr_210.py,210,stream,M2,512,1,64,/pscratch/sd/s/satt/sprints/data/converted_10M/mc_normalized_rntuple_10M_30.h5,,auto,,5000,,,,,,,false,true,19,13,4,0,4,9,6,0.21052631578947367,0.47368421052631576,0.3157894736842105,0.6842105263157895,0.0,0.0,2
1609480,1609867,worker,320.2890865802765,False,hdf5,h5_tr_210.py,210,stream,M2,512,1,64,/pscratch/sd/s/satt/sprints/data/converted_10M/mc_normalized_rntuple_10M_30.h5,,auto,,5000,,,,,,,false,true,17,12,4,0,4,8,5,0.23529411764705882,0.47058823529411764,0.29411764705882354,0.7058823529411765,0.0,0.0,2
1609480,1609868,worker,320.3075740337372,False,hdf5,h5_tr_210.py,210,stream,M2,512,1,64,/pscratch/sd/s/satt/sprints/data/converted_10M/mc_normalized_rntuple_10M_30.h5,,auto,,5000,,,,,,,false,true,17,12,4,0,4,8,5,0.23529411764705882,0.47058823529411764,0.29411764705882354,0.7058823529411765,0.0,0.0,2
1609480,1609869,worker,320.3188810348511,False,hdf5,h5_tr_210.py,210,stream,M2,512,1,64,/pscratch/sd/s/satt/sprints/data/converted_10M/mc_normalized_rntuple_10M_30.h5,,auto,,5000,,,,,,,false,true,19,13,4,0,4,9,6,0.21052631578947367,0.47368421052631576,0.3157894736842105,0.6842105263157895,0.0,0.0,2
1609480,1609870,worker,320.2754330635071,False,hdf5,h5_tr_210.py,210,stream,M2,512,1,64,/pscratch/sd/s/satt/sprints/data/converted_10M/mc_normalized_rntuple_10M_30.h5,,auto,,5000,,,,,,,false,true,17,12,4,0,4,8,5,0.23529411764705882,0.47058823529411764,0.29411764705882354,0.7058823529411765,0.0,0.0,2
1609480,1609871,worker,320.29508876800537,False,hdf5,h5_tr_210.py,210,stream,M2,512,1,64,/pscratch/sd/s/satt/sprints/data/converted_10M/mc_normalized_rntuple_10M_30.h5,,auto,,5000,,,,,,,false,true,17,12,4,0,4,8,5,0.23529411764705882,0.47058823529411764,0.29411764705882354,0.7058823529411765,0.0,0.0,2
1609480,1609872,worker,320.2559061050415,False,hdf5,h5_tr_210.py,210,stream,M2,512,1,64,/pscratch/sd/s/satt/sprints/data/converted_10M/mc_normalized_rntuple_10M_30.h5,,auto,,5000,,,,,,,false,true,19,13,4,0,4,9,6,0.21052631578947367,0.47368421052631576,0.3157894736842105,0.6842105263157895,0.0,0.0,2
1609480,1609873,worker,320.29711151123047,False,hdf5,h5_tr_210.py,210,stream,M2,512,1,64,/pscratch/sd/s/satt/sprints/data/converted_10M/mc_normalized_rntuple_10M_30.h5,,auto,,5000,,,,,,,false,true,17,12,4,0,4,8,5,0.23529411764705882,0.47058823529411764,0.29411764705882354,0.7058823529411765,0.0,0.0,2
1609480,1609874,worker,320.2475550174713,False,hdf5,h5_tr_210.py,210,stream,M2,512,1,64,/pscratch/sd/s/satt/sprints/data/converted_10M/mc_normalized_rntuple_10M_30.h5,,auto,,5000,,,,,,,false,true,17,12,4,0,4,8,5,0.23529411764705882,0.47058823529411764,0.29411764705882354,0.7058823529411765,0.0,0.0,2
1609480,1609875,worker,320.2726266384125,False,hdf5,h5_tr_210.py,210,stream,M2,512,1,64,/pscratch/sd/s/satt/sprints/data/converted_10M/mc_normalized_rntuple_10M_30.h5,,auto,,5000,,,,,,,false,true,19,13,4,0,4,9,6,0.21052631578947367,0.47368421052631576,0.3157894736842105,0.6842105263157895,0.0,0.0,2
1609480,1609876,worker,320.2429983615875,False,hdf5,h5_tr_210.py,210,stream,M2,512,1,64,/pscratch/sd/s/satt/sprints/data/converted_10M/mc_normalized_rntuple_10M_30.h5,,auto,,5000,,,,,,,false,true,17,12,4,0,4,8,5,0.23529411764705882,0.47058823529411764,0.29411764705882354,0.7058823529411765,0.0,0.0,2
1609480,1609877,worker,320.2583260536194,False,hdf5,h5_tr_210.py,210,stream,M2,512,1,64,/pscratch/sd/s/satt/sprints/data/converted_10M/mc_normalized_rntuple_10M_30.h5,,auto,,5000,,,,,,,false,true,17,12,4,0,4,8,5,0.23529411764705882,0.47058823529411764,0.29411764705882354,0.7058823529411765,0.0,0.0,2
1609480,1609878,worker,320.2177023887634,False,hdf5,h5_tr_210.py,210,stream,M2,512,1,64,/pscratch/sd/s/satt/sprints/data/converted_10M/mc_normalized_rntuple_10M_30.h5,,auto,,5000,,,,,,,false,true,19,13,4,0,4,9,6,0.21052631578947367,0.47368421052631576,0.3157894736842105,0.6842105263157895,0.0,0.0,2
1609480,1609879,worker,320.236718416214,False,hdf5,h5_tr_210.py,210,stream,M2,512,1,64,/pscratch/sd/s/satt/sprints/data/converted_10M/mc_normalized_rntuple_10M_30.h5,,auto,,5000,,,,,,,false,true,17,12,4,0,4,8,5,0.23529411764705882,0.47058823529411764,0.29411764705882354,0.7058823529411765,0.0,0.0,2
1609480,1609880,worker,320.20855021476746,False,hdf5,h5_tr_210.py,210,stream,M2,512,1,64,/pscratch/sd/s/satt/sprints/data/converted_10M/mc_normalized_rntuple_10M_30.h5,,auto,,5000,,,,,,,false,true,17,12,4,0,4,8,5,0.23529411764705882,0.47058823529411764,0.29411764705882354,0.7058823529411765,0.0,0.0,2
1609480,1609881,worker,320.185373544693,False,hdf5,h5_tr_210.py,210,stream,M2,512,1,64,/pscratch/sd/s/satt/sprints/data/converted_10M/mc_normalized_rntuple_10M_30.h5,,auto,,5000,,,,,,,false,true,19,13,4,0,4,9,6,0.21052631578947367,0.47368421052631576,0.3157894736842105,0.6842105263157895,0.0,0.0,2
1609480,1609882,worker,320.2219023704529,False,hdf5,h5_tr_210.py,210,stream,M2,512,1,64,/pscratch/sd/s/satt/sprints/data/converted_10M/mc_normalized_rntuple_10M_30.h5,,auto,,5000,,,,,,,false,true,17,12,4,0,4,8,5,0.23529411764705882,0.47058823529411764,0.29411764705882354,0.7058823529411765,0.0,0.0,2
1609480,1609883,worker,320.2064049243927,False,hdf5,h5_tr_210.py,210,stream,M2,512,1,64,/pscratch/sd/s/satt/sprints/data/converted_10M/mc_normalized_rntuple_10M_30.h5,,auto,,5000,,,,,,,false,true,17,12,4,0,4,8,5,0.23529411764705882,0.47058823529411764,0.29411764705882354,0.7058823529411765,0.0,0.0,2
1609480,1609884,worker,320.20201778411865,False,hdf5,h5_tr_210.py,210,stream,M2,512,1,64,/pscratch/sd/s/satt/sprints/data/converted_10M/mc_normalized_rntuple_10M_30.h5,,auto,,5000,,,,,,,false,true,19,13,4,0,4,9,6,0.21052631578947367,0.47368421052631576,0.3157894736842105,0.6842105263157895,0.0,0.0,2
1609480,1609885,worker,320.1508502960205,False,hdf5,h5_tr_210.py,210,stream,M2,512,1,64,/pscratch/sd/s/satt/sprints/data/converted_10M/mc_normalized_rntuple_10M_30.h5,,auto,,5000,,,,,,,false,true,19,12,2,0,2,10,7,0.10526315789473684,0.5263157894736842,0.3684210526315789,0.631578947368421,0.0,0.0,2
1609480,1609886,worker,320.18868684768677,False,hdf5,h5_tr_210.py,210,stream,M2,512,1,64,/pscratch/sd/s/satt/sprints/data/converted_10M/mc_normalized_rntuple_10M_30.h5,,auto,,5000,,,,,,,false,true,19,11,4,0,4,7,8,0.21052631578947367,0.3684210526315789,0.42105263157894735,0.5789473684210527,0.0,0.0,2
1609480,1609887,worker,320.1855432987213,False,hdf5,h5_tr_210.py,210,stream,M2,512,1,64,/pscratch/sd/s/satt/sprints/data/converted_10M/mc_normalized_rntuple_10M_30.h5,,auto,,5000,,,,,,,false,true,17,10,4,0,4,6,7,0.23529411764705882,0.35294117647058826,0.4117647058823529,0.5882352941176471,0.0,0.0,2
1609480,1609888,worker,320.16975235939026,False,hdf5,h5_tr_210.py,210,stream,M2,512,1,64,/pscratch/sd/s/satt/sprints/data/converted_10M/mc_normalized_rntuple_10M_30.h5,,auto,,5000,,,,,,,false,true,17,10,4,0,4,6,7,0.23529411764705882,0.35294117647058826,0.4117647058823529,0.5882352941176471,0.0,0.0,2
1609480,1609889,worker,320.12687969207764,False,hdf5,h5_tr_210.py,210,stream,M2,512,1,64,/pscratch/sd/s/satt/sprints/data/converted_10M/mc_normalized_rntuple_10M_30.h5,,auto,,5000,,,,,,,false,true,19,11,4,0,4,7,8,0.21052631578947367,0.3684210526315789,0.42105263157894735,0.5789473684210527,0.0,0.0,2
1609480,1609890,worker,320.15814542770386,False,hdf5,h5_tr_210.py,210,stream,M2,512,1,64,/pscratch/sd/s/satt/sprints/data/converted_10M/mc_normalized_rntuple_10M_30.h5,,auto,,5000,,,,,,,false,true,17,10,4,0,4,6,7,0.23529411764705882,0.35294117647058826,0.4117647058823529,0.5882352941176471,0.0,0.0,2
1609480,1609891,worker,320.1480801105499,False,hdf5,h5_tr_210.py,210,stream,M2,512,1,64,/pscratch/sd/s/satt/sprints/data/converted_10M/mc_normalized_rntuple_10M_30.h5,,auto,,5000,,,,,,,false,true,17,10,2,0,2,8,7,0.11764705882352941,0.47058823529411764,0.4117647058823529,0.5882352941176471,0.0,0.0,2
1609480,1609892,worker,320.0985360145569,False,hdf5,h5_tr_210.py,210,stream,M2,512,1,64,/pscratch/sd/s/satt/sprints/data/converted_10M/mc_normalized_rntuple_10M_30.h5,,auto,,5000,,,,,,,false,true,19,13,6,0,6,7,6,0.3157894736842105,0.3684210526315789,0.3157894736842105,0.6842105263157895,0.0,0.0,2
1609480,1609893,worker,320.10914731025696,False,hdf5,h5_tr_210.py,210,stream,M2,512,1,64,/pscratch/sd/s/satt/sprints/data/converted_10M/mc_normalized_rntuple_10M_30.h5,,auto,,5000,,,,,,,false,true,17,12,4,0,4,8,5,0.23529411764705882,0.47058823529411764,0.29411764705882354,0.7058823529411765,0.0,0.0,2
1609480,1609894,worker,320.13371109962463,False,hdf5,h5_tr_210.py,210,stream,M2,512,1,64,/pscratch/sd/s/satt/sprints/data/converted_10M/mc_normalized_rntuple_10M_30.h5,,auto,,5000,,,,,,,false,true,17,12,4,0,4,8,5,0.23529411764705882,0.47058823529411764,0.29411764705882354,0.7058823529411765,0.0,0.0,2
1609480,1609895,worker,320.1233193874359,False,hdf5,h5_tr_210.py,210,stream,M2,512,1,64,/pscratch/sd/s/satt/sprints/data/converted_10M/mc_normalized_rntuple_10M_30.h5,,auto,,5000,,,,,,,false,true,19,13,4,0,4,9,6,0.21052631578947367,0.47368421052631576,0.3157894736842105,0.6842105263157895,0.0,0.0,2
1609480,1609896,worker,320.1137647628784,False,hdf5,h5_tr_210.py,210,stream,M2,512,1,64,/pscratch/sd/s/satt/sprints/data/converted_10M/mc_normalized_rntuple_10M_30.h5,,auto,,5000,,,,,,,false,true,17,12,4,0,4,8,5,0.23529411764705882,0.47058823529411764,0.29411764705882354,0.7058823529411765,0.0,0.0,2
1609480,1609897,worker,320.1129536628723,False,hdf5,h5_tr_210.py,210,stream,M2,512,1,64,/pscratch/sd/s/satt/sprints/data/converted_10M/mc_normalized_rntuple_10M_30.h5,,auto,,5000,,,,,,,false,true,17,12,4,0,4,8,5,0.23529411764705882,0.47058823529411764,0.29411764705882354,0.7058823529411765,0.0,0.0,2
1609480,1609898,worker,320.0979073047638,False,hdf5,h5_tr_210.py,210,stream,M2,512,1,64,/pscratch/sd/s/satt/sprints/data/converted_10M/mc_normalized_rntuple_10M_30.h5,,auto,,5000,,,,,,,false,true,19,13,4,0,4,9,6,0.21052631578947367,0.47368421052631576,0.3157894736842105,0.6842105263157895,0.0,0.0,2
1609480,1609899,worker,320.0923616886139,False,hdf5,h5_tr_210.py,210,stream,M2,512,1,64,/pscratch/sd/s/satt/sprints/data/converted_10M/mc_normalized_rntuple_10M_30.h5,,auto,,5000,,,,,,,false,true,17,12,4,0,4,8,5,0.23529411764705882,0.47058823529411764,0.29411764705882354,0.7058823529411765,0.0,0.0,2
1609480,1609900,worker,320.09618735313416,False,hdf5,h5_tr_210.py,210,stream,M2,512,1,64,/pscratch/sd/s/satt/sprints/data/converted_10M/mc_normalized_rntuple_10M_30.h5,,auto,,5000,,,,,,,false,true,17,12,4,0,4,8,5,0.23529411764705882,0.47058823529411764,0.29411764705882354,0.7058823529411765,0.0,0.0,2
1609480,1609901,worker,320.07699632644653,False,hdf5,h5_tr_210.py,210,stream,M2,512,1,64,/pscratch/sd/s/satt/sprints/data/converted_10M/mc_normalized_rntuple_10M_30.h5,,auto,,5000,,,,,,,false,true,19,13,4,0,4,9,6,0.21052631578947367,0.47368421052631576,0.3157894736842105,0.6842105263157895,0.0,0.0,2
1609480,1609902,worker,320.04691672325134,False,hdf5,h5_tr_210.py,210,stream,M2,512,1,64,/pscratch/sd/s/satt/sprints/data/converted_10M/mc_normalized_rntuple_10M_30.h5,,auto,,5000,,,,,,,false,true,17,12,4,0,4,8,5,0.23529411764705882,0.47058823529411764,0.29411764705882354,0.7058823529411765,0.0,0.0,2
1609480,1609903,worker,320.01837825775146,False,hdf5,h5_tr_210.py,210,stream,M2,512,1,64,/pscratch/sd/s/satt/sprints/data/converted_10M/mc_normalized_rntuple_10M_30.h5,,auto,,5000,,,,,,,false,true,17,12,4,0,4,8,5,0.23529411764705882,0.47058823529411764,0.29411764705882354,0.7058823529411765,0.0,0.0,2
1609480,1609904,worker,320.0369153022766,False,hdf5,h5_tr_210.py,210,stream,M2,512,1,64,/pscratch/sd/s/satt/sprints/data/converted_10M/mc_normalized_rntuple_10M_30.h5,,auto,,5000,,,,,,,false,true,19,13,4,0,4,9,6,0.21052631578947367,0.47368421052631576,0.3157894736842105,0.6842105263157895,0.0,0.0,2
1609480,1609905,worker,320.00945496559143,False,hdf5,h5_tr_210.py,210,stream,M2,512,1,64,/pscratch/sd/s/satt/sprints/data/converted_10M/mc_normalized_rntuple_10M_30.h5,,auto,,5000,,,,,,,false,true,17,12,4,0,4,8,5,0.23529411764705882,0.47058823529411764,0.29411764705882354,0.7058823529411765,0.0,0.0,2
1609480,1609906,worker,320.00675892829895,False,hdf5,h5_tr_210.py,210,stream,M2,512,1,64,/pscratch/sd/s/satt/sprints/data/converted_10M/mc_normalized_rntuple_10M_30.h5,,auto,,5000,,,,,,,false,true,17,12,4,0,4,8,5,0.23529411764705882,0.47058823529411764,0.29411764705882354,0.7058823529411765,0.0,0.0,2
1609480,1609907,worker,320.03363943099976,False,hdf5,h5_tr_210.py,210,stream,M2,512,1,64,/pscratch/sd/s/satt/sprints/data/converted_10M/mc_normalized_rntuple_10M_30.h5,,auto,,5000,,,,,,,false,true,19,13,4,0,4,9,6,0.21052631578947367,0.47368421052631576,0.3157894736842105,0.6842105263157895,0.0,0.0,2
1609480,1609908,worker,320.0340805053711,False,hdf5,h5_tr_210.py,210,stream,M2,512,1,64,/pscratch/sd/s/satt/sprints/data/converted_10M/mc_normalized_rntuple_10M_30.h5,,auto,,5000,,,,,,,false,true,17,12,4,0,4,8,5,0.23529411764705882,0.47058823529411764,0.29411764705882354,0.7058823529411765,0.0,0.0,2
1609480,1609909,worker,320.02372002601624,False,hdf5,h5_tr_210.py,210,stream,M2,512,1,64,/pscratch/sd/s/satt/sprints/data/converted_10M/mc_normalized_rntuple_10M_30.h5,,auto,,5000,,,,,,,false,true,17,12,4,0,4,8,5,0.23529411764705882,0.47058823529411764,0.29411764705882354,0.7058823529411765,0.0,0.0,2
1609480,1609910,worker,319.99775671958923,False,hdf5,h5_tr_210.py,210,stream,M2,512,1,64,/pscratch/sd/s/satt/sprints/data/converted_10M/mc_normalized_rntuple_10M_30.h5,,auto,,5000,,,,,,,false,true,19,13,4,0,4,9,6,0.21052631578947367,0.47368421052631576,0.3157894736842105,0.6842105263157895,0.0,0.0,2
1609480,1609911,worker,320.0081615447998,False,hdf5,h5_tr_210.py,210,stream,M2,512,1,64,/pscratch/sd/s/satt/sprints/data/converted_10M/mc_normalized_rntuple_10M_30.h5,,auto,,5000,,,,,,,false,true,17,12,4,0,4,8,5,0.23529411764705882,0.47058823529411764,0.29411764705882354,0.7058823529411765,0.0,0.0,2
1609480,1609912,worker,320.00240755081177,False,hdf5,h5_tr_210.py,210,stream,M2,512,1,64,/pscratch/sd/s/satt/sprints/data/converted_10M/mc_normalized_rntuple_10M_30.h5,,auto,,5000,,,,,,,false,true,17,12,4,0,4,8,5,0.23529411764705882,0.47058823529411764,0.29411764705882354,0.7058823529411765,0.0,0.0,2
1609480,1609913,worker,319.9659025669098,False,hdf5,h5_tr_210.py,210,stream,M2,512,1,64,/pscratch/sd/s/satt/sprints/data/converted_10M/mc_normalized_rntuple_10M_30.h5,,auto,,5000,,,,,,,false,true,19,13,4,0,4,9,6,0.21052631578947367,0.47368421052631576,0.3157894736842105,0.6842105263157895,0.0,0.0,2
1609480,1609914,worker,319.99208879470825,False,hdf5,h5_tr_210.py,210,stream,M2,512,1,64,/pscratch/sd/s/satt/sprints/data/converted_10M/mc_normalized_rntuple_10M_30.h5,,auto,,5000,,,,,,,false,true,17,12,4,0,4,8,5,0.23529411764705882,0.47058823529411764,0.29411764705882354,0.7058823529411765,0.0,0.0,2
1609480,1609915,worker,319.9747416973114,False,hdf5,h5_tr_210.py,210,stream,M2,512,1,64,/pscratch/sd/s/satt/sprints/data/converted_10M/mc_normalized_rntuple_10M_30.h5,,auto,,5000,,,,,,,false,true,17,12,4,0,4,8,5,0.23529411764705882,0.47058823529411764,0.29411764705882354,0.7058823529411765,0.0,0.0,2
1609480,1609916,worker,319.9225525856018,False,hdf5,h5_tr_210.py,210,stream,M2,512,1,64,/pscratch/sd/s/satt/sprints/data/converted_10M/mc_normalized_rntuple_10M_30.h5,,auto,,5000,,,,,,,false,true,19,13,4,0,4,9,6,0.21052631578947367,0.47368421052631576,0.3157894736842105,0.6842105263157895,0.0,0.0,2
1609480,1609917,worker,319.97598123550415,False,hdf5,h5_tr_210.py,210,stream,M2,512,1,64,/pscratch/sd/s/satt/sprints/data/converted_10M/mc_normalized_rntuple_10M_30.h5,,auto,,5000,,,,,,,false,true,17,12,4,0,4,8,5,0.23529411764705882,0.47058823529411764,0.29411764705882354,0.7058823529411765,0.0,0.0,2
1609480,1609918,worker,319.9329524040222,False,hdf5,h5_tr_210.py,210,stream,M2,512,1,64,/pscratch/sd/s/satt/sprints/data/converted_10M/mc_normalized_rntuple_10M_30.h5,,auto,,5000,,,,,,,false,true,17,12,4,0,4,8,5,0.23529411764705882,0.47058823529411764,0.29411764705882354,0.7058823529411765,0.0,0.0,2
1609480,1609919,worker,319.9459867477417,False,hdf5,h5_tr_210.py,210,stream,M2,512,1,64,/pscratch/sd/s/satt/sprints/data/converted_10M/mc_normalized_rntuple_10M_30.h5,,auto,,5000,,,,,,,false,true,19,13,4,0,4,9,6,0.21052631578947367,0.47368421052631576,0.3157894736842105,0.6842105263157895,0.0,0.0,2
1609480,1609920,worker,319.89818263053894,False,hdf5,h5_tr_210.py,210,stream,M2,512,1,64,/pscratch/sd/s/satt/sprints/data/converted_10M/mc_normalized_rntuple_10M_30.h5,,auto,,5000,,,,,,,false,true,17,12,4,0,4,8,5,0.23529411764705882,0.47058823529411764,0.29411764705882354,0.7058823529411765,0.0,0.0,2
1609480,1609921,worker,319.9328339099884,False,hdf5,h5_tr_210.py,210,stream,M2,512,1,64,/pscratch/sd/s/satt/sprints/data/converted_10M/mc_normalized_rntuple_10M_30.h5,,auto,,5000,,,,,,,false,true,17,12,4,0,4,8,5,0.23529411764705882,0.47058823529411764,0.29411764705882354,0.7058823529411765,0.0,0.0,2
1609480,1609922,worker,319.9356551170349,False,hdf5,h5_tr_210.py,210,stream,M2,512,1,64,/pscratch/sd/s/satt/sprints/data/converted_10M/mc_normalized_rntuple_10M_30.h5,,auto,,5000,,,,,,,false,true,19,13,4,0,4,9,6,0.21052631578947367,0.47368421052631576,0.3157894736842105,0.6842105263157895,0.0,0.0,2
1609480,1609923,worker,319.90500020980835,False,hdf5,h5_tr_210.py,210,stream,M2,512,1,64,/pscratch/sd/s/satt/sprints/data/converted_10M/mc_normalized_rntuple_10M_30.h5,,auto,,5000,,,,,,,false,true,17,12,4,0,4,8,5,0.23529411764705882,0.47058823529411764,0.29411764705882354,0.7058823529411765,0.0,0.0,2
1609480,1609924,worker,319.91523337364197,False,hdf5,h5_tr_210.py,210,stream,M2,512,1,64,/pscratch/sd/s/satt/sprints/data/converted_10M/mc_normalized_rntuple_10M_30.h5,,auto,,5000,,,,,,,false,true,17,12,4,0,4,8,5,0.23529411764705882,0.47058823529411764,0.29411764705882354,0.7058823529411765,0.0,0.0,2
1609480,1609925,worker,319.90622425079346,False,hdf5,h5_tr_210.py,210,stream,M2,512,1,64,/pscratch/sd/s/satt/sprints/data/converted_10M/mc_normalized_rntuple_10M_30.h5,,auto,,5000,,,,,,,false,true,19,13,4,0,4,9,6,0.21052631578947367,0.47368421052631576,0.3157894736842105,0.6842105263157895,0.0,0.0,2
1609480,1609926,worker,319.89751410484314,False,hdf5,h5_tr_210.py,210,stream,M2,512,1,64,/pscratch/sd/s/satt/sprints/data/converted_10M/mc_normalized_rntuple_10M_30.h5,,auto,,5000,,,,,,,false,true,17,12,4,0,4,8,5,0.23529411764705882,0.47058823529411764,0.29411764705882354,0.7058823529411765,0.0,0.0,2
1609480,1609927,worker,319.840176820755,False,hdf5,h5_tr_210.py,210,stream,M2,512,1,64,/pscratch/sd/s/satt/sprints/data/converted_10M/mc_normalized_rntuple_10M_30.h5,,auto,,5000,,,,,,,false,true,21,13,4,0,4,9,8,0.19047619047619047,0.42857142857142855,0.38095238095238093,0.6190476190476191,0.0,0.0,2
1609480,1609928,worker,319.8822910785675,False,hdf5,h5_tr_210.py,210,stream,M2,512,1,64,/pscratch/sd/s/satt/sprints/data/converted_10M/mc_normalized_rntuple_10M_30.h5,,auto,,5000,,,,,,,false,true,17,10,4,0,4,6,7,0.23529411764705882,0.35294117647058826,0.4117647058823529,0.5882352941176471,0.0,0.0,2
1609480,1609929,worker,319.85651755332947,False,hdf5,h5_tr_210.py,210,stream,M2,512,1,64,/pscratch/sd/s/satt/sprints/data/converted_10M/mc_normalized_rntuple_10M_30.h5,,auto,,5000,,,,,,,false,true,17,10,4,0,4,6,7,0.23529411764705882,0.35294117647058826,0.4117647058823529,0.5882352941176471,0.0,0.0,2
1609480,1609930,worker,319.87089681625366,False,hdf5,h5_tr_210.py,210,stream,M2,512,1,64,/pscratch/sd/s/satt/sprints/data/converted_10M/mc_normalized_rntuple_10M_30.h5,,auto,,5000,,,,,,,false,true,19,11,4,0,4,7,8,0.21052631578947367,0.3684210526315789,0.42105263157894735,0.5789473684210527,0.0,0.0,2
1609480,1609931,worker,319.81821489334106,False,hdf5,h5_tr_210.py,210,stream,M2,512,1,64,/pscratch/sd/s/satt/sprints/data/converted_10M/mc_normalized_rntuple_10M_30.h5,,auto,,5000,,,,,,,false,true,17,10,4,0,4,6,7,0.23529411764705882,0.35294117647058826,0.4117647058823529,0.5882352941176471,0.0,0.0,2
1609480,1609932,worker,319.8542597293854,False,hdf5,h5_tr_210.py,210,stream,M2,512,1,64,/pscratch/sd/s/satt/sprints/data/converted_10M/mc_normalized_rntuple_10M_30.h5,,auto,,5000,,,,,,,false,true,17,10,4,0,4,6,7,0.23529411764705882,0.35294117647058826,0.4117647058823529,0.5882352941176471,0.0,0.0,2
1609480,1609933,worker,319.80466890335083,False,hdf5,h5_tr_210.py,210,stream,M2,512,1,64,/pscratch/sd/s/satt/sprints/data/converted_10M/mc_normalized_rntuple_10M_30.h5,,auto,,5000,,,,,,,false,true,19,11,4,0,4,7,8,0.21052631578947367,0.3684210526315789,0.42105263157894735,0.5789473684210527,0.0,0.0,2
1609480,1609934,worker,319.8032958507538,False,hdf5,h5_tr_210.py,210,stream,M2,512,1,64,/pscratch/sd/s/satt/sprints/data/converted_10M/mc_normalized_rntuple_10M_30.h5,,auto,,5000,,,,,,,false,true,17,12,6,0,6,6,5,0.35294117647058826,0.35294117647058826,0.29411764705882354,0.7058823529411765,0.0,0.0,2
1609480,1609935,worker,319.83576488494873,False,hdf5,h5_tr_210.py,210,stream,M2,512,1,64,/pscratch/sd/s/satt/sprints/data/converted_10M/mc_normalized_rntuple_10M_30.h5,,auto,,5000,,,,,,,false,true,17,12,4,0,4,8,5,0.23529411764705882,0.47058823529411764,0.29411764705882354,0.7058823529411765,0.0,0.0,2
1609480,1609936,worker,319.79310393333435,False,hdf5,h5_tr_210.py,210,stream,M2,512,1,64,/pscratch/sd/s/satt/sprints/data/converted_10M/mc_normalized_rntuple_10M_30.h5,,auto,,5000,,,,,,,false,true,19,13,4,0,4,9,6,0.21052631578947367,0.47368421052631576,0.3157894736842105,0.6842105263157895,0.0,0.0,2
1609480,1609937,worker,319.81550192832947,False,hdf5,h5_tr_210.py,210,stream,M2,512,1,64,/pscratch/sd/s/satt/sprints/data/converted_10M/mc_normalized_rntuple_10M_30.h5,,auto,,5000,,,,,,,false,true,17,12,4,0,4,8,5,0.23529411764705882,0.47058823529411764,0.29411764705882354,0.7058823529411765,0.0,0.0,2
1609480,1609938,worker,319.8093161582947,False,hdf5,h5_tr_210.py,210,stream,M2,512,1,64,/pscratch/sd/s/satt/sprints/data/converted_10M/mc_normalized_rntuple_10M_30.h5,,auto,,5000,,,,,,,false,true,17,12,4,0,4,8,5,0.23529411764705882,0.47058823529411764,0.29411764705882354,0.7058823529411765,0.0,0.0,2
1609480,1609939,worker,319.75487446784973,False,hdf5,h5_tr_210.py,210,stream,M2,512,1,64,/pscratch/sd/s/satt/sprints/data/converted_10M/mc_normalized_rntuple_10M_30.h5,,auto,,5000,,,,,,,false,true,19,13,4,0,4,9,6,0.21052631578947367,0.47368421052631576,0.3157894736842105,0.6842105263157895,0.0,0.0,2
1609480,1609940,worker,319.77844190597534,False,hdf5,h5_tr_210.py,210,stream,M2,512,1,64,/pscratch/sd/s/satt/sprints/data/converted_10M/mc_normalized_rntuple_10M_30.h5,,auto,,5000,,,,,,,false,true,17,12,4,0,4,8,5,0.23529411764705882,0.47058823529411764,0.29411764705882354,0.7058823529411765,0.0,0.0,2
1609480,1609941,worker,319.78310537338257,False,hdf5,h5_tr_210.py,210,stream,M2,512,1,64,/pscratch/sd/s/satt/sprints/data/converted_10M/mc_normalized_rntuple_10M_30.h5,,auto,,5000,,,,,,,false,true,17,12,4,0,4,8,5,0.23529411764705882,0.47058823529411764,0.29411764705882354,0.7058823529411765,0.0,0.0,2
1609480,1609942,worker,319.7268650531769,False,hdf5,h5_tr_210.py,210,stream,M2,512,1,64,/pscratch/sd/s/satt/sprints/data/converted_10M/mc_normalized_rntuple_10M_30.h5,,auto,,5000,,,,,,,false,true,19,13,4,0,4,9,6,0.21052631578947367,0.47368421052631576,0.3157894736842105,0.6842105263157895,0.0,0.0,2
1609480,1609943,worker,319.7681007385254,False,hdf5,h5_tr_210.py,210,stream,M2,512,1,64,/pscratch/sd/s/satt/sprints/data/converted_10M/mc_normalized_rntuple_10M_30.h5,,auto,,5000,,,,,,,false,true,17,12,4,0,4,8,5,0.23529411764705882,0.47058823529411764,0.29411764705882354,0.7058823529411765,0.0,0.0,2
1609480,1609944,worker,319.7113449573517,False,hdf5,h5_tr_210.py,210,stream,M2,512,1,64,/pscratch/sd/s/satt/sprints/data/converted_10M/mc_normalized_rntuple_10M_30.h5,,auto,,5000,,,,,,,false,true,17,12,4,0,4,8,5,0.23529411764705882,0.47058823529411764,0.29411764705882354,0.7058823529411765,0.0,0.0,2
1609480,1609945,worker,319.709050655365,False,hdf5,h5_tr_210.py,210,stream,M2,512,1,64,/pscratch/sd/s/satt/sprints/data/converted_10M/mc_normalized_rntuple_10M_30.h5,,auto,,5000,,,,,,,false,true,19,13,4,0,4,9,6,0.21052631578947367,0.47368421052631576,0.3157894736842105,0.6842105263157895,0.0,0.0,2
1609480,1609946,worker,319.72671389579773,False,hdf5,h5_tr_210.py,210,stream,M2,512,1,64,/pscratch/sd/s/satt/sprints/data/converted_10M/mc_normalized_rntuple_10M_30.h5,,auto,,5000,,,,,,,false,true,17,12,4,0,4,8,5,0.23529411764705882,0.47058823529411764,0.29411764705882354,0.7058823529411765,0.0,0.0,2
1609480,1609947,worker,319.73648834228516,False,hdf5,h5_tr_210.py,210,stream,M2,512,1,64,/pscratch/sd/s/satt/sprints/data/converted_10M/mc_normalized_rntuple_10M_30.h5,,auto,,5000,,,,,,,false,true,17,12,4,0,4,8,5,0.23529411764705882,0.47058823529411764,0.29411764705882354,0.7058823529411765,0.0,0.0,2
1609480,1609948,worker,319.73177003860474,False,hdf5,h5_tr_210.py,210,stream,M2,512,1,64,/pscratch/sd/s/satt/sprints/data/converted_10M/mc_normalized_rntuple_10M_30.h5,,auto,,5000,,,,,,,false,true,19,13,4,0,4,9,6,0.21052631578947367,0.47368421052631576,0.3157894736842105,0.6842105263157895,0.0,0.0,2
1609480,1609949,worker,319.74239230155945,False,hdf5,h5_tr_210.py,210,stream,M2,512,1,64,/pscratch/sd/s/satt/sprints/data/converted_10M/mc_normalized_rntuple_10M_30.h5,,auto,,5000,,,,,,,false,true,17,12,4,0,4,8,5,0.23529411764705882,0.47058823529411764,0.29411764705882354,0.7058823529411765,0.0,0.0,2
1609480,1609950,worker,319.68147325515747,False,hdf5,h5_tr_210.py,210,stream,M2,512,1,64,/pscratch/sd/s/satt/sprints/data/converted_10M/mc_normalized_rntuple_10M_30.h5,,auto,,5000,,,,,,,false,true,17,12,4,0,4,8,5,0.23529411764705882,0.47058823529411764,0.29411764705882354,0.7058823529411765,0.0,0.0,2
1609480,1609951,worker,319.7141718864441,False,hdf5,h5_tr_210.py,210,stream,M2,512,1,64,/pscratch/sd/s/satt/sprints/data/converted_10M/mc_normalized_rntuple_10M_30.h5,,auto,,5000,,,,,,,false,true,19,13,4,0,4,9,6,0.21052631578947367,0.47368421052631576,0.3157894736842105,0.6842105263157895,0.0,0.0,2
1609480,1609952,worker,319.7024836540222,False,hdf5,h5_tr_210.py,210,stream,M2,512,1,64,/pscratch/sd/s/satt/sprints/data/converted_10M/mc_normalized_rntuple_10M_30.h5,,auto,,5000,,,,,,,false,true,17,12,4,0,4,8,5,0.23529411764705882,0.47058823529411764,0.29411764705882354,0.7058823529411765,0.0,0.0,2
1609480,1609953,worker,319.6433937549591,False,hdf5,h5_tr_210.py,210,stream,M2,512,1,64,/pscratch/sd/s/satt/sprints/data/converted_10M/mc_normalized_rntuple_10M_30.h5,,auto,,5000,,,,,,,false,true,17,12,4,0,4,8,5,0.23529411764705882,0.47058823529411764,0.29411764705882354,0.7058823529411765,0.0,0.0,2
1609480,1609954,worker,319.68226504325867,False,hdf5,h5_tr_210.py,210,stream,M2,512,1,64,/pscratch/sd/s/satt/sprints/data/converted_10M/mc_normalized_rntuple_10M_30.h5,,auto,,5000,,,,,,,false,true,19,13,4,0,4,9,6,0.21052631578947367,0.47368421052631576,0.3157894736842105,0.6842105263157895,0.0,0.0,2
1609480,1609955,worker,319.63296008110046,False,hdf5,h5_tr_210.py,210,stream,M2,512,1,64,/pscratch/sd/s/satt/sprints/data/converted_10M/mc_normalized_rntuple_10M_30.h5,,auto,,5000,,,,,,,false,true,17,12,4,0,4,8,5,0.23529411764705882,0.47058823529411764,0.29411764705882354,0.7058823529411765,0.0,0.0,2
1609480,1609956,worker,319.6299104690552,False,hdf5,h5_tr_210.py,210,stream,M2,512,1,64,/pscratch/sd/s/satt/sprints/data/converted_10M/mc_normalized_rntuple_10M_30.h5,,auto,,5000,,,,,,,false,true,17,12,4,0,4,8,5,0.23529411764705882,0.47058823529411764,0.29411764705882354,0.7058823529411765,0.0,0.0,2
1609480,1609957,worker,319.67399072647095,False,hdf5,h5_tr_210.py,210,stream,M2,512,1,64,/pscratch/sd/s/satt/sprints/data/converted_10M/mc_normalized_rntuple_10M_30.h5,,auto,,5000,,,,,,,false,true,19,13,4,0,4,9,6,0.21052631578947367,0.47368421052631576,0.3157894736842105,0.6842105263157895,0.0,0.0,2
1609480,1609958,worker,319.66421127319336,False,hdf5,h5_tr_210.py,210,stream,M2,512,1,64,/pscratch/sd/s/satt/sprints/data/converted_10M/mc_normalized_rntuple_10M_30.h5,,auto,,5000,,,,,,,false,true,17,12,4,0,4,8,5,0.23529411764705882,0.47058823529411764,0.29411764705882354,0.7058823529411765,0.0,0.0,2
1609480,1609959,worker,319.6558690071106,False,hdf5,h5_tr_210.py,210,stream,M2,512,1,64,/pscratch/sd/s/satt/sprints/data/converted_10M/mc_normalized_rntuple_10M_30.h5,,auto,,5000,,,,,,,false,true,17,12,4,0,4,8,5,0.23529411764705882,0.47058823529411764,0.29411764705882354,0.7058823529411765,0.0,0.0,2
1609480,1609960,worker,319.64419865608215,False,hdf5,h5_tr_210.py,210,stream,M2,512,1,64,/pscratch/sd/s/satt/sprints/data/converted_10M/mc_normalized_rntuple_10M_30.h5,,auto,,5000,,,,,,,false,true,19,13,4,0,4,9,6,0.21052631578947367,0.47368421052631576,0.3157894736842105,0.6842105263157895,0.0,0.0,2
1609480,1609961,worker,319.6452443599701,False,hdf5,h5_tr_210.py,210,stream,M2,512,1,64,/pscratch/sd/s/satt/sprints/data/converted_10M/mc_normalized_rntuple_10M_30.h5,,auto,,5000,,,,,,,false,true,17,12,4,0,4,8,5,0.23529411764705882,0.47058823529411764,0.29411764705882354,0.7058823529411765,0.0,0.0,2
1609480,1609962,worker,319.6405634880066,False,hdf5,h5_tr_210.py,210,stream,M2,512,1,64,/pscratch/sd/s/satt/sprints/data/converted_10M/mc_normalized_rntuple_10M_30.h5,,auto,,5000,,,,,,,false,true,17,12,4,0,4,8,5,0.23529411764705882,0.47058823529411764,0.29411764705882354,0.7058823529411765,0.0,0.0,2
1609480,1609963,worker,319.58700251579285,False,hdf5,h5_tr_210.py,210,stream,M2,512,1,64,/pscratch/sd/s/satt/sprints/data/converted_10M/mc_normalized_rntuple_10M_30.h5,,auto,,5000,,,,,,,false,true,19,13,4,0,4,9,6,0.21052631578947367,0.47368421052631576,0.3157894736842105,0.6842105263157895,0.0,0.0,2
1609480,1609964,worker,319.6278426647186,False,hdf5,h5_tr_210.py,210,stream,M2,512,1,64,/pscratch/sd/s/satt/sprints/data/converted_10M/mc_normalized_rntuple_10M_30.h5,,auto,,5000,,,,,,,false,true,17,12,4,0,4,8,5,0.23529411764705882,0.47058823529411764,0.29411764705882354,0.7058823529411765,0.0,0.0,2
1609480,1609965,worker,319.60615253448486,False,hdf5,h5_tr_210.py,210,stream,M2,512,1,64,/pscratch/sd/s/satt/sprints/data/converted_10M/mc_normalized_rntuple_10M_30.h5,,auto,,5000,,,,,,,false,true,17,12,4,0,4,8,5,0.23529411764705882,0.47058823529411764,0.29411764705882354,0.7058823529411765,0.0,0.0,2
1609480,1609966,worker,319.57944321632385,False,hdf5,h5_tr_210.py,210,stream,M2,512,1,64,/pscratch/sd/s/satt/sprints/data/converted_10M/mc_normalized_rntuple_10M_30.h5,,auto,,5000,,,,,,,false,true,19,13,4,0,4,9,6,0.21052631578947367,0.47368421052631576,0.3157894736842105,0.6842105263157895,0.0,0.0,2
1609480,1609967,worker,319.5909593105316,False,hdf5,h5_tr_210.py,210,stream,M2,512,1,64,/pscratch/sd/s/satt/sprints/data/converted_10M/mc_normalized_rntuple_10M_30.h5,,auto,,5000,,,,,,,false,true,17,12,4,0,4,8,5,0.23529411764705882,0.47058823529411764,0.29411764705882354,0.7058823529411765,0.0,0.0,2
1609480,1609968,worker,319.5279154777527,False,hdf5,h5_tr_210.py,210,stream,M2,512,1,64,/pscratch/sd/s/satt/sprints/data/converted_10M/mc_normalized_rntuple_10M_30.h5,,auto,,5000,,,,,,,false,true,19,13,4,0,4,9,6,0.21052631578947367,0.47368421052631576,0.3157894736842105,0.6842105263157895,0.0,0.0,2
1609480,1609969,worker,319.57502484321594,False,hdf5,h5_tr_210.py,210,stream,M2,512,1,64,/pscratch/sd/s/satt/sprints/data/converted_10M/mc_normalized_rntuple_10M_30.h5,,auto,,5000,,,,,,,false,true,17,12,4,0,4,8,5,0.23529411764705882,0.47058823529411764,0.29411764705882354,0.7058823529411765,0.0,0.0,2
1609480,1609970,worker,319.5680584907532,False,hdf5,h5_tr_210.py,210,stream,M2,512,1,64,/pscratch/sd/s/satt/sprints/data/converted_10M/mc_normalized_rntuple_10M_30.h5,,auto,,5000,,,,,,,false,true,19,12,2,0,2,10,7,0.10526315789473684,0.5263157894736842,0.3684210526315789,0.631578947368421,0.0,0.0,2
1609480,1609971,worker,319.5621371269226,False,hdf5,h5_tr_210.py,210,stream,M2,512,1,64,/pscratch/sd/s/satt/sprints/data/converted_10M/mc_normalized_rntuple_10M_30.h5,,auto,,5000,,,,,,,false,true,19,11,4,0,4,7,8,0.21052631578947367,0.3684210526315789,0.42105263157894735,0.5789473684210527,0.0,0.0,2
1609480,1609972,worker,319.55097460746765,False,hdf5,h5_tr_210.py,210,stream,M2,512,1,64,/pscratch/sd/s/satt/sprints/data/converted_10M/mc_normalized_rntuple_10M_30.h5,,auto,,5000,,,,,,,false,true,17,10,4,0,4,6,7,0.23529411764705882,0.35294117647058826,0.4117647058823529,0.5882352941176471,0.0,0.0,2
1609480,1609973,worker,319.55046486854553,False,hdf5,h5_tr_210.py,210,stream,M2,512,1,64,/pscratch/sd/s/satt/sprints/data/converted_10M/mc_normalized_rntuple_10M_30.h5,,auto,,5000,,,,,,,false,true,17,10,4,0,4,6,7,0.23529411764705882,0.35294117647058826,0.4117647058823529,0.5882352941176471,0.0,0.0,2
1609480,1609974,worker,319.48152232170105,False,hdf5,h5_tr_210.py,210,stream,M2,512,1,64,/pscratch/sd/s/satt/sprints/data/converted_10M/mc_normalized_rntuple_10M_30.h5,,auto,,5000,,,,,,,false,true,19,11,4,0,4,7,8,0.21052631578947367,0.3684210526315789,0.42105263157894735,0.5789473684210527,0.0,0.0,2
1609480,1609975,worker,319.48369097709656,False,hdf5,h5_tr_210.py,210,stream,M2,512,1,64,/pscratch/sd/s/satt/sprints/data/converted_10M/mc_normalized_rntuple_10M_30.h5,,auto,,5000,,,,,,,false,true,17,10,4,0,4,6,7,0.23529411764705882,0.35294117647058826,0.4117647058823529,0.5882352941176471,0.0,0.0,2
1609480,1609976,worker,319.5011155605316,False,hdf5,h5_tr_210.py,210,stream,M2,512,1,64,/pscratch/sd/s/satt/sprints/data/converted_10M/mc_normalized_rntuple_10M_30.h5,,auto,,5000,,,,,,,false,true,17,10,2,0,2,8,7,0.11764705882352941,0.47058823529411764,0.4117647058823529,0.5882352941176471,0.0,0.0,2
1609480,1609977,worker,319.51673769950867,False,hdf5,h5_tr_210.py,210,stream,M2,512,1,64,/pscratch/sd/s/satt/sprints/data/converted_10M/mc_normalized_rntuple_10M_30.h5,,auto,,5000,,,,,,,false,true,19,13,6,0,6,7,6,0.3157894736842105,0.3684210526315789,0.3157894736842105,0.6842105263157895,0.0,0.0,2
1609480,1609978,worker,319.5064661502838,False,hdf5,h5_tr_210.py,210,stream,M2,512,1,64,/pscratch/sd/s/satt/sprints/data/converted_10M/mc_normalized_rntuple_10M_30.h5,,auto,,5000,,,,,,,false,true,17,12,4,0,4,8,5,0.23529411764705882,0.47058823529411764,0.29411764705882354,0.7058823529411765,0.0,0.0,2
1609480,1609979,worker,319.5031771659851,False,hdf5,h5_tr_210.py,210,stream,M2,512,1,64,/pscratch/sd/s/satt/sprints/data/converted_10M/mc_normalized_rntuple_10M_30.h5,,auto,,5000,,,,,,,false,true,17,12,4,0,4,8,5,0.23529411764705882,0.47058823529411764,0.29411764705882354,0.7058823529411765,0.0,0.0,2
1609480,1609980,worker,319.49343514442444,False,hdf5,h5_tr_210.py,210,stream,M2,512,1,64,/pscratch/sd/s/satt/sprints/data/converted_10M/mc_normalized_rntuple_10M_30.h5,,auto,,5000,,,,,,,false,true,19,13,4,0,4,9,6,0.21052631578947367,0.47368421052631576,0.3157894736842105,0.6842105263157895,0.0,0.0,2
1609480,1609981,worker,319.49196219444275,False,hdf5,h5_tr_210.py,210,stream,M2,512,1,64,/pscratch/sd/s/satt/sprints/data/converted_10M/mc_normalized_rntuple_10M_30.h5,,auto,,5000,,,,,,,false,true,17,12,4,0,4,8,5,0.23529411764705882,0.47058823529411764,0.29411764705882354,0.7058823529411765,0.0,0.0,2
1609480,1609982,worker,319.4821524620056,False,hdf5,h5_tr_210.py,210,stream,M2,512,1,64,/pscratch/sd/s/satt/sprints/data/converted_10M/mc_normalized_rntuple_10M_30.h5,,auto,,5000,,,,,,,false,true,17,12,4,0,4,8,5,0.23529411764705882,0.47058823529411764,0.29411764705882354,0.7058823529411765,0.0,0.0,2
1609480,1609983,worker,319.4748947620392,False,hdf5,h5_tr_210.py,210,stream,M2,512,1,64,/pscratch/sd/s/satt/sprints/data/converted_10M/mc_normalized_rntuple_10M_30.h5,,auto,,5000,,,,,,,false,true,19,13,4,0,4,9,6,0.21052631578947367,0.47368421052631576,0.3157894736842105,0.6842105263157895,0.0,0.0,2
1609480,1609984,worker,319.4311239719391,False,hdf5,h5_tr_210.py,210,stream,M2,512,1,64,/pscratch/sd/s/satt/sprints/data/converted_10M/mc_normalized_rntuple_10M_30.h5,,auto,,5000,,,,,,,false,true,17,12,4,0,4,8,5,0.23529411764705882,0.47058823529411764,0.29411764705882354,0.7058823529411765,0.0,0.0,2
1609480,1609985,worker,319.40827798843384,False,hdf5,h5_tr_210.py,210,stream,M2,512,1,64,/pscratch/sd/s/satt/sprints/data/converted_10M/mc_normalized_rntuple_10M_30.h5,,auto,,5000,,,,,,,false,true,17,12,4,0,4,8,5,0.23529411764705882,0.47058823529411764,0.29411764705882354,0.7058823529411765,0.0,0.0,2
1609480,1609986,worker,319.3913314342499,False,hdf5,h5_tr_210.py,210,stream,M2,512,1,64,/pscratch/sd/s/satt/sprints/data/converted_10M/mc_normalized_rntuple_10M_30.h5,,auto,,5000,,,,,,,false,true,19,13,4,0,4,9,6,0.21052631578947367,0.47368421052631576,0.3157894736842105,0.6842105263157895,0.0,0.0,2
1609480,1609987,worker,319.44593501091003,False,hdf5,h5_tr_210.py,210,stream,M2,512,1,64,/pscratch/sd/s/satt/sprints/data/converted_10M/mc_normalized_rntuple_10M_30.h5,,auto,,5000,,,,,,,false,true,17,12,4,0,4,8,5,0.23529411764705882,0.47058823529411764,0.29411764705882354,0.7058823529411765,0.0,0.0,2
1609480,1609988,worker,319.42770648002625,False,hdf5,h5_tr_210.py,210,stream,M2,512,1,64,/pscratch/sd/s/satt/sprints/data/converted_10M/mc_normalized_rntuple_10M_30.h5,,auto,,5000,,,,,,,false,true,17,12,4,0,4,8,5,0.23529411764705882,0.47058823529411764,0.29411764705882354,0.7058823529411765,0.0,0.0,2
1609480,1609989,worker,319.4173016548157,False,hdf5,h5_tr_210.py,210,stream,M2,512,1,64,/pscratch/sd/s/satt/sprints/data/converted_10M/mc_normalized_rntuple_10M_30.h5,,auto,,5000,,,,,,,false,true,19,13,4,0,4,9,6,0.21052631578947367,0.47368421052631576,0.3157894736842105,0.6842105263157895,0.0,0.0,2
1609480,1609990,worker,319.3751175403595,False,hdf5,h5_tr_210.py,210,stream,M2,512,1,64,/pscratch/sd/s/satt/sprints/data/converted_10M/mc_normalized_rntuple_10M_30.h5,,auto,,5000,,,,,,,false,true,17,12,4,0,4,8,5,0.23529411764705882,0.47058823529411764,0.29411764705882354,0.7058823529411765,0.0,0.0,2
1609480,1609991,worker,319.40328550338745,False,hdf5,h5_tr_210.py,210,stream,M2,512,1,64,/pscratch/sd/s/satt/sprints/data/converted_10M/mc_normalized_rntuple_10M_30.h5,,auto,,5000,,,,,,,false,true,17,12,4,0,4,8,5,0.23529411764705882,0.47058823529411764,0.29411764705882354,0.7058823529411765,0.0,0.0,2
1609480,1609992,worker,319.36365723609924,False,hdf5,h5_tr_210.py,210,stream,M2,512,1,64,/pscratch/sd/s/satt/sprints/data/converted_10M/mc_normalized_rntuple_10M_30.h5,,auto,,5000,,,,,,,false,true,19,13,4,0,4,9,6,0.21052631578947367,0.47368421052631576,0.3157894736842105,0.6842105263157895,0.0,0.0,2
1609480,1609993,worker,319.3958463668823,False,hdf5,h5_tr_210.py,210,stream,M2,512,1,64,/pscratch/sd/s/satt/sprints/data/converted_10M/mc_normalized_rntuple_10M_30.h5,,auto,,5000,,,,,,,false,true,17,12,4,0,4,8,5,0.23529411764705882,0.47058823529411764,0.29411764705882354,0.7058823529411765,0.0,0.0,2
1609480,1609994,worker,319.38279271125793,False,hdf5,h5_tr_210.py,210,stream,M2,512,1,64,/pscratch/sd/s/satt/sprints/data/converted_10M/mc_normalized_rntuple_10M_30.h5,,auto,,5000,,,,,,,false,true,17,12,4,0,4,8,5,0.23529411764705882,0.47058823529411764,0.29411764705882354,0.7058823529411765,0.0,0.0,2
1609480,1609995,worker,319.3197145462036,False,hdf5,h5_tr_210.py,210,stream,M2,512,1,64,/pscratch/sd/s/satt/sprints/data/converted_10M/mc_normalized_rntuple_10M_30.h5,,auto,,5000,,,,,,,false,true,19,13,4,0,4,9,6,0.21052631578947367,0.47368421052631576,0.3157894736842105,0.6842105263157895,0.0,0.0,2
1609480,1609996,worker,319.3710951805115,False,hdf5,h5_tr_210.py,210,stream,M2,512,1,64,/pscratch/sd/s/satt/sprints/data/converted_10M/mc_normalized_rntuple_10M_30.h5,,auto,,5000,,,,,,,false,true,17,12,4,0,4,8,5,0.23529411764705882,0.47058823529411764,0.29411764705882354,0.7058823529411765,0.0,0.0,2
1609480,1609997,worker,319.35492300987244,False,hdf5,h5_tr_210.py,210,stream,M2,512,1,64,/pscratch/sd/s/satt/sprints/data/converted_10M/mc_normalized_rntuple_10M_30.h5,,auto,,5000,,,,,,,false,true,17,12,4,0,4,8,5,0.23529411764705882,0.47058823529411764,0.29411764705882354,0.7058823529411765,0.0,0.0,2
1609480,1609998,worker,319.34527373313904,False,hdf5,h5_tr_210.py,210,stream,M2,512,1,64,/pscratch/sd/s/satt/sprints/data/converted_10M/mc_normalized_rntuple_10M_30.h5,,auto,,5000,,,,,,,false,true,19,13,4,0,4,9,6,0.21052631578947367,0.47368421052631576,0.3157894736842105,0.6842105263157895,0.0,0.0,2
1609480,1609999,worker,319.348064661026,False,hdf5,h5_tr_210.py,210,stream,M2,512,1,64,/pscratch/sd/s/satt/sprints/data/converted_10M/mc_normalized_rntuple_10M_30.h5,,auto,,5000,,,,,,,false,true,17,12,4,0,4,8,5,0.23529411764705882,0.47058823529411764,0.29411764705882354,0.7058823529411765,0.0,0.0,2
1609480,1610000,worker,319.2787299156189,False,hdf5,h5_tr_210.py,210,stream,M2,512,1,64,/pscratch/sd/s/satt/sprints/data/converted_10M/mc_normalized_rntuple_10M_30.h5,,auto,,5000,,,,,,,false,true,17,12,4,0,4,8,5,0.23529411764705882,0.47058823529411764,0.29411764705882354,0.7058823529411765,0.0,0.0,2
1609480,1610001,worker,319.33570289611816,False,hdf5,h5_tr_210.py,210,stream,M2,512,1,64,/pscratch/sd/s/satt/sprints/data/converted_10M/mc_normalized_rntuple_10M_30.h5,,auto,,5000,,,,,,,false,true,19,13,4,0,4,9,6,0.21052631578947367,0.47368421052631576,0.3157894736842105,0.6842105263157895,0.0,0.0,2
1609480,1610002,worker,319.3230061531067,False,hdf5,h5_tr_210.py,210,stream,M2,512,1,64,/pscratch/sd/s/satt/sprints/data/converted_10M/mc_normalized_rntuple_10M_30.h5,,auto,,5000,,,,,,,false,true,17,12,4,0,4,8,5,0.23529411764705882,0.47058823529411764,0.29411764705882354,0.7058823529411765,0.0,0.0,2
1609480,1610003,worker,319.25038290023804,False,hdf5,h5_tr_210.py,210,stream,M2,512,1,64,/pscratch/sd/s/satt/sprints/data/converted_10M/mc_normalized_rntuple_10M_30.h5,,auto,,5000,,,,,,,false,true,17,12,4,0,4,8,5,0.23529411764705882,0.47058823529411764,0.29411764705882354,0.7058823529411765,0.0,0.0,2
1609480,1610004,worker,319.31096959114075,False,hdf5,h5_tr_210.py,210,stream,M2,512,1,64,/pscratch/sd/s/satt/sprints/data/converted_10M/mc_normalized_rntuple_10M_30.h5,,auto,,5000,,,,,,,false,true,19,13,4,0,4,9,6,0.21052631578947367,0.47368421052631576,0.3157894736842105,0.6842105263157895,0.0,0.0,2
1609480,1610005,worker,319.27208852767944,False,hdf5,h5_tr_210.py,210,stream,M2,512,1,64,/pscratch/sd/s/satt/sprints/data/converted_10M/mc_normalized_rntuple_10M_30.h5,,auto,,5000,,,,,,,false,true,17,12,4,0,4,8,5,0.23529411764705882,0.47058823529411764,0.29411764705882354,0.7058823529411765,0.0,0.0,2
1609480,1610006,worker,319.24338841438293,False,hdf5,h5_tr_210.py,210,stream,M2,512,1,64,/pscratch/sd/s/satt/sprints/data/converted_10M/mc_normalized_rntuple_10M_30.h5,,auto,,5000,,,,,,,false,true,17,12,4,0,4,8,5,0.23529411764705882,0.47058823529411764,0.29411764705882354,0.7058823529411765,0.0,0.0,2
1609480,1610007,worker,319.2854473590851,False,hdf5,h5_tr_210.py,210,stream,M2,512,1,64,/pscratch/sd/s/satt/sprints/data/converted_10M/mc_normalized_rntuple_10M_30.h5,,auto,,5000,,,,,,,false,true,19,13,4,0,4,9,6,0.21052631578947367,0.47368421052631576,0.3157894736842105,0.6842105263157895,0.0,0.0,2
1609480,1610008,worker,319.2751200199127,False,hdf5,h5_tr_210.py,210,stream,M2,512,1,64,/pscratch/sd/s/satt/sprints/data/converted_10M/mc_normalized_rntuple_10M_30.h5,,auto,,5000,,,,,,,false,true,17,12,4,0,4,8,5,0.23529411764705882,0.47058823529411764,0.29411764705882354,0.7058823529411765,0.0,0.0,2
1609480,1610009,worker,319.21408867836,False,hdf5,h5_tr_210.py,210,stream,M2,512,1,64,/pscratch/sd/s/satt/sprints/data/converted_10M/mc_normalized_rntuple_10M_30.h5,,auto,,5000,,,,,,,false,true,17,12,4,0,4,8,5,0.23529411764705882,0.47058823529411764,0.29411764705882354,0.7058823529411765,0.0,0.0,2
1609480,1610010,worker,319.2563865184784,False,hdf5,h5_tr_210.py,210,stream,M2,512,1,64,/pscratch/sd/s/satt/sprints/data/converted_10M/mc_normalized_rntuple_10M_30.h5,,auto,,5000,,,,,,,false,true,19,13,4,0,4,9,6,0.21052631578947367,0.47368421052631576,0.3157894736842105,0.6842105263157895,0.0,0.0,2
1609480,1610011,worker,319.1867642402649,False,hdf5,h5_tr_210.py,210,stream,M2,512,1,64,/pscratch/sd/s/satt/sprints/data/converted_10M/mc_normalized_rntuple_10M_30.h5,,auto,,5000,,,,,,,false,true,17,12,4,0,4,8,5,0.23529411764705882,0.47058823529411764,0.29411764705882354,0.7058823529411765,0.0,0.0,2
1609480,1610012,worker,319.2446460723877,False,hdf5,h5_tr_210.py,210,stream,M2,512,1,64,/pscratch/sd/s/satt/sprints/data/converted_10M/mc_normalized_rntuple_10M_30.h5,,auto,,5000,,,,,,,false,true,19,13,4,0,4,9,6,0.21052631578947367,0.47368421052631576,0.3157894736842105,0.6842105263157895,0.0,0.0,2
1609480,1610013,worker,319.21088218688965,False,hdf5,h5_tr_210.py,210,stream,M2,512,1,64,/pscratch/sd/s/satt/sprints/data/converted_10M/mc_normalized_rntuple_10M_30.h5,,auto,,5000,,,,,,,false,true,17,12,4,0,4,8,5,0.23529411764705882,0.47058823529411764,0.29411764705882354,0.7058823529411765,0.0,0.0,2
1609480,1610014,worker,319.18183183670044,False,hdf5,h5_tr_210.py,210,stream,M2,512,1,64,/pscratch/sd/s/satt/sprints/data/converted_10M/mc_normalized_rntuple_10M_30.h5,,auto,,5000,,,,,,,false,true,17,12,4,0,4,8,5,0.23529411764705882,0.47058823529411764,0.29411764705882354,0.7058823529411765,0.0,0.0,2
