run_id,pid,role,file,reads,bytes_read,opens,seeks,stats,max_byte_read,read_time,meta_time,hist_total,mean_read_size,frac_reads_lt_10k,0_100,100_1K,1K_10K,10K_100K,100K_1M,1M_4M,4M_10M,10M_100M,100M_1G,1G_PLUS
1609480,1609480,parent,/pscratch/sd/s/satt/sprints/a_star_campaign/h5/h5_tr_210.py,10,204479,5,13,19,105375,0.0005614757537841797,0.0014357566833496094,10,20447.9,0.5,5,0,0,4,1,0,0,0,0,0
1609480,1609480,parent,/pscratch/sd/s/satt/sprints/data/converted_10M/mc_normalized_rntuple_10M_30.h5,17,5536,2,0,4,720380151,0.0009844303131103516,0.0005862712860107422,17,325.6470588235294,1.0,6,11,0,0,0,0,0,0,0,0
1609480,1609503,worker,/pscratch/sd/s/satt/sprints/a_star_campaign/h5/h5_tr_210.py,0,0,0,0,3,0,0.0,6.270408630371094e-05,0,,,0,0,0,0,0,0,0,0,0,0
1609480,1609503,worker,/pscratch/sd/s/satt/sprints/data/converted_10M/mc_normalized_rntuple_10M_30.h5,17,2342528,1,0,2,727958959,0.00855112075805664,7.891654968261719e-05,17,137795.76470588235,0.7647058823529411,3,6,4,0,4,0,0,0,0,0
1609480,1609504,worker,/pscratch/sd/s/satt/sprints/a_star_campaign/h5/h5_tr_210.py,0,0,0,0,3,0,0.0,6.198883056640625e-05,0,,,0,0,0,0,0,0,0,0,0,0
1609480,1609504,worker,/pscratch/sd/s/satt/sprints/data/converted_10M/mc_normalized_rntuple_10M_30.h5,17,2342528,1,0,2,727958959,0.010238409042358398,8.845329284667969e-05,17,137795.76470588235,0.7647058823529411,3,6,4,0,4,0,0,0,0,0
1609480,1609505,worker,/pscratch/sd/s/satt/sprints/a_star_campaign/h5/h5_tr_210.py,0,0,0,0,3,0,0.0,6.341934204101562e-05,0,,,0,0,0,0,0,0,0,0,0,0
1609480,1609505,worker,/pscratch/sd/s/satt/sprints/data/converted_10M/mc_normalized_rntuple_10M_30.h5,19,3507568,1,0,2,727958959,0.013895273208618164,9.107589721679688e-05,19,184608.84210526315,0.6842105263157895,3,6,4,0,6,0,0,0,0,0
1609480,1609506,worker,/pscratch/sd/s/satt/sprints/a_star_campaign/h5/h5_tr_210.py,0,0,0,0,3,0,0.0,5.984306335449219e-05,0,,,0,0,0,0,0,0,0,0,0,0
1609480,1609506,worker,/pscratch/sd/s/satt/sprints/data/converted_10M/mc_normalized_rntuple_10M_30.h5,17,2342528,1,0,2,727958959,0.007717609405517578,7.843971252441406e-05,17,137795.76470588235,0.7647058823529411,3,6,4,0,4,0,0,0,0,0
1609480,1609507,worker,/pscratch/sd/s/satt/sprints/a_star_campaign/h5/h5_tr_210.py,0,0,0,0,3,0,0.0,6.0558319091796875e-05,0,,,0,0,0,0,0,0,0,0,0,0
1609480,1609507,worker,/pscratch/sd/s/satt/sprints/data/converted_10M/mc_normalized_rntuple_10M_30.h5,17,2342528,1,0,2,727958959,0.008561134338378906,8.130073547363281e-05,17,137795.76470588235,0.7647058823529411,3,6,4,0,4,0,0,0,0,0
1609480,1609508,worker,/pscratch/sd/s/satt/sprints/a_star_campaign/h5/h5_tr_210.py,0,0,0,0,3,0,0.0,6.246566772460938e-05,0,,,0,0,0,0,0,0,0,0,0,0
1609480,1609508,worker,/pscratch/sd/s/satt/sprints/data/converted_10M/mc_normalized_rntuple_10M_30.h5,19,3507568,1,0,2,727958959,0.01135110855102539,8.320808410644531e-05,19,184608.84210526315,0.6842105263157895,3,6,4,0,6,0,0,0,0,0
1609480,1609509,worker,/pscratch/sd/s/satt/sprints/a_star_campaign/h5/h5_tr_210.py,0,0,0,0,3,0,0.0,6.0558319091796875e-05,0,,,0,0,0,0,0,0,0,0,0,0
1609480,1609509,worker,/pscratch/sd/s/satt/sprints/data/converted_10M/mc_normalized_rntuple_10M_30.h5,17,2342528,1,0,2,727958959,0.010715007781982422,7.343292236328125e-05,17,137795.76470588235,0.7647058823529411,3,6,4,0,4,0,0,0,0,0
1609480,1609510,worker,/pscratch/sd/s/satt/sprints/a_star_campaign/h5/h5_tr_210.py,0,0,0,0,3,0,0.0,5.269050598144531e-05,0,,,0,0,0,0,0,0,0,0,0,0
1609480,1609510,worker,/pscratch/sd/s/satt/sprints/data/converted_10M/mc_normalized_rntuple_10M_30.h5,17,2342528,1,0,2,727958959,0.006918191909790039,9.083747863769531e-05,17,137795.76470588235,0.7647058823529411,3,6,4,0,4,0,0,0,0,0
1609480,1609511,worker,/pscratch/sd/s/satt/sprints/a_star_campaign/h5/h5_tr_210.py,0,0,0,0,3,0,0.0,6.031990051269531e-05,0,,,0,0,0,0,0,0,0,0,0,0
1609480,1609511,worker,/pscratch/sd/s/satt/sprints/data/converted_10M/mc_normalized_rntuple_10M_30.h5,19,3507568,1,0,2,727958959,0.012759923934936523,8.511543273925781e-05,19,184608.84210526315,0.6842105263157895,3,6,4,0,6,0,0,0,0,0
1609480,1609512,worker,/pscratch/sd/s/satt/sprints/a_star_campaign/h5/h5_tr_210.py,0,0,0,0,3,0,0.0,5.7697296142578125e-05,0,,,0,0,0,0,0,0,0,0,0,0
1609480,1609512,worker,/pscratch/sd/s/satt/sprints/data/converted_10M/mc_normalized_rntuple_10M_30.h5,17,2342528,1,0,2,727958959,0.008546829223632812,9.822845458984375e-05,17,137795.76470588235,0.7647058823529411,3,6,4,0,4,0,0,0,0,0
1609480,1609513,worker,/pscratch/sd/s/satt/sprints/a_star_campaign/h5/h5_tr_210.py,0,0,0,0,3,0,0.0,6.413459777832031e-05,0,,,0,0,0,0,0,0,0,0,0,0
1609480,1609513,worker,/pscratch/sd/s/satt/sprints/data/converted_10M/mc_normalized_rntuple_10M_30.h5,17,2342528,1,0,2,727958959,0.006879568099975586,0.00010037422180175781,17,137795.76470588235,0.7647058823529411,3,6,4,0,4,0,0,0,0,0
1609480,1609514,worker,/pscratch/sd/s/satt/sprints/a_star_campaign/h5/h5_tr_210.py,0,0,0,0,3,0,0.0,6.341934204101562e-05,0,,,0,0,0,0,0,0,0,0,0,0
1609480,1609514,worker,/pscratch/sd/s/satt/sprints/data/converted_10M/mc_normalized_rntuple_10M_30.h5,19,3507568,1,0,2,727958959,0.013944149017333984,9.322166442871094e-05,19,184608.84210526315,0.6842105263157895,3,6,4,0,6,0,0,0,0,0
1609480,1609515,worker,/pscratch/sd/s/satt/sprints/a_star_campaign/h5/h5_tr_210.py,0,0,0,0,3,0,0.0,6.604194641113281e-05,0,,,0,0,0,0,0,0,0,0,0,0
1609480,1609515,worker,/pscratch/sd/s/satt/sprints/data/converted_10M/mc_normalized_rntuple_10M_30.h5,17,2342528,1,0,2,727958959,0.012138843536376953,8.797645568847656e-05,17,137795.76470588235,0.7647058823529411,3,6,4,0,4,0,0,0,0,0
1609480,1609516,worker,/pscratch/sd/s/satt/sprints/a_star_campaign/h5/h5_tr_210.py,0,0,0,0,3,0,0.0,6.103515625e-05,0,,,0,0,0,0,0,0,0,0,0,0
1609480,1609516,worker,/pscratch/sd/s/satt/sprints/data/converted_10M/mc_normalized_rntuple_10M_30.h5,17,2342528,1,0,2,727958959,0.010214090347290039,0.000133514404296875,17,137795.76470588235,0.7647058823529411,3,6,4,0,4,0,0,0,0,0
1609480,1609517,worker,/pscratch/sd/s/satt/sprints/a_star_campaign/h5/h5_tr_210.py,0,0,0,0,3,0,0.0,5.841255187988281e-05,0,,,0,0,0,0,0,0,0,0,0,0
1609480,1609517,worker,/pscratch/sd/s/satt/sprints/data/converted_10M/mc_normalized_rntuple_10M_30.h5,19,3507568,1,0,2,727958959,0.011444330215454102,8.702278137207031e-05,19,184608.84210526315,0.6842105263157895,3,6,4,0,6,0,0,0,0,0
1609480,1609518,worker,/pscratch/sd/s/satt/sprints/a_star_campaign/h5/h5_tr_210.py,0,0,0,0,3,0,0.0,5.793571472167969e-05,0,,,0,0,0,0,0,0,0,0,0,0
1609480,1609518,worker,/pscratch/sd/s/satt/sprints/data/converted_10M/mc_normalized_rntuple_10M_30.h5,17,2342528,1,0,2,727958959,0.010837316513061523,8.296966552734375e-05,17,137795.76470588235,0.7647058823529411,3,6,4,0,4,0,0,0,0,0
1609480,1609519,worker,/pscratch/sd/s/satt/sprints/a_star_campaign/h5/h5_tr_210.py,0,0,0,0,3,0,0.0,7.05718994140625e-05,0,,,0,0,0,0,0,0,0,0,0,0
1609480,1609519,worker,/pscratch/sd/s/satt/sprints/data/converted_10M/mc_normalized_rntuple_10M_30.h5,17,2342528,1,0,2,727958959,0.011723518371582031,0.00010442733764648438,17,137795.76470588235,0.7647058823529411,3,6,4,0,4,0,0,0,0,0
1609480,1609520,worker,/pscratch/sd/s/satt/sprints/a_star_campaign/h5/h5_tr_210.py,0,0,0,0,3,0,0.0,5.698204040527344e-05,0,,,0,0,0,0,0,0,0,0,0,0
1609480,1609520,worker,/pscratch/sd/s/satt/sprints/data/converted_10M/mc_normalized_rntuple_10M_30.h5,19,3507568,1,0,2,727958959,0.012822866439819336,0.00010991096496582031,19,184608.84210526315,0.6842105263157895,3,6,4,0,6,0,0,0,0,0
1609480,1609521,worker,/pscratch/sd/s/satt/sprints/a_star_campaign/h5/h5_tr_210.py,0,0,0,0,3,0,0.0,6.198883056640625e-05,0,,,0,0,0,0,0,0,0,0,0,0
1609480,1609521,worker,/pscratch/sd/s/satt/sprints/data/converted_10M/mc_normalized_rntuple_10M_30.h5,17,2342528,1,0,2,727958959,0.010602474212646484,0.00011301040649414062,17,137795.76470588235,0.7647058823529411,3,6,4,0,4,0,0,0,0,0
1609480,1609522,worker,/pscratch/sd/s/satt/sprints/a_star_campaign/h5/h5_tr_210.py,0,0,0,0,3,0,0.0,5.841255187988281e-05,0,,,0,0,0,0,0,0,0,0,0,0
1609480,1609522,worker,/pscratch/sd/s/satt/sprints/data/converted_10M/mc_normalized_rntuple_10M_30.h5,17,2342528,1,0,2,727958959,0.009175539016723633,7.557868957519531e-05,17,137795.76470588235,0.7647058823529411,3,6,4,0,4,0,0,0,0,0
1609480,1609523,worker,/pscratch/sd/s/satt/sprints/a_star_campaign/h5/h5_tr_210.py,0,0,0,0,3,0,0.0,6.0558319091796875e-05,0,,,0,0,0,0,0,0,0,0,0,0
1609480,1609523,worker,/pscratch/sd/s/satt/sprints/data/converted_10M/mc_normalized_rntuple_10M_30.h5,19,3507568,1,0,2,727958959,0.010516166687011719,7.319450378417969e-05,19,184608.84210526315,0.6842105263157895,3,6,4,0,6,0,0,0,0,0
1609480,1609524,worker,/pscratch/sd/s/satt/sprints/a_star_campaign/h5/h5_tr_210.py,0,0,0,0,3,0,0.0,6.0558319091796875e-05,0,,,0,0,0,0,0,0,0,0,0,0
1609480,1609524,worker,/pscratch/sd/s/satt/sprints/data/converted_10M/mc_normalized_rntuple_10M_30.h5,17,2342528,1,0,2,727958959,0.01051473617553711,8.58306884765625e-05,17,137795.76470588235,0.7647058823529411,3,6,4,0,4,0,0,0,0,0
1609480,1609525,worker,/pscratch/sd/s/satt/sprints/a_star_campaign/h5/h5_tr_210.py,0,0,0,0,3,0,0.0,6.771087646484375e-05,0,,,0,0,0,0,0,0,0,0,0,0
1609480,1609525,worker,/pscratch/sd/s/satt/sprints/data/converted_10M/mc_normalized_rntuple_10M_30.h5,17,2342528,1,0,2,727958959,0.012009382247924805,8.58306884765625e-05,17,137795.76470588235,0.7647058823529411,3,6,4,0,4,0,0,0,0,0
1609480,1609526,worker,/pscratch/sd/s/satt/sprints/a_star_campaign/h5/h5_tr_210.py,0,0,0,0,3,0,0.0,5.817413330078125e-05,0,,,0,0,0,0,0,0,0,0,0,0
1609480,1609526,worker,/pscratch/sd/s/satt/sprints/data/converted_10M/mc_normalized_rntuple_10M_30.h5,19,3507568,1,0,2,727958959,0.006303310394287109,0.00021910667419433594,19,184608.84210526315,0.6842105263157895,3,6,4,0,6,0,0,0,0,0
1609480,1609527,worker,/pscratch/sd/s/satt/sprints/a_star_campaign/h5/h5_tr_210.py,0,0,0,0,3,0,0.0,8.106231689453125e-05,0,,,0,0,0,0,0,0,0,0,0,0
1609480,1609527,worker,/pscratch/sd/s/satt/sprints/data/converted_10M/mc_normalized_rntuple_10M_30.h5,17,2342528,1,0,2,727958959,0.005968570709228516,0.00011897087097167969,17,137795.76470588235,0.7647058823529411,3,6,4,0,4,0,0,0,0,0
1609480,1609528,worker,/pscratch/sd/s/satt/sprints/a_star_campaign/h5/h5_tr_210.py,0,0,0,0,3,0,0.0,6.151199340820312e-05,0,,,0,0,0,0,0,0,0,0,0,0
1609480,1609528,worker,/pscratch/sd/s/satt/sprints/data/converted_10M/mc_normalized_rntuple_10M_30.h5,17,2342528,1,0,2,727958959,0.009312152862548828,0.00011277198791503906,17,137795.76470588235,0.7647058823529411,3,6,4,0,4,0,0,0,0,0
1609480,1609529,worker,/pscratch/sd/s/satt/sprints/a_star_campaign/h5/h5_tr_210.py,0,0,0,0,3,0,0.0,6.318092346191406e-05,0,,,0,0,0,0,0,0,0,0,0,0
1609480,1609529,worker,/pscratch/sd/s/satt/sprints/data/converted_10M/mc_normalized_rntuple_10M_30.h5,19,3507568,1,0,2,727958959,0.006417512893676758,0.00012540817260742188,19,184608.84210526315,0.6842105263157895,3,6,4,0,6,0,0,0,0,0
1609480,1609530,worker,/pscratch/sd/s/satt/sprints/a_star_campaign/h5/h5_tr_210.py,0,0,0,0,3,0,0.0,6.365776062011719e-05,0,,,0,0,0,0,0,0,0,0,0,0
1609480,1609530,worker,/pscratch/sd/s/satt/sprints/data/converted_10M/mc_normalized_rntuple_10M_30.h5,17,2342528,1,0,2,727958959,0.005962848663330078,0.00018525123596191406,17,137795.76470588235,0.7647058823529411,3,6,4,0,4,0,0,0,0,0
1609480,1609531,worker,/pscratch/sd/s/satt/sprints/a_star_campaign/h5/h5_tr_210.py,0,0,0,0,3,0,0.0,5.91278076171875e-05,0,,,0,0,0,0,0,0,0,0,0,0
1609480,1609531,worker,/pscratch/sd/s/satt/sprints/data/converted_10M/mc_normalized_rntuple_10M_30.h5,17,2342528,1,0,2,727958959,0.005046844482421875,0.0002014636993408203,17,137795.76470588235,0.7647058823529411,3,6,4,0,4,0,0,0,0,0
1609480,1609532,worker,/pscratch/sd/s/satt/sprints/a_star_campaign/h5/h5_tr_210.py,0,0,0,0,3,0,0.0,6.437301635742188e-05,0,,,0,0,0,0,0,0,0,0,0,0
1609480,1609532,worker,/pscratch/sd/s/satt/sprints/data/converted_10M/mc_normalized_rntuple_10M_30.h5,19,3507568,1,0,2,727958959,0.007372379302978516,0.0002541542053222656,19,184608.84210526315,0.6842105263157895,3,6,4,0,6,0,0,0,0,0
1609480,1609533,worker,/pscratch/sd/s/satt/sprints/a_star_campaign/h5/h5_tr_210.py,0,0,0,0,3,0,0.0,6.031990051269531e-05,0,,,0,0,0,0,0,0,0,0,0,0
1609480,1609533,worker,/pscratch/sd/s/satt/sprints/data/converted_10M/mc_normalized_rntuple_10M_30.h5,17,2342528,1,0,2,727958959,0.03342795372009277,9.489059448242188e-05,17,137795.76470588235,0.7647058823529411,3,6,4,0,4,0,0,0,0,0
1609480,1609534,worker,/pscratch/sd/s/satt/sprints/a_star_campaign/h5/h5_tr_210.py,0,0,0,0,3,0,0.0,6.866455078125e-05,0,,,0,0,0,0,0,0,0,0,0,0
1609480,1609534,worker,/pscratch/sd/s/satt/sprints/data/converted_10M/mc_normalized_rntuple_10M_30.h5,17,2342528,1,0,2,727958959,0.016754627227783203,0.00010204315185546875,17,137795.76470588235,0.7647058823529411,3,6,4,0,4,0,0,0,0,0
1609480,1609535,worker,/pscratch/sd/s/satt/sprints/a_star_campaign/h5/h5_tr_210.py,0,0,0,0,3,0,0.0,6.246566772460938e-05,0,,,0,0,0,0,0,0,0,0,0,0
1609480,1609535,worker,/pscratch/sd/s/satt/sprints/data/converted_10M/mc_normalized_rntuple_10M_30.h5,19,3507568,1,0,2,727958959,0.0077588558197021484,0.00015592575073242188,19,184608.84210526315,0.6842105263157895,3,6,4,0,6,0,0,0,0,0
1609480,1609536,worker,/pscratch/sd/s/satt/sprints/a_star_campaign/h5/h5_tr_210.py,0,0,0,0,3,0,0.0,5.8650970458984375e-05,0,,,0,0,0,0,0,0,0,0,0,0
1609480,1609536,worker,/pscratch/sd/s/satt/sprints/data/converted_10M/mc_normalized_rntuple_10M_30.h5,17,2342528,1,0,2,727958959,0.011810541152954102,0.0001010894775390625,17,137795.76470588235,0.7647058823529411,3,6,4,0,4,0,0,0,0,0
1609480,1609537,worker,/pscratch/sd/s/satt/sprints/a_star_campaign/h5/h5_tr_210.py,0,0,0,0,3,0,0.0,5.888938903808594e-05,0,,,0,0,0,0,0,0,0,0,0,0
1609480,1609537,worker,/pscratch/sd/s/satt/sprints/data/converted_10M/mc_normalized_rntuple_10M_30.h5,17,2342528,1,0,2,727958959,0.0025887489318847656,0.00010585784912109375,17,137795.76470588235,0.7647058823529411,3,6,4,0,4,0,0,0,0,0
1609480,1609538,worker,/pscratch/sd/s/satt/sprints/a_star_campaign/h5/h5_tr_210.py,0,0,0,0,3,0,0.0,6.222724914550781e-05,0,,,0,0,0,0,0,0,0,0,0,0
1609480,1609538,worker,/pscratch/sd/s/satt/sprints/data/converted_10M/mc_normalized_rntuple_10M_30.h5,19,3507568,1,0,2,727958959,0.008961915969848633,9.417533874511719e-05,19,184608.84210526315,0.6842105263157895,3,6,4,0,6,0,0,0,0,0
1609480,1609539,worker,/pscratch/sd/s/satt/sprints/a_star_campaign/h5/h5_tr_210.py,0,0,0,0,3,0,0.0,5.888938903808594e-05,0,,,0,0,0,0,0,0,0,0,0,0
1609480,1609539,worker,/pscratch/sd/s/satt/sprints/data/converted_10M/mc_normalized_rntuple_10M_30.h5,17,2342528,1,0,2,727958959,0.012029647827148438,0.00015497207641601562,17,137795.76470588235,0.7647058823529411,3,6,4,0,4,0,0,0,0,0
1609480,1609540,worker,/pscratch/sd/s/satt/sprints/a_star_campaign/h5/h5_tr_210.py,0,0,0,0,3,0,0.0,5.9604644775390625e-05,0,,,0,0,0,0,0,0,0,0,0,0
1609480,1609540,worker,/pscratch/sd/s/satt/sprints/data/converted_10M/mc_normalized_rntuple_10M_30.h5,17,2342528,1,0,2,727958959,0.004212856292724609,0.00011229515075683594,17,137795.76470588235,0.7647058823529411,3,6,4,0,4,0,0,0,0,0
1609480,1609541,worker,/pscratch/sd/s/satt/sprints/a_star_campaign/h5/h5_tr_210.py,0,0,0,0,3,0,0.0,6.437301635742188e-05,0,,,0,0,0,0,0,0,0,0,0,0
1609480,1609541,worker,/pscratch/sd/s/satt/sprints/data/converted_10M/mc_normalized_rntuple_10M_30.h5,19,3507568,1,0,2,727958959,0.02446436882019043,9.822845458984375e-05,19,184608.84210526315,0.6842105263157895,3,6,4,0,6,0,0,0,0,0
1609480,1609542,worker,/pscratch/sd/s/satt/sprints/a_star_campaign/h5/h5_tr_210.py,0,0,0,0,3,0,0.0,5.650520324707031e-05,0,,,0,0,0,0,0,0,0,0,0,0
1609480,1609542,worker,/pscratch/sd/s/satt/sprints/data/converted_10M/mc_normalized_rntuple_10M_30.h5,17,2342528,1,0,2,727958959,0.01638340950012207,8.821487426757812e-05,17,137795.76470588235,0.7647058823529411,3,6,4,0,4,0,0,0,0,0
1609480,1609543,worker,/pscratch/sd/s/satt/sprints/a_star_campaign/h5/h5_tr_210.py,0,0,0,0,3,0,0.0,5.7220458984375e-05,0,,,0,0,0,0,0,0,0,0,0,0
1609480,1609543,worker,/pscratch/sd/s/satt/sprints/data/converted_10M/mc_normalized_rntuple_10M_30.h5,17,2342528,1,0,2,727958959,0.01715874671936035,0.00013709068298339844,17,137795.76470588235,0.7647058823529411,3,6,4,0,4,0,0,0,0,0
1609480,1609544,worker,/pscratch/sd/s/satt/sprints/a_star_campaign/h5/h5_tr_210.py,0,0,0,0,3,0,0.0,5.745887756347656e-05,0,,,0,0,0,0,0,0,0,0,0,0
1609480,1609544,worker,/pscratch/sd/s/satt/sprints/data/converted_10M/mc_normalized_rntuple_10M_30.h5,19,3507568,1,0,2,727958959,0.061084747314453125,0.00010585784912109375,19,184608.84210526315,0.6842105263157895,3,6,4,0,6,0,0,0,0,0
1609480,1609545,worker,/pscratch/sd/s/satt/sprints/a_star_campaign/h5/h5_tr_210.py,0,0,0,0,3,0,0.0,5.9604644775390625e-05,0,,,0,0,0,0,0,0,0,0,0,0
1609480,1609545,worker,/pscratch/sd/s/satt/sprints/data/converted_10M/mc_normalized_rntuple_10M_30.h5,19,2347240,1,0,2,727958959,0.019798994064331055,9.679794311523438e-05,19,123538.94736842105,0.7894736842105263,3,6,6,0,4,0,0,0,0,0
1609480,1609546,worker,/pscratch/sd/s/satt/sprints/a_star_campaign/h5/h5_tr_210.py,0,0,0,0,3,0,0.0,5.9604644775390625e-05,0,,,0,0,0,0,0,0,0,0,0,0
1609480,1609546,worker,/pscratch/sd/s/satt/sprints/data/converted_10M/mc_normalized_rntuple_10M_30.h5,19,3507568,1,0,2,727956863,0.032294511795043945,0.00011849403381347656,19,184608.84210526315,0.6842105263157895,3,6,4,0,6,0,0,0,0,0
1609480,1609547,worker,/pscratch/sd/s/satt/sprints/a_star_campaign/h5/h5_tr_210.py,0,0,0,0,3,0,0.0,6.914138793945312e-05,0,,,0,0,0,0,0,0,0,0,0,0
1609480,1609547,worker,/pscratch/sd/s/satt/sprints/data/converted_10M/mc_normalized_rntuple_10M_30.h5,17,2342528,1,0,2,727956863,0.03546881675720215,9.274482727050781e-05,17,137795.76470588235,0.7647058823529411,3,6,4,0,4,0,0,0,0,0
1609480,1609548,worker,/pscratch/sd/s/satt/sprints/a_star_campaign/h5/h5_tr_210.py,0,0,0,0,3,0,0.0,5.793571472167969e-05,0,,,0,0,0,0,0,0,0,0,0,0
1609480,1609548,worker,/pscratch/sd/s/satt/sprints/data/converted_10M/mc_normalized_rntuple_10M_30.h5,17,2342528,1,0,2,727956863,0.021438121795654297,0.00010943412780761719,17,137795.76470588235,0.7647058823529411,3,6,4,0,4,0,0,0,0,0
1609480,1609549,worker,/pscratch/sd/s/satt/sprints/a_star_campaign/h5/h5_tr_210.py,0,0,0,0,3,0,0.0,5.745887756347656e-05,0,,,0,0,0,0,0,0,0,0,0,0
1609480,1609549,worker,/pscratch/sd/s/satt/sprints/data/converted_10M/mc_normalized_rntuple_10M_30.h5,19,3507568,1,0,2,727956863,0.05977916717529297,0.00010013580322265625,19,184608.84210526315,0.6842105263157895,3,6,4,0,6,0,0,0,0,0
1609480,1609550,worker,/pscratch/sd/s/satt/sprints/a_star_campaign/h5/h5_tr_210.py,0,0,0,0,3,0,0.0,5.602836608886719e-05,0,,,0,0,0,0,0,0,0,0,0,0
1609480,1609550,worker,/pscratch/sd/s/satt/sprints/data/converted_10M/mc_normalized_rntuple_10M_30.h5,17,2342528,1,0,2,727956863,0.020185232162475586,0.00012111663818359375,17,137795.76470588235,0.7647058823529411,3,6,4,0,4,0,0,0,0,0
1609480,1609551,worker,/pscratch/sd/s/satt/sprints/a_star_campaign/h5/h5_tr_210.py,0,0,0,0,3,0,0.0,5.745887756347656e-05,0,,,0,0,0,0,0,0,0,0,0,0
1609480,1609551,worker,/pscratch/sd/s/satt/sprints/data/converted_10M/mc_normalized_rntuple_10M_30.h5,17,2342528,1,0,2,728075463,0.01451730728149414,9.918212890625e-05,17,137795.76470588235,0.7647058823529411,3,6,4,0,4,0,0,0,0,0
1609480,1609552,worker,/pscratch/sd/s/satt/sprints/a_star_campaign/h5/h5_tr_210.py,0,0,0,0,3,0,0.0,7.05718994140625e-05,0,,,0,0,0,0,0,0,0,0,0,0
1609480,1609552,worker,/pscratch/sd/s/satt/sprints/data/converted_10M/mc_normalized_rntuple_10M_30.h5,19,3507568,1,0,2,728308471,0.06282615661621094,0.00011420249938964844,19,184608.84210526315,0.6842105263157895,3,6,4,0,6,0,0,0,0,0
1609480,1609553,worker,/pscratch/sd/s/satt/sprints/a_star_campaign/h5/h5_tr_210.py,0,0,0,0,3,0,0.0,6.365776062011719e-05,0,,,0,0,0,0,0,0,0,0,0,0
1609480,1609553,worker,/pscratch/sd/s/satt/sprints/data/converted_10M/mc_normalized_rntuple_10M_30.h5,17,2342528,1,0,2,728424975,0.021659374237060547,0.00010061264038085938,17,137795.76470588235,0.7647058823529411,3,6,4,0,4,0,0,0,0,0
1609480,1609554,worker,/pscratch/sd/s/satt/sprints/a_star_campaign/h5/h5_tr_210.py,0,0,0,0,3,0,0.0,5.53131103515625e-05,0,,,0,0,0,0,0,0,0,0,0,0
1609480,1609554,worker,/pscratch/sd/s/satt/sprints/data/converted_10M/mc_normalized_rntuple_10M_30.h5,17,2342528,1,0,2,728541479,0.01688218116760254,8.893013000488281e-05,17,137795.76470588235,0.7647058823529411,3,6,4,0,4,0,0,0,0,0
1609480,1609555,worker,/pscratch/sd/s/satt/sprints/a_star_campaign/h5/h5_tr_210.py,0,0,0,0,3,0,0.0,5.888938903808594e-05,0,,,0,0,0,0,0,0,0,0,0,0
1609480,1609555,worker,/pscratch/sd/s/satt/sprints/data/converted_10M/mc_normalized_rntuple_10M_30.h5,19,3507568,1,0,2,728774487,0.05749082565307617,9.036064147949219e-05,19,184608.84210526315,0.6842105263157895,3,6,4,0,6,0,0,0,0,0
1609480,1609556,worker,/pscratch/sd/s/satt/sprints/a_star_campaign/h5/h5_tr_210.py,0,0,0,0,3,0,0.0,6.0558319091796875e-05,0,,,0,0,0,0,0,0,0,0,0,0
1609480,1609556,worker,/pscratch/sd/s/satt/sprints/data/converted_10M/mc_normalized_rntuple_10M_30.h5,17,2342528,1,0,2,728890991,0.01644444465637207,0.00010037422180175781,17,137795.76470588235,0.7647058823529411,3,6,4,0,4,0,0,0,0,0
1609480,1609557,worker,/pscratch/sd/s/satt/sprints/a_star_campaign/h5/h5_tr_210.py,0,0,0,0,3,0,0.0,6.4849853515625e-05,0,,,0,0,0,0,0,0,0,0,0,0
1609480,1609557,worker,/pscratch/sd/s/satt/sprints/data/converted_10M/mc_normalized_rntuple_10M_30.h5,17,2342528,1,0,2,729007495,0.01735997200012207,0.00010037422180175781,17,137795.76470588235,0.7647058823529411,3,6,4,0,4,0,0,0,0,0
1609480,1609558,worker,/pscratch/sd/s/satt/sprints/a_star_campaign/h5/h5_tr_210.py,0,0,0,0,3,0,0.0,5.53131103515625e-05,0,,,0,0,0,0,0,0,0,0,0,0
1609480,1609558,worker,/pscratch/sd/s/satt/sprints/data/converted_10M/mc_normalized_rntuple_10M_30.h5,19,3507568,1,0,2,729240503,0.026978254318237305,9.584426879882812e-05,19,184608.84210526315,0.6842105263157895,3,6,4,0,6,0,0,0,0,0
1609480,1609559,worker,/pscratch/sd/s/satt/sprints/a_star_campaign/h5/h5_tr_210.py,0,0,0,0,3,0,0.0,5.841255187988281e-05,0,,,0,0,0,0,0,0,0,0,0,0
1609480,1609559,worker,/pscratch/sd/s/satt/sprints/data/converted_10M/mc_normalized_rntuple_10M_30.h5,17,2342528,1,0,2,729357007,0.004968881607055664,0.00010132789611816406,17,137795.76470588235,0.7647058823529411,3,6,4,0,4,0,0,0,0,0
1609480,1609560,worker,/pscratch/sd/s/satt/sprints/a_star_campaign/h5/h5_tr_210.py,0,0,0,0,3,0,0.0,6.4849853515625e-05,0,,,0,0,0,0,0,0,0,0,0,0
1609480,1609560,worker,/pscratch/sd/s/satt/sprints/data/converted_10M/mc_normalized_rntuple_10M_30.h5,17,2342528,1,0,2,729473511,0.0054776668548583984,9.441375732421875e-05,17,137795.76470588235,0.7647058823529411,3,6,4,0,4,0,0,0,0,0
1609480,1609561,worker,/pscratch/sd/s/satt/sprints/a_star_campaign/h5/h5_tr_210.py,0,0,0,0,3,0,0.0,6.413459777832031e-05,0,,,0,0,0,0,0,0,0,0,0,0
1609480,1609561,worker,/pscratch/sd/s/satt/sprints/data/converted_10M/mc_normalized_rntuple_10M_30.h5,19,3507568,1,0,2,729706519,0.025359153747558594,9.72747802734375e-05,19,184608.84210526315,0.6842105263157895,3,6,4,0,6,0,0,0,0,0
1609480,1609562,worker,/pscratch/sd/s/satt/sprints/a_star_campaign/h5/h5_tr_210.py,0,0,0,0,3,0,0.0,5.3882598876953125e-05,0,,,0,0,0,0,0,0,0,0,0,0
1609480,1609562,worker,/pscratch/sd/s/satt/sprints/data/converted_10M/mc_normalized_rntuple_10M_30.h5,17,2342528,1,0,2,729823023,0.05781149864196777,0.00010228157043457031,17,137795.76470588235,0.7647058823529411,3,6,4,0,4,0,0,0,0,0
1609480,1609563,worker,/pscratch/sd/s/satt/sprints/a_star_campaign/h5/h5_tr_210.py,0,0,0,0,3,0,0.0,6.198883056640625e-05,0,,,0,0,0,0,0,0,0,0,0,0
1609480,1609563,worker,/pscratch/sd/s/satt/sprints/data/converted_10M/mc_normalized_rntuple_10M_30.h5,17,2342528,1,0,2,729939527,0.02271747589111328,0.000102996826171875,17,137795.76470588235,0.7647058823529411,3,6,4,0,4,0,0,0,0,0
1609480,1609564,worker,/pscratch/sd/s/satt/sprints/a_star_campaign/h5/h5_tr_210.py,0,0,0,0,3,0,0.0,5.888938903808594e-05,0,,,0,0,0,0,0,0,0,0,0,0
1609480,1609564,worker,/pscratch/sd/s/satt/sprints/data/converted_10M/mc_normalized_rntuple_10M_30.h5,19,3507568,1,0,2,730172535,0.06115007400512695,0.00013184547424316406,19,184608.84210526315,0.6842105263157895,3,6,4,0,6,0,0,0,0,0
1609480,1609565,worker,/pscratch/sd/s/satt/sprints/a_star_campaign/h5/h5_tr_210.py,0,0,0,0,3,0,0.0,5.4836273193359375e-05,0,,,0,0,0,0,0,0,0,0,0,0
1609480,1609565,worker,/pscratch/sd/s/satt/sprints/data/converted_10M/mc_normalized_rntuple_10M_30.h5,17,2342528,1,0,2,730289039,0.016184329986572266,8.893013000488281e-05,17,137795.76470588235,0.7647058823529411,3,6,4,0,4,0,0,0,0,0
1609480,1609566,worker,/pscratch/sd/s/satt/sprints/a_star_campaign/h5/h5_tr_210.py,0,0,0,0,3,0,0.0,5.984306335449219e-05,0,,,0,0,0,0,0,0,0,0,0,0
1609480,1609566,worker,/pscratch/sd/s/satt/sprints/data/converted_10M/mc_normalized_rntuple_10M_30.h5,17,2342528,1,0,2,730405543,0.019084692001342773,9.965896606445312e-05,17,137795.76470588235,0.7647058823529411,3,6,4,0,4,0,0,0,0,0
1609480,1609567,worker,/pscratch/sd/s/satt/sprints/a_star_campaign/h5/h5_tr_210.py,0,0,0,0,3,0,0.0,5.841255187988281e-05,0,,,0,0,0,0,0,0,0,0,0,0
1609480,1609567,worker,/pscratch/sd/s/satt/sprints/data/converted_10M/mc_normalized_rntuple_10M_30.h5,19,3507568,1,0,2,730638551,0.05953407287597656,9.226799011230469e-05,19,184608.84210526315,0.6842105263157895,3,6,4,0,6,0,0,0,0,0
1609480,1609568,worker,/pscratch/sd/s/satt/sprints/a_star_campaign/h5/h5_tr_210.py,0,0,0,0,3,0,0.0,7.653236389160156e-05,0,,,0,0,0,0,0,0,0,0,0,0
1609480,1609568,worker,/pscratch/sd/s/satt/sprints/data/converted_10M/mc_normalized_rntuple_10M_30.h5,17,2342528,1,0,2,730755055,0.01716899871826172,9.036064147949219e-05,17,137795.76470588235,0.7647058823529411,3,6,4,0,4,0,0,0,0,0
1609480,1609569,worker,/pscratch/sd/s/satt/sprints/a_star_campaign/h5/h5_tr_210.py,0,0,0,0,3,0,0.0,7.700920104980469e-05,0,,,0,0,0,0,0,0,0,0,0,0
1609480,1609569,worker,/pscratch/sd/s/satt/sprints/data/converted_10M/mc_normalized_rntuple_10M_30.h5,17,2342528,1,0,2,730871559,0.02270030975341797,0.00010561943054199219,17,137795.76470588235,0.7647058823529411,3,6,4,0,4,0,0,0,0,0
1609480,1609570,worker,/pscratch/sd/s/satt/sprints/a_star_campaign/h5/h5_tr_210.py,0,0,0,0,3,0,0.0,5.888938903808594e-05,0,,,0,0,0,0,0,0,0,0,0,0
1609480,1609570,worker,/pscratch/sd/s/satt/sprints/data/converted_10M/mc_normalized_rntuple_10M_30.h5,19,3507568,1,0,2,731104567,0.06059074401855469,0.00010180473327636719,19,184608.84210526315,0.6842105263157895,3,6,4,0,6,0,0,0,0,0
1609480,1609571,worker,/pscratch/sd/s/satt/sprints/a_star_campaign/h5/h5_tr_210.py,0,0,0,0,3,0,0.0,6.198883056640625e-05,0,,,0,0,0,0,0,0,0,0,0,0
1609480,1609571,worker,/pscratch/sd/s/satt/sprints/data/converted_10M/mc_normalized_rntuple_10M_30.h5,17,2342528,1,0,2,731221071,0.012451171875,0.00010395050048828125,17,137795.76470588235,0.7647058823529411,3,6,4,0,4,0,0,0,0,0
1609480,1609572,worker,/pscratch/sd/s/satt/sprints/a_star_campaign/h5/h5_tr_210.py,0,0,0,0,3,0,0.0,6.008148193359375e-05,0,,,0,0,0,0,0,0,0,0,0,0
1609480,1609572,worker,/pscratch/sd/s/satt/sprints/data/converted_10M/mc_normalized_rntuple_10M_30.h5,17,2342528,1,0,2,731337575,0.015960216522216797,0.00010085105895996094,17,137795.76470588235,0.7647058823529411,3,6,4,0,4,0,0,0,0,0
1609480,1609573,worker,/pscratch/sd/s/satt/sprints/a_star_campaign/h5/h5_tr_210.py,0,0,0,0,3,0,0.0,6.103515625e-05,0,,,0,0,0,0,0,0,0,0,0,0
1609480,1609573,worker,/pscratch/sd/s/satt/sprints/data/converted_10M/mc_normalized_rntuple_10M_30.h5,19,3507568,1,0,2,731570583,0.05921053886413574,0.000102996826171875,19,184608.84210526315,0.6842105263157895,3,6,4,0,6,0,0,0,0,0
1609480,1609574,worker,/pscratch/sd/s/satt/sprints/a_star_campaign/h5/h5_tr_210.py,0,0,0,0,3,0,0.0,5.984306335449219e-05,0,,,0,0,0,0,0,0,0,0,0,0
1609480,1609574,worker,/pscratch/sd/s/satt/sprints/data/converted_10M/mc_normalized_rntuple_10M_30.h5,17,2342528,1,0,2,731687087,0.019793272018432617,0.00010657310485839844,17,137795.76470588235,0.7647058823529411,3,6,4,0,4,0,0,0,0,0
1609480,1609575,worker,/pscratch/sd/s/satt/sprints/a_star_campaign/h5/h5_tr_210.py,0,0,0,0,3,0,0.0,6.008148193359375e-05,0,,,0,0,0,0,0,0,0,0,0,0
1609480,1609575,worker,/pscratch/sd/s/satt/sprints/data/converted_10M/mc_normalized_rntuple_10M_30.h5,17,2342528,1,0,2,731803591,0.02097630500793457,0.00011229515075683594,17,137795.76470588235,0.7647058823529411,3,6,4,0,4,0,0,0,0,0
1609480,1609576,worker,/pscratch/sd/s/satt/sprints/a_star_campaign/h5/h5_tr_210.py,0,0,0,0,3,0,0.0,5.9604644775390625e-05,0,,,0,0,0,0,0,0,0,0,0,0
1609480,1609576,worker,/pscratch/sd/s/satt/sprints/data/converted_10M/mc_normalized_rntuple_10M_30.h5,19,3507568,1,0,2,732036599,0.030919551849365234,0.00011229515075683594,19,184608.84210526315,0.6842105263157895,3,6,4,0,6,0,0,0,0,0
1609480,1609577,worker,/pscratch/sd/s/satt/sprints/a_star_campaign/h5/h5_tr_210.py,0,0,0,0,3,0,0.0,5.817413330078125e-05,0,,,0,0,0,0,0,0,0,0,0,0
1609480,1609577,worker,/pscratch/sd/s/satt/sprints/data/converted_10M/mc_normalized_rntuple_10M_30.h5,17,2342528,1,0,2,732153103,0.009159088134765625,8.988380432128906e-05,17,137795.76470588235,0.7647058823529411,3,6,4,0,4,0,0,0,0,0
1609480,1609578,worker,/pscratch/sd/s/satt/sprints/a_star_campaign/h5/h5_tr_210.py,0,0,0,0,3,0,0.0,5.888938903808594e-05,0,,,0,0,0,0,0,0,0,0,0,0
1609480,1609578,worker,/pscratch/sd/s/satt/sprints/data/converted_10M/mc_normalized_rntuple_10M_30.h5,17,2342528,1,0,2,732269607,0.010548114776611328,8.869171142578125e-05,17,137795.76470588235,0.7647058823529411,3,6,4,0,4,0,0,0,0,0
1609480,1609579,worker,/pscratch/sd/s/satt/sprints/a_star_campaign/h5/h5_tr_210.py,0,0,0,0,3,0,0.0,5.602836608886719e-05,0,,,0,0,0,0,0,0,0,0,0,0
1609480,1609579,worker,/pscratch/sd/s/satt/sprints/data/converted_10M/mc_normalized_rntuple_10M_30.h5,19,3507568,1,0,2,732502615,0.012636423110961914,0.0001125335693359375,19,184608.84210526315,0.6842105263157895,3,6,4,0,6,0,0,0,0,0
1609480,1609580,worker,/pscratch/sd/s/satt/sprints/a_star_campaign/h5/h5_tr_210.py,0,0,0,0,3,0,0.0,5.793571472167969e-05,0,,,0,0,0,0,0,0,0,0,0,0
1609480,1609580,worker,/pscratch/sd/s/satt/sprints/data/converted_10M/mc_normalized_rntuple_10M_30.h5,17,2342528,1,0,2,732619119,0.024745941162109375,0.00010466575622558594,17,137795.76470588235,0.7647058823529411,3,6,4,0,4,0,0,0,0,0
1609480,1609581,worker,/pscratch/sd/s/satt/sprints/a_star_campaign/h5/h5_tr_210.py,0,0,0,0,3,0,0.0,5.650520324707031e-05,0,,,0,0,0,0,0,0,0,0,0,0
1609480,1609581,worker,/pscratch/sd/s/satt/sprints/data/converted_10M/mc_normalized_rntuple_10M_30.h5,17,2342528,1,0,2,732735623,0.024512529373168945,8.96453857421875e-05,17,137795.76470588235,0.7647058823529411,3,6,4,0,4,0,0,0,0,0
1609480,1609582,worker,/pscratch/sd/s/satt/sprints/a_star_campaign/h5/h5_tr_210.py,0,0,0,0,3,0,0.0,5.888938903808594e-05,0,,,0,0,0,0,0,0,0,0,0,0
1609480,1609582,worker,/pscratch/sd/s/satt/sprints/data/converted_10M/mc_normalized_rntuple_10M_30.h5,19,3507568,1,0,2,732968631,0.03197669982910156,0.00010776519775390625,19,184608.84210526315,0.6842105263157895,3,6,4,0,6,0,0,0,0,0
1609480,1609583,worker,/pscratch/sd/s/satt/sprints/a_star_campaign/h5/h5_tr_210.py,0,0,0,0,3,0,0.0,6.079673767089844e-05,0,,,0,0,0,0,0,0,0,0,0,0
1609480,1609583,worker,/pscratch/sd/s/satt/sprints/data/converted_10M/mc_normalized_rntuple_10M_30.h5,17,2342528,1,0,2,733085135,0.021109342575073242,9.870529174804688e-05,17,137795.76470588235,0.7647058823529411,3,6,4,0,4,0,0,0,0,0
1609480,1609584,worker,/pscratch/sd/s/satt/sprints/a_star_campaign/h5/h5_tr_210.py,0,0,0,0,3,0,0.0,5.698204040527344e-05,0,,,0,0,0,0,0,0,0,0,0,0
1609480,1609584,worker,/pscratch/sd/s/satt/sprints/data/converted_10M/mc_normalized_rntuple_10M_30.h5,17,2342528,1,0,2,733201639,0.022533893585205078,8.416175842285156e-05,17,137795.76470588235,0.7647058823529411,3,6,4,0,4,0,0,0,0,0
1609480,1609585,worker,/pscratch/sd/s/satt/sprints/a_star_campaign/h5/h5_tr_210.py,0,0,0,0,3,0,0.0,5.650520324707031e-05,0,,,0,0,0,0,0,0,0,0,0,0
1609480,1609585,worker,/pscratch/sd/s/satt/sprints/data/converted_10M/mc_normalized_rntuple_10M_30.h5,19,3507568,1,0,2,733434647,0.05970597267150879,8.96453857421875e-05,19,184608.84210526315,0.6842105263157895,3,6,4,0,6,0,0,0,0,0
1609480,1609586,worker,/pscratch/sd/s/satt/sprints/a_star_campaign/h5/h5_tr_210.py,0,0,0,0,3,0,0.0,5.7220458984375e-05,0,,,0,0,0,0,0,0,0,0,0,0
1609480,1609586,worker,/pscratch/sd/s/satt/sprints/data/converted_10M/mc_normalized_rntuple_10M_30.h5,17,2342528,1,0,2,733551151,0.0353703498840332,8.726119995117188e-05,17,137795.76470588235,0.7647058823529411,3,6,4,0,4,0,0,0,0,0
1609480,1609587,worker,/pscratch/sd/s/satt/sprints/a_star_campaign/h5/h5_tr_210.py,0,0,0,0,3,0,0.0,6.008148193359375e-05,0,,,0,0,0,0,0,0,0,0,0,0
1609480,1609587,worker,/pscratch/sd/s/satt/sprints/data/converted_10M/mc_normalized_rntuple_10M_30.h5,21,3512280,1,0,2,734601783,0.08997488021850586,8.7738037109375e-05,21,167251.42857142858,0.7142857142857143,3,6,6,0,6,0,0,0,0,0
1609480,1609588,worker,/pscratch/sd/s/satt/sprints/a_star_campaign/h5/h5_tr_210.py,0,0,0,0,3,0,0.0,6.127357482910156e-05,0,,,0,0,0,0,0,0,0,0,0,0
1609480,1609588,worker,/pscratch/sd/s/satt/sprints/data/converted_10M/mc_normalized_rntuple_10M_30.h5,17,2342528,1,0,2,734601783,0.057471513748168945,8.940696716308594e-05,17,137795.76470588235,0.7647058823529411,3,6,4,0,4,0,0,0,0,0
1609480,1609589,worker,/pscratch/sd/s/satt/sprints/a_star_campaign/h5/h5_tr_210.py,0,0,0,0,3,0,0.0,6.151199340820312e-05,0,,,0,0,0,0,0,0,0,0,0,0
1609480,1609589,worker,/pscratch/sd/s/satt/sprints/data/converted_10M/mc_normalized_rntuple_10M_30.h5,17,2342528,1,0,2,734601783,0.08489751815795898,8.821487426757812e-05,17,137795.76470588235,0.7647058823529411,3,6,4,0,4,0,0,0,0,0
1609480,1609590,worker,/pscratch/sd/s/satt/sprints/a_star_campaign/h5/h5_tr_210.py,0,0,0,0,3,0,0.0,6.699562072753906e-05,0,,,0,0,0,0,0,0,0,0,0,0
1609480,1609590,worker,/pscratch/sd/s/satt/sprints/data/converted_10M/mc_normalized_rntuple_10M_30.h5,19,3507568,1,0,2,734601783,0.09348058700561523,9.059906005859375e-05,19,184608.84210526315,0.6842105263157895,3,6,4,0,6,0,0,0,0,0
1609480,1609591,worker,/pscratch/sd/s/satt/sprints/a_star_campaign/h5/h5_tr_210.py,0,0,0,0,3,0,0.0,5.841255187988281e-05,0,,,0,0,0,0,0,0,0,0,0,0
1609480,1609591,worker,/pscratch/sd/s/satt/sprints/data/converted_10M/mc_normalized_rntuple_10M_30.h5,17,2342528,1,0,2,734601783,0.048093318939208984,8.845329284667969e-05,17,137795.76470588235,0.7647058823529411,3,6,4,0,4,0,0,0,0,0
1609480,1609592,worker,/pscratch/sd/s/satt/sprints/a_star_campaign/h5/h5_tr_210.py,0,0,0,0,3,0,0.0,5.8650970458984375e-05,0,,,0,0,0,0,0,0,0,0,0,0
1609480,1609592,worker,/pscratch/sd/s/satt/sprints/data/converted_10M/mc_normalized_rntuple_10M_30.h5,17,2342528,1,0,2,734601783,0.05566096305847168,9.751319885253906e-05,17,137795.76470588235,0.7647058823529411,3,6,4,0,4,0,0,0,0,0
1609480,1609593,worker,/pscratch/sd/s/satt/sprints/a_star_campaign/h5/h5_tr_210.py,0,0,0,0,3,0,0.0,5.7220458984375e-05,0,,,0,0,0,0,0,0,0,0,0,0
1609480,1609593,worker,/pscratch/sd/s/satt/sprints/data/converted_10M/mc_normalized_rntuple_10M_30.h5,19,3507568,1,0,2,734718287,0.08904242515563965,8.249282836914062e-05,19,184608.84210526315,0.6842105263157895,3,6,4,0,6,0,0,0,0,0
1609480,1609594,worker,/pscratch/sd/s/satt/sprints/a_star_campaign/h5/h5_tr_210.py,0,0,0,0,3,0,0.0,5.817413330078125e-05,0,,,0,0,0,0,0,0,0,0,0,0
1609480,1609594,worker,/pscratch/sd/s/satt/sprints/data/converted_10M/mc_normalized_rntuple_10M_30.h5,17,2342528,1,0,2,734834791,0.05332612991333008,8.392333984375e-05,17,137795.76470588235,0.7647058823529411,3,6,4,0,4,0,0,0,0,0
1609480,1609595,worker,/pscratch/sd/s/satt/sprints/a_star_campaign/h5/h5_tr_210.py,0,0,0,0,3,0,0.0,5.817413330078125e-05,0,,,0,0,0,0,0,0,0,0,0,0
1609480,1609595,worker,/pscratch/sd/s/satt/sprints/data/converted_10M/mc_normalized_rntuple_10M_30.h5,17,2342528,1,0,2,734951295,0.08359646797180176,9.083747863769531e-05,17,137795.76470588235,0.7647058823529411,3,6,4,0,4,0,0,0,0,0
1609480,1609596,worker,/pscratch/sd/s/satt/sprints/a_star_campaign/h5/h5_tr_210.py,0,0,0,0,3,0,0.0,5.841255187988281e-05,0,,,0,0,0,0,0,0,0,0,0,0
1609480,1609596,worker,/pscratch/sd/s/satt/sprints/data/converted_10M/mc_normalized_rntuple_10M_30.h5,19,3507568,1,0,2,735184303,0.09146428108215332,9.107589721679688e-05,19,184608.84210526315,0.6842105263157895,3,6,4,0,6,0,0,0,0,0
1609480,1609597,worker,/pscratch/sd/s/satt/sprints/a_star_campaign/h5/h5_tr_210.py,0,0,0,0,3,0,0.0,7.128715515136719e-05,0,,,0,0,0,0,0,0,0,0,0,0
1609480,1609597,worker,/pscratch/sd/s/satt/sprints/data/converted_10M/mc_normalized_rntuple_10M_30.h5,17,2342528,1,0,2,735300807,0.04575181007385254,0.00010776519775390625,17,137795.76470588235,0.7647058823529411,3,6,4,0,4,0,0,0,0,0
1609480,1609598,worker,/pscratch/sd/s/satt/sprints/a_star_campaign/h5/h5_tr_210.py,0,0,0,0,3,0,0.0,6.341934204101562e-05,0,,,0,0,0,0,0,0,0,0,0,0
1609480,1609598,worker,/pscratch/sd/s/satt/sprints/data/converted_10M/mc_normalized_rntuple_10M_30.h5,17,2342528,1,0,2,735417311,0.05275225639343262,0.00010895729064941406,17,137795.76470588235,0.7647058823529411,3,6,4,0,4,0,0,0,0,0
1609480,1609599,worker,/pscratch/sd/s/satt/sprints/a_star_campaign/h5/h5_tr_210.py,0,0,0,0,3,0,0.0,5.817413330078125e-05,0,,,0,0,0,0,0,0,0,0,0,0
1609480,1609599,worker,/pscratch/sd/s/satt/sprints/data/converted_10M/mc_normalized_rntuple_10M_30.h5,19,3507568,1,0,2,735650319,0.08946657180786133,0.0001010894775390625,19,184608.84210526315,0.6842105263157895,3,6,4,0,6,0,0,0,0,0
1609480,1609600,worker,/pscratch/sd/s/satt/sprints/a_star_campaign/h5/h5_tr_210.py,0,0,0,0,3,0,0.0,5.8650970458984375e-05,0,,,0,0,0,0,0,0,0,0,0,0
1609480,1609600,worker,/pscratch/sd/s/satt/sprints/data/converted_10M/mc_normalized_rntuple_10M_30.h5,17,2342528,1,0,2,735766823,0.052367210388183594,0.00010180473327636719,17,137795.76470588235,0.7647058823529411,3,6,4,0,4,0,0,0,0,0
1609480,1609601,worker,/pscratch/sd/s/satt/sprints/a_star_campaign/h5/h5_tr_210.py,0,0,0,0,3,0,0.0,6.0558319091796875e-05,0,,,0,0,0,0,0,0,0,0,0,0
1609480,1609601,worker,/pscratch/sd/s/satt/sprints/data/converted_10M/mc_normalized_rntuple_10M_30.h5,17,2342528,1,0,2,735883327,0.05503225326538086,9.465217590332031e-05,17,137795.76470588235,0.7647058823529411,3,6,4,0,4,0,0,0,0,0
1609480,1609602,worker,/pscratch/sd/s/satt/sprints/a_star_campaign/h5/h5_tr_210.py,0,0,0,0,3,0,0.0,6.389617919921875e-05,0,,,0,0,0,0,0,0,0,0,0,0
1609480,1609602,worker,/pscratch/sd/s/satt/sprints/data/converted_10M/mc_normalized_rntuple_10M_30.h5,19,3507568,1,0,2,736116335,0.1428234577178955,0.00012302398681640625,19,184608.84210526315,0.6842105263157895,3,6,4,0,6,0,0,0,0,0
1609480,1609603,worker,/pscratch/sd/s/satt/sprints/a_star_campaign/h5/h5_tr_210.py,0,0,0,0,3,0,0.0,6.0558319091796875e-05,0,,,0,0,0,0,0,0,0,0,0,0
1609480,1609603,worker,/pscratch/sd/s/satt/sprints/data/converted_10M/mc_normalized_rntuple_10M_30.h5,17,2342528,1,0,2,736232839,0.049785614013671875,0.00011467933654785156,17,137795.76470588235,0.7647058823529411,3,6,4,0,4,0,0,0,0,0
1609480,1609604,worker,/pscratch/sd/s/satt/sprints/a_star_campaign/h5/h5_tr_210.py,0,0,0,0,3,0,0.0,6.031990051269531e-05,0,,,0,0,0,0,0,0,0,0,0,0
1609480,1609604,worker,/pscratch/sd/s/satt/sprints/data/converted_10M/mc_normalized_rntuple_10M_30.h5,17,2342528,1,0,2,736349343,0.05605602264404297,0.0001068115234375,17,137795.76470588235,0.7647058823529411,3,6,4,0,4,0,0,0,0,0
1609480,1609605,worker,/pscratch/sd/s/satt/sprints/a_star_campaign/h5/h5_tr_210.py,0,0,0,0,3,0,0.0,5.602836608886719e-05,0,,,0,0,0,0,0,0,0,0,0,0
1609480,1609605,worker,/pscratch/sd/s/satt/sprints/data/converted_10M/mc_normalized_rntuple_10M_30.h5,19,3507568,1,0,2,736582351,0.09063196182250977,0.00010657310485839844,19,184608.84210526315,0.6842105263157895,3,6,4,0,6,0,0,0,0,0
1609480,1609606,worker,/pscratch/sd/s/satt/sprints/a_star_campaign/h5/h5_tr_210.py,0,0,0,0,3,0,0.0,5.7220458984375e-05,0,,,0,0,0,0,0,0,0,0,0,0
1609480,1609606,worker,/pscratch/sd/s/satt/sprints/data/converted_10M/mc_normalized_rntuple_10M_30.h5,17,2342528,1,0,2,736698855,0.05326056480407715,9.322166442871094e-05,17,137795.76470588235,0.7647058823529411,3,6,4,0,4,0,0,0,0,0
1609480,1609607,worker,/pscratch/sd/s/satt/sprints/a_star_campaign/h5/h5_tr_210.py,0,0,0,0,3,0,0.0,5.698204040527344e-05,0,,,0,0,0,0,0,0,0,0,0,0
1609480,1609607,worker,/pscratch/sd/s/satt/sprints/data/converted_10M/mc_normalized_rntuple_10M_30.h5,17,2342528,1,0,2,736815359,0.057988643646240234,0.00014638900756835938,17,137795.76470588235,0.7647058823529411,3,6,4,0,4,0,0,0,0,0
1609480,1609608,worker,/pscratch/sd/s/satt/sprints/a_star_campaign/h5/h5_tr_210.py,0,0,0,0,3,0,0.0,6.723403930664062e-05,0,,,0,0,0,0,0,0,0,0,0,0
1609480,1609608,worker,/pscratch/sd/s/satt/sprints/data/converted_10M/mc_normalized_rntuple_10M_30.h5,19,3507568,1,0,2,737048367,0.08619427680969238,0.00011610984802246094,19,184608.84210526315,0.6842105263157895,3,6,4,0,6,0,0,0,0,0
1609480,1609609,worker,/pscratch/sd/s/satt/sprints/a_star_campaign/h5/h5_tr_210.py,0,0,0,0,3,0,0.0,6.0558319091796875e-05,0,,,0,0,0,0,0,0,0,0,0,0
1609480,1609609,worker,/pscratch/sd/s/satt/sprints/data/converted_10M/mc_normalized_rntuple_10M_30.h5,17,2342528,1,0,2,737164871,0.05100250244140625,9.894371032714844e-05,17,137795.76470588235,0.7647058823529411,3,6,4,0,4,0,0,0,0,0
1609480,1609610,worker,/pscratch/sd/s/satt/sprints/a_star_campaign/h5/h5_tr_210.py,0,0,0,0,3,0,0.0,5.9604644775390625e-05,0,,,0,0,0,0,0,0,0,0,0,0
1609480,1609610,worker,/pscratch/sd/s/satt/sprints/data/converted_10M/mc_normalized_rntuple_10M_30.h5,17,2342528,1,0,2,737281375,0.05721616744995117,9.918212890625e-05,17,137795.76470588235,0.7647058823529411,3,6,4,0,4,0,0,0,0,0
1609480,1609611,worker,/pscratch/sd/s/satt/sprints/a_star_campaign/h5/h5_tr_210.py,0,0,0,0,3,0,0.0,6.318092346191406e-05,0,,,0,0,0,0,0,0,0,0,0,0
1609480,1609611,worker,/pscratch/sd/s/satt/sprints/data/converted_10M/mc_normalized_rntuple_10M_30.h5,19,3507568,1,0,2,737514383,0.1614062786102295,0.00011229515075683594,19,184608.84210526315,0.6842105263157895,3,6,4,0,6,0,0,0,0,0
1609480,1609612,worker,/pscratch/sd/s/satt/sprints/a_star_campaign/h5/h5_tr_210.py,0,0,0,0,3,0,0.0,5.650520324707031e-05,0,,,0,0,0,0,0,0,0,0,0,0
1609480,1609612,worker,/pscratch/sd/s/satt/sprints/data/converted_10M/mc_normalized_rntuple_10M_30.h5,17,2342528,1,0,2,737630887,0.047881364822387695,0.00011444091796875,17,137795.76470588235,0.7647058823529411,3,6,4,0,4,0,0,0,0,0
1609480,1609613,worker,/pscratch/sd/s/satt/sprints/a_star_campaign/h5/h5_tr_210.py,0,0,0,0,3,0,0.0,7.700920104980469e-05,0,,,0,0,0,0,0,0,0,0,0,0
1609480,1609613,worker,/pscratch/sd/s/satt/sprints/data/converted_10M/mc_normalized_rntuple_10M_30.h5,17,2342528,1,0,2,737747391,0.07340168952941895,0.00012302398681640625,17,137795.76470588235,0.7647058823529411,3,6,4,0,4,0,0,0,0,0
1609480,1609614,worker,/pscratch/sd/s/satt/sprints/a_star_campaign/h5/h5_tr_210.py,0,0,0,0,3,0,0.0,5.841255187988281e-05,0,,,0,0,0,0,0,0,0,0,0,0
1609480,1609614,worker,/pscratch/sd/s/satt/sprints/data/converted_10M/mc_normalized_rntuple_10M_30.h5,19,3507568,1,0,2,737980399,0.15486860275268555,8.606910705566406e-05,19,184608.84210526315,0.6842105263157895,3,6,4,0,6,0,0,0,0,0
1609480,1609615,worker,/pscratch/sd/s/satt/sprints/a_star_campaign/h5/h5_tr_210.py,0,0,0,0,3,0,0.0,6.508827209472656e-05,0,,,0,0,0,0,0,0,0,0,0,0
1609480,1609615,worker,/pscratch/sd/s/satt/sprints/data/converted_10M/mc_normalized_rntuple_10M_30.h5,17,2342528,1,0,2,738096903,0.046242475509643555,9.083747863769531e-05,17,137795.76470588235,0.7647058823529411,3,6,4,0,4,0,0,0,0,0
1609480,1609616,worker,/pscratch/sd/s/satt/sprints/a_star_campaign/h5/h5_tr_210.py,0,0,0,0,3,0,0.0,5.793571472167969e-05,0,,,0,0,0,0,0,0,0,0,0,0
1609480,1609616,worker,/pscratch/sd/s/satt/sprints/data/converted_10M/mc_normalized_rntuple_10M_30.h5,17,2342528,1,0,2,738213407,0.07897114753723145,0.000118255615234375,17,137795.76470588235,0.7647058823529411,3,6,4,0,4,0,0,0,0,0
1609480,1609617,worker,/pscratch/sd/s/satt/sprints/a_star_campaign/h5/h5_tr_210.py,0,0,0,0,3,0,0.0,6.246566772460938e-05,0,,,0,0,0,0,0,0,0,0,0,0
1609480,1609617,worker,/pscratch/sd/s/satt/sprints/data/converted_10M/mc_normalized_rntuple_10M_30.h5,19,3507568,1,0,2,738446415,0.1306161880493164,0.000110626220703125,19,184608.84210526315,0.6842105263157895,3,6,4,0,6,0,0,0,0,0
1609480,1609618,worker,/pscratch/sd/s/satt/sprints/a_star_campaign/h5/h5_tr_210.py,0,0,0,0,3,0,0.0,6.175041198730469e-05,0,,,0,0,0,0,0,0,0,0,0,0
1609480,1609618,worker,/pscratch/sd/s/satt/sprints/data/converted_10M/mc_normalized_rntuple_10M_30.h5,17,2342528,1,0,2,738562919,0.045284271240234375,0.00011086463928222656,17,137795.76470588235,0.7647058823529411,3,6,4,0,4,0,0,0,0,0
1609480,1609619,worker,/pscratch/sd/s/satt/sprints/a_star_campaign/h5/h5_tr_210.py,0,0,0,0,3,0,0.0,6.341934204101562e-05,0,,,0,0,0,0,0,0,0,0,0,0
1609480,1609619,worker,/pscratch/sd/s/satt/sprints/data/converted_10M/mc_normalized_rntuple_10M_30.h5,17,2342528,1,0,2,738679423,0.07934880256652832,0.00011682510375976562,17,137795.76470588235,0.7647058823529411,3,6,4,0,4,0,0,0,0,0
1609480,1609620,worker,/pscratch/sd/s/satt/sprints/a_star_campaign/h5/h5_tr_210.py,0,0,0,0,3,0,0.0,5.984306335449219e-05,0,,,0,0,0,0,0,0,0,0,0,0
1609480,1609620,worker,/pscratch/sd/s/satt/sprints/data/converted_10M/mc_normalized_rntuple_10M_30.h5,19,3507568,1,0,2,738912431,0.14960479736328125,8.368492126464844e-05,19,184608.84210526315,0.6842105263157895,3,6,4,0,6,0,0,0,0,0
1609480,1609621,worker,/pscratch/sd/s/satt/sprints/a_star_campaign/h5/h5_tr_210.py,0,0,0,0,3,0,0.0,5.698204040527344e-05,0,,,0,0,0,0,0,0,0,0,0,0
1609480,1609621,worker,/pscratch/sd/s/satt/sprints/data/converted_10M/mc_normalized_rntuple_10M_30.h5,17,2342528,1,0,2,739028935,0.04547572135925293,9.274482727050781e-05,17,137795.76470588235,0.7647058823529411,3,6,4,0,4,0,0,0,0,0
1609480,1609622,worker,/pscratch/sd/s/satt/sprints/a_star_campaign/h5/h5_tr_210.py,0,0,0,0,3,0,0.0,5.7697296142578125e-05,0,,,0,0,0,0,0,0,0,0,0,0
1609480,1609622,worker,/pscratch/sd/s/satt/sprints/data/converted_10M/mc_normalized_rntuple_10M_30.h5,17,2342528,1,0,2,739145439,0.06891345977783203,9.417533874511719e-05,17,137795.76470588235,0.7647058823529411,3,6,4,0,4,0,0,0,0,0
1609480,1609623,worker,/pscratch/sd/s/satt/sprints/a_star_campaign/h5/h5_tr_210.py,0,0,0,0,3,0,0.0,5.745887756347656e-05,0,,,0,0,0,0,0,0,0,0,0,0
1609480,1609623,worker,/pscratch/sd/s/satt/sprints/data/converted_10M/mc_normalized_rntuple_10M_30.h5,19,3507568,1,0,2,739378447,0.1500537395477295,9.72747802734375e-05,19,184608.84210526315,0.6842105263157895,3,6,4,0,6,0,0,0,0,0
1609480,1609624,worker,/pscratch/sd/s/satt/sprints/a_star_campaign/h5/h5_tr_210.py,0,0,0,0,3,0,0.0,6.103515625e-05,0,,,0,0,0,0,0,0,0,0,0,0
1609480,1609624,worker,/pscratch/sd/s/satt/sprints/data/converted_10M/mc_normalized_rntuple_10M_30.h5,17,2342528,1,0,2,739494951,0.04177665710449219,0.0001125335693359375,17,137795.76470588235,0.7647058823529411,3,6,4,0,4,0,0,0,0,0
1609480,1609625,worker,/pscratch/sd/s/satt/sprints/a_star_campaign/h5/h5_tr_210.py,0,0,0,0,3,0,0.0,5.8650970458984375e-05,0,,,0,0,0,0,0,0,0,0,0,0
1609480,1609625,worker,/pscratch/sd/s/satt/sprints/data/converted_10M/mc_normalized_rntuple_10M_30.h5,17,2342528,1,0,2,739611455,0.07164812088012695,9.679794311523438e-05,17,137795.76470588235,0.7647058823529411,3,6,4,0,4,0,0,0,0,0
1609480,1609626,worker,/pscratch/sd/s/satt/sprints/a_star_campaign/h5/h5_tr_210.py,0,0,0,0,3,0,0.0,5.888938903808594e-05,0,,,0,0,0,0,0,0,0,0,0,0
1609480,1609626,worker,/pscratch/sd/s/satt/sprints/data/converted_10M/mc_normalized_rntuple_10M_30.h5,19,3507568,1,0,2,739844463,0.15748119354248047,0.00011730194091796875,19,184608.84210526315,0.6842105263157895,3,6,4,0,6,0,0,0,0,0
1609480,1609627,worker,/pscratch/sd/s/satt/sprints/a_star_campaign/h5/h5_tr_210.py,0,0,0,0,3,0,0.0,5.507469177246094e-05,0,,,0,0,0,0,0,0,0,0,0,0
1609480,1609627,worker,/pscratch/sd/s/satt/sprints/data/converted_10M/mc_normalized_rntuple_10M_30.h5,17,2342528,1,0,2,739960967,0.043054819107055664,0.00010180473327636719,17,137795.76470588235,0.7647058823529411,3,6,4,0,4,0,0,0,0,0
1609480,1609628,worker,/pscratch/sd/s/satt/sprints/a_star_campaign/h5/h5_tr_210.py,0,0,0,0,3,0,0.0,6.008148193359375e-05,0,,,0,0,0,0,0,0,0,0,0,0
1609480,1609628,worker,/pscratch/sd/s/satt/sprints/data/converted_10M/mc_normalized_rntuple_10M_30.h5,17,2342528,1,0,2,740077471,0.07307553291320801,0.00010323524475097656,17,137795.76470588235,0.7647058823529411,3,6,4,0,4,0,0,0,0,0
1609480,1609629,worker,/pscratch/sd/s/satt/sprints/a_star_campaign/h5/h5_tr_210.py,0,0,0,0,3,0,0.0,6.67572021484375e-05,0,,,0,0,0,0,0,0,0,0,0,0
1609480,1609629,worker,/pscratch/sd/s/satt/sprints/data/converted_10M/mc_normalized_rntuple_10M_30.h5,19,3507568,1,0,2,740310479,0.12472081184387207,8.845329284667969e-05,19,184608.84210526315,0.6842105263157895,3,6,4,0,6,0,0,0,0,0
1609480,1609630,worker,/pscratch/sd/s/satt/sprints/a_star_campaign/h5/h5_tr_210.py,0,0,0,0,3,0,0.0,5.8650970458984375e-05,0,,,0,0,0,0,0,0,0,0,0,0
1609480,1609630,worker,/pscratch/sd/s/satt/sprints/data/converted_10M/mc_normalized_rntuple_10M_30.h5,19,2347240,1,0,2,741244607,0.07158470153808594,9.989738464355469e-05,19,123538.94736842105,0.7894736842105263,3,6,6,0,4,0,0,0,0,0
1609480,1609631,worker,/pscratch/sd/s/satt/sprints/a_star_campaign/h5/h5_tr_210.py,0,0,0,0,3,0,0.0,5.841255187988281e-05,0,,,0,0,0,0,0,0,0,0,0,0
1609480,1609631,worker,/pscratch/sd/s/satt/sprints/data/converted_10M/mc_normalized_rntuple_10M_30.h5,19,3507568,1,0,2,741244607,0.14764404296875,0.00010704994201660156,19,184608.84210526315,0.6842105263157895,3,6,4,0,6,0,0,0,0,0
1609480,1609632,worker,/pscratch/sd/s/satt/sprints/a_star_campaign/h5/h5_tr_210.py,0,0,0,0,3,0,0.0,5.841255187988281e-05,0,,,0,0,0,0,0,0,0,0,0,0
1609480,1609632,worker,/pscratch/sd/s/satt/sprints/data/converted_10M/mc_normalized_rntuple_10M_30.h5,17,2342528,1,0,2,741244607,0.06247997283935547,9.584426879882812e-05,17,137795.76470588235,0.7647058823529411,3,6,4,0,4,0,0,0,0,0
1609480,1609633,worker,/pscratch/sd/s/satt/sprints/a_star_campaign/h5/h5_tr_210.py,0,0,0,0,3,0,0.0,6.175041198730469e-05,0,,,0,0,0,0,0,0,0,0,0,0
1609480,1609633,worker,/pscratch/sd/s/satt/sprints/data/converted_10M/mc_normalized_rntuple_10M_30.h5,17,2342528,1,0,2,741244607,0.07094812393188477,0.00010919570922851562,17,137795.76470588235,0.7647058823529411,3,6,4,0,4,0,0,0,0,0
1609480,1609634,worker,/pscratch/sd/s/satt/sprints/a_star_campaign/h5/h5_tr_210.py,0,0,0,0,3,0,0.0,6.198883056640625e-05,0,,,0,0,0,0,0,0,0,0,0,0
1609480,1609634,worker,/pscratch/sd/s/satt/sprints/data/converted_10M/mc_normalized_rntuple_10M_30.h5,19,3507568,1,0,2,741244607,0.12605643272399902,0.00012755393981933594,19,184608.84210526315,0.6842105263157895,3,6,4,0,6,0,0,0,0,0
1609480,1609635,worker,/pscratch/sd/s/satt/sprints/a_star_campaign/h5/h5_tr_210.py,0,0,0,0,3,0,0.0,5.817413330078125e-05,0,,,0,0,0,0,0,0,0,0,0,0
1609480,1609635,worker,/pscratch/sd/s/satt/sprints/data/converted_10M/mc_normalized_rntuple_10M_30.h5,17,2342528,1,0,2,741244607,0.07926702499389648,8.416175842285156e-05,17,137795.76470588235,0.7647058823529411,3,6,4,0,4,0,0,0,0,0
1609480,1609636,worker,/pscratch/sd/s/satt/sprints/a_star_campaign/h5/h5_tr_210.py,0,0,0,0,3,0,0.0,5.793571472167969e-05,0,,,0,0,0,0,0,0,0,0,0,0
1609480,1609636,worker,/pscratch/sd/s/satt/sprints/data/converted_10M/mc_normalized_rntuple_10M_30.h5,17,2342528,1,0,2,741361111,0.08126425743103027,9.703636169433594e-05,17,137795.76470588235,0.7647058823529411,3,6,4,0,4,0,0,0,0,0
1609480,1609637,worker,/pscratch/sd/s/satt/sprints/a_star_campaign/h5/h5_tr_210.py,0,0,0,0,3,0,0.0,5.841255187988281e-05,0,,,0,0,0,0,0,0,0,0,0,0
1609480,1609637,worker,/pscratch/sd/s/satt/sprints/data/converted_10M/mc_normalized_rntuple_10M_30.h5,19,3507568,1,0,2,741594119,0.14458537101745605,9.72747802734375e-05,19,184608.84210526315,0.6842105263157895,3,6,4,0,6,0,0,0,0,0
1609480,1609638,worker,/pscratch/sd/s/satt/sprints/a_star_campaign/h5/h5_tr_210.py,0,0,0,0,3,0,0.0,5.841255187988281e-05,0,,,0,0,0,0,0,0,0,0,0,0
1609480,1609638,worker,/pscratch/sd/s/satt/sprints/data/converted_10M/mc_normalized_rntuple_10M_30.h5,17,2342528,1,0,2,741710623,0.06592488288879395,8.940696716308594e-05,17,137795.76470588235,0.7647058823529411,3,6,4,0,4,0,0,0,0,0
1609480,1609639,worker,/pscratch/sd/s/satt/sprints/a_star_campaign/h5/h5_tr_210.py,0,0,0,0,3,0,0.0,5.7697296142578125e-05,0,,,0,0,0,0,0,0,0,0,0,0
1609480,1609639,worker,/pscratch/sd/s/satt/sprints/data/converted_10M/mc_normalized_rntuple_10M_30.h5,17,2342528,1,0,2,741827127,0.08051109313964844,0.00012969970703125,17,137795.76470588235,0.7647058823529411,3,6,4,0,4,0,0,0,0,0
1609480,1609640,worker,/pscratch/sd/s/satt/sprints/a_star_campaign/h5/h5_tr_210.py,0,0,0,0,3,0,0.0,6.008148193359375e-05,0,,,0,0,0,0,0,0,0,0,0,0
1609480,1609640,worker,/pscratch/sd/s/satt/sprints/data/converted_10M/mc_normalized_rntuple_10M_30.h5,19,3507568,1,0,2,742060135,0.1270279884338379,0.00010538101196289062,19,184608.84210526315,0.6842105263157895,3,6,4,0,6,0,0,0,0,0
1609480,1609641,worker,/pscratch/sd/s/satt/sprints/a_star_campaign/h5/h5_tr_210.py,0,0,0,0,3,0,0.0,5.626678466796875e-05,0,,,0,0,0,0,0,0,0,0,0,0
1609480,1609641,worker,/pscratch/sd/s/satt/sprints/data/converted_10M/mc_normalized_rntuple_10M_30.h5,17,2342528,1,0,2,742176639,0.0842435359954834,0.0001125335693359375,17,137795.76470588235,0.7647058823529411,3,6,4,0,4,0,0,0,0,0
1609480,1609642,worker,/pscratch/sd/s/satt/sprints/a_star_campaign/h5/h5_tr_210.py,0,0,0,0,3,0,0.0,5.6743621826171875e-05,0,,,0,0,0,0,0,0,0,0,0,0
1609480,1609642,worker,/pscratch/sd/s/satt/sprints/data/converted_10M/mc_normalized_rntuple_10M_30.h5,17,2342528,1,0,2,742293143,0.12330937385559082,0.00011396408081054688,17,137795.76470588235,0.7647058823529411,3,6,4,0,4,0,0,0,0,0
1609480,1609643,worker,/pscratch/sd/s/satt/sprints/a_star_campaign/h5/h5_tr_210.py,0,0,0,0,3,0,0.0,5.9604644775390625e-05,0,,,0,0,0,0,0,0,0,0,0,0
1609480,1609643,worker,/pscratch/sd/s/satt/sprints/data/converted_10M/mc_normalized_rntuple_10M_30.h5,19,3507568,1,0,2,742526151,0.16423487663269043,0.00011897087097167969,19,184608.84210526315,0.6842105263157895,3,6,4,0,6,0,0,0,0,0
1609480,1609644,worker,/pscratch/sd/s/satt/sprints/a_star_campaign/h5/h5_tr_210.py,0,0,0,0,3,0,0.0,5.6743621826171875e-05,0,,,0,0,0,0,0,0,0,0,0,0
1609480,1609644,worker,/pscratch/sd/s/satt/sprints/data/converted_10M/mc_normalized_rntuple_10M_30.h5,17,2342528,1,0,2,742642655,0.0658724308013916,0.000110626220703125,17,137795.76470588235,0.7647058823529411,3,6,4,0,4,0,0,0,0,0
1609480,1609645,worker,/pscratch/sd/s/satt/sprints/a_star_campaign/h5/h5_tr_210.py,0,0,0,0,3,0,0.0,5.8650970458984375e-05,0,,,0,0,0,0,0,0,0,0,0,0
1609480,1609645,worker,/pscratch/sd/s/satt/sprints/data/converted_10M/mc_normalized_rntuple_10M_30.h5,17,2342528,1,0,2,742759159,0.09309077262878418,0.00010514259338378906,17,137795.76470588235,0.7647058823529411,3,6,4,0,4,0,0,0,0,0
1609480,1609646,worker,/pscratch/sd/s/satt/sprints/a_star_campaign/h5/h5_tr_210.py,0,0,0,0,3,0,0.0,5.8650970458984375e-05,0,,,0,0,0,0,0,0,0,0,0,0
1609480,1609646,worker,/pscratch/sd/s/satt/sprints/data/converted_10M/mc_normalized_rntuple_10M_30.h5,19,3507568,1,0,2,742992167,0.14086341857910156,0.00011730194091796875,19,184608.84210526315,0.6842105263157895,3,6,4,0,6,0,0,0,0,0
1609480,1609647,worker,/pscratch/sd/s/satt/sprints/a_star_campaign/h5/h5_tr_210.py,0,0,0,0,3,0,0.0,5.984306335449219e-05,0,,,0,0,0,0,0,0,0,0,0,0
1609480,1609647,worker,/pscratch/sd/s/satt/sprints/data/converted_10M/mc_normalized_rntuple_10M_30.h5,17,2342528,1,0,2,743108671,0.07911849021911621,0.00011682510375976562,17,137795.76470588235,0.7647058823529411,3,6,4,0,4,0,0,0,0,0
1609480,1609648,worker,/pscratch/sd/s/satt/sprints/a_star_campaign/h5/h5_tr_210.py,0,0,0,0,3,0,0.0,5.8650970458984375e-05,0,,,0,0,0,0,0,0,0,0,0,0
1609480,1609648,worker,/pscratch/sd/s/satt/sprints/data/converted_10M/mc_normalized_rntuple_10M_30.h5,17,2342528,1,0,2,743225175,0.11569428443908691,0.00011372566223144531,17,137795.76470588235,0.7647058823529411,3,6,4,0,4,0,0,0,0,0
1609480,1609649,worker,/pscratch/sd/s/satt/sprints/a_star_campaign/h5/h5_tr_210.py,0,0,0,0,3,0,0.0,7.152557373046875e-05,0,,,0,0,0,0,0,0,0,0,0,0
1609480,1609649,worker,/pscratch/sd/s/satt/sprints/data/converted_10M/mc_normalized_rntuple_10M_30.h5,19,3507568,1,0,2,743458183,0.16982197761535645,0.00011515617370605469,19,184608.84210526315,0.6842105263157895,3,6,4,0,6,0,0,0,0,0
1609480,1609650,worker,/pscratch/sd/s/satt/sprints/a_star_campaign/h5/h5_tr_210.py,0,0,0,0,3,0,0.0,5.984306335449219e-05,0,,,0,0,0,0,0,0,0,0,0,0
1609480,1609650,worker,/pscratch/sd/s/satt/sprints/data/converted_10M/mc_normalized_rntuple_10M_30.h5,17,2342528,1,0,2,743574687,0.06408977508544922,0.00012230873107910156,17,137795.76470588235,0.7647058823529411,3,6,4,0,4,0,0,0,0,0
1609480,1609651,worker,/pscratch/sd/s/satt/sprints/a_star_campaign/h5/h5_tr_210.py,0,0,0,0,3,0,0.0,6.29425048828125e-05,0,,,0,0,0,0,0,0,0,0,0,0
1609480,1609651,worker,/pscratch/sd/s/satt/sprints/data/converted_10M/mc_normalized_rntuple_10M_30.h5,17,2342528,1,0,2,743691191,0.07894539833068848,0.000110626220703125,17,137795.76470588235,0.7647058823529411,3,6,4,0,4,0,0,0,0,0
1609480,1609652,worker,/pscratch/sd/s/satt/sprints/a_star_campaign/h5/h5_tr_210.py,0,0,0,0,3,0,0.0,5.7697296142578125e-05,0,,,0,0,0,0,0,0,0,0,0,0
1609480,1609652,worker,/pscratch/sd/s/satt/sprints/data/converted_10M/mc_normalized_rntuple_10M_30.h5,19,3507568,1,0,2,743924199,0.15285944938659668,0.00010752677917480469,19,184608.84210526315,0.6842105263157895,3,6,4,0,6,0,0,0,0,0
1609480,1609653,worker,/pscratch/sd/s/satt/sprints/a_star_campaign/h5/h5_tr_210.py,0,0,0,0,3,0,0.0,5.793571472167969e-05,0,,,0,0,0,0,0,0,0,0,0,0
1609480,1609653,worker,/pscratch/sd/s/satt/sprints/data/converted_10M/mc_normalized_rntuple_10M_30.h5,17,2342528,1,0,2,744040703,0.07411718368530273,0.00011587142944335938,17,137795.76470588235,0.7647058823529411,3,6,4,0,4,0,0,0,0,0
1609480,1609654,worker,/pscratch/sd/s/satt/sprints/a_star_campaign/h5/h5_tr_210.py,0,0,0,0,3,0,0.0,5.936622619628906e-05,0,,,0,0,0,0,0,0,0,0,0,0
1609480,1609654,worker,/pscratch/sd/s/satt/sprints/data/converted_10M/mc_normalized_rntuple_10M_30.h5,17,2342528,1,0,2,744157207,0.10628342628479004,0.00013709068298339844,17,137795.76470588235,0.7647058823529411,3,6,4,0,4,0,0,0,0,0
1609480,1609655,worker,/pscratch/sd/s/satt/sprints/a_star_campaign/h5/h5_tr_210.py,0,0,0,0,3,0,0.0,5.888938903808594e-05,0,,,0,0,0,0,0,0,0,0,0,0
1609480,1609655,worker,/pscratch/sd/s/satt/sprints/data/converted_10M/mc_normalized_rntuple_10M_30.h5,19,3507568,1,0,2,744390215,0.16617202758789062,0.0001361370086669922,19,184608.84210526315,0.6842105263157895,3,6,4,0,6,0,0,0,0,0
1609480,1609656,worker,/pscratch/sd/s/satt/sprints/a_star_campaign/h5/h5_tr_210.py,0,0,0,0,3,0,0.0,7.033348083496094e-05,0,,,0,0,0,0,0,0,0,0,0,0
1609480,1609656,worker,/pscratch/sd/s/satt/sprints/data/converted_10M/mc_normalized_rntuple_10M_30.h5,17,2342528,1,0,2,744506719,0.06819772720336914,0.00010776519775390625,17,137795.76470588235,0.7647058823529411,3,6,4,0,4,0,0,0,0,0
1609480,1609657,worker,/pscratch/sd/s/satt/sprints/a_star_campaign/h5/h5_tr_210.py,0,0,0,0,3,0,0.0,5.841255187988281e-05,0,,,0,0,0,0,0,0,0,0,0,0
1609480,1609657,worker,/pscratch/sd/s/satt/sprints/data/converted_10M/mc_normalized_rntuple_10M_30.h5,17,2342528,1,0,2,744623223,0.10958600044250488,9.703636169433594e-05,17,137795.76470588235,0.7647058823529411,3,6,4,0,4,0,0,0,0,0
1609480,1609658,worker,/pscratch/sd/s/satt/sprints/a_star_campaign/h5/h5_tr_210.py,0,0,0,0,3,0,0.0,5.698204040527344e-05,0,,,0,0,0,0,0,0,0,0,0,0
1609480,1609658,worker,/pscratch/sd/s/satt/sprints/data/converted_10M/mc_normalized_rntuple_10M_30.h5,19,3507568,1,0,2,744856231,0.13940215110778809,0.00010251998901367188,19,184608.84210526315,0.6842105263157895,3,6,4,0,6,0,0,0,0,0
1609480,1609659,worker,/pscratch/sd/s/satt/sprints/a_star_campaign/h5/h5_tr_210.py,0,0,0,0,3,0,0.0,5.7220458984375e-05,0,,,0,0,0,0,0,0,0,0,0,0
1609480,1609659,worker,/pscratch/sd/s/satt/sprints/data/converted_10M/mc_normalized_rntuple_10M_30.h5,17,2342528,1,0,2,744972735,0.10575604438781738,0.00010013580322265625,17,137795.76470588235,0.7647058823529411,3,6,4,0,4,0,0,0,0,0
1609480,1609660,worker,/pscratch/sd/s/satt/sprints/a_star_campaign/h5/h5_tr_210.py,0,0,0,0,3,0,0.0,6.508827209472656e-05,0,,,0,0,0,0,0,0,0,0,0,0
1609480,1609660,worker,/pscratch/sd/s/satt/sprints/data/converted_10M/mc_normalized_rntuple_10M_30.h5,17,2342528,1,0,2,745089239,0.11923718452453613,9.632110595703125e-05,17,137795.76470588235,0.7647058823529411,3,6,4,0,4,0,0,0,0,0
1609480,1609661,worker,/pscratch/sd/s/satt/sprints/a_star_campaign/h5/h5_tr_210.py,0,0,0,0,3,0,0.0,7.224082946777344e-05,0,,,0,0,0,0,0,0,0,0,0,0
1609480,1609661,worker,/pscratch/sd/s/satt/sprints/data/converted_10M/mc_normalized_rntuple_10M_30.h5,19,3507568,1,0,2,745322247,0.16677069664001465,0.00010132789611816406,19,184608.84210526315,0.6842105263157895,3,6,4,0,6,0,0,0,0,0
1609480,1609662,worker,/pscratch/sd/s/satt/sprints/a_star_campaign/h5/h5_tr_210.py,0,0,0,0,3,0,0.0,6.29425048828125e-05,0,,,0,0,0,0,0,0,0,0,0,0
1609480,1609662,worker,/pscratch/sd/s/satt/sprints/data/converted_10M/mc_normalized_rntuple_10M_30.h5,17,2342528,1,0,2,745438751,0.07090258598327637,0.00011754035949707031,17,137795.76470588235,0.7647058823529411,3,6,4,0,4,0,0,0,0,0
1609480,1609663,worker,/pscratch/sd/s/satt/sprints/a_star_campaign/h5/h5_tr_210.py,0,0,0,0,3,0,0.0,6.008148193359375e-05,0,,,0,0,0,0,0,0,0,0,0,0
1609480,1609663,worker,/pscratch/sd/s/satt/sprints/data/converted_10M/mc_normalized_rntuple_10M_30.h5,17,2342528,1,0,2,745555255,0.11161255836486816,9.989738464355469e-05,17,137795.76470588235,0.7647058823529411,3,6,4,0,4,0,0,0,0,0
1609480,1609664,worker,/pscratch/sd/s/satt/sprints/a_star_campaign/h5/h5_tr_210.py,0,0,0,0,3,0,0.0,5.8650970458984375e-05,0,,,0,0,0,0,0,0,0,0,0,0
1609480,1609664,worker,/pscratch/sd/s/satt/sprints/data/converted_10M/mc_normalized_rntuple_10M_30.h5,19,3507568,1,0,2,745788263,0.16660356521606445,0.00011730194091796875,19,184608.84210526315,0.6842105263157895,3,6,4,0,6,0,0,0,0,0
1609480,1609665,worker,/pscratch/sd/s/satt/sprints/a_star_campaign/h5/h5_tr_210.py,0,0,0,0,3,0,0.0,6.151199340820312e-05,0,,,0,0,0,0,0,0,0,0,0,0
1609480,1609665,worker,/pscratch/sd/s/satt/sprints/data/converted_10M/mc_normalized_rntuple_10M_30.h5,17,2342528,1,0,2,745904767,0.06928658485412598,8.368492126464844e-05,17,137795.76470588235,0.7647058823529411,3,6,4,0,4,0,0,0,0,0
1609480,1609666,worker,/pscratch/sd/s/satt/sprints/a_star_campaign/h5/h5_tr_210.py,0,0,0,0,3,0,0.0,6.365776062011719e-05,0,,,0,0,0,0,0,0,0,0,0,0
1609480,1609666,worker,/pscratch/sd/s/satt/sprints/data/converted_10M/mc_normalized_rntuple_10M_30.h5,17,2342528,1,0,2,746021271,0.10626101493835449,0.0001983642578125,17,137795.76470588235,0.7647058823529411,3,6,4,0,4,0,0,0,0,0
1609480,1609667,worker,/pscratch/sd/s/satt/sprints/a_star_campaign/h5/h5_tr_210.py,0,0,0,0,3,0,0.0,6.175041198730469e-05,0,,,0,0,0,0,0,0,0,0,0,0
1609480,1609667,worker,/pscratch/sd/s/satt/sprints/data/converted_10M/mc_normalized_rntuple_10M_30.h5,19,3507568,1,0,2,746254279,0.15953540802001953,0.00015878677368164062,19,184608.84210526315,0.6842105263157895,3,6,4,0,6,0,0,0,0,0
1609480,1609668,worker,/pscratch/sd/s/satt/sprints/a_star_campaign/h5/h5_tr_210.py,0,0,0,0,3,0,0.0,5.888938903808594e-05,0,,,0,0,0,0,0,0,0,0,0,0
1609480,1609668,worker,/pscratch/sd/s/satt/sprints/data/converted_10M/mc_normalized_rntuple_10M_30.h5,17,2342528,1,0,2,746370783,0.061565399169921875,0.00013947486877441406,17,137795.76470588235,0.7647058823529411,3,6,4,0,4,0,0,0,0,0
1609480,1609669,worker,/pscratch/sd/s/satt/sprints/a_star_campaign/h5/h5_tr_210.py,0,0,0,0,3,0,0.0,5.888938903808594e-05,0,,,0,0,0,0,0,0,0,0,0,0
1609480,1609669,worker,/pscratch/sd/s/satt/sprints/data/converted_10M/mc_normalized_rntuple_10M_30.h5,17,2342528,1,0,2,746487287,0.10786890983581543,0.00016951560974121094,17,137795.76470588235,0.7647058823529411,3,6,4,0,4,0,0,0,0,0
1609480,1609670,worker,/pscratch/sd/s/satt/sprints/a_star_campaign/h5/h5_tr_210.py,0,0,0,0,3,0,0.0,6.008148193359375e-05,0,,,0,0,0,0,0,0,0,0,0,0
1609480,1609670,worker,/pscratch/sd/s/satt/sprints/data/converted_10M/mc_normalized_rntuple_10M_30.h5,19,3507568,1,0,2,746720295,0.13558650016784668,0.00010991096496582031,19,184608.84210526315,0.6842105263157895,3,6,4,0,6,0,0,0,0,0
1609480,1609671,worker,/pscratch/sd/s/satt/sprints/a_star_campaign/h5/h5_tr_210.py,0,0,0,0,3,0,0.0,5.626678466796875e-05,0,,,0,0,0,0,0,0,0,0,0,0
1609480,1609671,worker,/pscratch/sd/s/satt/sprints/data/converted_10M/mc_normalized_rntuple_10M_30.h5,17,2342528,1,0,2,746836799,0.07861781120300293,0.00015497207641601562,17,137795.76470588235,0.7647058823529411,3,6,4,0,4,0,0,0,0,0
1609480,1609672,worker,/pscratch/sd/s/satt/sprints/a_star_campaign/h5/h5_tr_210.py,0,0,0,0,3,0,0.0,5.745887756347656e-05,0,,,0,0,0,0,0,0,0,0,0,0
1609480,1609672,worker,/pscratch/sd/s/satt/sprints/data/converted_10M/mc_normalized_rntuple_10M_30.h5,21,3512280,1,0,2,747887431,0.16011977195739746,0.00014352798461914062,21,167251.42857142858,0.7142857142857143,3,6,6,0,6,0,0,0,0,0
1609480,1609673,worker,/pscratch/sd/s/satt/sprints/a_star_campaign/h5/h5_tr_210.py,0,0,0,0,3,0,0.0,5.817413330078125e-05,0,,,0,0,0,0,0,0,0,0,0,0
1609480,1609673,worker,/pscratch/sd/s/satt/sprints/data/converted_10M/mc_normalized_rntuple_10M_30.h5,17,2342528,1,0,2,747887431,0.06823348999023438,0.00013685226440429688,17,137795.76470588235,0.7647058823529411,3,6,4,0,4,0,0,0,0,0
1609480,1609674,worker,/pscratch/sd/s/satt/sprints/a_star_campaign/h5/h5_tr_210.py,0,0,0,0,3,0,0.0,6.437301635742188e-05,0,,,0,0,0,0,0,0,0,0,0,0
1609480,1609674,worker,/pscratch/sd/s/satt/sprints/data/converted_10M/mc_normalized_rntuple_10M_30.h5,17,2342528,1,0,2,747887431,0.07779574394226074,0.0002346038818359375,17,137795.76470588235,0.7647058823529411,3,6,4,0,4,0,0,0,0,0
1609480,1609675,worker,/pscratch/sd/s/satt/sprints/a_star_campaign/h5/h5_tr_210.py,0,0,0,0,3,0,0.0,5.626678466796875e-05,0,,,0,0,0,0,0,0,0,0,0,0
1609480,1609675,worker,/pscratch/sd/s/satt/sprints/data/converted_10M/mc_normalized_rntuple_10M_30.h5,19,3507568,1,0,2,747887431,0.1381828784942627,0.00011849403381347656,19,184608.84210526315,0.6842105263157895,3,6,4,0,6,0,0,0,0,0
1609480,1609676,worker,/pscratch/sd/s/satt/sprints/a_star_campaign/h5/h5_tr_210.py,0,0,0,0,3,0,0.0,5.7697296142578125e-05,0,,,0,0,0,0,0,0,0,0,0,0
1609480,1609676,worker,/pscratch/sd/s/satt/sprints/data/converted_10M/mc_normalized_rntuple_10M_30.h5,17,2342528,1,0,2,747887431,0.07219243049621582,0.00012421607971191406,17,137795.76470588235,0.7647058823529411,3,6,4,0,4,0,0,0,0,0
1609480,1609677,worker,/pscratch/sd/s/satt/sprints/a_star_campaign/h5/h5_tr_210.py,0,0,0,0,3,0,0.0,5.4836273193359375e-05,0,,,0,0,0,0,0,0,0,0,0,0
1609480,1609677,worker,/pscratch/sd/s/satt/sprints/data/converted_10M/mc_normalized_rntuple_10M_30.h5,17,2342528,1,0,2,747887431,0.08022570610046387,0.00015354156494140625,17,137795.76470588235,0.7647058823529411,3,6,4,0,4,0,0,0,0,0
1609480,1609678,worker,/pscratch/sd/s/satt/sprints/a_star_campaign/h5/h5_tr_210.py,0,0,0,0,3,0,0.0,5.5789947509765625e-05,0,,,0,0,0,0,0,0,0,0,0,0
1609480,1609678,worker,/pscratch/sd/s/satt/sprints/data/converted_10M/mc_normalized_rntuple_10M_30.h5,19,3507568,1,0,2,748003935,0.1599109172821045,0.000213623046875,19,184608.84210526315,0.6842105263157895,3,6,4,0,6,0,0,0,0,0
1609480,1609679,worker,/pscratch/sd/s/satt/sprints/a_star_campaign/h5/h5_tr_210.py,0,0,0,0,3,0,0.0,6.270408630371094e-05,0,,,0,0,0,0,0,0,0,0,0,0
1609480,1609679,worker,/pscratch/sd/s/satt/sprints/data/converted_10M/mc_normalized_rntuple_10M_30.h5,17,2342528,1,0,2,748120439,0.0681912899017334,0.00019168853759765625,17,137795.76470588235,0.7647058823529411,3,6,4,0,4,0,0,0,0,0
1609480,1609680,worker,/pscratch/sd/s/satt/sprints/a_star_campaign/h5/h5_tr_210.py,0,0,0,0,3,0,0.0,5.841255187988281e-05,0,,,0,0,0,0,0,0,0,0,0,0
1609480,1609680,worker,/pscratch/sd/s/satt/sprints/data/converted_10M/mc_normalized_rntuple_10M_30.h5,17,2342528,1,0,2,748236943,0.07692933082580566,0.0001270771026611328,17,137795.76470588235,0.7647058823529411,3,6,4,0,4,0,0,0,0,0
1609480,1609681,worker,/pscratch/sd/s/satt/sprints/a_star_campaign/h5/h5_tr_210.py,0,0,0,0,3,0,0.0,5.698204040527344e-05,0,,,0,0,0,0,0,0,0,0,0,0
1609480,1609681,worker,/pscratch/sd/s/satt/sprints/data/converted_10M/mc_normalized_rntuple_10M_30.h5,19,3507568,1,0,2,748469951,0.1347942352294922,0.0002167224884033203,19,184608.84210526315,0.6842105263157895,3,6,4,0,6,0,0,0,0,0
1609480,1609682,worker,/pscratch/sd/s/satt/sprints/a_star_campaign/h5/h5_tr_210.py,0,0,0,0,3,0,0.0,5.5789947509765625e-05,0,,,0,0,0,0,0,0,0,0,0,0
1609480,1609682,worker,/pscratch/sd/s/satt/sprints/data/converted_10M/mc_normalized_rntuple_10M_30.h5,17,2342528,1,0,2,748586455,0.09926509857177734,0.00018262863159179688,17,137795.76470588235,0.7647058823529411,3,6,4,0,4,0,0,0,0,0
1609480,1609683,worker,/pscratch/sd/s/satt/sprints/a_star_campaign/h5/h5_tr_210.py,0,0,0,0,3,0,0.0,6.175041198730469e-05,0,,,0,0,0,0,0,0,0,0,0,0
1609480,1609683,worker,/pscratch/sd/s/satt/sprints/data/converted_10M/mc_normalized_rntuple_10M_30.h5,17,2342528,1,0,2,748702959,0.08590316772460938,0.00017952919006347656,17,137795.76470588235,0.7647058823529411,3,6,4,0,4,0,0,0,0,0
1609480,1609684,worker,/pscratch/sd/s/satt/sprints/a_star_campaign/h5/h5_tr_210.py,0,0,0,0,3,0,0.0,6.103515625e-05,0,,,0,0,0,0,0,0,0,0,0,0
1609480,1609684,worker,/pscratch/sd/s/satt/sprints/data/converted_10M/mc_normalized_rntuple_10M_30.h5,19,3507568,1,0,2,748935967,0.1615443229675293,0.00022482872009277344,19,184608.84210526315,0.6842105263157895,3,6,4,0,6,0,0,0,0,0
1609480,1609685,worker,/pscratch/sd/s/satt/sprints/a_star_campaign/h5/h5_tr_210.py,0,0,0,0,3,0,0.0,5.626678466796875e-05,0,,,0,0,0,0,0,0,0,0,0,0
1609480,1609685,worker,/pscratch/sd/s/satt/sprints/data/converted_10M/mc_normalized_rntuple_10M_30.h5,17,2342528,1,0,2,749052471,0.0673527717590332,0.00018978118896484375,17,137795.76470588235,0.7647058823529411,3,6,4,0,4,0,0,0,0,0
1609480,1609686,worker,/pscratch/sd/s/satt/sprints/a_star_campaign/h5/h5_tr_210.py,0,0,0,0,3,0,0.0,6.103515625e-05,0,,,0,0,0,0,0,0,0,0,0,0
1609480,1609686,worker,/pscratch/sd/s/satt/sprints/data/converted_10M/mc_normalized_rntuple_10M_30.h5,17,2342528,1,0,2,749168975,0.07607674598693848,0.0002582073211669922,17,137795.76470588235,0.7647058823529411,3,6,4,0,4,0,0,0,0,0
1609480,1609687,worker,/pscratch/sd/s/satt/sprints/a_star_campaign/h5/h5_tr_210.py,0,0,0,0,3,0,0.0,5.817413330078125e-05,0,,,0,0,0,0,0,0,0,0,0,0
1609480,1609687,worker,/pscratch/sd/s/satt/sprints/data/converted_10M/mc_normalized_rntuple_10M_30.h5,19,3507568,1,0,2,749401983,0.16054534912109375,0.00020051002502441406,19,184608.84210526315,0.6842105263157895,3,6,4,0,6,0,0,0,0,0
1609480,1609688,worker,/pscratch/sd/s/satt/sprints/a_star_campaign/h5/h5_tr_210.py,0,0,0,0,3,0,0.0,5.5789947509765625e-05,0,,,0,0,0,0,0,0,0,0,0,0
1609480,1609688,worker,/pscratch/sd/s/satt/sprints/data/converted_10M/mc_normalized_rntuple_10M_30.h5,17,2342528,1,0,2,749518487,0.07445454597473145,0.00018167495727539062,17,137795.76470588235,0.7647058823529411,3,6,4,0,4,0,0,0,0,0
1609480,1609689,worker,/pscratch/sd/s/satt/sprints/a_star_campaign/h5/h5_tr_210.py,0,0,0,0,3,0,0.0,5.9604644775390625e-05,0,,,0,0,0,0,0,0,0,0,0,0
1609480,1609689,worker,/pscratch/sd/s/satt/sprints/data/converted_10M/mc_normalized_rntuple_10M_30.h5,17,2342528,1,0,2,749634991,0.08478593826293945,0.00017786026000976562,17,137795.76470588235,0.7647058823529411,3,6,4,0,4,0,0,0,0,0
1609480,1609690,worker,/pscratch/sd/s/satt/sprints/a_star_campaign/h5/h5_tr_210.py,0,0,0,0,3,0,0.0,6.437301635742188e-05,0,,,0,0,0,0,0,0,0,0,0,0
1609480,1609690,worker,/pscratch/sd/s/satt/sprints/data/converted_10M/mc_normalized_rntuple_10M_30.h5,19,3507568,1,0,2,749867999,0.16318130493164062,0.0002448558807373047,19,184608.84210526315,0.6842105263157895,3,6,4,0,6,0,0,0,0,0
1609480,1609691,worker,/pscratch/sd/s/satt/sprints/a_star_campaign/h5/h5_tr_210.py,0,0,0,0,3,0,0.0,6.29425048828125e-05,0,,,0,0,0,0,0,0,0,0,0,0
1609480,1609691,worker,/pscratch/sd/s/satt/sprints/data/converted_10M/mc_normalized_rntuple_10M_30.h5,17,2342528,1,0,2,749984503,0.1019594669342041,0.00044536590576171875,17,137795.76470588235,0.7647058823529411,3,6,4,0,4,0,0,0,0,0
1609480,1609692,worker,/pscratch/sd/s/satt/sprints/a_star_campaign/h5/h5_tr_210.py,0,0,0,0,3,0,0.0,5.7220458984375e-05,0,,,0,0,0,0,0,0,0,0,0,0
1609480,1609692,worker,/pscratch/sd/s/satt/sprints/data/converted_10M/mc_normalized_rntuple_10M_30.h5,17,2342528,1,0,2,750101007,0.0767064094543457,0.00032401084899902344,17,137795.76470588235,0.7647058823529411,3,6,4,0,4,0,0,0,0,0
1609480,1609693,worker,/pscratch/sd/s/satt/sprints/a_star_campaign/h5/h5_tr_210.py,0,0,0,0,3,0,0.0,5.793571472167969e-05,0,,,0,0,0,0,0,0,0,0,0,0
1609480,1609693,worker,/pscratch/sd/s/satt/sprints/data/converted_10M/mc_normalized_rntuple_10M_30.h5,19,3507568,1,0,2,750334015,0.1679706573486328,0.0003390312194824219,19,184608.84210526315,0.6842105263157895,3,6,4,0,6,0,0,0,0,0
1609480,1609694,worker,/pscratch/sd/s/satt/sprints/a_star_campaign/h5/h5_tr_210.py,0,0,0,0,3,0,0.0,5.698204040527344e-05,0,,,0,0,0,0,0,0,0,0,0,0
1609480,1609694,worker,/pscratch/sd/s/satt/sprints/data/converted_10M/mc_normalized_rntuple_10M_30.h5,17,2342528,1,0,2,750450519,0.11311626434326172,0.0003077983856201172,17,137795.76470588235,0.7647058823529411,3,6,4,0,4,0,0,0,0,0
1609480,1609695,worker,/pscratch/sd/s/satt/sprints/a_star_campaign/h5/h5_tr_210.py,0,0,0,0,3,0,0.0,5.817413330078125e-05,0,,,0,0,0,0,0,0,0,0,0,0
1609480,1609695,worker,/pscratch/sd/s/satt/sprints/data/converted_10M/mc_normalized_rntuple_10M_30.h5,17,2342528,1,0,2,750567023,0.10616779327392578,0.00025582313537597656,17,137795.76470588235,0.7647058823529411,3,6,4,0,4,0,0,0,0,0
1609480,1609696,worker,/pscratch/sd/s/satt/sprints/a_star_campaign/h5/h5_tr_210.py,0,0,0,0,3,0,0.0,5.8650970458984375e-05,0,,,0,0,0,0,0,0,0,0,0,0
1609480,1609696,worker,/pscratch/sd/s/satt/sprints/data/converted_10M/mc_normalized_rntuple_10M_30.h5,19,3507568,1,0,2,750800031,0.15799617767333984,0.0007157325744628906,19,184608.84210526315,0.6842105263157895,3,6,4,0,6,0,0,0,0,0
1609480,1609697,worker,/pscratch/sd/s/satt/sprints/a_star_campaign/h5/h5_tr_210.py,0,0,0,0,3,0,0.0,6.151199340820312e-05,0,,,0,0,0,0,0,0,0,0,0,0
1609480,1609697,worker,/pscratch/sd/s/satt/sprints/data/converted_10M/mc_normalized_rntuple_10M_30.h5,17,2342528,1,0,2,750916535,0.07297849655151367,0.0005321502685546875,17,137795.76470588235,0.7647058823529411,3,6,4,0,4,0,0,0,0,0
1609480,1609698,worker,/pscratch/sd/s/satt/sprints/a_star_campaign/h5/h5_tr_210.py,0,0,0,0,3,0,0.0,5.7220458984375e-05,0,,,0,0,0,0,0,0,0,0,0,0
1609480,1609698,worker,/pscratch/sd/s/satt/sprints/data/converted_10M/mc_normalized_rntuple_10M_30.h5,17,2342528,1,0,2,751033039,0.10728573799133301,0.0007517337799072266,17,137795.76470588235,0.7647058823529411,3,6,4,0,4,0,0,0,0,0
1609480,1609699,worker,/pscratch/sd/s/satt/sprints/a_star_campaign/h5/h5_tr_210.py,0,0,0,0,3,0,0.0,5.817413330078125e-05,0,,,0,0,0,0,0,0,0,0,0,0
1609480,1609699,worker,/pscratch/sd/s/satt/sprints/data/converted_10M/mc_normalized_rntuple_10M_30.h5,19,3507568,1,0,2,751266047,0.15796709060668945,0.0006215572357177734,19,184608.84210526315,0.6842105263157895,3,6,4,0,6,0,0,0,0,0
1609480,1609700,worker,/pscratch/sd/s/satt/sprints/a_star_campaign/h5/h5_tr_210.py,0,0,0,0,3,0,0.0,6.246566772460938e-05,0,,,0,0,0,0,0,0,0,0,0,0
1609480,1609700,worker,/pscratch/sd/s/satt/sprints/data/converted_10M/mc_normalized_rntuple_10M_30.h5,17,2342528,1,0,2,751382551,0.06407475471496582,0.000667572021484375,17,137795.76470588235,0.7647058823529411,3,6,4,0,4,0,0,0,0,0
1609480,1609701,worker,/pscratch/sd/s/satt/sprints/a_star_campaign/h5/h5_tr_210.py,0,0,0,0,3,0,0.0,5.984306335449219e-05,0,,,0,0,0,0,0,0,0,0,0,0
1609480,1609701,worker,/pscratch/sd/s/satt/sprints/data/converted_10M/mc_normalized_rntuple_10M_30.h5,17,2342528,1,0,2,751499055,0.07222580909729004,0.0007481575012207031,17,137795.76470588235,0.7647058823529411,3,6,4,0,4,0,0,0,0,0
1609480,1609702,worker,/pscratch/sd/s/satt/sprints/a_star_campaign/h5/h5_tr_210.py,0,0,0,0,3,0,0.0,5.936622619628906e-05,0,,,0,0,0,0,0,0,0,0,0,0
1609480,1609702,worker,/pscratch/sd/s/satt/sprints/data/converted_10M/mc_normalized_rntuple_10M_30.h5,19,3507568,1,0,2,751732063,0.13123250007629395,0.0004863739013671875,19,184608.84210526315,0.6842105263157895,3,6,4,0,6,0,0,0,0,0
1609480,1609703,worker,/pscratch/sd/s/satt/sprints/a_star_campaign/h5/h5_tr_210.py,0,0,0,0,3,0,0.0,5.745887756347656e-05,0,,,0,0,0,0,0,0,0,0,0,0
1609480,1609703,worker,/pscratch/sd/s/satt/sprints/data/converted_10M/mc_normalized_rntuple_10M_30.h5,17,2342528,1,0,2,751848567,0.1128377914428711,0.0005567073822021484,17,137795.76470588235,0.7647058823529411,3,6,4,0,4,0,0,0,0,0
1609480,1609704,worker,/pscratch/sd/s/satt/sprints/a_star_campaign/h5/h5_tr_210.py,0,0,0,0,3,0,0.0,6.461143493652344e-05,0,,,0,0,0,0,0,0,0,0,0,0
1609480,1609704,worker,/pscratch/sd/s/satt/sprints/data/converted_10M/mc_normalized_rntuple_10M_30.h5,17,2342528,1,0,2,751965071,0.12759017944335938,0.0003998279571533203,17,137795.76470588235,0.7647058823529411,3,6,4,0,4,0,0,0,0,0
1609480,1609705,worker,/pscratch/sd/s/satt/sprints/a_star_campaign/h5/h5_tr_210.py,0,0,0,0,3,0,0.0,5.8650970458984375e-05,0,,,0,0,0,0,0,0,0,0,0,0
1609480,1609705,worker,/pscratch/sd/s/satt/sprints/data/converted_10M/mc_normalized_rntuple_10M_30.h5,19,3507568,1,0,2,752198079,0.17737913131713867,0.0007488727569580078,19,184608.84210526315,0.6842105263157895,3,6,4,0,6,0,0,0,0,0
1609480,1609706,worker,/pscratch/sd/s/satt/sprints/a_star_campaign/h5/h5_tr_210.py,0,0,0,0,3,0,0.0,5.793571472167969e-05,0,,,0,0,0,0,0,0,0,0,0,0
1609480,1609706,worker,/pscratch/sd/s/satt/sprints/data/converted_10M/mc_normalized_rntuple_10M_30.h5,17,2342528,1,0,2,752314583,0.08905673027038574,0.0005970001220703125,17,137795.76470588235,0.7647058823529411,3,6,4,0,4,0,0,0,0,0
1609480,1609707,worker,/pscratch/sd/s/satt/sprints/a_star_campaign/h5/h5_tr_210.py,0,0,0,0,3,0,0.0,5.888938903808594e-05,0,,,0,0,0,0,0,0,0,0,0,0
1609480,1609707,worker,/pscratch/sd/s/satt/sprints/data/converted_10M/mc_normalized_rntuple_10M_30.h5,17,2342528,1,0,2,752431087,0.12119841575622559,0.0006854534149169922,17,137795.76470588235,0.7647058823529411,3,6,4,0,4,0,0,0,0,0
1609480,1609708,worker,/pscratch/sd/s/satt/sprints/a_star_campaign/h5/h5_tr_210.py,0,0,0,0,3,0,0.0,5.888938903808594e-05,0,,,0,0,0,0,0,0,0,0,0,0
1609480,1609708,worker,/pscratch/sd/s/satt/sprints/data/converted_10M/mc_normalized_rntuple_10M_30.h5,19,3507568,1,0,2,752664095,0.12987542152404785,0.0007045269012451172,19,184608.84210526315,0.6842105263157895,3,6,4,0,6,0,0,0,0,0
1609480,1609709,worker,/pscratch/sd/s/satt/sprints/a_star_campaign/h5/h5_tr_210.py,0,0,0,0,3,0,0.0,5.8650970458984375e-05,0,,,0,0,0,0,0,0,0,0,0,0
1609480,1609709,worker,/pscratch/sd/s/satt/sprints/data/converted_10M/mc_normalized_rntuple_10M_30.h5,17,2342528,1,0,2,752780599,0.09021282196044922,0.0009694099426269531,17,137795.76470588235,0.7647058823529411,3,6,4,0,4,0,0,0,0,0
1609480,1609710,worker,/pscratch/sd/s/satt/sprints/a_star_campaign/h5/h5_tr_210.py,0,0,0,0,3,0,0.0,5.793571472167969e-05,0,,,0,0,0,0,0,0,0,0,0,0
1609480,1609710,worker,/pscratch/sd/s/satt/sprints/data/converted_10M/mc_normalized_rntuple_10M_30.h5,17,2342528,1,0,2,752897103,0.13671302795410156,0.000982522964477539,17,137795.76470588235,0.7647058823529411,3,6,4,0,4,0,0,0,0,0
1609480,1609711,worker,/pscratch/sd/s/satt/sprints/a_star_campaign/h5/h5_tr_210.py,0,0,0,0,3,0,0.0,5.793571472167969e-05,0,,,0,0,0,0,0,0,0,0,0,0
1609480,1609711,worker,/pscratch/sd/s/satt/sprints/data/converted_10M/mc_normalized_rntuple_10M_30.h5,19,3507568,1,0,2,753130111,0.18144750595092773,0.0008919239044189453,19,184608.84210526315,0.6842105263157895,3,6,4,0,6,0,0,0,0,0
1609480,1609712,worker,/pscratch/sd/s/satt/sprints/a_star_campaign/h5/h5_tr_210.py,0,0,0,0,3,0,0.0,6.222724914550781e-05,0,,,0,0,0,0,0,0,0,0,0,0
1609480,1609712,worker,/pscratch/sd/s/satt/sprints/data/converted_10M/mc_normalized_rntuple_10M_30.h5,17,2342528,1,0,2,753246615,0.11989879608154297,0.0009400844573974609,17,137795.76470588235,0.7647058823529411,3,6,4,0,4,0,0,0,0,0
1609480,1609713,worker,/pscratch/sd/s/satt/sprints/a_star_campaign/h5/h5_tr_210.py,0,0,0,0,3,0,0.0,5.698204040527344e-05,0,,,0,0,0,0,0,0,0,0,0,0
1609480,1609713,worker,/pscratch/sd/s/satt/sprints/data/converted_10M/mc_normalized_rntuple_10M_30.h5,17,2342528,1,0,2,753363119,0.1075291633605957,0.0009036064147949219,17,137795.76470588235,0.7647058823529411,3,6,4,0,4,0,0,0,0,0
1609480,1609714,worker,/pscratch/sd/s/satt/sprints/a_star_campaign/h5/h5_tr_210.py,0,0,0,0,3,0,0.0,6.175041198730469e-05,0,,,0,0,0,0,0,0,0,0,0,0
1609480,1609714,worker,/pscratch/sd/s/satt/sprints/data/converted_10M/mc_normalized_rntuple_10M_30.h5,19,3507568,1,0,2,753596127,0.15132880210876465,0.0007727146148681641,19,184608.84210526315,0.6842105263157895,3,6,4,0,6,0,0,0,0,0
1609480,1609715,worker,/pscratch/sd/s/satt/sprints/a_star_campaign/h5/h5_tr_210.py,0,0,0,0,3,0,0.0,6.365776062011719e-05,0,,,0,0,0,0,0,0,0,0,0,0
1609480,1609715,worker,/pscratch/sd/s/satt/sprints/data/converted_10M/mc_normalized_rntuple_10M_30.h5,19,2347240,1,0,2,754530255,0.15979909896850586,0.0004482269287109375,19,123538.94736842105,0.7894736842105263,3,6,6,0,4,0,0,0,0,0
1609480,1609716,worker,/pscratch/sd/s/satt/sprints/a_star_campaign/h5/h5_tr_210.py,0,0,0,0,3,0,0.0,6.914138793945312e-05,0,,,0,0,0,0,0,0,0,0,0,0
1609480,1609716,worker,/pscratch/sd/s/satt/sprints/data/converted_10M/mc_normalized_rntuple_10M_30.h5,19,3507568,1,0,2,754530255,0.15636348724365234,0.0006334781646728516,19,184608.84210526315,0.6842105263157895,3,6,4,0,6,0,0,0,0,0
1609480,1609717,worker,/pscratch/sd/s/satt/sprints/a_star_campaign/h5/h5_tr_210.py,0,0,0,0,3,0,0.0,6.866455078125e-05,0,,,0,0,0,0,0,0,0,0,0,0
1609480,1609717,worker,/pscratch/sd/s/satt/sprints/data/converted_10M/mc_normalized_rntuple_10M_30.h5,17,2342528,1,0,2,754530255,0.12431526184082031,0.00038361549377441406,17,137795.76470588235,0.7647058823529411,3,6,4,0,4,0,0,0,0,0
1609480,1609718,worker,/pscratch/sd/s/satt/sprints/a_star_campaign/h5/h5_tr_210.py,0,0,0,0,3,0,0.0,5.8650970458984375e-05,0,,,0,0,0,0,0,0,0,0,0,0
1609480,1609718,worker,/pscratch/sd/s/satt/sprints/data/converted_10M/mc_normalized_rntuple_10M_30.h5,17,2342528,1,0,2,754530255,0.15638089179992676,0.000431060791015625,17,137795.76470588235,0.7647058823529411,3,6,4,0,4,0,0,0,0,0
1609480,1609719,worker,/pscratch/sd/s/satt/sprints/a_star_campaign/h5/h5_tr_210.py,0,0,0,0,3,0,0.0,5.841255187988281e-05,0,,,0,0,0,0,0,0,0,0,0,0
1609480,1609719,worker,/pscratch/sd/s/satt/sprints/data/converted_10M/mc_normalized_rntuple_10M_30.h5,19,3507568,1,0,2,754530255,0.1806049346923828,0.0005178451538085938,19,184608.84210526315,0.6842105263157895,3,6,4,0,6,0,0,0,0,0
1609480,1609720,worker,/pscratch/sd/s/satt/sprints/a_star_campaign/h5/h5_tr_210.py,0,0,0,0,3,0,0.0,5.793571472167969e-05,0,,,0,0,0,0,0,0,0,0,0,0
1609480,1609720,worker,/pscratch/sd/s/satt/sprints/data/converted_10M/mc_normalized_rntuple_10M_30.h5,17,2342528,1,0,2,754530255,0.1269383430480957,0.0002608299255371094,17,137795.76470588235,0.7647058823529411,3,6,4,0,4,0,0,0,0,0
1609480,1609721,worker,/pscratch/sd/s/satt/sprints/a_star_campaign/h5/h5_tr_210.py,0,0,0,0,3,0,0.0,5.793571472167969e-05,0,,,0,0,0,0,0,0,0,0,0,0
1609480,1609721,worker,/pscratch/sd/s/satt/sprints/data/converted_10M/mc_normalized_rntuple_10M_30.h5,17,2342528,1,0,2,754646759,0.15446209907531738,0.0003676414489746094,17,137795.76470588235,0.7647058823529411,3,6,4,0,4,0,0,0,0,0
1609480,1609722,worker,/pscratch/sd/s/satt/sprints/a_star_campaign/h5/h5_tr_210.py,0,0,0,0,3,0,0.0,5.936622619628906e-05,0,,,0,0,0,0,0,0,0,0,0,0
1609480,1609722,worker,/pscratch/sd/s/satt/sprints/data/converted_10M/mc_normalized_rntuple_10M_30.h5,19,3507568,1,0,2,754879767,0.16840839385986328,0.0003082752227783203,19,184608.84210526315,0.6842105263157895,3,6,4,0,6,0,0,0,0,0
1609480,1609723,worker,/pscratch/sd/s/satt/sprints/a_star_campaign/h5/h5_tr_210.py,0,0,0,0,3,0,0.0,5.841255187988281e-05,0,,,0,0,0,0,0,0,0,0,0,0
1609480,1609723,worker,/pscratch/sd/s/satt/sprints/data/converted_10M/mc_normalized_rntuple_10M_30.h5,17,2342528,1,0,2,754996271,0.1279001235961914,0.00032711029052734375,17,137795.76470588235,0.7647058823529411,3,6,4,0,4,0,0,0,0,0
1609480,1609724,worker,/pscratch/sd/s/satt/sprints/a_star_campaign/h5/h5_tr_210.py,0,0,0,0,3,0,0.0,6.532669067382812e-05,0,,,0,0,0,0,0,0,0,0,0,0
1609480,1609724,worker,/pscratch/sd/s/satt/sprints/data/converted_10M/mc_normalized_rntuple_10M_30.h5,17,2342528,1,0,2,755112775,0.15240073204040527,0.00026726722717285156,17,137795.76470588235,0.7647058823529411,3,6,4,0,4,0,0,0,0,0
1609480,1609725,worker,/pscratch/sd/s/satt/sprints/a_star_campaign/h5/h5_tr_210.py,0,0,0,0,3,0,0.0,6.461143493652344e-05,0,,,0,0,0,0,0,0,0,0,0,0
1609480,1609725,worker,/pscratch/sd/s/satt/sprints/data/converted_10M/mc_normalized_rntuple_10M_30.h5,19,3507568,1,0,2,755345783,0.1380460262298584,0.0003256797790527344,19,184608.84210526315,0.6842105263157895,3,6,4,0,6,0,0,0,0,0
1609480,1609726,worker,/pscratch/sd/s/satt/sprints/a_star_campaign/h5/h5_tr_210.py,0,0,0,0,3,0,0.0,5.650520324707031e-05,0,,,0,0,0,0,0,0,0,0,0,0
1609480,1609726,worker,/pscratch/sd/s/satt/sprints/data/converted_10M/mc_normalized_rntuple_10M_30.h5,17,2342528,1,0,2,755462287,0.11950349807739258,0.00046324729919433594,17,137795.76470588235,0.7647058823529411,3,6,4,0,4,0,0,0,0,0
1609480,1609727,worker,/pscratch/sd/s/satt/sprints/a_star_campaign/h5/h5_tr_210.py,0,0,0,0,3,0,0.0,6.0558319091796875e-05,0,,,0,0,0,0,0,0,0,0,0,0
1609480,1609727,worker,/pscratch/sd/s/satt/sprints/data/converted_10M/mc_normalized_rntuple_10M_30.h5,17,2342528,1,0,2,755578791,0.12137389183044434,0.0005750656127929688,17,137795.76470588235,0.7647058823529411,3,6,4,0,4,0,0,0,0,0
1609480,1609728,worker,/pscratch/sd/s/satt/sprints/a_star_campaign/h5/h5_tr_210.py,0,0,0,0,3,0,0.0,6.151199340820312e-05,0,,,0,0,0,0,0,0,0,0,0,0
1609480,1609728,worker,/pscratch/sd/s/satt/sprints/data/converted_10M/mc_normalized_rntuple_10M_30.h5,19,3507568,1,0,2,755811799,0.16225457191467285,0.0004849433898925781,19,184608.84210526315,0.6842105263157895,3,6,4,0,6,0,0,0,0,0
1609480,1609729,worker,/pscratch/sd/s/satt/sprints/a_star_campaign/h5/h5_tr_210.py,0,0,0,0,3,0,0.0,6.461143493652344e-05,0,,,0,0,0,0,0,0,0,0,0,0
1609480,1609729,worker,/pscratch/sd/s/satt/sprints/data/converted_10M/mc_normalized_rntuple_10M_30.h5,17,2342528,1,0,2,755928303,0.12426471710205078,0.0003352165222167969,17,137795.76470588235,0.7647058823529411,3,6,4,0,4,0,0,0,0,0
1609480,1609730,worker,/pscratch/sd/s/satt/sprints/a_star_campaign/h5/h5_tr_210.py,0,0,0,0,3,0,0.0,6.008148193359375e-05,0,,,0,0,0,0,0,0,0,0,0,0
1609480,1609730,worker,/pscratch/sd/s/satt/sprints/data/converted_10M/mc_normalized_rntuple_10M_30.h5,17,2342528,1,0,2,756044807,0.12509489059448242,0.0002529621124267578,17,137795.76470588235,0.7647058823529411,3,6,4,0,4,0,0,0,0,0
1609480,1609731,worker,/pscratch/sd/s/satt/sprints/a_star_campaign/h5/h5_tr_210.py,0,0,0,0,3,0,0.0,5.8650970458984375e-05,0,,,0,0,0,0,0,0,0,0,0,0
1609480,1609731,worker,/pscratch/sd/s/satt/sprints/data/converted_10M/mc_normalized_rntuple_10M_30.h5,19,3507568,1,0,2,756277815,0.1323537826538086,0.0004954338073730469,19,184608.84210526315,0.6842105263157895,3,6,4,0,6,0,0,0,0,0
1609480,1609732,worker,/pscratch/sd/s/satt/sprints/a_star_campaign/h5/h5_tr_210.py,0,0,0,0,3,0,0.0,5.936622619628906e-05,0,,,0,0,0,0,0,0,0,0,0,0
1609480,1609732,worker,/pscratch/sd/s/satt/sprints/data/converted_10M/mc_normalized_rntuple_10M_30.h5,17,2342528,1,0,2,756394319,0.13172125816345215,0.0002505779266357422,17,137795.76470588235,0.7647058823529411,3,6,4,0,4,0,0,0,0,0
1609480,1609733,worker,/pscratch/sd/s/satt/sprints/a_star_campaign/h5/h5_tr_210.py,0,0,0,0,3,0,0.0,5.7697296142578125e-05,0,,,0,0,0,0,0,0,0,0,0,0
1609480,1609733,worker,/pscratch/sd/s/satt/sprints/data/converted_10M/mc_normalized_rntuple_10M_30.h5,17,2342528,1,0,2,756510823,0.1259920597076416,0.0003592967987060547,17,137795.76470588235,0.7647058823529411,3,6,4,0,4,0,0,0,0,0
1609480,1609734,worker,/pscratch/sd/s/satt/sprints/a_star_campaign/h5/h5_tr_210.py,0,0,0,0,3,0,0.0,5.6743621826171875e-05,0,,,0,0,0,0,0,0,0,0,0,0
1609480,1609734,worker,/pscratch/sd/s/satt/sprints/data/converted_10M/mc_normalized_rntuple_10M_30.h5,19,3507568,1,0,2,756743831,0.17403507232666016,0.0003352165222167969,19,184608.84210526315,0.6842105263157895,3,6,4,0,6,0,0,0,0,0
1609480,1609735,worker,/pscratch/sd/s/satt/sprints/a_star_campaign/h5/h5_tr_210.py,0,0,0,0,3,0,0.0,5.793571472167969e-05,0,,,0,0,0,0,0,0,0,0,0,0
1609480,1609735,worker,/pscratch/sd/s/satt/sprints/data/converted_10M/mc_normalized_rntuple_10M_30.h5,17,2342528,1,0,2,756860335,0.13089489936828613,0.00024390220642089844,17,137795.76470588235,0.7647058823529411,3,6,4,0,4,0,0,0,0,0
1609480,1609736,worker,/pscratch/sd/s/satt/sprints/a_star_campaign/h5/h5_tr_210.py,0,0,0,0,3,0,0.0,5.7697296142578125e-05,0,,,0,0,0,0,0,0,0,0,0,0
1609480,1609736,worker,/pscratch/sd/s/satt/sprints/data/converted_10M/mc_normalized_rntuple_10M_30.h5,17,2342528,1,0,2,756976839,0.15125417709350586,0.00018835067749023438,17,137795.76470588235,0.7647058823529411,3,6,4,0,4,0,0,0,0,0
1609480,1609737,worker,/pscratch/sd/s/satt/sprints/a_star_campaign/h5/h5_tr_210.py,0,0,0,0,3,0,0.0,5.888938903808594e-05,0,,,0,0,0,0,0,0,0,0,0,0
1609480,1609737,worker,/pscratch/sd/s/satt/sprints/data/converted_10M/mc_normalized_rntuple_10M_30.h5,19,3507568,1,0,2,757209847,0.13097524642944336,0.00022792816162109375,19,184608.84210526315,0.6842105263157895,3,6,4,0,6,0,0,0,0,0
1609480,1609738,worker,/pscratch/sd/s/satt/sprints/a_star_campaign/h5/h5_tr_210.py,0,0,0,0,3,0,0.0,5.6743621826171875e-05,0,,,0,0,0,0,0,0,0,0,0,0
1609480,1609738,worker,/pscratch/sd/s/satt/sprints/data/converted_10M/mc_normalized_rntuple_10M_30.h5,17,2342528,1,0,2,757326351,0.12290549278259277,0.00017547607421875,17,137795.76470588235,0.7647058823529411,3,6,4,0,4,0,0,0,0,0
1609480,1609739,worker,/pscratch/sd/s/satt/sprints/a_star_campaign/h5/h5_tr_210.py,0,0,0,0,3,0,0.0,5.8650970458984375e-05,0,,,0,0,0,0,0,0,0,0,0,0
1609480,1609739,worker,/pscratch/sd/s/satt/sprints/data/converted_10M/mc_normalized_rntuple_10M_30.h5,17,2342528,1,0,2,757442855,0.15608644485473633,0.00016570091247558594,17,137795.76470588235,0.7647058823529411,3,6,4,0,4,0,0,0,0,0
1609480,1609740,worker,/pscratch/sd/s/satt/sprints/a_star_campaign/h5/h5_tr_210.py,0,0,0,0,3,0,0.0,5.841255187988281e-05,0,,,0,0,0,0,0,0,0,0,0,0
1609480,1609740,worker,/pscratch/sd/s/satt/sprints/data/converted_10M/mc_normalized_rntuple_10M_30.h5,19,3507568,1,0,2,757675863,0.17502045631408691,0.0001633167266845703,19,184608.84210526315,0.6842105263157895,3,6,4,0,6,0,0,0,0,0
1609480,1609741,worker,/pscratch/sd/s/satt/sprints/a_star_campaign/h5/h5_tr_210.py,0,0,0,0,3,0,0.0,6.67572021484375e-05,0,,,0,0,0,0,0,0,0,0,0,0
1609480,1609741,worker,/pscratch/sd/s/satt/sprints/data/converted_10M/mc_normalized_rntuple_10M_30.h5,17,2342528,1,0,2,757792367,0.10753369331359863,0.00013256072998046875,17,137795.76470588235,0.7647058823529411,3,6,4,0,4,0,0,0,0,0
1609480,1609742,worker,/pscratch/sd/s/satt/sprints/a_star_campaign/h5/h5_tr_210.py,0,0,0,0,3,0,0.0,5.745887756347656e-05,0,,,0,0,0,0,0,0,0,0,0,0
1609480,1609742,worker,/pscratch/sd/s/satt/sprints/data/converted_10M/mc_normalized_rntuple_10M_30.h5,17,2342528,1,0,2,757908871,0.1141209602355957,0.00014019012451171875,17,137795.76470588235,0.7647058823529411,3,6,4,0,4,0,0,0,0,0
1609480,1609743,worker,/pscratch/sd/s/satt/sprints/a_star_campaign/h5/h5_tr_210.py,0,0,0,0,3,0,0.0,5.793571472167969e-05,0,,,0,0,0,0,0,0,0,0,0,0
1609480,1609743,worker,/pscratch/sd/s/satt/sprints/data/converted_10M/mc_normalized_rntuple_10M_30.h5,19,3507568,1,0,2,758141879,0.13864612579345703,0.0001380443572998047,19,184608.84210526315,0.6842105263157895,3,6,4,0,6,0,0,0,0,0
1609480,1609744,worker,/pscratch/sd/s/satt/sprints/a_star_campaign/h5/h5_tr_210.py,0,0,0,0,3,0,0.0,5.698204040527344e-05,0,,,0,0,0,0,0,0,0,0,0,0
1609480,1609744,worker,/pscratch/sd/s/satt/sprints/data/converted_10M/mc_normalized_rntuple_10M_30.h5,17,2342528,1,0,2,758258383,0.11566448211669922,0.00015735626220703125,17,137795.76470588235,0.7647058823529411,3,6,4,0,4,0,0,0,0,0
1609480,1609745,worker,/pscratch/sd/s/satt/sprints/a_star_campaign/h5/h5_tr_210.py,0,0,0,0,3,0,0.0,5.817413330078125e-05,0,,,0,0,0,0,0,0,0,0,0,0
1609480,1609745,worker,/pscratch/sd/s/satt/sprints/data/converted_10M/mc_normalized_rntuple_10M_30.h5,17,2342528,1,0,2,758374887,0.12255978584289551,0.00010538101196289062,17,137795.76470588235,0.7647058823529411,3,6,4,0,4,0,0,0,0,0
1609480,1609746,worker,/pscratch/sd/s/satt/sprints/a_star_campaign/h5/h5_tr_210.py,0,0,0,0,3,0,0.0,5.793571472167969e-05,0,,,0,0,0,0,0,0,0,0,0,0
1609480,1609746,worker,/pscratch/sd/s/satt/sprints/data/converted_10M/mc_normalized_rntuple_10M_30.h5,19,3507568,1,0,2,758607895,0.12741971015930176,0.00011897087097167969,19,184608.84210526315,0.6842105263157895,3,6,4,0,6,0,0,0,0,0
1609480,1609747,worker,/pscratch/sd/s/satt/sprints/a_star_campaign/h5/h5_tr_210.py,0,0,0,0,3,0,0.0,5.936622619628906e-05,0,,,0,0,0,0,0,0,0,0,0,0
1609480,1609747,worker,/pscratch/sd/s/satt/sprints/data/converted_10M/mc_normalized_rntuple_10M_30.h5,17,2342528,1,0,2,758724399,0.08572244644165039,8.7738037109375e-05,17,137795.76470588235,0.7647058823529411,3,6,4,0,4,0,0,0,0,0
1609480,1609748,worker,/pscratch/sd/s/satt/sprints/a_star_campaign/h5/h5_tr_210.py,0,0,0,0,3,0,0.0,5.8650970458984375e-05,0,,,0,0,0,0,0,0,0,0,0,0
1609480,1609748,worker,/pscratch/sd/s/satt/sprints/data/converted_10M/mc_normalized_rntuple_10M_30.h5,17,2342528,1,0,2,758840903,0.09328389167785645,7.748603820800781e-05,17,137795.76470588235,0.7647058823529411,3,6,4,0,4,0,0,0,0,0
1609480,1609749,worker,/pscratch/sd/s/satt/sprints/a_star_campaign/h5/h5_tr_210.py,0,0,0,0,3,0,0.0,6.961822509765625e-05,0,,,0,0,0,0,0,0,0,0,0,0
1609480,1609749,worker,/pscratch/sd/s/satt/sprints/data/converted_10M/mc_normalized_rntuple_10M_30.h5,19,3507568,1,0,2,759073911,0.12381768226623535,8.368492126464844e-05,19,184608.84210526315,0.6842105263157895,3,6,4,0,6,0,0,0,0,0
1609480,1609750,worker,/pscratch/sd/s/satt/sprints/a_star_campaign/h5/h5_tr_210.py,0,0,0,0,3,0,0.0,6.985664367675781e-05,0,,,0,0,0,0,0,0,0,0,0,0
1609480,1609750,worker,/pscratch/sd/s/satt/sprints/data/converted_10M/mc_normalized_rntuple_10M_30.h5,17,2342528,1,0,2,759190415,0.09323740005493164,8.225440979003906e-05,17,137795.76470588235,0.7647058823529411,3,6,4,0,4,0,0,0,0,0
1609480,1609751,worker,/pscratch/sd/s/satt/sprints/a_star_campaign/h5/h5_tr_210.py,0,0,0,0,3,0,0.0,6.437301635742188e-05,0,,,0,0,0,0,0,0,0,0,0,0
1609480,1609751,worker,/pscratch/sd/s/satt/sprints/data/converted_10M/mc_normalized_rntuple_10M_30.h5,17,2342528,1,0,2,759306919,0.1321103572845459,8.225440979003906e-05,17,137795.76470588235,0.7647058823529411,3,6,4,0,4,0,0,0,0,0
1609480,1609752,worker,/pscratch/sd/s/satt/sprints/a_star_campaign/h5/h5_tr_210.py,0,0,0,0,3,0,0.0,6.246566772460938e-05,0,,,0,0,0,0,0,0,0,0,0,0
1609480,1609752,worker,/pscratch/sd/s/satt/sprints/data/converted_10M/mc_normalized_rntuple_10M_30.h5,19,3507568,1,0,2,759539927,0.12492513656616211,0.00011134147644042969,19,184608.84210526315,0.6842105263157895,3,6,4,0,6,0,0,0,0,0
1609480,1609753,worker,/pscratch/sd/s/satt/sprints/a_star_campaign/h5/h5_tr_210.py,0,0,0,0,3,0,0.0,6.461143493652344e-05,0,,,0,0,0,0,0,0,0,0,0,0
1609480,1609753,worker,/pscratch/sd/s/satt/sprints/data/converted_10M/mc_normalized_rntuple_10M_30.h5,17,2342528,1,0,2,759656431,0.11547064781188965,8.440017700195312e-05,17,137795.76470588235,0.7647058823529411,3,6,4,0,4,0,0,0,0,0
1609480,1609754,worker,/pscratch/sd/s/satt/sprints/a_star_campaign/h5/h5_tr_210.py,0,0,0,0,3,0,0.0,6.031990051269531e-05,0,,,0,0,0,0,0,0,0,0,0,0
1609480,1609754,worker,/pscratch/sd/s/satt/sprints/data/converted_10M/mc_normalized_rntuple_10M_30.h5,17,2342528,1,0,2,759772935,0.14265823364257812,9.012222290039062e-05,17,137795.76470588235,0.7647058823529411,3,6,4,0,4,0,0,0,0,0
1609480,1609755,worker,/pscratch/sd/s/satt/sprints/a_star_campaign/h5/h5_tr_210.py,0,0,0,0,3,0,0.0,6.031990051269531e-05,0,,,0,0,0,0,0,0,0,0,0,0
1609480,1609755,worker,/pscratch/sd/s/satt/sprints/data/converted_10M/mc_normalized_rntuple_10M_30.h5,19,3507568,1,0,2,760005943,0.17200827598571777,8.177757263183594e-05,19,184608.84210526315,0.6842105263157895,3,6,4,0,6,0,0,0,0,0
1609480,1609756,worker,/pscratch/sd/s/satt/sprints/a_star_campaign/h5/h5_tr_210.py,0,0,0,0,3,0,0.0,6.127357482910156e-05,0,,,0,0,0,0,0,0,0,0,0,0
1609480,1609756,worker,/pscratch/sd/s/satt/sprints/data/converted_10M/mc_normalized_rntuple_10M_30.h5,17,2342528,1,0,2,760122447,0.11526775360107422,9.250640869140625e-05,17,137795.76470588235,0.7647058823529411,3,6,4,0,4,0,0,0,0,0
1609480,1609757,worker,/pscratch/sd/s/satt/sprints/a_star_campaign/h5/h5_tr_210.py,0,0,0,0,3,0,0.0,6.461143493652344e-05,0,,,0,0,0,0,0,0,0,0,0,0
1609480,1609757,worker,/pscratch/sd/s/satt/sprints/data/converted_10M/mc_normalized_rntuple_10M_30.h5,21,3512280,1,0,2,761173079,0.15180206298828125,0.00011539459228515625,21,167251.42857142858,0.7142857142857143,3,6,6,0,6,0,0,0,0,0
1609480,1609758,worker,/pscratch/sd/s/satt/sprints/a_star_campaign/h5/h5_tr_210.py,0,0,0,0,3,0,0.0,6.079673767089844e-05,0,,,0,0,0,0,0,0,0,0,0,0
1609480,1609758,worker,/pscratch/sd/s/satt/sprints/data/converted_10M/mc_normalized_rntuple_10M_30.h5,17,2342528,1,0,2,761173079,0.1173410415649414,8.082389831542969e-05,17,137795.76470588235,0.7647058823529411,3,6,4,0,4,0,0,0,0,0
1609480,1609759,worker,/pscratch/sd/s/satt/sprints/a_star_campaign/h5/h5_tr_210.py,0,0,0,0,3,0,0.0,6.079673767089844e-05,0,,,0,0,0,0,0,0,0,0,0,0
1609480,1609759,worker,/pscratch/sd/s/satt/sprints/data/converted_10M/mc_normalized_rntuple_10M_30.h5,17,2342528,1,0,2,761173079,0.09505176544189453,0.00010013580322265625,17,137795.76470588235,0.7647058823529411,3,6,4,0,4,0,0,0,0,0
1609480,1609760,worker,/pscratch/sd/s/satt/sprints/a_star_campaign/h5/h5_tr_210.py,0,0,0,0,3,0,0.0,6.318092346191406e-05,0,,,0,0,0,0,0,0,0,0,0,0
1609480,1609760,worker,/pscratch/sd/s/satt/sprints/data/converted_10M/mc_normalized_rntuple_10M_30.h5,19,3507568,1,0,2,761173079,0.14503717422485352,7.2479248046875e-05,19,184608.84210526315,0.6842105263157895,3,6,4,0,6,0,0,0,0,0
1609480,1609761,worker,/pscratch/sd/s/satt/sprints/a_star_campaign/h5/h5_tr_210.py,0,0,0,0,3,0,0.0,6.341934204101562e-05,0,,,0,0,0,0,0,0,0,0,0,0
1609480,1609761,worker,/pscratch/sd/s/satt/sprints/data/converted_10M/mc_normalized_rntuple_10M_30.h5,17,2342528,1,0,2,761173079,0.11731910705566406,7.677078247070312e-05,17,137795.76470588235,0.7647058823529411,3,6,4,0,4,0,0,0,0,0
1609480,1609762,worker,/pscratch/sd/s/satt/sprints/a_star_campaign/h5/h5_tr_210.py,0,0,0,0,3,0,0.0,5.626678466796875e-05,0,,,0,0,0,0,0,0,0,0,0,0
1609480,1609762,worker,/pscratch/sd/s/satt/sprints/data/converted_10M/mc_normalized_rntuple_10M_30.h5,17,2342528,1,0,2,761173079,0.09571719169616699,9.751319885253906e-05,17,137795.76470588235,0.7647058823529411,3,6,4,0,4,0,0,0,0,0
1609480,1609763,worker,/pscratch/sd/s/satt/sprints/a_star_campaign/h5/h5_tr_210.py,0,0,0,0,3,0,0.0,6.198883056640625e-05,0,,,0,0,0,0,0,0,0,0,0,0
1609480,1609763,worker,/pscratch/sd/s/satt/sprints/data/converted_10M/mc_normalized_rntuple_10M_30.h5,19,3507568,1,0,2,761289583,0.16466474533081055,7.843971252441406e-05,19,184608.84210526315,0.6842105263157895,3,6,4,0,6,0,0,0,0,0
1609480,1609764,worker,/pscratch/sd/s/satt/sprints/a_star_campaign/h5/h5_tr_210.py,0,0,0,0,3,0,0.0,5.6743621826171875e-05,0,,,0,0,0,0,0,0,0,0,0,0
1609480,1609764,worker,/pscratch/sd/s/satt/sprints/data/converted_10M/mc_normalized_rntuple_10M_30.h5,17,2342528,1,0,2,761406087,0.11735320091247559,0.0001277923583984375,17,137795.76470588235,0.7647058823529411,3,6,4,0,4,0,0,0,0,0
1609480,1609765,worker,/pscratch/sd/s/satt/sprints/a_star_campaign/h5/h5_tr_210.py,0,0,0,0,3,0,0.0,5.984306335449219e-05,0,,,0,0,0,0,0,0,0,0,0,0
1609480,1609765,worker,/pscratch/sd/s/satt/sprints/data/converted_10M/mc_normalized_rntuple_10M_30.h5,17,2342528,1,0,2,761522591,0.12389755249023438,0.0005574226379394531,17,137795.76470588235,0.7647058823529411,3,6,4,0,4,0,0,0,0,0
1609480,1609766,worker,/pscratch/sd/s/satt/sprints/a_star_campaign/h5/h5_tr_210.py,0,0,0,0,3,0,0.0,6.508827209472656e-05,0,,,0,0,0,0,0,0,0,0,0,0
1609480,1609766,worker,/pscratch/sd/s/satt/sprints/data/converted_10M/mc_normalized_rntuple_10M_30.h5,19,3507568,1,0,2,761755599,0.14142799377441406,0.0001239776611328125,19,184608.84210526315,0.6842105263157895,3,6,4,0,6,0,0,0,0,0
1609480,1609767,worker,/pscratch/sd/s/satt/sprints/a_star_campaign/h5/h5_tr_210.py,0,0,0,0,3,0,0.0,6.842613220214844e-05,0,,,0,0,0,0,0,0,0,0,0,0
1609480,1609767,worker,/pscratch/sd/s/satt/sprints/data/converted_10M/mc_normalized_rntuple_10M_30.h5,17,2342528,1,0,2,761872103,0.1181037425994873,8.678436279296875e-05,17,137795.76470588235,0.7647058823529411,3,6,4,0,4,0,0,0,0,0
1609480,1609768,worker,/pscratch/sd/s/satt/sprints/a_star_campaign/h5/h5_tr_210.py,0,0,0,0,3,0,0.0,5.888938903808594e-05,0,,,0,0,0,0,0,0,0,0,0,0
1609480,1609768,worker,/pscratch/sd/s/satt/sprints/data/converted_10M/mc_normalized_rntuple_10M_30.h5,17,2342528,1,0,2,761988607,0.12262701988220215,0.0003108978271484375,17,137795.76470588235,0.7647058823529411,3,6,4,0,4,0,0,0,0,0
1609480,1609769,worker,/pscratch/sd/s/satt/sprints/a_star_campaign/h5/h5_tr_210.py,0,0,0,0,3,0,0.0,6.413459777832031e-05,0,,,0,0,0,0,0,0,0,0,0,0
1609480,1609769,worker,/pscratch/sd/s/satt/sprints/data/converted_10M/mc_normalized_rntuple_10M_30.h5,19,3507568,1,0,2,762221615,0.12737035751342773,0.0008711814880371094,19,184608.84210526315,0.6842105263157895,3,6,4,0,6,0,0,0,0,0
1609480,1609770,worker,/pscratch/sd/s/satt/sprints/a_star_campaign/h5/h5_tr_210.py,0,0,0,0,3,0,0.0,5.817413330078125e-05,0,,,0,0,0,0,0,0,0,0,0,0
1609480,1609770,worker,/pscratch/sd/s/satt/sprints/data/converted_10M/mc_normalized_rntuple_10M_30.h5,17,2342528,1,0,2,762338119,0.11778473854064941,0.0012707710266113281,17,137795.76470588235,0.7647058823529411,3,6,4,0,4,0,0,0,0,0
1609480,1609771,worker,/pscratch/sd/s/satt/sprints/a_star_campaign/h5/h5_tr_210.py,0,0,0,0,3,0,0.0,5.6743621826171875e-05,0,,,0,0,0,0,0,0,0,0,0,0
1609480,1609771,worker,/pscratch/sd/s/satt/sprints/data/converted_10M/mc_normalized_rntuple_10M_30.h5,17,2342528,1,0,2,762454623,0.11503934860229492,0.0016493797302246094,17,137795.76470588235,0.7647058823529411,3,6,4,0,4,0,0,0,0,0
1609480,1609772,worker,/pscratch/sd/s/satt/sprints/a_star_campaign/h5/h5_tr_210.py,0,0,0,0,3,0,0.0,5.745887756347656e-05,0,,,0,0,0,0,0,0,0,0,0,0
1609480,1609772,worker,/pscratch/sd/s/satt/sprints/data/converted_10M/mc_normalized_rntuple_10M_30.h5,19,3507568,1,0,2,762687631,0.12117171287536621,0.000865936279296875,19,184608.84210526315,0.6842105263157895,3,6,4,0,6,0,0,0,0,0
1609480,1609773,worker,/pscratch/sd/s/satt/sprints/a_star_campaign/h5/h5_tr_210.py,0,0,0,0,3,0,0.0,5.602836608886719e-05,0,,,0,0,0,0,0,0,0,0,0,0
1609480,1609773,worker,/pscratch/sd/s/satt/sprints/data/converted_10M/mc_normalized_rntuple_10M_30.h5,17,2342528,1,0,2,762804135,0.11292314529418945,0.0014214515686035156,17,137795.76470588235,0.7647058823529411,3,6,4,0,4,0,0,0,0,0
1609480,1609774,worker,/pscratch/sd/s/satt/sprints/a_star_campaign/h5/h5_tr_210.py,0,0,0,0,3,0,0.0,5.936622619628906e-05,0,,,0,0,0,0,0,0,0,0,0,0
1609480,1609774,worker,/pscratch/sd/s/satt/sprints/data/converted_10M/mc_normalized_rntuple_10M_30.h5,17,2342528,1,0,2,762920639,0.11483216285705566,0.002964496612548828,17,137795.76470588235,0.7647058823529411,3,6,4,0,4,0,0,0,0,0
1609480,1609775,worker,/pscratch/sd/s/satt/sprints/a_star_campaign/h5/h5_tr_210.py,0,0,0,0,3,0,0.0,6.127357482910156e-05,0,,,0,0,0,0,0,0,0,0,0,0
1609480,1609775,worker,/pscratch/sd/s/satt/sprints/data/converted_10M/mc_normalized_rntuple_10M_30.h5,19,3507568,1,0,2,763153647,0.14843082427978516,0.0032644271850585938,19,184608.84210526315,0.6842105263157895,3,6,4,0,6,0,0,0,0,0
1609480,1609776,worker,/pscratch/sd/s/satt/sprints/a_star_campaign/h5/h5_tr_210.py,0,0,0,0,3,0,0.0,5.7220458984375e-05,0,,,0,0,0,0,0,0,0,0,0,0
1609480,1609776,worker,/pscratch/sd/s/satt/sprints/data/converted_10M/mc_normalized_rntuple_10M_30.h5,17,2342528,1,0,2,763270151,0.09363460540771484,0.0030128955841064453,17,137795.76470588235,0.7647058823529411,3,6,4,0,4,0,0,0,0,0
1609480,1609777,worker,/pscratch/sd/s/satt/sprints/a_star_campaign/h5/h5_tr_210.py,0,0,0,0,3,0,0.0,5.888938903808594e-05,0,,,0,0,0,0,0,0,0,0,0,0
1609480,1609777,worker,/pscratch/sd/s/satt/sprints/data/converted_10M/mc_normalized_rntuple_10M_30.h5,17,2342528,1,0,2,763386655,0.10859274864196777,0.007718563079833984,17,137795.76470588235,0.7647058823529411,3,6,4,0,4,0,0,0,0,0
1609480,1609778,worker,/pscratch/sd/s/satt/sprints/a_star_campaign/h5/h5_tr_210.py,0,0,0,0,3,0,0.0,5.841255187988281e-05,0,,,0,0,0,0,0,0,0,0,0,0
1609480,1609778,worker,/pscratch/sd/s/satt/sprints/data/converted_10M/mc_normalized_rntuple_10M_30.h5,19,3507568,1,0,2,763619663,0.11819744110107422,0.005590200424194336,19,184608.84210526315,0.6842105263157895,3,6,4,0,6,0,0,0,0,0
1609480,1609779,worker,/pscratch/sd/s/satt/sprints/a_star_campaign/h5/h5_tr_210.py,0,0,0,0,3,0,0.0,6.175041198730469e-05,0,,,0,0,0,0,0,0,0,0,0,0
1609480,1609779,worker,/pscratch/sd/s/satt/sprints/data/converted_10M/mc_normalized_rntuple_10M_30.h5,17,2342528,1,0,2,763736167,0.0852973461151123,0.004991054534912109,17,137795.76470588235,0.7647058823529411,3,6,4,0,4,0,0,0,0,0
1609480,1609780,worker,/pscratch/sd/s/satt/sprints/a_star_campaign/h5/h5_tr_210.py,0,0,0,0,3,0,0.0,5.745887756347656e-05,0,,,0,0,0,0,0,0,0,0,0,0
1609480,1609780,worker,/pscratch/sd/s/satt/sprints/data/converted_10M/mc_normalized_rntuple_10M_30.h5,17,2342528,1,0,2,763852671,0.09351181983947754,0.0038056373596191406,17,137795.76470588235,0.7647058823529411,3,6,4,0,4,0,0,0,0,0
1609480,1609781,worker,/pscratch/sd/s/satt/sprints/a_star_campaign/h5/h5_tr_210.py,0,0,0,0,3,0,0.0,5.888938903808594e-05,0,,,0,0,0,0,0,0,0,0,0,0
1609480,1609781,worker,/pscratch/sd/s/satt/sprints/data/converted_10M/mc_normalized_rntuple_10M_30.h5,19,3507568,1,0,2,764085679,0.15017485618591309,0.003728151321411133,19,184608.84210526315,0.6842105263157895,3,6,4,0,6,0,0,0,0,0
1609480,1609782,worker,/pscratch/sd/s/satt/sprints/a_star_campaign/h5/h5_tr_210.py,0,0,0,0,3,0,0.0,6.341934204101562e-05,0,,,0,0,0,0,0,0,0,0,0,0
1609480,1609782,worker,/pscratch/sd/s/satt/sprints/data/converted_10M/mc_normalized_rntuple_10M_30.h5,17,2342528,1,0,2,764202183,0.13193440437316895,0.00441288948059082,17,137795.76470588235,0.7647058823529411,3,6,4,0,4,0,0,0,0,0
1609480,1609783,worker,/pscratch/sd/s/satt/sprints/a_star_campaign/h5/h5_tr_210.py,0,0,0,0,3,0,0.0,5.841255187988281e-05,0,,,0,0,0,0,0,0,0,0,0,0
1609480,1609783,worker,/pscratch/sd/s/satt/sprints/data/converted_10M/mc_normalized_rntuple_10M_30.h5,17,2342528,1,0,2,764318687,0.1302027702331543,0.004088878631591797,17,137795.76470588235,0.7647058823529411,3,6,4,0,4,0,0,0,0,0
1609480,1609784,worker,/pscratch/sd/s/satt/sprints/a_star_campaign/h5/h5_tr_210.py,0,0,0,0,3,0,0.0,6.008148193359375e-05,0,,,0,0,0,0,0,0,0,0,0,0
1609480,1609784,worker,/pscratch/sd/s/satt/sprints/data/converted_10M/mc_normalized_rntuple_10M_30.h5,19,3507568,1,0,2,764551695,0.17760276794433594,0.004898548126220703,19,184608.84210526315,0.6842105263157895,3,6,4,0,6,0,0,0,0,0
1609480,1609785,worker,/pscratch/sd/s/satt/sprints/a_star_campaign/h5/h5_tr_210.py,0,0,0,0,3,0,0.0,5.984306335449219e-05,0,,,0,0,0,0,0,0,0,0,0,0
1609480,1609785,worker,/pscratch/sd/s/satt/sprints/data/converted_10M/mc_normalized_rntuple_10M_30.h5,17,2342528,1,0,2,764668199,0.1140596866607666,0.004903078079223633,17,137795.76470588235,0.7647058823529411,3,6,4,0,4,0,0,0,0,0
1609480,1609786,worker,/pscratch/sd/s/satt/sprints/a_star_campaign/h5/h5_tr_210.py,0,0,0,0,3,0,0.0,5.8650970458984375e-05,0,,,0,0,0,0,0,0,0,0,0,0
1609480,1609786,worker,/pscratch/sd/s/satt/sprints/data/converted_10M/mc_normalized_rntuple_10M_30.h5,17,2342528,1,0,2,764784703,0.1409289836883545,0.0063936710357666016,17,137795.76470588235,0.7647058823529411,3,6,4,0,4,0,0,0,0,0
1609480,1609787,worker,/pscratch/sd/s/satt/sprints/a_star_campaign/h5/h5_tr_210.py,0,0,0,0,3,0,0.0,6.222724914550781e-05,0,,,0,0,0,0,0,0,0,0,0,0
1609480,1609787,worker,/pscratch/sd/s/satt/sprints/data/converted_10M/mc_normalized_rntuple_10M_30.h5,19,3507568,1,0,2,765017711,0.1237950325012207,0.0048809051513671875,19,184608.84210526315,0.6842105263157895,3,6,4,0,6,0,0,0,0,0
1609480,1609788,worker,/pscratch/sd/s/satt/sprints/a_star_campaign/h5/h5_tr_210.py,0,0,0,0,3,0,0.0,5.91278076171875e-05,0,,,0,0,0,0,0,0,0,0,0,0
1609480,1609788,worker,/pscratch/sd/s/satt/sprints/data/converted_10M/mc_normalized_rntuple_10M_30.h5,17,2342528,1,0,2,765134215,0.0834050178527832,0.008845806121826172,17,137795.76470588235,0.7647058823529411,3,6,4,0,4,0,0,0,0,0
1609480,1609789,worker,/pscratch/sd/s/satt/sprints/a_star_campaign/h5/h5_tr_210.py,0,0,0,0,3,0,0.0,5.745887756347656e-05,0,,,0,0,0,0,0,0,0,0,0,0
1609480,1609789,worker,/pscratch/sd/s/satt/sprints/data/converted_10M/mc_normalized_rntuple_10M_30.h5,17,2342528,1,0,2,765250719,0.11509084701538086,0.00628352165222168,17,137795.76470588235,0.7647058823529411,3,6,4,0,4,0,0,0,0,0
1609480,1609790,worker,/pscratch/sd/s/satt/sprints/a_star_campaign/h5/h5_tr_210.py,0,0,0,0,3,0,0.0,5.8650970458984375e-05,0,,,0,0,0,0,0,0,0,0,0,0
1609480,1609790,worker,/pscratch/sd/s/satt/sprints/data/converted_10M/mc_normalized_rntuple_10M_30.h5,19,3507568,1,0,2,765483727,0.11881160736083984,0.007575511932373047,19,184608.84210526315,0.6842105263157895,3,6,4,0,6,0,0,0,0,0
1609480,1609791,worker,/pscratch/sd/s/satt/sprints/a_star_campaign/h5/h5_tr_210.py,0,0,0,0,3,0,0.0,5.817413330078125e-05,0,,,0,0,0,0,0,0,0,0,0,0
1609480,1609791,worker,/pscratch/sd/s/satt/sprints/data/converted_10M/mc_normalized_rntuple_10M_30.h5,17,2342528,1,0,2,765600231,0.08575725555419922,0.005828380584716797,17,137795.76470588235,0.7647058823529411,3,6,4,0,4,0,0,0,0,0
1609480,1609792,worker,/pscratch/sd/s/satt/sprints/a_star_campaign/h5/h5_tr_210.py,0,0,0,0,3,0,0.0,5.7220458984375e-05,0,,,0,0,0,0,0,0,0,0,0,0
1609480,1609792,worker,/pscratch/sd/s/satt/sprints/data/converted_10M/mc_normalized_rntuple_10M_30.h5,17,2342528,1,0,2,765716735,0.08510231971740723,0.009091854095458984,17,137795.76470588235,0.7647058823529411,3,6,4,0,4,0,0,0,0,0
1609480,1609793,worker,/pscratch/sd/s/satt/sprints/a_star_campaign/h5/h5_tr_210.py,0,0,0,0,3,0,0.0,6.437301635742188e-05,0,,,0,0,0,0,0,0,0,0,0,0
1609480,1609793,worker,/pscratch/sd/s/satt/sprints/data/converted_10M/mc_normalized_rntuple_10M_30.h5,19,3507568,1,0,2,765949743,0.1732492446899414,0.006681203842163086,19,184608.84210526315,0.6842105263157895,3,6,4,0,6,0,0,0,0,0
1609480,1609794,worker,/pscratch/sd/s/satt/sprints/a_star_campaign/h5/h5_tr_210.py,0,0,0,0,3,0,0.0,5.8650970458984375e-05,0,,,0,0,0,0,0,0,0,0,0,0
1609480,1609794,worker,/pscratch/sd/s/satt/sprints/data/converted_10M/mc_normalized_rntuple_10M_30.h5,17,2342528,1,0,2,766066247,0.11380887031555176,0.006127357482910156,17,137795.76470588235,0.7647058823529411,3,6,4,0,4,0,0,0,0,0
1609480,1609795,worker,/pscratch/sd/s/satt/sprints/a_star_campaign/h5/h5_tr_210.py,0,0,0,0,3,0,0.0,5.745887756347656e-05,0,,,0,0,0,0,0,0,0,0,0,0
1609480,1609795,worker,/pscratch/sd/s/satt/sprints/data/converted_10M/mc_normalized_rntuple_10M_30.h5,17,2342528,1,0,2,766182751,0.13847970962524414,0.007407665252685547,17,137795.76470588235,0.7647058823529411,3,6,4,0,4,0,0,0,0,0
1609480,1609796,worker,/pscratch/sd/s/satt/sprints/a_star_campaign/h5/h5_tr_210.py,0,0,0,0,3,0,0.0,5.9604644775390625e-05,0,,,0,0,0,0,0,0,0,0,0,0
1609480,1609796,worker,/pscratch/sd/s/satt/sprints/data/converted_10M/mc_normalized_rntuple_10M_30.h5,19,3507568,1,0,2,766415759,0.14366722106933594,0.007203578948974609,19,184608.84210526315,0.6842105263157895,3,6,4,0,6,0,0,0,0,0
1609480,1609797,worker,/pscratch/sd/s/satt/sprints/a_star_campaign/h5/h5_tr_210.py,0,0,0,0,3,0,0.0,5.91278076171875e-05,0,,,0,0,0,0,0,0,0,0,0,0
1609480,1609797,worker,/pscratch/sd/s/satt/sprints/data/converted_10M/mc_normalized_rntuple_10M_30.h5,17,2342528,1,0,2,766532263,0.1168966293334961,0.007670879364013672,17,137795.76470588235,0.7647058823529411,3,6,4,0,4,0,0,0,0,0
1609480,1609798,worker,/pscratch/sd/s/satt/sprints/a_star_campaign/h5/h5_tr_210.py,0,0,0,0,3,0,0.0,5.7220458984375e-05,0,,,0,0,0,0,0,0,0,0,0,0
1609480,1609798,worker,/pscratch/sd/s/satt/sprints/data/converted_10M/mc_normalized_rntuple_10M_30.h5,17,2342528,1,0,2,766648767,0.11334705352783203,0.007823705673217773,17,137795.76470588235,0.7647058823529411,3,6,4,0,4,0,0,0,0,0
1609480,1609799,worker,/pscratch/sd/s/satt/sprints/a_star_campaign/h5/h5_tr_210.py,0,0,0,0,3,0,0.0,6.008148193359375e-05,0,,,0,0,0,0,0,0,0,0,0,0
1609480,1609799,worker,/pscratch/sd/s/satt/sprints/data/converted_10M/mc_normalized_rntuple_10M_30.h5,19,3507568,1,0,2,766881775,0.14268827438354492,0.007501363754272461,19,184608.84210526315,0.6842105263157895,3,6,4,0,6,0,0,0,0,0
1609480,1609800,worker,/pscratch/sd/s/satt/sprints/a_star_campaign/h5/h5_tr_210.py,0,0,0,0,3,0,0.0,5.888938903808594e-05,0,,,0,0,0,0,0,0,0,0,0,0
1609480,1609800,worker,/pscratch/sd/s/satt/sprints/data/converted_10M/mc_normalized_rntuple_10M_30.h5,19,2347240,1,0,2,767815903,0.11285805702209473,0.006996870040893555,19,123538.94736842105,0.7894736842105263,3,6,6,0,4,0,0,0,0,0
1609480,1609801,worker,/pscratch/sd/s/satt/sprints/a_star_campaign/h5/h5_tr_210.py,0,0,0,0,3,0,0.0,5.507469177246094e-05,0,,,0,0,0,0,0,0,0,0,0,0
1609480,1609801,worker,/pscratch/sd/s/satt/sprints/data/converted_10M/mc_normalized_rntuple_10M_30.h5,19,3507568,1,0,2,767815903,0.1431257724761963,0.0065021514892578125,19,184608.84210526315,0.6842105263157895,3,6,4,0,6,0,0,0,0,0
1609480,1609802,worker,/pscratch/sd/s/satt/sprints/a_star_campaign/h5/h5_tr_210.py,0,0,0,0,3,0,0.0,5.793571472167969e-05,0,,,0,0,0,0,0,0,0,0,0,0
1609480,1609802,worker,/pscratch/sd/s/satt/sprints/data/converted_10M/mc_normalized_rntuple_10M_30.h5,17,2342528,1,0,2,767815903,0.13916754722595215,0.0077016353607177734,17,137795.76470588235,0.7647058823529411,3,6,4,0,4,0,0,0,0,0
1609480,1609803,worker,/pscratch/sd/s/satt/sprints/a_star_campaign/h5/h5_tr_210.py,0,0,0,0,3,0,0.0,5.698204040527344e-05,0,,,0,0,0,0,0,0,0,0,0,0
1609480,1609803,worker,/pscratch/sd/s/satt/sprints/data/converted_10M/mc_normalized_rntuple_10M_30.h5,17,2342528,1,0,2,767815903,0.13904857635498047,0.007710456848144531,17,137795.76470588235,0.7647058823529411,3,6,4,0,4,0,0,0,0,0
1609480,1609804,worker,/pscratch/sd/s/satt/sprints/a_star_campaign/h5/h5_tr_210.py,0,0,0,0,3,0,0.0,5.9604644775390625e-05,0,,,0,0,0,0,0,0,0,0,0,0
1609480,1609804,worker,/pscratch/sd/s/satt/sprints/data/converted_10M/mc_normalized_rntuple_10M_30.h5,19,3507568,1,0,2,767815903,0.14495539665222168,0.007646322250366211,19,184608.84210526315,0.6842105263157895,3,6,4,0,6,0,0,0,0,0
1609480,1609805,worker,/pscratch/sd/s/satt/sprints/a_star_campaign/h5/h5_tr_210.py,0,0,0,0,3,0,0.0,5.53131103515625e-05,0,,,0,0,0,0,0,0,0,0,0,0
1609480,1609805,worker,/pscratch/sd/s/satt/sprints/data/converted_10M/mc_normalized_rntuple_10M_30.h5,17,2342528,1,0,2,767815903,0.13463497161865234,0.009483098983764648,17,137795.76470588235,0.7647058823529411,3,6,4,0,4,0,0,0,0,0
1609480,1609806,worker,/pscratch/sd/s/satt/sprints/a_star_campaign/h5/h5_tr_210.py,0,0,0,0,3,0,0.0,5.841255187988281e-05,0,,,0,0,0,0,0,0,0,0,0,0
1609480,1609806,worker,/pscratch/sd/s/satt/sprints/data/converted_10M/mc_normalized_rntuple_10M_30.h5,17,2342528,1,0,2,767932407,0.13784289360046387,0.009338140487670898,17,137795.76470588235,0.7647058823529411,3,6,4,0,4,0,0,0,0,0
1609480,1609807,worker,/pscratch/sd/s/satt/sprints/a_star_campaign/h5/h5_tr_210.py,0,0,0,0,3,0,0.0,5.6743621826171875e-05,0,,,0,0,0,0,0,0,0,0,0,0
1609480,1609807,worker,/pscratch/sd/s/satt/sprints/data/converted_10M/mc_normalized_rntuple_10M_30.h5,19,3507568,1,0,2,768165415,0.15064382553100586,0.005700826644897461,19,184608.84210526315,0.6842105263157895,3,6,4,0,6,0,0,0,0,0
1609480,1609808,worker,/pscratch/sd/s/satt/sprints/a_star_campaign/h5/h5_tr_210.py,0,0,0,0,3,0,0.0,6.031990051269531e-05,0,,,0,0,0,0,0,0,0,0,0,0
1609480,1609808,worker,/pscratch/sd/s/satt/sprints/data/converted_10M/mc_normalized_rntuple_10M_30.h5,17,2342528,1,0,2,768281919,0.12201714515686035,0.0055272579193115234,17,137795.76470588235,0.7647058823529411,3,6,4,0,4,0,0,0,0,0
1609480,1609809,worker,/pscratch/sd/s/satt/sprints/a_star_campaign/h5/h5_tr_210.py,0,0,0,0,3,0,0.0,6.4849853515625e-05,0,,,0,0,0,0,0,0,0,0,0,0
1609480,1609809,worker,/pscratch/sd/s/satt/sprints/data/converted_10M/mc_normalized_rntuple_10M_30.h5,17,2342528,1,0,2,768398423,0.13705778121948242,0.005477190017700195,17,137795.76470588235,0.7647058823529411,3,6,4,0,4,0,0,0,0,0
1609480,1609810,worker,/pscratch/sd/s/satt/sprints/a_star_campaign/h5/h5_tr_210.py,0,0,0,0,3,0,0.0,6.747245788574219e-05,0,,,0,0,0,0,0,0,0,0,0,0
1609480,1609810,worker,/pscratch/sd/s/satt/sprints/data/converted_10M/mc_normalized_rntuple_10M_30.h5,19,3507568,1,0,2,768631431,0.13634347915649414,0.012867450714111328,19,184608.84210526315,0.6842105263157895,3,6,4,0,6,0,0,0,0,0
1609480,1609811,worker,/pscratch/sd/s/satt/sprints/a_star_campaign/h5/h5_tr_210.py,0,0,0,0,3,0,0.0,6.0558319091796875e-05,0,,,0,0,0,0,0,0,0,0,0,0
1609480,1609811,worker,/pscratch/sd/s/satt/sprints/data/converted_10M/mc_normalized_rntuple_10M_30.h5,17,2342528,1,0,2,768747935,0.13916802406311035,0.0054857730865478516,17,137795.76470588235,0.7647058823529411,3,6,4,0,4,0,0,0,0,0
1609480,1609812,worker,/pscratch/sd/s/satt/sprints/a_star_campaign/h5/h5_tr_210.py,0,0,0,0,3,0,0.0,5.6743621826171875e-05,0,,,0,0,0,0,0,0,0,0,0,0
1609480,1609812,worker,/pscratch/sd/s/satt/sprints/data/converted_10M/mc_normalized_rntuple_10M_30.h5,17,2342528,1,0,2,768864439,0.13908815383911133,0.005006313323974609,17,137795.76470588235,0.7647058823529411,3,6,4,0,4,0,0,0,0,0
1609480,1609813,worker,/pscratch/sd/s/satt/sprints/a_star_campaign/h5/h5_tr_210.py,0,0,0,0,3,0,0.0,5.9604644775390625e-05,0,,,0,0,0,0,0,0,0,0,0,0
1609480,1609813,worker,/pscratch/sd/s/satt/sprints/data/converted_10M/mc_normalized_rntuple_10M_30.h5,19,3507568,1,0,2,769097447,0.13968110084533691,0.004711151123046875,19,184608.84210526315,0.6842105263157895,3,6,4,0,6,0,0,0,0,0
1609480,1609814,worker,/pscratch/sd/s/satt/sprints/a_star_campaign/h5/h5_tr_210.py,0,0,0,0,3,0,0.0,5.9604644775390625e-05,0,,,0,0,0,0,0,0,0,0,0,0
1609480,1609814,worker,/pscratch/sd/s/satt/sprints/data/converted_10M/mc_normalized_rntuple_10M_30.h5,17,2342528,1,0,2,769213951,0.10935091972351074,0.004130840301513672,17,137795.76470588235,0.7647058823529411,3,6,4,0,4,0,0,0,0,0
1609480,1609815,worker,/pscratch/sd/s/satt/sprints/a_star_campaign/h5/h5_tr_210.py,0,0,0,0,3,0,0.0,5.7697296142578125e-05,0,,,0,0,0,0,0,0,0,0,0,0
1609480,1609815,worker,/pscratch/sd/s/satt/sprints/data/converted_10M/mc_normalized_rntuple_10M_30.h5,17,2342528,1,0,2,769330455,0.1382770538330078,0.0038251876831054688,17,137795.76470588235,0.7647058823529411,3,6,4,0,4,0,0,0,0,0
1609480,1609816,worker,/pscratch/sd/s/satt/sprints/a_star_campaign/h5/h5_tr_210.py,0,0,0,0,3,0,0.0,6.0558319091796875e-05,0,,,0,0,0,0,0,0,0,0,0,0
1609480,1609816,worker,/pscratch/sd/s/satt/sprints/data/converted_10M/mc_normalized_rntuple_10M_30.h5,19,3507568,1,0,2,769563463,0.14173102378845215,0.0034563541412353516,19,184608.84210526315,0.6842105263157895,3,6,4,0,6,0,0,0,0,0
1609480,1609817,worker,/pscratch/sd/s/satt/sprints/a_star_campaign/h5/h5_tr_210.py,0,0,0,0,3,0,0.0,5.8650970458984375e-05,0,,,0,0,0,0,0,0,0,0,0,0
1609480,1609817,worker,/pscratch/sd/s/satt/sprints/data/converted_10M/mc_normalized_rntuple_10M_30.h5,17,2342528,1,0,2,769679967,0.11290287971496582,0.003443479537963867,17,137795.76470588235,0.7647058823529411,3,6,4,0,4,0,0,0,0,0
1609480,1609818,worker,/pscratch/sd/s/satt/sprints/a_star_campaign/h5/h5_tr_210.py,0,0,0,0,3,0,0.0,6.0558319091796875e-05,0,,,0,0,0,0,0,0,0,0,0,0
1609480,1609818,worker,/pscratch/sd/s/satt/sprints/data/converted_10M/mc_normalized_rntuple_10M_30.h5,17,2342528,1,0,2,769796471,0.13611054420471191,0.0038194656372070312,17,137795.76470588235,0.7647058823529411,3,6,4,0,4,0,0,0,0,0
1609480,1609819,worker,/pscratch/sd/s/satt/sprints/a_star_campaign/h5/h5_tr_210.py,0,0,0,0,3,0,0.0,6.270408630371094e-05,0,,,0,0,0,0,0,0,0,0,0,0
1609480,1609819,worker,/pscratch/sd/s/satt/sprints/data/converted_10M/mc_normalized_rntuple_10M_30.h5,19,3507568,1,0,2,770029479,0.15719819068908691,0.003629446029663086,19,184608.84210526315,0.6842105263157895,3,6,4,0,6,0,0,0,0,0
1609480,1609820,worker,/pscratch/sd/s/satt/sprints/a_star_campaign/h5/h5_tr_210.py,0,0,0,0,3,0,0.0,5.936622619628906e-05,0,,,0,0,0,0,0,0,0,0,0,0
1609480,1609820,worker,/pscratch/sd/s/satt/sprints/data/converted_10M/mc_normalized_rntuple_10M_30.h5,17,2342528,1,0,2,770145983,0.11708974838256836,0.0035829544067382812,17,137795.76470588235,0.7647058823529411,3,6,4,0,4,0,0,0,0,0
1609480,1609821,worker,/pscratch/sd/s/satt/sprints/a_star_campaign/h5/h5_tr_210.py,0,0,0,0,3,0,0.0,5.8650970458984375e-05,0,,,0,0,0,0,0,0,0,0,0,0
1609480,1609821,worker,/pscratch/sd/s/satt/sprints/data/converted_10M/mc_normalized_rntuple_10M_30.h5,17,2342528,1,0,2,770262487,0.08985161781311035,0.0031838417053222656,17,137795.76470588235,0.7647058823529411,3,6,4,0,4,0,0,0,0,0
1609480,1609822,worker,/pscratch/sd/s/satt/sprints/a_star_campaign/h5/h5_tr_210.py,0,0,0,0,3,0,0.0,5.745887756347656e-05,0,,,0,0,0,0,0,0,0,0,0,0
1609480,1609822,worker,/pscratch/sd/s/satt/sprints/data/converted_10M/mc_normalized_rntuple_10M_30.h5,19,3507568,1,0,2,770495495,0.13596844673156738,0.0032448768615722656,19,184608.84210526315,0.6842105263157895,3,6,4,0,6,0,0,0,0,0
1609480,1609823,worker,/pscratch/sd/s/satt/sprints/a_star_campaign/h5/h5_tr_210.py,0,0,0,0,3,0,0.0,5.435943603515625e-05,0,,,0,0,0,0,0,0,0,0,0,0
1609480,1609823,worker,/pscratch/sd/s/satt/sprints/data/converted_10M/mc_normalized_rntuple_10M_30.h5,17,2342528,1,0,2,770611999,0.11672258377075195,0.0031256675720214844,17,137795.76470588235,0.7647058823529411,3,6,4,0,4,0,0,0,0,0
1609480,1609824,worker,/pscratch/sd/s/satt/sprints/a_star_campaign/h5/h5_tr_210.py,0,0,0,0,3,0,0.0,5.984306335449219e-05,0,,,0,0,0,0,0,0,0,0,0,0
1609480,1609824,worker,/pscratch/sd/s/satt/sprints/data/converted_10M/mc_normalized_rntuple_10M_30.h5,17,2342528,1,0,2,770728503,0.11104440689086914,0.002888917922973633,17,137795.76470588235,0.7647058823529411,3,6,4,0,4,0,0,0,0,0
1609480,1609825,worker,/pscratch/sd/s/satt/sprints/a_star_campaign/h5/h5_tr_210.py,0,0,0,0,3,0,0.0,6.4849853515625e-05,0,,,0,0,0,0,0,0,0,0,0,0
1609480,1609825,worker,/pscratch/sd/s/satt/sprints/data/converted_10M/mc_normalized_rntuple_10M_30.h5,19,3507568,1,0,2,770961511,0.11463236808776855,0.0029039382934570312,19,184608.84210526315,0.6842105263157895,3,6,4,0,6,0,0,0,0,0
1609480,1609826,worker,/pscratch/sd/s/satt/sprints/a_star_campaign/h5/h5_tr_210.py,0,0,0,0,3,0,0.0,7.176399230957031e-05,0,,,0,0,0,0,0,0,0,0,0,0
1609480,1609826,worker,/pscratch/sd/s/satt/sprints/data/converted_10M/mc_normalized_rntuple_10M_30.h5,17,2342528,1,0,2,771078015,0.10981249809265137,0.002906322479248047,17,137795.76470588235,0.7647058823529411,3,6,4,0,4,0,0,0,0,0
1609480,1609827,worker,/pscratch/sd/s/satt/sprints/a_star_campaign/h5/h5_tr_210.py,0,0,0,0,3,0,0.0,6.842613220214844e-05,0,,,0,0,0,0,0,0,0,0,0,0
1609480,1609827,worker,/pscratch/sd/s/satt/sprints/data/converted_10M/mc_normalized_rntuple_10M_30.h5,17,2342528,1,0,2,771194519,0.11257553100585938,0.002704620361328125,17,137795.76470588235,0.7647058823529411,3,6,4,0,4,0,0,0,0,0
1609480,1609828,worker,/pscratch/sd/s/satt/sprints/a_star_campaign/h5/h5_tr_210.py,0,0,0,0,3,0,0.0,6.413459777832031e-05,0,,,0,0,0,0,0,0,0,0,0,0
1609480,1609828,worker,/pscratch/sd/s/satt/sprints/data/converted_10M/mc_normalized_rntuple_10M_30.h5,19,3507568,1,0,2,771427527,0.1150047779083252,0.002543926239013672,19,184608.84210526315,0.6842105263157895,3,6,4,0,6,0,0,0,0,0
1609480,1609829,worker,/pscratch/sd/s/satt/sprints/a_star_campaign/h5/h5_tr_210.py,0,0,0,0,3,0,0.0,6.0558319091796875e-05,0,,,0,0,0,0,0,0,0,0,0,0
1609480,1609829,worker,/pscratch/sd/s/satt/sprints/data/converted_10M/mc_normalized_rntuple_10M_30.h5,17,2342528,1,0,2,771544031,0.1094059944152832,0.0013802051544189453,17,137795.76470588235,0.7647058823529411,3,6,4,0,4,0,0,0,0,0
1609480,1609830,worker,/pscratch/sd/s/satt/sprints/a_star_campaign/h5/h5_tr_210.py,0,0,0,0,3,0,0.0,5.7697296142578125e-05,0,,,0,0,0,0,0,0,0,0,0,0
1609480,1609830,worker,/pscratch/sd/s/satt/sprints/data/converted_10M/mc_normalized_rntuple_10M_30.h5,17,2342528,1,0,2,771660535,0.11379051208496094,0.0010640621185302734,17,137795.76470588235,0.7647058823529411,3,6,4,0,4,0,0,0,0,0
1609480,1609831,worker,/pscratch/sd/s/satt/sprints/a_star_campaign/h5/h5_tr_210.py,0,0,0,0,3,0,0.0,5.793571472167969e-05,0,,,0,0,0,0,0,0,0,0,0,0
1609480,1609831,worker,/pscratch/sd/s/satt/sprints/data/converted_10M/mc_normalized_rntuple_10M_30.h5,19,3507568,1,0,2,771893543,0.1348857879638672,0.0009725093841552734,19,184608.84210526315,0.6842105263157895,3,6,4,0,6,0,0,0,0,0
1609480,1609832,worker,/pscratch/sd/s/satt/sprints/a_star_campaign/h5/h5_tr_210.py,0,0,0,0,3,0,0.0,5.745887756347656e-05,0,,,0,0,0,0,0,0,0,0,0,0
1609480,1609832,worker,/pscratch/sd/s/satt/sprints/data/converted_10M/mc_normalized_rntuple_10M_30.h5,17,2342528,1,0,2,772010047,0.11801385879516602,0.0010175704956054688,17,137795.76470588235,0.7647058823529411,3,6,4,0,4,0,0,0,0,0
1609480,1609833,worker,/pscratch/sd/s/satt/sprints/a_star_campaign/h5/h5_tr_210.py,0,0,0,0,3,0,0.0,5.7697296142578125e-05,0,,,0,0,0,0,0,0,0,0,0,0
1609480,1609833,worker,/pscratch/sd/s/satt/sprints/data/converted_10M/mc_normalized_rntuple_10M_30.h5,17,2342528,1,0,2,772126551,0.12194013595581055,0.0009202957153320312,17,137795.76470588235,0.7647058823529411,3,6,4,0,4,0,0,0,0,0
1609480,1609834,worker,/pscratch/sd/s/satt/sprints/a_star_campaign/h5/h5_tr_210.py,0,0,0,0,3,0,0.0,5.841255187988281e-05,0,,,0,0,0,0,0,0,0,0,0,0
1609480,1609834,worker,/pscratch/sd/s/satt/sprints/data/converted_10M/mc_normalized_rntuple_10M_30.h5,19,3507568,1,0,2,772359559,0.1568002700805664,0.0003676414489746094,19,184608.84210526315,0.6842105263157895,3,6,4,0,6,0,0,0,0,0
1609480,1609835,worker,/pscratch/sd/s/satt/sprints/a_star_campaign/h5/h5_tr_210.py,0,0,0,0,3,0,0.0,6.222724914550781e-05,0,,,0,0,0,0,0,0,0,0,0,0
1609480,1609835,worker,/pscratch/sd/s/satt/sprints/data/converted_10M/mc_normalized_rntuple_10M_30.h5,17,2342528,1,0,2,772476063,0.09026527404785156,0.0004591941833496094,17,137795.76470588235,0.7647058823529411,3,6,4,0,4,0,0,0,0,0
1609480,1609836,worker,/pscratch/sd/s/satt/sprints/a_star_campaign/h5/h5_tr_210.py,0,0,0,0,3,0,0.0,5.984306335449219e-05,0,,,0,0,0,0,0,0,0,0,0,0
1609480,1609836,worker,/pscratch/sd/s/satt/sprints/data/converted_10M/mc_normalized_rntuple_10M_30.h5,17,2342528,1,0,2,772592567,0.11830377578735352,0.00044155120849609375,17,137795.76470588235,0.7647058823529411,3,6,4,0,4,0,0,0,0,0
1609480,1609837,worker,/pscratch/sd/s/satt/sprints/a_star_campaign/h5/h5_tr_210.py,0,0,0,0,3,0,0.0,5.817413330078125e-05,0,,,0,0,0,0,0,0,0,0,0,0
1609480,1609837,worker,/pscratch/sd/s/satt/sprints/data/converted_10M/mc_normalized_rntuple_10M_30.h5,19,3507568,1,0,2,772825575,0.15636825561523438,0.0008864402770996094,19,184608.84210526315,0.6842105263157895,3,6,4,0,6,0,0,0,0,0
1609480,1609838,worker,/pscratch/sd/s/satt/sprints/a_star_campaign/h5/h5_tr_210.py,0,0,0,0,3,0,0.0,5.412101745605469e-05,0,,,0,0,0,0,0,0,0,0,0,0
1609480,1609838,worker,/pscratch/sd/s/satt/sprints/data/converted_10M/mc_normalized_rntuple_10M_30.h5,17,2342528,1,0,2,772942079,0.11820602416992188,0.00029349327087402344,17,137795.76470588235,0.7647058823529411,3,6,4,0,4,0,0,0,0,0
1609480,1609839,worker,/pscratch/sd/s/satt/sprints/a_star_campaign/h5/h5_tr_210.py,0,0,0,0,3,0,0.0,7.319450378417969e-05,0,,,0,0,0,0,0,0,0,0,0,0
1609480,1609839,worker,/pscratch/sd/s/satt/sprints/data/converted_10M/mc_normalized_rntuple_10M_30.h5,17,2342528,1,0,2,773058583,0.12328743934631348,0.0005764961242675781,17,137795.76470588235,0.7647058823529411,3,6,4,0,4,0,0,0,0,0
1609480,1609840,worker,/pscratch/sd/s/satt/sprints/a_star_campaign/h5/h5_tr_210.py,0,0,0,0,3,0,0.0,7.128715515136719e-05,0,,,0,0,0,0,0,0,0,0,0,0
1609480,1609840,worker,/pscratch/sd/s/satt/sprints/data/converted_10M/mc_normalized_rntuple_10M_30.h5,19,3507568,1,0,2,773291591,0.1573476791381836,0.0005681514739990234,19,184608.84210526315,0.6842105263157895,3,6,4,0,6,0,0,0,0,0
1609480,1609841,worker,/pscratch/sd/s/satt/sprints/a_star_campaign/h5/h5_tr_210.py,0,0,0,0,3,0,0.0,5.9604644775390625e-05,0,,,0,0,0,0,0,0,0,0,0,0
1609480,1609841,worker,/pscratch/sd/s/satt/sprints/data/converted_10M/mc_normalized_rntuple_10M_30.h5,17,2342528,1,0,2,773408095,0.12341856956481934,0.0008437633514404297,17,137795.76470588235,0.7647058823529411,3,6,4,0,4,0,0,0,0,0
1609480,1609842,worker,/pscratch/sd/s/satt/sprints/a_star_campaign/h5/h5_tr_210.py,0,0,0,0,3,0,0.0,5.8650970458984375e-05,0,,,0,0,0,0,0,0,0,0,0,0
1609480,1609842,worker,/pscratch/sd/s/satt/sprints/data/converted_10M/mc_normalized_rntuple_10M_30.h5,21,3512280,1,0,2,774458727,0.15680932998657227,0.00045561790466308594,21,167251.42857142858,0.7142857142857143,3,6,6,0,6,0,0,0,0,0
1609480,1609843,worker,/pscratch/sd/s/satt/sprints/a_star_campaign/h5/h5_tr_210.py,0,0,0,0,3,0,0.0,5.7697296142578125e-05,0,,,0,0,0,0,0,0,0,0,0,0
1609480,1609843,worker,/pscratch/sd/s/satt/sprints/data/converted_10M/mc_normalized_rntuple_10M_30.h5,17,2342528,1,0,2,774458727,0.10034561157226562,0.0007767677307128906,17,137795.76470588235,0.7647058823529411,3,6,4,0,4,0,0,0,0,0
1609480,1609844,worker,/pscratch/sd/s/satt/sprints/a_star_campaign/h5/h5_tr_210.py,0,0,0,0,3,0,0.0,5.364418029785156e-05,0,,,0,0,0,0,0,0,0,0,0,0
1609480,1609844,worker,/pscratch/sd/s/satt/sprints/data/converted_10M/mc_normalized_rntuple_10M_30.h5,17,2342528,1,0,2,774458727,0.10379600524902344,0.0009222030639648438,17,137795.76470588235,0.7647058823529411,3,6,4,0,4,0,0,0,0,0
1609480,1609845,worker,/pscratch/sd/s/satt/sprints/a_star_campaign/h5/h5_tr_210.py,0,0,0,0,3,0,0.0,5.9604644775390625e-05,0,,,0,0,0,0,0,0,0,0,0,0
1609480,1609845,worker,/pscratch/sd/s/satt/sprints/data/converted_10M/mc_normalized_rntuple_10M_30.h5,19,3507568,1,0,2,774458727,0.1343555450439453,0.0014986991882324219,19,184608.84210526315,0.6842105263157895,3,6,4,0,6,0,0,0,0,0
1609480,1609846,worker,/pscratch/sd/s/satt/sprints/a_star_campaign/h5/h5_tr_210.py,0,0,0,0,3,0,0.0,6.699562072753906e-05,0,,,0,0,0,0,0,0,0,0,0,0
1609480,1609846,worker,/pscratch/sd/s/satt/sprints/data/converted_10M/mc_normalized_rntuple_10M_30.h5,17,2342528,1,0,2,774458727,0.12853050231933594,0.0019104480743408203,17,137795.76470588235,0.7647058823529411,3,6,4,0,4,0,0,0,0,0
1609480,1609847,worker,/pscratch/sd/s/satt/sprints/a_star_campaign/h5/h5_tr_210.py,0,0,0,0,3,0,0.0,6.008148193359375e-05,0,,,0,0,0,0,0,0,0,0,0,0
1609480,1609847,worker,/pscratch/sd/s/satt/sprints/data/converted_10M/mc_normalized_rntuple_10M_30.h5,17,2342528,1,0,2,774458727,0.15248823165893555,0.0033736228942871094,17,137795.76470588235,0.7647058823529411,3,6,4,0,4,0,0,0,0,0
1609480,1609848,worker,/pscratch/sd/s/satt/sprints/a_star_campaign/h5/h5_tr_210.py,0,0,0,0,3,0,0.0,6.4849853515625e-05,0,,,0,0,0,0,0,0,0,0,0,0
1609480,1609848,worker,/pscratch/sd/s/satt/sprints/data/converted_10M/mc_normalized_rntuple_10M_30.h5,19,3507568,1,0,2,774575231,0.11638617515563965,0.045026540756225586,19,184608.84210526315,0.6842105263157895,3,6,4,0,6,0,0,0,0,0
1609480,1609849,worker,/pscratch/sd/s/satt/sprints/a_star_campaign/h5/h5_tr_210.py,0,0,0,0,3,0,0.0,5.793571472167969e-05,0,,,0,0,0,0,0,0,0,0,0,0
1609480,1609849,worker,/pscratch/sd/s/satt/sprints/data/converted_10M/mc_normalized_rntuple_10M_30.h5,17,2342528,1,0,2,774691735,0.08936643600463867,0.02511906623840332,17,137795.76470588235,0.7647058823529411,3,6,4,0,4,0,0,0,0,0
1609480,1609850,worker,/pscratch/sd/s/satt/sprints/a_star_campaign/h5/h5_tr_210.py,0,0,0,0,3,0,0.0,5.459785461425781e-05,0,,,0,0,0,0,0,0,0,0,0,0
1609480,1609850,worker,/pscratch/sd/s/satt/sprints/data/converted_10M/mc_normalized_rntuple_10M_30.h5,17,2342528,1,0,2,774808239,0.10097956657409668,0.01938796043395996,17,137795.76470588235,0.7647058823529411,3,6,4,0,4,0,0,0,0,0
1609480,1609851,worker,/pscratch/sd/s/satt/sprints/a_star_campaign/h5/h5_tr_210.py,0,0,0,0,3,0,0.0,5.817413330078125e-05,0,,,0,0,0,0,0,0,0,0,0,0
1609480,1609851,worker,/pscratch/sd/s/satt/sprints/data/converted_10M/mc_normalized_rntuple_10M_30.h5,19,3507568,1,0,2,775041247,0.1359844207763672,0.0034024715423583984,19,184608.84210526315,0.6842105263157895,3,6,4,0,6,0,0,0,0,0
1609480,1609852,worker,/pscratch/sd/s/satt/sprints/a_star_campaign/h5/h5_tr_210.py,0,0,0,0,3,0,0.0,6.127357482910156e-05,0,,,0,0,0,0,0,0,0,0,0,0
1609480,1609852,worker,/pscratch/sd/s/satt/sprints/data/converted_10M/mc_normalized_rntuple_10M_30.h5,17,2342528,1,0,2,775157751,0.10886526107788086,0.003370523452758789,17,137795.76470588235,0.7647058823529411,3,6,4,0,4,0,0,0,0,0
1609480,1609853,worker,/pscratch/sd/s/satt/sprints/a_star_campaign/h5/h5_tr_210.py,0,0,0,0,3,0,0.0,6.008148193359375e-05,0,,,0,0,0,0,0,0,0,0,0,0
1609480,1609853,worker,/pscratch/sd/s/satt/sprints/data/converted_10M/mc_normalized_rntuple_10M_30.h5,17,2342528,1,0,2,775274255,0.08348655700683594,0.0037131309509277344,17,137795.76470588235,0.7647058823529411,3,6,4,0,4,0,0,0,0,0
1609480,1609854,worker,/pscratch/sd/s/satt/sprints/a_star_campaign/h5/h5_tr_210.py,0,0,0,0,3,0,0.0,5.888938903808594e-05,0,,,0,0,0,0,0,0,0,0,0,0
1609480,1609854,worker,/pscratch/sd/s/satt/sprints/data/converted_10M/mc_normalized_rntuple_10M_30.h5,19,3507568,1,0,2,775507263,0.13657450675964355,0.019626140594482422,19,184608.84210526315,0.6842105263157895,3,6,4,0,6,0,0,0,0,0
1609480,1609855,worker,/pscratch/sd/s/satt/sprints/a_star_campaign/h5/h5_tr_210.py,0,0,0,0,3,0,0.0,5.817413330078125e-05,0,,,0,0,0,0,0,0,0,0,0,0
1609480,1609855,worker,/pscratch/sd/s/satt/sprints/data/converted_10M/mc_normalized_rntuple_10M_30.h5,17,2342528,1,0,2,775623767,0.06917119026184082,0.019272327423095703,17,137795.76470588235,0.7647058823529411,3,6,4,0,4,0,0,0,0,0
1609480,1609856,worker,/pscratch/sd/s/satt/sprints/a_star_campaign/h5/h5_tr_210.py,0,0,0,0,3,0,0.0,5.5789947509765625e-05,0,,,0,0,0,0,0,0,0,0,0,0
1609480,1609856,worker,/pscratch/sd/s/satt/sprints/data/converted_10M/mc_normalized_rntuple_10M_30.h5,17,2342528,1,0,2,775740271,0.10475325584411621,0.0036153793334960938,17,137795.76470588235,0.7647058823529411,3,6,4,0,4,0,0,0,0,0
1609480,1609857,worker,/pscratch/sd/s/satt/sprints/a_star_campaign/h5/h5_tr_210.py,0,0,0,0,3,0,0.0,5.984306335449219e-05,0,,,0,0,0,0,0,0,0,0,0,0
1609480,1609857,worker,/pscratch/sd/s/satt/sprints/data/converted_10M/mc_normalized_rntuple_10M_30.h5,19,3507568,1,0,2,775973279,0.11285829544067383,0.02137303352355957,19,184608.84210526315,0.6842105263157895,3,6,4,0,6,0,0,0,0,0
1609480,1609858,worker,/pscratch/sd/s/satt/sprints/a_star_campaign/h5/h5_tr_210.py,0,0,0,0,3,0,0.0,6.67572021484375e-05,0,,,0,0,0,0,0,0,0,0,0,0
1609480,1609858,worker,/pscratch/sd/s/satt/sprints/data/converted_10M/mc_normalized_rntuple_10M_30.h5,17,2342528,1,0,2,776089783,0.046065568923950195,0.05002021789550781,17,137795.76470588235,0.7647058823529411,3,6,4,0,4,0,0,0,0,0
1609480,1609859,worker,/pscratch/sd/s/satt/sprints/a_star_campaign/h5/h5_tr_210.py,0,0,0,0,3,0,0.0,5.7220458984375e-05,0,,,0,0,0,0,0,0,0,0,0,0
1609480,1609859,worker,/pscratch/sd/s/satt/sprints/data/converted_10M/mc_normalized_rntuple_10M_30.h5,17,2342528,1,0,2,776206287,0.0729837417602539,0.050573110580444336,17,137795.76470588235,0.7647058823529411,3,6,4,0,4,0,0,0,0,0
1609480,1609860,worker,/pscratch/sd/s/satt/sprints/a_star_campaign/h5/h5_tr_210.py,0,0,0,0,3,0,0.0,5.817413330078125e-05,0,,,0,0,0,0,0,0,0,0,0,0
1609480,1609860,worker,/pscratch/sd/s/satt/sprints/data/converted_10M/mc_normalized_rntuple_10M_30.h5,19,3507568,1,0,2,776439295,0.10338020324707031,0.05059528350830078,19,184608.84210526315,0.6842105263157895,3,6,4,0,6,0,0,0,0,0
1609480,1609861,worker,/pscratch/sd/s/satt/sprints/a_star_campaign/h5/h5_tr_210.py,0,0,0,0,3,0,0.0,6.0558319091796875e-05,0,,,0,0,0,0,0,0,0,0,0,0
1609480,1609861,worker,/pscratch/sd/s/satt/sprints/data/converted_10M/mc_normalized_rntuple_10M_30.h5,17,2342528,1,0,2,776555799,0.08134961128234863,0.0763092041015625,17,137795.76470588235,0.7647058823529411,3,6,4,0,4,0,0,0,0,0
1609480,1609862,worker,/pscratch/sd/s/satt/sprints/a_star_campaign/h5/h5_tr_210.py,0,0,0,0,3,0,0.0,5.602836608886719e-05,0,,,0,0,0,0,0,0,0,0,0,0
1609480,1609862,worker,/pscratch/sd/s/satt/sprints/data/converted_10M/mc_normalized_rntuple_10M_30.h5,17,2342528,1,0,2,776672303,0.1309034824371338,0.005748271942138672,17,137795.76470588235,0.7647058823529411,3,6,4,0,4,0,0,0,0,0
1609480,1609863,worker,/pscratch/sd/s/satt/sprints/a_star_campaign/h5/h5_tr_210.py,0,0,0,0,3,0,0.0,6.270408630371094e-05,0,,,0,0,0,0,0,0,0,0,0,0
1609480,1609863,worker,/pscratch/sd/s/satt/sprints/data/converted_10M/mc_normalized_rntuple_10M_30.h5,19,3507568,1,0,2,776905311,0.08163905143737793,0.07656431198120117,19,184608.84210526315,0.6842105263157895,3,6,4,0,6,0,0,0,0,0
1609480,1609864,worker,/pscratch/sd/s/satt/sprints/a_star_campaign/h5/h5_tr_210.py,0,0,0,0,3,0,0.0,5.793571472167969e-05,0,,,0,0,0,0,0,0,0,0,0,0
1609480,1609864,worker,/pscratch/sd/s/satt/sprints/data/converted_10M/mc_normalized_rntuple_10M_30.h5,17,2342528,1,0,2,777021815,0.12666010856628418,0.007584095001220703,17,137795.76470588235,0.7647058823529411,3,6,4,0,4,0,0,0,0,0
1609480,1609865,worker,/pscratch/sd/s/satt/sprints/a_star_campaign/h5/h5_tr_210.py,0,0,0,0,3,0,0.0,5.91278076171875e-05,0,,,0,0,0,0,0,0,0,0,0,0
1609480,1609865,worker,/pscratch/sd/s/satt/sprints/data/converted_10M/mc_normalized_rntuple_10M_30.h5,17,2342528,1,0,2,777138319,0.10730409622192383,0.010490894317626953,17,137795.76470588235,0.7647058823529411,3,6,4,0,4,0,0,0,0,0
1609480,1609866,worker,/pscratch/sd/s/satt/sprints/a_star_campaign/h5/h5_tr_210.py,0,0,0,0,3,0,0.0,5.888938903808594e-05,0,,,0,0,0,0,0,0,0,0,0,0
1609480,1609866,worker,/pscratch/sd/s/satt/sprints/data/converted_10M/mc_normalized_rntuple_10M_30.h5,19,3507568,1,0,2,777371327,0.14663195610046387,0.007715702056884766,19,184608.84210526315,0.6842105263157895,3,6,4,0,6,0,0,0,0,0
1609480,1609867,worker,/pscratch/sd/s/satt/sprints/a_star_campaign/h5/h5_tr_210.py,0,0,0,0,3,0,0.0,5.5789947509765625e-05,0,,,0,0,0,0,0,0,0,0,0,0
1609480,1609867,worker,/pscratch/sd/s/satt/sprints/data/converted_10M/mc_normalized_rntuple_10M_30.h5,17,2342528,1,0,2,777487831,0.1034402847290039,0.007662534713745117,17,137795.76470588235,0.7647058823529411,3,6,4,0,4,0,0,0,0,0
1609480,1609868,worker,/pscratch/sd/s/satt/sprints/a_star_campaign/h5/h5_tr_210.py,0,0,0,0,3,0,0.0,5.7697296142578125e-05,0,,,0,0,0,0,0,0,0,0,0,0
1609480,1609868,worker,/pscratch/sd/s/satt/sprints/data/converted_10M/mc_normalized_rntuple_10M_30.h5,17,2342528,1,0,2,777604335,0.09062743186950684,0.022058963775634766,17,137795.76470588235,0.7647058823529411,3,6,4,0,4,0,0,0,0,0
1609480,1609869,worker,/pscratch/sd/s/satt/sprints/a_star_campaign/h5/h5_tr_210.py,0,0,0,0,3,0,0.0,5.53131103515625e-05,0,,,0,0,0,0,0,0,0,0,0,0
1609480,1609869,worker,/pscratch/sd/s/satt/sprints/data/converted_10M/mc_normalized_rntuple_10M_30.h5,19,3507568,1,0,2,777837343,0.1483325958251953,0.007519960403442383,19,184608.84210526315,0.6842105263157895,3,6,4,0,6,0,0,0,0,0
1609480,1609870,worker,/pscratch/sd/s/satt/sprints/a_star_campaign/h5/h5_tr_210.py,0,0,0,0,3,0,0.0,5.8650970458984375e-05,0,,,0,0,0,0,0,0,0,0,0,0
1609480,1609870,worker,/pscratch/sd/s/satt/sprints/data/converted_10M/mc_normalized_rntuple_10M_30.h5,17,2342528,1,0,2,777953847,0.11219453811645508,0.0075490474700927734,17,137795.76470588235,0.7647058823529411,3,6,4,0,4,0,0,0,0,0
1609480,1609871,worker,/pscratch/sd/s/satt/sprints/a_star_campaign/h5/h5_tr_210.py,0,0,0,0,3,0,0.0,5.793571472167969e-05,0,,,0,0,0,0,0,0,0,0,0,0
1609480,1609871,worker,/pscratch/sd/s/satt/sprints/data/converted_10M/mc_normalized_rntuple_10M_30.h5,17,2342528,1,0,2,778070351,0.04971051216125488,0.08440065383911133,17,137795.76470588235,0.7647058823529411,3,6,4,0,4,0,0,0,0,0
1609480,1609872,worker,/pscratch/sd/s/satt/sprints/a_star_campaign/h5/h5_tr_210.py,0,0,0,0,3,0,0.0,5.6743621826171875e-05,0,,,0,0,0,0,0,0,0,0,0,0
1609480,1609872,worker,/pscratch/sd/s/satt/sprints/data/converted_10M/mc_normalized_rntuple_10M_30.h5,19,3507568,1,0,2,778303359,0.12582612037658691,0.04556775093078613,19,184608.84210526315,0.6842105263157895,3,6,4,0,6,0,0,0,0,0
1609480,1609873,worker,/pscratch/sd/s/satt/sprints/a_star_campaign/h5/h5_tr_210.py,0,0,0,0,3,0,0.0,5.9604644775390625e-05,0,,,0,0,0,0,0,0,0,0,0,0
1609480,1609873,worker,/pscratch/sd/s/satt/sprints/data/converted_10M/mc_normalized_rntuple_10M_30.h5,17,2342528,1,0,2,778419863,0.10236668586730957,0.008027791976928711,17,137795.76470588235,0.7647058823529411,3,6,4,0,4,0,0,0,0,0
1609480,1609874,worker,/pscratch/sd/s/satt/sprints/a_star_campaign/h5/h5_tr_210.py,0,0,0,0,3,0,0.0,5.841255187988281e-05,0,,,0,0,0,0,0,0,0,0,0,0
1609480,1609874,worker,/pscratch/sd/s/satt/sprints/data/converted_10M/mc_normalized_rntuple_10M_30.h5,17,2342528,1,0,2,778536367,0.10098743438720703,0.008062362670898438,17,137795.76470588235,0.7647058823529411,3,6,4,0,4,0,0,0,0,0
1609480,1609875,worker,/pscratch/sd/s/satt/sprints/a_star_campaign/h5/h5_tr_210.py,0,0,0,0,3,0,0.0,5.817413330078125e-05,0,,,0,0,0,0,0,0,0,0,0,0
1609480,1609875,worker,/pscratch/sd/s/satt/sprints/data/converted_10M/mc_normalized_rntuple_10M_30.h5,19,3507568,1,0,2,778769375,0.12580299377441406,0.007975339889526367,19,184608.84210526315,0.6842105263157895,3,6,4,0,6,0,0,0,0,0
1609480,1609876,worker,/pscratch/sd/s/satt/sprints/a_star_campaign/h5/h5_tr_210.py,0,0,0,0,3,0,0.0,5.841255187988281e-05,0,,,0,0,0,0,0,0,0,0,0,0
1609480,1609876,worker,/pscratch/sd/s/satt/sprints/data/converted_10M/mc_normalized_rntuple_10M_30.h5,17,2342528,1,0,2,778885879,0.0641481876373291,0.08773446083068848,17,137795.76470588235,0.7647058823529411,3,6,4,0,4,0,0,0,0,0
1609480,1609877,worker,/pscratch/sd/s/satt/sprints/a_star_campaign/h5/h5_tr_210.py,0,0,0,0,3,0,0.0,5.6743621826171875e-05,0,,,0,0,0,0,0,0,0,0,0,0
1609480,1609877,worker,/pscratch/sd/s/satt/sprints/data/converted_10M/mc_normalized_rntuple_10M_30.h5,17,2342528,1,0,2,779002383,0.04505133628845215,0.11516237258911133,17,137795.76470588235,0.7647058823529411,3,6,4,0,4,0,0,0,0,0
1609480,1609878,worker,/pscratch/sd/s/satt/sprints/a_star_campaign/h5/h5_tr_210.py,0,0,0,0,3,0,0.0,6.079673767089844e-05,0,,,0,0,0,0,0,0,0,0,0,0
1609480,1609878,worker,/pscratch/sd/s/satt/sprints/data/converted_10M/mc_normalized_rntuple_10M_30.h5,19,3507568,1,0,2,779235391,0.08932924270629883,0.08622026443481445,19,184608.84210526315,0.6842105263157895,3,6,4,0,6,0,0,0,0,0
1609480,1609879,worker,/pscratch/sd/s/satt/sprints/a_star_campaign/h5/h5_tr_210.py,0,0,0,0,3,0,0.0,5.602836608886719e-05,0,,,0,0,0,0,0,0,0,0,0,0
1609480,1609879,worker,/pscratch/sd/s/satt/sprints/data/converted_10M/mc_normalized_rntuple_10M_30.h5,17,2342528,1,0,2,779351895,0.10268616676330566,0.026164770126342773,17,137795.76470588235,0.7647058823529411,3,6,4,0,4,0,0,0,0,0
1609480,1609880,worker,/pscratch/sd/s/satt/sprints/a_star_campaign/h5/h5_tr_210.py,0,0,0,0,3,0,0.0,5.841255187988281e-05,0,,,0,0,0,0,0,0,0,0,0,0
1609480,1609880,worker,/pscratch/sd/s/satt/sprints/data/converted_10M/mc_normalized_rntuple_10M_30.h5,17,2342528,1,0,2,779468399,0.015282869338989258,0.11681818962097168,17,137795.76470588235,0.7647058823529411,3,6,4,0,4,0,0,0,0,0
1609480,1609881,worker,/pscratch/sd/s/satt/sprints/a_star_campaign/h5/h5_tr_210.py,0,0,0,0,3,0,0.0,5.888938903808594e-05,0,,,0,0,0,0,0,0,0,0,0,0
1609480,1609881,worker,/pscratch/sd/s/satt/sprints/data/converted_10M/mc_normalized_rntuple_10M_30.h5,19,3507568,1,0,2,779701407,0.07912158966064453,0.05645394325256348,19,184608.84210526315,0.6842105263157895,3,6,4,0,6,0,0,0,0,0
1609480,1609882,worker,/pscratch/sd/s/satt/sprints/a_star_campaign/h5/h5_tr_210.py,0,0,0,0,3,0,0.0,6.103515625e-05,0,,,0,0,0,0,0,0,0,0,0,0
1609480,1609882,worker,/pscratch/sd/s/satt/sprints/data/converted_10M/mc_normalized_rntuple_10M_30.h5,17,2342528,1,0,2,779817911,0.05299830436706543,0.11632895469665527,17,137795.76470588235,0.7647058823529411,3,6,4,0,4,0,0,0,0,0
1609480,1609883,worker,/pscratch/sd/s/satt/sprints/a_star_campaign/h5/h5_tr_210.py,0,0,0,0,3,0,0.0,5.888938903808594e-05,0,,,0,0,0,0,0,0,0,0,0,0
1609480,1609883,worker,/pscratch/sd/s/satt/sprints/data/converted_10M/mc_normalized_rntuple_10M_30.h5,17,2342528,1,0,2,779934415,0.0725250244140625,0.08516478538513184,17,137795.76470588235,0.7647058823529411,3,6,4,0,4,0,0,0,0,0
1609480,1609884,worker,/pscratch/sd/s/satt/sprints/a_star_campaign/h5/h5_tr_210.py,0,0,0,0,3,0,0.0,5.7220458984375e-05,0,,,0,0,0,0,0,0,0,0,0,0
1609480,1609884,worker,/pscratch/sd/s/satt/sprints/data/converted_10M/mc_normalized_rntuple_10M_30.h5,19,3507568,1,0,2,780167423,0.04736042022705078,0.11688041687011719,19,184608.84210526315,0.6842105263157895,3,6,4,0,6,0,0,0,0,0
1609480,1609885,worker,/pscratch/sd/s/satt/sprints/a_star_campaign/h5/h5_tr_210.py,0,0,0,0,3,0,0.0,6.008148193359375e-05,0,,,0,0,0,0,0,0,0,0,0,0
1609480,1609885,worker,/pscratch/sd/s/satt/sprints/data/converted_10M/mc_normalized_rntuple_10M_30.h5,19,2347240,1,0,2,781101551,0.05592632293701172,0.11729049682617188,19,123538.94736842105,0.7894736842105263,3,6,6,0,4,0,0,0,0,0
1609480,1609886,worker,/pscratch/sd/s/satt/sprints/a_star_campaign/h5/h5_tr_210.py,0,0,0,0,3,0,0.0,5.8650970458984375e-05,0,,,0,0,0,0,0,0,0,0,0,0
1609480,1609886,worker,/pscratch/sd/s/satt/sprints/data/converted_10M/mc_normalized_rntuple_10M_30.h5,19,3507568,1,0,2,781101551,0.08337163925170898,0.07193422317504883,19,184608.84210526315,0.6842105263157895,3,6,4,0,6,0,0,0,0,0
1609480,1609887,worker,/pscratch/sd/s/satt/sprints/a_star_campaign/h5/h5_tr_210.py,0,0,0,0,3,0,0.0,5.841255187988281e-05,0,,,0,0,0,0,0,0,0,0,0,0
1609480,1609887,worker,/pscratch/sd/s/satt/sprints/data/converted_10M/mc_normalized_rntuple_10M_30.h5,17,2342528,1,0,2,781101551,0.06131935119628906,0.08879399299621582,17,137795.76470588235,0.7647058823529411,3,6,4,0,4,0,0,0,0,0
1609480,1609888,worker,/pscratch/sd/s/satt/sprints/a_star_campaign/h5/h5_tr_210.py,0,0,0,0,3,0,0.0,5.626678466796875e-05,0,,,0,0,0,0,0,0,0,0,0,0
1609480,1609888,worker,/pscratch/sd/s/satt/sprints/data/converted_10M/mc_normalized_rntuple_10M_30.h5,17,2342528,1,0,2,781101551,0.07323527336120605,0.04362201690673828,17,137795.76470588235,0.7647058823529411,3,6,4,0,4,0,0,0,0,0
1609480,1609889,worker,/pscratch/sd/s/satt/sprints/a_star_campaign/h5/h5_tr_210.py,0,0,0,0,3,0,0.0,5.4836273193359375e-05,0,,,0,0,0,0,0,0,0,0,0,0
1609480,1609889,worker,/pscratch/sd/s/satt/sprints/data/converted_10M/mc_normalized_rntuple_10M_30.h5,19,3507568,1,0,2,781101551,0.14405584335327148,0.004999876022338867,19,184608.84210526315,0.6842105263157895,3,6,4,0,6,0,0,0,0,0
1609480,1609890,worker,/pscratch/sd/s/satt/sprints/a_star_campaign/h5/h5_tr_210.py,0,0,0,0,3,0,0.0,5.698204040527344e-05,0,,,0,0,0,0,0,0,0,0,0,0
1609480,1609890,worker,/pscratch/sd/s/satt/sprints/data/converted_10M/mc_normalized_rntuple_10M_30.h5,17,2342528,1,0,2,781101551,0.04085135459899902,0.07716846466064453,17,137795.76470588235,0.7647058823529411,3,6,4,0,4,0,0,0,0,0
1609480,1609891,worker,/pscratch/sd/s/satt/sprints/a_star_campaign/h5/h5_tr_210.py,0,0,0,0,3,0,0.0,6.222724914550781e-05,0,,,0,0,0,0,0,0,0,0,0,0
1609480,1609891,worker,/pscratch/sd/s/satt/sprints/data/converted_10M/mc_normalized_rntuple_10M_30.h5,17,2342528,1,0,2,781218055,0.11517524719238281,0.005577564239501953,17,137795.76470588235,0.7647058823529411,3,6,4,0,4,0,0,0,0,0
1609480,1609892,worker,/pscratch/sd/s/satt/sprints/a_star_campaign/h5/h5_tr_210.py,0,0,0,0,3,0,0.0,6.0558319091796875e-05,0,,,0,0,0,0,0,0,0,0,0,0
1609480,1609892,worker,/pscratch/sd/s/satt/sprints/data/converted_10M/mc_normalized_rntuple_10M_30.h5,19,3507568,1,0,2,781451063,0.1038966178894043,0.004683732986450195,19,184608.84210526315,0.6842105263157895,3,6,4,0,6,0,0,0,0,0
1609480,1609893,worker,/pscratch/sd/s/satt/sprints/a_star_campaign/h5/h5_tr_210.py,0,0,0,0,3,0,0.0,5.745887756347656e-05,0,,,0,0,0,0,0,0,0,0,0,0
1609480,1609893,worker,/pscratch/sd/s/satt/sprints/data/converted_10M/mc_normalized_rntuple_10M_30.h5,17,2342528,1,0,2,781567567,0.09951567649841309,0.004613399505615234,17,137795.76470588235,0.7647058823529411,3,6,4,0,4,0,0,0,0,0
1609480,1609894,worker,/pscratch/sd/s/satt/sprints/a_star_campaign/h5/h5_tr_210.py,0,0,0,0,3,0,0.0,5.602836608886719e-05,0,,,0,0,0,0,0,0,0,0,0,0
1609480,1609894,worker,/pscratch/sd/s/satt/sprints/data/converted_10M/mc_normalized_rntuple_10M_30.h5,17,2342528,1,0,2,781684071,0.11530566215515137,0.003962039947509766,17,137795.76470588235,0.7647058823529411,3,6,4,0,4,0,0,0,0,0
1609480,1609895,worker,/pscratch/sd/s/satt/sprints/a_star_campaign/h5/h5_tr_210.py,0,0,0,0,3,0,0.0,5.602836608886719e-05,0,,,0,0,0,0,0,0,0,0,0,0
1609480,1609895,worker,/pscratch/sd/s/satt/sprints/data/converted_10M/mc_normalized_rntuple_10M_30.h5,19,3507568,1,0,2,781917079,0.12393045425415039,0.0033915042877197266,19,184608.84210526315,0.6842105263157895,3,6,4,0,6,0,0,0,0,0
1609480,1609896,worker,/pscratch/sd/s/satt/sprints/a_star_campaign/h5/h5_tr_210.py,0,0,0,0,3,0,0.0,5.817413330078125e-05,0,,,0,0,0,0,0,0,0,0,0,0
1609480,1609896,worker,/pscratch/sd/s/satt/sprints/data/converted_10M/mc_normalized_rntuple_10M_30.h5,17,2342528,1,0,2,782033583,0.02668619155883789,0.10216903686523438,17,137795.76470588235,0.7647058823529411,3,6,4,0,4,0,0,0,0,0
1609480,1609897,worker,/pscratch/sd/s/satt/sprints/a_star_campaign/h5/h5_tr_210.py,0,0,0,0,3,0,0.0,5.9604644775390625e-05,0,,,0,0,0,0,0,0,0,0,0,0
1609480,1609897,worker,/pscratch/sd/s/satt/sprints/data/converted_10M/mc_normalized_rntuple_10M_30.h5,17,2342528,1,0,2,782150087,0.10023927688598633,0.003309488296508789,17,137795.76470588235,0.7647058823529411,3,6,4,0,4,0,0,0,0,0
1609480,1609898,worker,/pscratch/sd/s/satt/sprints/a_star_campaign/h5/h5_tr_210.py,0,0,0,0,3,0,0.0,5.8650970458984375e-05,0,,,0,0,0,0,0,0,0,0,0,0
1609480,1609898,worker,/pscratch/sd/s/satt/sprints/data/converted_10M/mc_normalized_rntuple_10M_30.h5,19,3507568,1,0,2,782383095,0.12235283851623535,0.002586841583251953,19,184608.84210526315,0.6842105263157895,3,6,4,0,6,0,0,0,0,0
1609480,1609899,worker,/pscratch/sd/s/satt/sprints/a_star_campaign/h5/h5_tr_210.py,0,0,0,0,3,0,0.0,5.3882598876953125e-05,0,,,0,0,0,0,0,0,0,0,0,0
1609480,1609899,worker,/pscratch/sd/s/satt/sprints/data/converted_10M/mc_normalized_rntuple_10M_30.h5,17,2342528,1,0,2,782499599,0.0990605354309082,0.0008170604705810547,17,137795.76470588235,0.7647058823529411,3,6,4,0,4,0,0,0,0,0
1609480,1609900,worker,/pscratch/sd/s/satt/sprints/a_star_campaign/h5/h5_tr_210.py,0,0,0,0,3,0,0.0,5.626678466796875e-05,0,,,0,0,0,0,0,0,0,0,0,0
1609480,1609900,worker,/pscratch/sd/s/satt/sprints/data/converted_10M/mc_normalized_rntuple_10M_30.h5,17,2342528,1,0,2,782616103,0.03423357009887695,0.06517529487609863,17,137795.76470588235,0.7647058823529411,3,6,4,0,4,0,0,0,0,0
1609480,1609901,worker,/pscratch/sd/s/satt/sprints/a_star_campaign/h5/h5_tr_210.py,0,0,0,0,3,0,0.0,5.745887756347656e-05,0,,,0,0,0,0,0,0,0,0,0,0
1609480,1609901,worker,/pscratch/sd/s/satt/sprints/data/converted_10M/mc_normalized_rntuple_10M_30.h5,19,3507568,1,0,2,782849111,0.08669519424438477,0.038304805755615234,19,184608.84210526315,0.6842105263157895,3,6,4,0,6,0,0,0,0,0
1609480,1609902,worker,/pscratch/sd/s/satt/sprints/a_star_campaign/h5/h5_tr_210.py,0,0,0,0,3,0,0.0,5.8650970458984375e-05,0,,,0,0,0,0,0,0,0,0,0,0
1609480,1609902,worker,/pscratch/sd/s/satt/sprints/data/converted_10M/mc_normalized_rntuple_10M_30.h5,17,2342528,1,0,2,782965615,0.025114774703979492,0.09821581840515137,17,137795.76470588235,0.7647058823529411,3,6,4,0,4,0,0,0,0,0
1609480,1609903,worker,/pscratch/sd/s/satt/sprints/a_star_campaign/h5/h5_tr_210.py,0,0,0,0,3,0,0.0,6.079673767089844e-05,0,,,0,0,0,0,0,0,0,0,0,0
1609480,1609903,worker,/pscratch/sd/s/satt/sprints/data/converted_10M/mc_normalized_rntuple_10M_30.h5,17,2342528,1,0,2,783082119,0.052405357360839844,0.06326031684875488,17,137795.76470588235,0.7647058823529411,3,6,4,0,4,0,0,0,0,0
1609480,1609904,worker,/pscratch/sd/s/satt/sprints/a_star_campaign/h5/h5_tr_210.py,0,0,0,0,3,0,0.0,5.7697296142578125e-05,0,,,0,0,0,0,0,0,0,0,0,0
1609480,1609904,worker,/pscratch/sd/s/satt/sprints/data/converted_10M/mc_normalized_rntuple_10M_30.h5,19,3507568,1,0,2,783315127,0.11258149147033691,0.0029633045196533203,19,184608.84210526315,0.6842105263157895,3,6,4,0,6,0,0,0,0,0
1609480,1609905,worker,/pscratch/sd/s/satt/sprints/a_star_campaign/h5/h5_tr_210.py,0,0,0,0,3,0,0.0,5.793571472167969e-05,0,,,0,0,0,0,0,0,0,0,0,0
1609480,1609905,worker,/pscratch/sd/s/satt/sprints/data/converted_10M/mc_normalized_rntuple_10M_30.h5,17,2342528,1,0,2,783431631,0.09439659118652344,0.0037221908569335938,17,137795.76470588235,0.7647058823529411,3,6,4,0,4,0,0,0,0,0
1609480,1609906,worker,/pscratch/sd/s/satt/sprints/a_star_campaign/h5/h5_tr_210.py,0,0,0,0,3,0,0.0,6.103515625e-05,0,,,0,0,0,0,0,0,0,0,0,0
1609480,1609906,worker,/pscratch/sd/s/satt/sprints/data/converted_10M/mc_normalized_rntuple_10M_30.h5,17,2342528,1,0,2,783548135,0.09353756904602051,0.003797292709350586,17,137795.76470588235,0.7647058823529411,3,6,4,0,4,0,0,0,0,0
1609480,1609907,worker,/pscratch/sd/s/satt/sprints/a_star_campaign/h5/h5_tr_210.py,0,0,0,0,3,0,0.0,5.7697296142578125e-05,0,,,0,0,0,0,0,0,0,0,0,0
1609480,1609907,worker,/pscratch/sd/s/satt/sprints/data/converted_10M/mc_normalized_rntuple_10M_30.h5,19,3507568,1,0,2,783781143,0.11522340774536133,0.002981424331665039,19,184608.84210526315,0.6842105263157895,3,6,4,0,6,0,0,0,0,0
1609480,1609908,worker,/pscratch/sd/s/satt/sprints/a_star_campaign/h5/h5_tr_210.py,0,0,0,0,3,0,0.0,5.793571472167969e-05,0,,,0,0,0,0,0,0,0,0,0,0
1609480,1609908,worker,/pscratch/sd/s/satt/sprints/data/converted_10M/mc_normalized_rntuple_10M_30.h5,17,2342528,1,0,2,783897647,0.0904541015625,0.0036225318908691406,17,137795.76470588235,0.7647058823529411,3,6,4,0,4,0,0,0,0,0
1609480,1609909,worker,/pscratch/sd/s/satt/sprints/a_star_campaign/h5/h5_tr_210.py,0,0,0,0,3,0,0.0,6.008148193359375e-05,0,,,0,0,0,0,0,0,0,0,0,0
1609480,1609909,worker,/pscratch/sd/s/satt/sprints/data/converted_10M/mc_normalized_rntuple_10M_30.h5,17,2342528,1,0,2,784014151,0.08960294723510742,0.004266500473022461,17,137795.76470588235,0.7647058823529411,3,6,4,0,4,0,0,0,0,0
1609480,1609910,worker,/pscratch/sd/s/satt/sprints/a_star_campaign/h5/h5_tr_210.py,0,0,0,0,3,0,0.0,6.031990051269531e-05,0,,,0,0,0,0,0,0,0,0,0,0
1609480,1609910,worker,/pscratch/sd/s/satt/sprints/data/converted_10M/mc_normalized_rntuple_10M_30.h5,19,3507568,1,0,2,784247159,0.09153151512145996,0.0038857460021972656,19,184608.84210526315,0.6842105263157895,3,6,4,0,6,0,0,0,0,0
1609480,1609911,worker,/pscratch/sd/s/satt/sprints/a_star_campaign/h5/h5_tr_210.py,0,0,0,0,3,0,0.0,5.7220458984375e-05,0,,,0,0,0,0,0,0,0,0,0,0
1609480,1609911,worker,/pscratch/sd/s/satt/sprints/data/converted_10M/mc_normalized_rntuple_10M_30.h5,17,2342528,1,0,2,784363663,0.09575390815734863,0.004143953323364258,17,137795.76470588235,0.7647058823529411,3,6,4,0,4,0,0,0,0,0
1609480,1609912,worker,/pscratch/sd/s/satt/sprints/a_star_campaign/h5/h5_tr_210.py,0,0,0,0,3,0,0.0,5.745887756347656e-05,0,,,0,0,0,0,0,0,0,0,0,0
1609480,1609912,worker,/pscratch/sd/s/satt/sprints/data/converted_10M/mc_normalized_rntuple_10M_30.h5,17,2342528,1,0,2,784480167,0.07379627227783203,0.02557086944580078,17,137795.76470588235,0.7647058823529411,3,6,4,0,4,0,0,0,0,0
1609480,1609913,worker,/pscratch/sd/s/satt/sprints/a_star_campaign/h5/h5_tr_210.py,0,0,0,0,3,0,0.0,5.698204040527344e-05,0,,,0,0,0,0,0,0,0,0,0,0
1609480,1609913,worker,/pscratch/sd/s/satt/sprints/data/converted_10M/mc_normalized_rntuple_10M_30.h5,19,3507568,1,0,2,784713175,0.08492827415466309,0.05613422393798828,19,184608.84210526315,0.6842105263157895,3,6,4,0,6,0,0,0,0,0
1609480,1609914,worker,/pscratch/sd/s/satt/sprints/a_star_campaign/h5/h5_tr_210.py,0,0,0,0,3,0,0.0,5.626678466796875e-05,0,,,0,0,0,0,0,0,0,0,0,0
1609480,1609914,worker,/pscratch/sd/s/satt/sprints/data/converted_10M/mc_normalized_rntuple_10M_30.h5,17,2342528,1,0,2,784829679,0.05344223976135254,0.08699369430541992,17,137795.76470588235,0.7647058823529411,3,6,4,0,4,0,0,0,0,0
1609480,1609915,worker,/pscratch/sd/s/satt/sprints/a_star_campaign/h5/h5_tr_210.py,0,0,0,0,3,0,0.0,5.936622619628906e-05,0,,,0,0,0,0,0,0,0,0,0,0
1609480,1609915,worker,/pscratch/sd/s/satt/sprints/data/converted_10M/mc_normalized_rntuple_10M_30.h5,17,2342528,1,0,2,784946183,0.05232524871826172,0.08684611320495605,17,137795.76470588235,0.7647058823529411,3,6,4,0,4,0,0,0,0,0
1609480,1609916,worker,/pscratch/sd/s/satt/sprints/a_star_campaign/h5/h5_tr_210.py,0,0,0,0,3,0,0.0,5.793571472167969e-05,0,,,0,0,0,0,0,0,0,0,0,0
1609480,1609916,worker,/pscratch/sd/s/satt/sprints/data/converted_10M/mc_normalized_rntuple_10M_30.h5,19,3507568,1,0,2,785179191,0.10379385948181152,0.025730371475219727,19,184608.84210526315,0.6842105263157895,3,6,4,0,6,0,0,0,0,0
1609480,1609917,worker,/pscratch/sd/s/satt/sprints/a_star_campaign/h5/h5_tr_210.py,0,0,0,0,3,0,0.0,5.602836608886719e-05,0,,,0,0,0,0,0,0,0,0,0,0
1609480,1609917,worker,/pscratch/sd/s/satt/sprints/data/converted_10M/mc_normalized_rntuple_10M_30.h5,17,2342528,1,0,2,785295695,0.054155588150024414,0.08468842506408691,17,137795.76470588235,0.7647058823529411,3,6,4,0,4,0,0,0,0,0
1609480,1609918,worker,/pscratch/sd/s/satt/sprints/a_star_campaign/h5/h5_tr_210.py,0,0,0,0,3,0,0.0,6.937980651855469e-05,0,,,0,0,0,0,0,0,0,0,0,0
1609480,1609918,worker,/pscratch/sd/s/satt/sprints/data/converted_10M/mc_normalized_rntuple_10M_30.h5,17,2342528,1,0,2,785412199,0.0989525318145752,0.024861574172973633,17,137795.76470588235,0.7647058823529411,3,6,4,0,4,0,0,0,0,0
1609480,1609919,worker,/pscratch/sd/s/satt/sprints/a_star_campaign/h5/h5_tr_210.py,0,0,0,0,3,0,0.0,5.6743621826171875e-05,0,,,0,0,0,0,0,0,0,0,0,0
1609480,1609919,worker,/pscratch/sd/s/satt/sprints/data/converted_10M/mc_normalized_rntuple_10M_30.h5,19,3507568,1,0,2,785645207,0.0880124568939209,0.056983232498168945,19,184608.84210526315,0.6842105263157895,3,6,4,0,6,0,0,0,0,0
1609480,1609920,worker,/pscratch/sd/s/satt/sprints/a_star_campaign/h5/h5_tr_210.py,0,0,0,0,3,0,0.0,6.341934204101562e-05,0,,,0,0,0,0,0,0,0,0,0,0
1609480,1609920,worker,/pscratch/sd/s/satt/sprints/data/converted_10M/mc_normalized_rntuple_10M_30.h5,17,2342528,1,0,2,785761711,0.052765607833862305,0.08545517921447754,17,137795.76470588235,0.7647058823529411,3,6,4,0,4,0,0,0,0,0
1609480,1609921,worker,/pscratch/sd/s/satt/sprints/a_star_campaign/h5/h5_tr_210.py,0,0,0,0,3,0,0.0,5.745887756347656e-05,0,,,0,0,0,0,0,0,0,0,0,0
1609480,1609921,worker,/pscratch/sd/s/satt/sprints/data/converted_10M/mc_normalized_rntuple_10M_30.h5,17,2342528,1,0,2,785878215,0.07099151611328125,0.056693315505981445,17,137795.76470588235,0.7647058823529411,3,6,4,0,4,0,0,0,0,0
1609480,1609922,worker,/pscratch/sd/s/satt/sprints/a_star_campaign/h5/h5_tr_210.py,0,0,0,0,3,0,0.0,5.626678466796875e-05,0,,,0,0,0,0,0,0,0,0,0,0
1609480,1609922,worker,/pscratch/sd/s/satt/sprints/data/converted_10M/mc_normalized_rntuple_10M_30.h5,19,3507568,1,0,2,786111223,0.05718231201171875,0.08479738235473633,19,184608.84210526315,0.6842105263157895,3,6,4,0,6,0,0,0,0,0
1609480,1609923,worker,/pscratch/sd/s/satt/sprints/a_star_campaign/h5/h5_tr_210.py,0,0,0,0,3,0,0.0,5.841255187988281e-05,0,,,0,0,0,0,0,0,0,0,0,0
1609480,1609923,worker,/pscratch/sd/s/satt/sprints/data/converted_10M/mc_normalized_rntuple_10M_30.h5,17,2342528,1,0,2,786227727,0.11669421195983887,0.0037577152252197266,17,137795.76470588235,0.7647058823529411,3,6,4,0,4,0,0,0,0,0
1609480,1609924,worker,/pscratch/sd/s/satt/sprints/a_star_campaign/h5/h5_tr_210.py,0,0,0,0,3,0,0.0,6.175041198730469e-05,0,,,0,0,0,0,0,0,0,0,0,0
1609480,1609924,worker,/pscratch/sd/s/satt/sprints/data/converted_10M/mc_normalized_rntuple_10M_30.h5,17,2342528,1,0,2,786344231,0.02533745765686035,0.09818673133850098,17,137795.76470588235,0.7647058823529411,3,6,4,0,4,0,0,0,0,0
1609480,1609925,worker,/pscratch/sd/s/satt/sprints/a_star_campaign/h5/h5_tr_210.py,0,0,0,0,3,0,0.0,5.888938903808594e-05,0,,,0,0,0,0,0,0,0,0,0,0
1609480,1609925,worker,/pscratch/sd/s/satt/sprints/data/converted_10M/mc_normalized_rntuple_10M_30.h5,19,3507568,1,0,2,786577239,0.08681869506835938,0.05523514747619629,19,184608.84210526315,0.6842105263157895,3,6,4,0,6,0,0,0,0,0
1609480,1609926,worker,/pscratch/sd/s/satt/sprints/a_star_campaign/h5/h5_tr_210.py,0,0,0,0,3,0,0.0,6.198883056640625e-05,0,,,0,0,0,0,0,0,0,0,0,0
1609480,1609926,worker,/pscratch/sd/s/satt/sprints/data/converted_10M/mc_normalized_rntuple_10M_30.h5,17,2342528,1,0,2,786693743,0.043944597244262695,0.09778332710266113,17,137795.76470588235,0.7647058823529411,3,6,4,0,4,0,0,0,0,0
1609480,1609927,worker,/pscratch/sd/s/satt/sprints/a_star_campaign/h5/h5_tr_210.py,0,0,0,0,3,0,0.0,5.984306335449219e-05,0,,,0,0,0,0,0,0,0,0,0,0
1609480,1609927,worker,/pscratch/sd/s/satt/sprints/data/converted_10M/mc_normalized_rntuple_10M_30.h5,21,3512280,1,0,2,787744375,0.0468442440032959,0.09693598747253418,21,167251.42857142858,0.7142857142857143,3,6,6,0,6,0,0,0,0,0
1609480,1609928,worker,/pscratch/sd/s/satt/sprints/a_star_campaign/h5/h5_tr_210.py,0,0,0,0,3,0,0.0,6.0558319091796875e-05,0,,,0,0,0,0,0,0,0,0,0,0
1609480,1609928,worker,/pscratch/sd/s/satt/sprints/data/converted_10M/mc_normalized_rntuple_10M_30.h5,17,2342528,1,0,2,787744375,0.042980194091796875,0.097381591796875,17,137795.76470588235,0.7647058823529411,3,6,4,0,4,0,0,0,0,0
1609480,1609929,worker,/pscratch/sd/s/satt/sprints/a_star_campaign/h5/h5_tr_210.py,0,0,0,0,3,0,0.0,5.6743621826171875e-05,0,,,0,0,0,0,0,0,0,0,0,0
1609480,1609929,worker,/pscratch/sd/s/satt/sprints/data/converted_10M/mc_normalized_rntuple_10M_30.h5,17,2342528,1,0,2,787744375,0.061395883560180664,0.055051565170288086,17,137795.76470588235,0.7647058823529411,3,6,4,0,4,0,0,0,0,0
1609480,1609930,worker,/pscratch/sd/s/satt/sprints/a_star_campaign/h5/h5_tr_210.py,0,0,0,0,3,0,0.0,5.626678466796875e-05,0,,,0,0,0,0,0,0,0,0,0,0
1609480,1609930,worker,/pscratch/sd/s/satt/sprints/data/converted_10M/mc_normalized_rntuple_10M_30.h5,19,3507568,1,0,2,787744375,0.0776209831237793,0.05499863624572754,19,184608.84210526315,0.6842105263157895,3,6,4,0,6,0,0,0,0,0
1609480,1609931,worker,/pscratch/sd/s/satt/sprints/a_star_campaign/h5/h5_tr_210.py,0,0,0,0,3,0,0.0,6.318092346191406e-05,0,,,0,0,0,0,0,0,0,0,0,0
1609480,1609931,worker,/pscratch/sd/s/satt/sprints/data/converted_10M/mc_normalized_rntuple_10M_30.h5,17,2342528,1,0,2,787744375,0.08502793312072754,0.031167984008789062,17,137795.76470588235,0.7647058823529411,3,6,4,0,4,0,0,0,0,0
1609480,1609932,worker,/pscratch/sd/s/satt/sprints/a_star_campaign/h5/h5_tr_210.py,0,0,0,0,3,0,0.0,6.0558319091796875e-05,0,,,0,0,0,0,0,0,0,0,0,0
1609480,1609932,worker,/pscratch/sd/s/satt/sprints/data/converted_10M/mc_normalized_rntuple_10M_30.h5,17,2342528,1,0,2,787744375,0.06568241119384766,0.05532693862915039,17,137795.76470588235,0.7647058823529411,3,6,4,0,4,0,0,0,0,0
1609480,1609933,worker,/pscratch/sd/s/satt/sprints/a_star_campaign/h5/h5_tr_210.py,0,0,0,0,3,0,0.0,6.008148193359375e-05,0,,,0,0,0,0,0,0,0,0,0,0
1609480,1609933,worker,/pscratch/sd/s/satt/sprints/data/converted_10M/mc_normalized_rntuple_10M_30.h5,19,3507568,1,0,2,787860879,0.10254406929016113,0.030908823013305664,19,184608.84210526315,0.6842105263157895,3,6,4,0,6,0,0,0,0,0
1609480,1609934,worker,/pscratch/sd/s/satt/sprints/a_star_campaign/h5/h5_tr_210.py,0,0,0,0,3,0,0.0,6.079673767089844e-05,0,,,0,0,0,0,0,0,0,0,0,0
1609480,1609934,worker,/pscratch/sd/s/satt/sprints/data/converted_10M/mc_normalized_rntuple_10M_30.h5,17,2342528,1,0,2,787977383,0.041916847229003906,0.09453535079956055,17,137795.76470588235,0.7647058823529411,3,6,4,0,4,0,0,0,0,0
1609480,1609935,worker,/pscratch/sd/s/satt/sprints/a_star_campaign/h5/h5_tr_210.py,0,0,0,0,3,0,0.0,5.984306335449219e-05,0,,,0,0,0,0,0,0,0,0,0,0
1609480,1609935,worker,/pscratch/sd/s/satt/sprints/data/converted_10M/mc_normalized_rntuple_10M_30.h5,17,2342528,1,0,2,788093887,0.07361245155334473,0.054213523864746094,17,137795.76470588235,0.7647058823529411,3,6,4,0,4,0,0,0,0,0
1609480,1609936,worker,/pscratch/sd/s/satt/sprints/a_star_campaign/h5/h5_tr_210.py,0,0,0,0,3,0,0.0,5.91278076171875e-05,0,,,0,0,0,0,0,0,0,0,0,0
1609480,1609936,worker,/pscratch/sd/s/satt/sprints/data/converted_10M/mc_normalized_rntuple_10M_30.h5,19,3507568,1,0,2,788326895,0.05697345733642578,0.07995319366455078,19,184608.84210526315,0.6842105263157895,3,6,4,0,6,0,0,0,0,0
1609480,1609937,worker,/pscratch/sd/s/satt/sprints/a_star_campaign/h5/h5_tr_210.py,0,0,0,0,3,0,0.0,6.031990051269531e-05,0,,,0,0,0,0,0,0,0,0,0,0
1609480,1609937,worker,/pscratch/sd/s/satt/sprints/data/converted_10M/mc_normalized_rntuple_10M_30.h5,17,2342528,1,0,2,788443399,0.054579734802246094,0.08033394813537598,17,137795.76470588235,0.7647058823529411,3,6,4,0,4,0,0,0,0,0
1609480,1609938,worker,/pscratch/sd/s/satt/sprints/a_star_campaign/h5/h5_tr_210.py,0,0,0,0,3,0,0.0,5.936622619628906e-05,0,,,0,0,0,0,0,0,0,0,0,0
1609480,1609938,worker,/pscratch/sd/s/satt/sprints/data/converted_10M/mc_normalized_rntuple_10M_30.h5,17,2342528,1,0,2,788559903,0.04729461669921875,0.08066606521606445,17,137795.76470588235,0.7647058823529411,3,6,4,0,4,0,0,0,0,0
1609480,1609939,worker,/pscratch/sd/s/satt/sprints/a_star_campaign/h5/h5_tr_210.py,0,0,0,0,3,0,0.0,5.4836273193359375e-05,0,,,0,0,0,0,0,0,0,0,0,0
1609480,1609939,worker,/pscratch/sd/s/satt/sprints/data/converted_10M/mc_normalized_rntuple_10M_30.h5,19,3507568,1,0,2,788792911,0.07330989837646484,0.05701184272766113,19,184608.84210526315,0.6842105263157895,3,6,4,0,6,0,0,0,0,0
1609480,1609940,worker,/pscratch/sd/s/satt/sprints/a_star_campaign/h5/h5_tr_210.py,0,0,0,0,3,0,0.0,5.91278076171875e-05,0,,,0,0,0,0,0,0,0,0,0,0
1609480,1609940,worker,/pscratch/sd/s/satt/sprints/data/converted_10M/mc_normalized_rntuple_10M_30.h5,17,2342528,1,0,2,788909415,0.039163827896118164,0.09292435646057129,17,137795.76470588235,0.7647058823529411,3,6,4,0,4,0,0,0,0,0
1609480,1609941,worker,/pscratch/sd/s/satt/sprints/a_star_campaign/h5/h5_tr_210.py,0,0,0,0,3,0,0.0,5.555152893066406e-05,0,,,0,0,0,0,0,0,0,0,0,0
1609480,1609941,worker,/pscratch/sd/s/satt/sprints/data/converted_10M/mc_normalized_rntuple_10M_30.h5,17,2342528,1,0,2,789025919,0.040375709533691406,0.08362770080566406,17,137795.76470588235,0.7647058823529411,3,6,4,0,4,0,0,0,0,0
1609480,1609942,worker,/pscratch/sd/s/satt/sprints/a_star_campaign/h5/h5_tr_210.py,0,0,0,0,3,0,0.0,6.008148193359375e-05,0,,,0,0,0,0,0,0,0,0,0,0
1609480,1609942,worker,/pscratch/sd/s/satt/sprints/data/converted_10M/mc_normalized_rntuple_10M_30.h5,19,3507568,1,0,2,789258927,0.07906413078308105,0.03890585899353027,19,184608.84210526315,0.6842105263157895,3,6,4,0,6,0,0,0,0,0
1609480,1609943,worker,/pscratch/sd/s/satt/sprints/a_star_campaign/h5/h5_tr_210.py,0,0,0,0,3,0,0.0,6.246566772460938e-05,0,,,0,0,0,0,0,0,0,0,0,0
1609480,1609943,worker,/pscratch/sd/s/satt/sprints/data/converted_10M/mc_normalized_rntuple_10M_30.h5,17,2342528,1,0,2,789375431,0.05977630615234375,0.06558489799499512,17,137795.76470588235,0.7647058823529411,3,6,4,0,4,0,0,0,0,0
1609480,1609944,worker,/pscratch/sd/s/satt/sprints/a_star_campaign/h5/h5_tr_210.py,0,0,0,0,3,0,0.0,6.198883056640625e-05,0,,,0,0,0,0,0,0,0,0,0,0
1609480,1609944,worker,/pscratch/sd/s/satt/sprints/data/converted_10M/mc_normalized_rntuple_10M_30.h5,17,2342528,1,0,2,789491935,0.034720420837402344,0.0919334888458252,17,137795.76470588235,0.7647058823529411,3,6,4,0,4,0,0,0,0,0
1609480,1609945,worker,/pscratch/sd/s/satt/sprints/a_star_campaign/h5/h5_tr_210.py,0,0,0,0,3,0,0.0,5.698204040527344e-05,0,,,0,0,0,0,0,0,0,0,0,0
1609480,1609945,worker,/pscratch/sd/s/satt/sprints/data/converted_10M/mc_normalized_rntuple_10M_30.h5,19,3507568,1,0,2,789724943,0.05009102821350098,0.08273935317993164,19,184608.84210526315,0.6842105263157895,3,6,4,0,6,0,0,0,0,0
1609480,1609946,worker,/pscratch/sd/s/satt/sprints/a_star_campaign/h5/h5_tr_210.py,0,0,0,0,3,0,0.0,5.745887756347656e-05,0,,,0,0,0,0,0,0,0,0,0,0
1609480,1609946,worker,/pscratch/sd/s/satt/sprints/data/converted_10M/mc_normalized_rntuple_10M_30.h5,17,2342528,1,0,2,789841447,0.05244135856628418,0.06024670600891113,17,137795.76470588235,0.7647058823529411,3,6,4,0,4,0,0,0,0,0
1609480,1609947,worker,/pscratch/sd/s/satt/sprints/a_star_campaign/h5/h5_tr_210.py,0,0,0,0,3,0,0.0,5.8650970458984375e-05,0,,,0,0,0,0,0,0,0,0,0,0
1609480,1609947,worker,/pscratch/sd/s/satt/sprints/data/converted_10M/mc_normalized_rntuple_10M_30.h5,17,2342528,1,0,2,789957951,0.0325465202331543,0.08335638046264648,17,137795.76470588235,0.7647058823529411,3,6,4,0,4,0,0,0,0,0
1609480,1609948,worker,/pscratch/sd/s/satt/sprints/a_star_campaign/h5/h5_tr_210.py,0,0,0,0,3,0,0.0,5.91278076171875e-05,0,,,0,0,0,0,0,0,0,0,0,0
1609480,1609948,worker,/pscratch/sd/s/satt/sprints/data/converted_10M/mc_normalized_rntuple_10M_30.h5,19,3507568,1,0,2,790190959,0.08662295341491699,0.03677797317504883,19,184608.84210526315,0.6842105263157895,3,6,4,0,6,0,0,0,0,0
1609480,1609949,worker,/pscratch/sd/s/satt/sprints/a_star_campaign/h5/h5_tr_210.py,0,0,0,0,3,0,0.0,6.532669067382812e-05,0,,,0,0,0,0,0,0,0,0,0,0
1609480,1609949,worker,/pscratch/sd/s/satt/sprints/data/converted_10M/mc_normalized_rntuple_10M_30.h5,17,2342528,1,0,2,790307463,0.06923055648803711,0.037424564361572266,17,137795.76470588235,0.7647058823529411,3,6,4,0,4,0,0,0,0,0
1609480,1609950,worker,/pscratch/sd/s/satt/sprints/a_star_campaign/h5/h5_tr_210.py,0,0,0,0,3,0,0.0,5.888938903808594e-05,0,,,0,0,0,0,0,0,0,0,0,0
1609480,1609950,worker,/pscratch/sd/s/satt/sprints/data/converted_10M/mc_normalized_rntuple_10M_30.h5,17,2342528,1,0,2,790423967,0.07623457908630371,0.03722739219665527,17,137795.76470588235,0.7647058823529411,3,6,4,0,4,0,0,0,0,0
1609480,1609951,worker,/pscratch/sd/s/satt/sprints/a_star_campaign/h5/h5_tr_210.py,0,0,0,0,3,0,0.0,5.8650970458984375e-05,0,,,0,0,0,0,0,0,0,0,0,0
1609480,1609951,worker,/pscratch/sd/s/satt/sprints/data/converted_10M/mc_normalized_rntuple_10M_30.h5,19,3507568,1,0,2,790656975,0.04430985450744629,0.08433699607849121,19,184608.84210526315,0.6842105263157895,3,6,4,0,6,0,0,0,0,0
1609480,1609952,worker,/pscratch/sd/s/satt/sprints/a_star_campaign/h5/h5_tr_210.py,0,0,0,0,3,0,0.0,5.9604644775390625e-05,0,,,0,0,0,0,0,0,0,0,0,0
1609480,1609952,worker,/pscratch/sd/s/satt/sprints/data/converted_10M/mc_normalized_rntuple_10M_30.h5,17,2342528,1,0,2,790773479,0.03910183906555176,0.08278894424438477,17,137795.76470588235,0.7647058823529411,3,6,4,0,4,0,0,0,0,0
1609480,1609953,worker,/pscratch/sd/s/satt/sprints/a_star_campaign/h5/h5_tr_210.py,0,0,0,0,3,0,0.0,5.7220458984375e-05,0,,,0,0,0,0,0,0,0,0,0,0
1609480,1609953,worker,/pscratch/sd/s/satt/sprints/data/converted_10M/mc_normalized_rntuple_10M_30.h5,17,2342528,1,0,2,790889983,0.032572031021118164,0.0906064510345459,17,137795.76470588235,0.7647058823529411,3,6,4,0,4,0,0,0,0,0
1609480,1609954,worker,/pscratch/sd/s/satt/sprints/a_star_campaign/h5/h5_tr_210.py,0,0,0,0,3,0,0.0,5.817413330078125e-05,0,,,0,0,0,0,0,0,0,0,0,0
1609480,1609954,worker,/pscratch/sd/s/satt/sprints/data/converted_10M/mc_normalized_rntuple_10M_30.h5,19,3507568,1,0,2,791122991,0.058965444564819336,0.0683281421661377,19,184608.84210526315,0.6842105263157895,3,6,4,0,6,0,0,0,0,0
1609480,1609955,worker,/pscratch/sd/s/satt/sprints/a_star_campaign/h5/h5_tr_210.py,0,0,0,0,3,0,0.0,5.9604644775390625e-05,0,,,0,0,0,0,0,0,0,0,0,0
1609480,1609955,worker,/pscratch/sd/s/satt/sprints/data/converted_10M/mc_normalized_rntuple_10M_30.h5,17,2342528,1,0,2,791239495,0.04525160789489746,0.08203887939453125,17,137795.76470588235,0.7647058823529411,3,6,4,0,4,0,0,0,0,0
1609480,1609956,worker,/pscratch/sd/s/satt/sprints/a_star_campaign/h5/h5_tr_210.py,0,0,0,0,3,0,0.0,5.793571472167969e-05,0,,,0,0,0,0,0,0,0,0,0,0
1609480,1609956,worker,/pscratch/sd/s/satt/sprints/data/converted_10M/mc_normalized_rntuple_10M_30.h5,17,2342528,1,0,2,791355999,0.043647050857543945,0.06496357917785645,17,137795.76470588235,0.7647058823529411,3,6,4,0,4,0,0,0,0,0
1609480,1609957,worker,/pscratch/sd/s/satt/sprints/a_star_campaign/h5/h5_tr_210.py,0,0,0,0,3,0,0.0,6.031990051269531e-05,0,,,0,0,0,0,0,0,0,0,0,0
1609480,1609957,worker,/pscratch/sd/s/satt/sprints/data/converted_10M/mc_normalized_rntuple_10M_30.h5,19,3507568,1,0,2,791589007,0.0619964599609375,0.06518268585205078,19,184608.84210526315,0.6842105263157895,3,6,4,0,6,0,0,0,0,0
1609480,1609958,worker,/pscratch/sd/s/satt/sprints/a_star_campaign/h5/h5_tr_210.py,0,0,0,0,3,0,0.0,5.412101745605469e-05,0,,,0,0,0,0,0,0,0,0,0,0
1609480,1609958,worker,/pscratch/sd/s/satt/sprints/data/converted_10M/mc_normalized_rntuple_10M_30.h5,17,2342528,1,0,2,791705511,0.04021859169006348,0.0650014877319336,17,137795.76470588235,0.7647058823529411,3,6,4,0,4,0,0,0,0,0
1609480,1609959,worker,/pscratch/sd/s/satt/sprints/a_star_campaign/h5/h5_tr_210.py,0,0,0,0,3,0,0.0,6.198883056640625e-05,0,,,0,0,0,0,0,0,0,0,0,0
1609480,1609959,worker,/pscratch/sd/s/satt/sprints/data/converted_10M/mc_normalized_rntuple_10M_30.h5,17,2342528,1,0,2,791822015,0.04565906524658203,0.03670644760131836,17,137795.76470588235,0.7647058823529411,3,6,4,0,4,0,0,0,0,0
1609480,1609960,worker,/pscratch/sd/s/satt/sprints/a_star_campaign/h5/h5_tr_210.py,0,0,0,0,3,0,0.0,5.6743621826171875e-05,0,,,0,0,0,0,0,0,0,0,0,0
1609480,1609960,worker,/pscratch/sd/s/satt/sprints/data/converted_10M/mc_normalized_rntuple_10M_30.h5,19,3507568,1,0,2,792055023,0.061707258224487305,0.06494760513305664,19,184608.84210526315,0.6842105263157895,3,6,4,0,6,0,0,0,0,0
1609480,1609961,worker,/pscratch/sd/s/satt/sprints/a_star_campaign/h5/h5_tr_210.py,0,0,0,0,3,0,0.0,5.6743621826171875e-05,0,,,0,0,0,0,0,0,0,0,0,0
1609480,1609961,worker,/pscratch/sd/s/satt/sprints/data/converted_10M/mc_normalized_rntuple_10M_30.h5,17,2342528,1,0,2,792171527,0.05375933647155762,0.06558108329772949,17,137795.76470588235,0.7647058823529411,3,6,4,0,4,0,0,0,0,0
1609480,1609962,worker,/pscratch/sd/s/satt/sprints/a_star_campaign/h5/h5_tr_210.py,0,0,0,0,3,0,0.0,6.723403930664062e-05,0,,,0,0,0,0,0,0,0,0,0,0
1609480,1609962,worker,/pscratch/sd/s/satt/sprints/data/converted_10M/mc_normalized_rntuple_10M_30.h5,17,2342528,1,0,2,792288031,0.03861546516418457,0.08075094223022461,17,137795.76470588235,0.7647058823529411,3,6,4,0,4,0,0,0,0,0
1609480,1609963,worker,/pscratch/sd/s/satt/sprints/a_star_campaign/h5/h5_tr_210.py,0,0,0,0,3,0,0.0,6.413459777832031e-05,0,,,0,0,0,0,0,0,0,0,0,0
1609480,1609963,worker,/pscratch/sd/s/satt/sprints/data/converted_10M/mc_normalized_rntuple_10M_30.h5,19,3507568,1,0,2,792521039,0.07552576065063477,0.0324406623840332,19,184608.84210526315,0.6842105263157895,3,6,4,0,6,0,0,0,0,0
1609480,1609964,worker,/pscratch/sd/s/satt/sprints/a_star_campaign/h5/h5_tr_210.py,0,0,0,0,3,0,0.0,8.153915405273438e-05,0,,,0,0,0,0,0,0,0,0,0,0
1609480,1609964,worker,/pscratch/sd/s/satt/sprints/data/converted_10M/mc_normalized_rntuple_10M_30.h5,17,2342528,1,0,2,792637543,0.044121503829956055,0.08031105995178223,17,137795.76470588235,0.7647058823529411,3,6,4,0,4,0,0,0,0,0
1609480,1609965,worker,/pscratch/sd/s/satt/sprints/a_star_campaign/h5/h5_tr_210.py,0,0,0,0,3,0,0.0,5.7697296142578125e-05,0,,,0,0,0,0,0,0,0,0,0,0
1609480,1609965,worker,/pscratch/sd/s/satt/sprints/data/converted_10M/mc_normalized_rntuple_10M_30.h5,17,2342528,1,0,2,792754047,0.06251883506774902,0.0373377799987793,17,137795.76470588235,0.7647058823529411,3,6,4,0,4,0,0,0,0,0
1609480,1609966,worker,/pscratch/sd/s/satt/sprints/a_star_campaign/h5/h5_tr_210.py,0,0,0,0,3,0,0.0,6.222724914550781e-05,0,,,0,0,0,0,0,0,0,0,0,0
1609480,1609966,worker,/pscratch/sd/s/satt/sprints/data/converted_10M/mc_normalized_rntuple_10M_30.h5,19,3507568,1,0,2,792987055,0.05914711952209473,0.0620272159576416,19,184608.84210526315,0.6842105263157895,3,6,4,0,6,0,0,0,0,0
1609480,1609967,worker,/pscratch/sd/s/satt/sprints/a_star_campaign/h5/h5_tr_210.py,0,0,0,0,3,0,0.0,6.413459777832031e-05,0,,,0,0,0,0,0,0,0,0,0,0
1609480,1609967,worker,/pscratch/sd/s/satt/sprints/data/converted_10M/mc_normalized_rntuple_10M_30.h5,17,2342528,1,0,2,793103559,0.04223513603210449,0.06157040596008301,17,137795.76470588235,0.7647058823529411,3,6,4,0,4,0,0,0,0,0
1609480,1609968,worker,/pscratch/sd/s/satt/sprints/a_star_campaign/h5/h5_tr_210.py,0,0,0,0,3,0,0.0,5.626678466796875e-05,0,,,0,0,0,0,0,0,0,0,0,0
1609480,1609968,worker,/pscratch/sd/s/satt/sprints/data/converted_10M/mc_normalized_rntuple_10M_30.h5,19,3507568,1,0,2,793336567,0.052385807037353516,0.06097984313964844,19,184608.84210526315,0.6842105263157895,3,6,4,0,6,0,0,0,0,0
1609480,1609969,worker,/pscratch/sd/s/satt/sprints/a_star_campaign/h5/h5_tr_210.py,0,0,0,0,3,0,0.0,5.507469177246094e-05,0,,,0,0,0,0,0,0,0,0,0,0
1609480,1609969,worker,/pscratch/sd/s/satt/sprints/data/converted_10M/mc_normalized_rntuple_10M_30.h5,17,2342528,1,0,2,793453071,0.043154239654541016,0.07560563087463379,17,137795.76470588235,0.7647058823529411,3,6,4,0,4,0,0,0,0,0
1609480,1609970,worker,/pscratch/sd/s/satt/sprints/a_star_campaign/h5/h5_tr_210.py,0,0,0,0,3,0,0.0,5.6743621826171875e-05,0,,,0,0,0,0,0,0,0,0,0,0
1609480,1609970,worker,/pscratch/sd/s/satt/sprints/data/converted_10M/mc_normalized_rntuple_10M_30.h5,19,2347240,1,0,2,794387199,0.0434880256652832,0.07441210746765137,19,123538.94736842105,0.7894736842105263,3,6,6,0,4,0,0,0,0,0
1609480,1609971,worker,/pscratch/sd/s/satt/sprints/a_star_campaign/h5/h5_tr_210.py,0,0,0,0,3,0,0.0,5.698204040527344e-05,0,,,0,0,0,0,0,0,0,0,0,0
1609480,1609971,worker,/pscratch/sd/s/satt/sprints/data/converted_10M/mc_normalized_rntuple_10M_30.h5,19,3507568,1,0,2,794387199,0.0617222785949707,0.05919289588928223,19,184608.84210526315,0.6842105263157895,3,6,4,0,6,0,0,0,0,0
1609480,1609972,worker,/pscratch/sd/s/satt/sprints/a_star_campaign/h5/h5_tr_210.py,0,0,0,0,3,0,0.0,5.936622619628906e-05,0,,,0,0,0,0,0,0,0,0,0,0
1609480,1609972,worker,/pscratch/sd/s/satt/sprints/data/converted_10M/mc_normalized_rntuple_10M_30.h5,17,2342528,1,0,2,794387199,0.04306960105895996,0.03209805488586426,17,137795.76470588235,0.7647058823529411,3,6,4,0,4,0,0,0,0,0
1609480,1609973,worker,/pscratch/sd/s/satt/sprints/a_star_campaign/h5/h5_tr_210.py,0,0,0,0,3,0,0.0,6.031990051269531e-05,0,,,0,0,0,0,0,0,0,0,0,0
1609480,1609973,worker,/pscratch/sd/s/satt/sprints/data/converted_10M/mc_normalized_rntuple_10M_30.h5,17,2342528,1,0,2,794387199,0.06246471405029297,0.03188657760620117,17,137795.76470588235,0.7647058823529411,3,6,4,0,4,0,0,0,0,0
1609480,1609974,worker,/pscratch/sd/s/satt/sprints/a_star_campaign/h5/h5_tr_210.py,0,0,0,0,3,0,0.0,6.580352783203125e-05,0,,,0,0,0,0,0,0,0,0,0,0
1609480,1609974,worker,/pscratch/sd/s/satt/sprints/data/converted_10M/mc_normalized_rntuple_10M_30.h5,19,3507568,1,0,2,794387199,0.10505461692810059,0.004769325256347656,19,184608.84210526315,0.6842105263157895,3,6,4,0,6,0,0,0,0,0
1609480,1609975,worker,/pscratch/sd/s/satt/sprints/a_star_campaign/h5/h5_tr_210.py,0,0,0,0,3,0,0.0,5.9604644775390625e-05,0,,,0,0,0,0,0,0,0,0,0,0
1609480,1609975,worker,/pscratch/sd/s/satt/sprints/data/converted_10M/mc_normalized_rntuple_10M_30.h5,17,2342528,1,0,2,794387199,0.03366899490356445,0.06020760536193848,17,137795.76470588235,0.7647058823529411,3,6,4,0,4,0,0,0,0,0
1609480,1609976,worker,/pscratch/sd/s/satt/sprints/a_star_campaign/h5/h5_tr_210.py,0,0,0,0,3,0,0.0,5.650520324707031e-05,0,,,0,0,0,0,0,0,0,0,0,0
1609480,1609976,worker,/pscratch/sd/s/satt/sprints/data/converted_10M/mc_normalized_rntuple_10M_30.h5,17,2342528,1,0,2,794503703,0.06101512908935547,0.03252243995666504,17,137795.76470588235,0.7647058823529411,3,6,4,0,4,0,0,0,0,0
1609480,1609977,worker,/pscratch/sd/s/satt/sprints/a_star_campaign/h5/h5_tr_210.py,0,0,0,0,3,0,0.0,5.984306335449219e-05,0,,,0,0,0,0,0,0,0,0,0,0
1609480,1609977,worker,/pscratch/sd/s/satt/sprints/data/converted_10M/mc_normalized_rntuple_10M_30.h5,19,3507568,1,0,2,794736711,0.05680251121520996,0.05938291549682617,19,184608.84210526315,0.6842105263157895,3,6,4,0,6,0,0,0,0,0
1609480,1609978,worker,/pscratch/sd/s/satt/sprints/a_star_campaign/h5/h5_tr_210.py,0,0,0,0,3,0,0.0,6.008148193359375e-05,0,,,0,0,0,0,0,0,0,0,0,0
1609480,1609978,worker,/pscratch/sd/s/satt/sprints/data/converted_10M/mc_normalized_rntuple_10M_30.h5,17,2342528,1,0,2,794853215,0.03822207450866699,0.031473398208618164,17,137795.76470588235,0.7647058823529411,3,6,4,0,4,0,0,0,0,0
1609480,1609979,worker,/pscratch/sd/s/satt/sprints/a_star_campaign/h5/h5_tr_210.py,0,0,0,0,3,0,0.0,5.3882598876953125e-05,0,,,0,0,0,0,0,0,0,0,0,0
1609480,1609979,worker,/pscratch/sd/s/satt/sprints/data/converted_10M/mc_normalized_rntuple_10M_30.h5,17,2342528,1,0,2,794969719,0.05885148048400879,0.031062602996826172,17,137795.76470588235,0.7647058823529411,3,6,4,0,4,0,0,0,0,0
1609480,1609980,worker,/pscratch/sd/s/satt/sprints/a_star_campaign/h5/h5_tr_210.py,0,0,0,0,3,0,0.0,5.364418029785156e-05,0,,,0,0,0,0,0,0,0,0,0,0
1609480,1609980,worker,/pscratch/sd/s/satt/sprints/data/converted_10M/mc_normalized_rntuple_10M_30.h5,19,3507568,1,0,2,795202727,0.0758814811706543,0.03013896942138672,19,184608.84210526315,0.6842105263157895,3,6,4,0,6,0,0,0,0,0
1609480,1609981,worker,/pscratch/sd/s/satt/sprints/a_star_campaign/h5/h5_tr_210.py,0,0,0,0,3,0,0.0,5.8650970458984375e-05,0,,,0,0,0,0,0,0,0,0,0,0
1609480,1609981,worker,/pscratch/sd/s/satt/sprints/data/converted_10M/mc_normalized_rntuple_10M_30.h5,17,2342528,1,0,2,795319231,0.0549318790435791,0.05854153633117676,17,137795.76470588235,0.7647058823529411,3,6,4,0,4,0,0,0,0,0
1609480,1609982,worker,/pscratch/sd/s/satt/sprints/a_star_campaign/h5/h5_tr_210.py,0,0,0,0,3,0,0.0,5.435943603515625e-05,0,,,0,0,0,0,0,0,0,0,0,0
1609480,1609982,worker,/pscratch/sd/s/satt/sprints/data/converted_10M/mc_normalized_rntuple_10M_30.h5,17,2342528,1,0,2,795435735,0.04653644561767578,0.05893206596374512,17,137795.76470588235,0.7647058823529411,3,6,4,0,4,0,0,0,0,0
1609480,1609983,worker,/pscratch/sd/s/satt/sprints/a_star_campaign/h5/h5_tr_210.py,0,0,0,0,3,0,0.0,5.698204040527344e-05,0,,,0,0,0,0,0,0,0,0,0,0
1609480,1609983,worker,/pscratch/sd/s/satt/sprints/data/converted_10M/mc_normalized_rntuple_10M_30.h5,19,3507568,1,0,2,795668743,0.05090212821960449,0.05715751647949219,19,184608.84210526315,0.6842105263157895,3,6,4,0,6,0,0,0,0,0
1609480,1609984,worker,/pscratch/sd/s/satt/sprints/a_star_campaign/h5/h5_tr_210.py,0,0,0,0,3,0,0.0,5.817413330078125e-05,0,,,0,0,0,0,0,0,0,0,0,0
1609480,1609984,worker,/pscratch/sd/s/satt/sprints/data/converted_10M/mc_normalized_rntuple_10M_30.h5,17,2342528,1,0,2,795785247,0.03812885284423828,0.056768178939819336,17,137795.76470588235,0.7647058823529411,3,6,4,0,4,0,0,0,0,0
1609480,1609985,worker,/pscratch/sd/s/satt/sprints/a_star_campaign/h5/h5_tr_210.py,0,0,0,0,3,0,0.0,5.841255187988281e-05,0,,,0,0,0,0,0,0,0,0,0,0
1609480,1609985,worker,/pscratch/sd/s/satt/sprints/data/converted_10M/mc_normalized_rntuple_10M_30.h5,17,2342528,1,0,2,795901751,0.040795326232910156,0.056269168853759766,17,137795.76470588235,0.7647058823529411,3,6,4,0,4,0,0,0,0,0
1609480,1609986,worker,/pscratch/sd/s/satt/sprints/a_star_campaign/h5/h5_tr_210.py,0,0,0,0,3,0,0.0,5.650520324707031e-05,0,,,0,0,0,0,0,0,0,0,0,0
1609480,1609986,worker,/pscratch/sd/s/satt/sprints/data/converted_10M/mc_normalized_rntuple_10M_30.h5,19,3507568,1,0,2,796134759,0.07304525375366211,0.030237436294555664,19,184608.84210526315,0.6842105263157895,3,6,4,0,6,0,0,0,0,0
1609480,1609987,worker,/pscratch/sd/s/satt/sprints/a_star_campaign/h5/h5_tr_210.py,0,0,0,0,3,0,0.0,5.817413330078125e-05,0,,,0,0,0,0,0,0,0,0,0,0
1609480,1609987,worker,/pscratch/sd/s/satt/sprints/data/converted_10M/mc_normalized_rntuple_10M_30.h5,17,2342528,1,0,2,796251263,0.08374977111816406,0.003674745559692383,17,137795.76470588235,0.7647058823529411,3,6,4,0,4,0,0,0,0,0
1609480,1609988,worker,/pscratch/sd/s/satt/sprints/a_star_campaign/h5/h5_tr_210.py,0,0,0,0,3,0,0.0,6.198883056640625e-05,0,,,0,0,0,0,0,0,0,0,0,0
1609480,1609988,worker,/pscratch/sd/s/satt/sprints/data/converted_10M/mc_normalized_rntuple_10M_30.h5,17,2342528,1,0,2,796367767,0.08278512954711914,0.003968715667724609,17,137795.76470588235,0.7647058823529411,3,6,4,0,4,0,0,0,0,0
1609480,1609989,worker,/pscratch/sd/s/satt/sprints/a_star_campaign/h5/h5_tr_210.py,0,0,0,0,3,0,0.0,5.817413330078125e-05,0,,,0,0,0,0,0,0,0,0,0,0
1609480,1609989,worker,/pscratch/sd/s/satt/sprints/data/converted_10M/mc_normalized_rntuple_10M_30.h5,19,3507568,1,0,2,796600775,0.07121992111206055,0.03125405311584473,19,184608.84210526315,0.6842105263157895,3,6,4,0,6,0,0,0,0,0
1609480,1609990,worker,/pscratch/sd/s/satt/sprints/a_star_campaign/h5/h5_tr_210.py,0,0,0,0,3,0,0.0,5.435943603515625e-05,0,,,0,0,0,0,0,0,0,0,0,0
1609480,1609990,worker,/pscratch/sd/s/satt/sprints/data/converted_10M/mc_normalized_rntuple_10M_30.h5,17,2342528,1,0,2,796717279,0.04599714279174805,0.056607723236083984,17,137795.76470588235,0.7647058823529411,3,6,4,0,4,0,0,0,0,0
1609480,1609991,worker,/pscratch/sd/s/satt/sprints/a_star_campaign/h5/h5_tr_210.py,0,0,0,0,3,0,0.0,5.626678466796875e-05,0,,,0,0,0,0,0,0,0,0,0,0
1609480,1609991,worker,/pscratch/sd/s/satt/sprints/data/converted_10M/mc_normalized_rntuple_10M_30.h5,17,2342528,1,0,2,796833783,0.06388211250305176,0.030721187591552734,17,137795.76470588235,0.7647058823529411,3,6,4,0,4,0,0,0,0,0
1609480,1609992,worker,/pscratch/sd/s/satt/sprints/a_star_campaign/h5/h5_tr_210.py,0,0,0,0,3,0,0.0,5.841255187988281e-05,0,,,0,0,0,0,0,0,0,0,0,0
1609480,1609992,worker,/pscratch/sd/s/satt/sprints/data/converted_10M/mc_normalized_rntuple_10M_30.h5,19,3507568,1,0,2,797066791,0.07905960083007812,0.030114412307739258,19,184608.84210526315,0.6842105263157895,3,6,4,0,6,0,0,0,0,0
1609480,1609993,worker,/pscratch/sd/s/satt/sprints/a_star_campaign/h5/h5_tr_210.py,0,0,0,0,3,0,0.0,5.3882598876953125e-05,0,,,0,0,0,0,0,0,0,0,0,0
1609480,1609993,worker,/pscratch/sd/s/satt/sprints/data/converted_10M/mc_normalized_rntuple_10M_30.h5,17,2342528,1,0,2,797183295,0.04534006118774414,0.05562233924865723,17,137795.76470588235,0.7647058823529411,3,6,4,0,4,0,0,0,0,0
1609480,1609994,worker,/pscratch/sd/s/satt/sprints/a_star_campaign/h5/h5_tr_210.py,0,0,0,0,3,0,0.0,5.6743621826171875e-05,0,,,0,0,0,0,0,0,0,0,0,0
1609480,1609994,worker,/pscratch/sd/s/satt/sprints/data/converted_10M/mc_normalized_rntuple_10M_30.h5,17,2342528,1,0,2,797299799,0.04831123352050781,0.054979562759399414,17,137795.76470588235,0.7647058823529411,3,6,4,0,4,0,0,0,0,0
1609480,1609995,worker,/pscratch/sd/s/satt/sprints/a_star_campaign/h5/h5_tr_210.py,0,0,0,0,3,0,0.0,5.888938903808594e-05,0,,,0,0,0,0,0,0,0,0,0,0
1609480,1609995,worker,/pscratch/sd/s/satt/sprints/data/converted_10M/mc_normalized_rntuple_10M_30.h5,19,3507568,1,0,2,797532807,0.05466341972351074,0.05563497543334961,19,184608.84210526315,0.6842105263157895,3,6,4,0,6,0,0,0,0,0
1609480,1609996,worker,/pscratch/sd/s/satt/sprints/a_star_campaign/h5/h5_tr_210.py,0,0,0,0,3,0,0.0,5.817413330078125e-05,0,,,0,0,0,0,0,0,0,0,0,0
1609480,1609996,worker,/pscratch/sd/s/satt/sprints/data/converted_10M/mc_normalized_rntuple_10M_30.h5,17,2342528,1,0,2,797649311,0.039734840393066406,0.029844284057617188,17,137795.76470588235,0.7647058823529411,3,6,4,0,4,0,0,0,0,0
1609480,1609997,worker,/pscratch/sd/s/satt/sprints/a_star_campaign/h5/h5_tr_210.py,0,0,0,0,3,0,0.0,6.270408630371094e-05,0,,,0,0,0,0,0,0,0,0,0,0
1609480,1609997,worker,/pscratch/sd/s/satt/sprints/data/converted_10M/mc_normalized_rntuple_10M_30.h5,17,2342528,1,0,2,797765815,0.05602407455444336,0.030292272567749023,17,137795.76470588235,0.7647058823529411,3,6,4,0,4,0,0,0,0,0
1609480,1609998,worker,/pscratch/sd/s/satt/sprints/a_star_campaign/h5/h5_tr_210.py,0,0,0,0,3,0,0.0,5.555152893066406e-05,0,,,0,0,0,0,0,0,0,0,0,0
1609480,1609998,worker,/pscratch/sd/s/satt/sprints/data/converted_10M/mc_normalized_rntuple_10M_30.h5,19,3507568,1,0,2,797998823,0.07782602310180664,0.029593229293823242,19,184608.84210526315,0.6842105263157895,3,6,4,0,6,0,0,0,0,0
1609480,1609999,worker,/pscratch/sd/s/satt/sprints/a_star_campaign/h5/h5_tr_210.py,0,0,0,0,3,0,0.0,5.340576171875e-05,0,,,0,0,0,0,0,0,0,0,0,0
1609480,1609999,worker,/pscratch/sd/s/satt/sprints/data/converted_10M/mc_normalized_rntuple_10M_30.h5,17,2342528,1,0,2,798115327,0.03982710838317871,0.06586408615112305,17,137795.76470588235,0.7647058823529411,3,6,4,0,4,0,0,0,0,0
1609480,1610000,worker,/pscratch/sd/s/satt/sprints/a_star_campaign/h5/h5_tr_210.py,0,0,0,0,3,0,0.0,5.7220458984375e-05,0,,,0,0,0,0,0,0,0,0,0,0
1609480,1610000,worker,/pscratch/sd/s/satt/sprints/data/converted_10M/mc_normalized_rntuple_10M_30.h5,17,2342528,1,0,2,798231831,0.0727376937866211,0.02953195571899414,17,137795.76470588235,0.7647058823529411,3,6,4,0,4,0,0,0,0,0
1609480,1610001,worker,/pscratch/sd/s/satt/sprints/a_star_campaign/h5/h5_tr_210.py,0,0,0,0,3,0,0.0,6.4849853515625e-05,0,,,0,0,0,0,0,0,0,0,0,0
1609480,1610001,worker,/pscratch/sd/s/satt/sprints/data/converted_10M/mc_normalized_rntuple_10M_30.h5,19,3507568,1,0,2,798464839,0.04374384880065918,0.06570792198181152,19,184608.84210526315,0.6842105263157895,3,6,4,0,6,0,0,0,0,0
1609480,1610002,worker,/pscratch/sd/s/satt/sprints/a_star_campaign/h5/h5_tr_210.py,0,0,0,0,3,0,0.0,6.365776062011719e-05,0,,,0,0,0,0,0,0,0,0,0,0
1609480,1610002,worker,/pscratch/sd/s/satt/sprints/data/converted_10M/mc_normalized_rntuple_10M_30.h5,17,2342528,1,0,2,798581343,0.045004844665527344,0.05441570281982422,17,137795.76470588235,0.7647058823529411,3,6,4,0,4,0,0,0,0,0
1609480,1610003,worker,/pscratch/sd/s/satt/sprints/a_star_campaign/h5/h5_tr_210.py,0,0,0,0,3,0,0.0,5.91278076171875e-05,0,,,0,0,0,0,0,0,0,0,0,0
1609480,1610003,worker,/pscratch/sd/s/satt/sprints/data/converted_10M/mc_normalized_rntuple_10M_30.h5,17,2342528,1,0,2,798697847,0.03596234321594238,0.06431698799133301,17,137795.76470588235,0.7647058823529411,3,6,4,0,4,0,0,0,0,0
1609480,1610004,worker,/pscratch/sd/s/satt/sprints/a_star_campaign/h5/h5_tr_210.py,0,0,0,0,3,0,0.0,5.650520324707031e-05,0,,,0,0,0,0,0,0,0,0,0,0
1609480,1610004,worker,/pscratch/sd/s/satt/sprints/data/converted_10M/mc_normalized_rntuple_10M_30.h5,19,3507568,1,0,2,798930855,0.04371786117553711,0.06361222267150879,19,184608.84210526315,0.6842105263157895,3,6,4,0,6,0,0,0,0,0
1609480,1610005,worker,/pscratch/sd/s/satt/sprints/a_star_campaign/h5/h5_tr_210.py,0,0,0,0,3,0,0.0,6.747245788574219e-05,0,,,0,0,0,0,0,0,0,0,0,0
1609480,1610005,worker,/pscratch/sd/s/satt/sprints/data/converted_10M/mc_normalized_rntuple_10M_30.h5,17,2342528,1,0,2,799047359,0.06841349601745605,0.03213953971862793,17,137795.76470588235,0.7647058823529411,3,6,4,0,4,0,0,0,0,0
1609480,1610006,worker,/pscratch/sd/s/satt/sprints/a_star_campaign/h5/h5_tr_210.py,0,0,0,0,3,0,0.0,5.5789947509765625e-05,0,,,0,0,0,0,0,0,0,0,0,0
1609480,1610006,worker,/pscratch/sd/s/satt/sprints/data/converted_10M/mc_normalized_rntuple_10M_30.h5,17,2342528,1,0,2,799163863,0.04557919502258301,0.056008100509643555,17,137795.76470588235,0.7647058823529411,3,6,4,0,4,0,0,0,0,0
1609480,1610007,worker,/pscratch/sd/s/satt/sprints/a_star_campaign/h5/h5_tr_210.py,0,0,0,0,3,0,0.0,5.602836608886719e-05,0,,,0,0,0,0,0,0,0,0,0,0
1609480,1610007,worker,/pscratch/sd/s/satt/sprints/data/converted_10M/mc_normalized_rntuple_10M_30.h5,19,3507568,1,0,2,799396871,0.052613019943237305,0.05387735366821289,19,184608.84210526315,0.6842105263157895,3,6,4,0,6,0,0,0,0,0
1609480,1610008,worker,/pscratch/sd/s/satt/sprints/a_star_campaign/h5/h5_tr_210.py,0,0,0,0,3,0,0.0,6.461143493652344e-05,0,,,0,0,0,0,0,0,0,0,0,0
1609480,1610008,worker,/pscratch/sd/s/satt/sprints/data/converted_10M/mc_normalized_rntuple_10M_30.h5,17,2342528,1,0,2,799513375,0.044035911560058594,0.053723812103271484,17,137795.76470588235,0.7647058823529411,3,6,4,0,4,0,0,0,0,0
1609480,1610009,worker,/pscratch/sd/s/satt/sprints/a_star_campaign/h5/h5_tr_210.py,0,0,0,0,3,0,0.0,5.7697296142578125e-05,0,,,0,0,0,0,0,0,0,0,0,0
1609480,1610009,worker,/pscratch/sd/s/satt/sprints/data/converted_10M/mc_normalized_rntuple_10M_30.h5,17,2342528,1,0,2,799629879,0.035349130630493164,0.06427574157714844,17,137795.76470588235,0.7647058823529411,3,6,4,0,4,0,0,0,0,0
1609480,1610010,worker,/pscratch/sd/s/satt/sprints/a_star_campaign/h5/h5_tr_210.py,0,0,0,0,3,0,0.0,6.008148193359375e-05,0,,,0,0,0,0,0,0,0,0,0,0
1609480,1610010,worker,/pscratch/sd/s/satt/sprints/data/converted_10M/mc_normalized_rntuple_10M_30.h5,19,3507568,1,0,2,799862887,0.04165244102478027,0.0640106201171875,19,184608.84210526315,0.6842105263157895,3,6,4,0,6,0,0,0,0,0
1609480,1610011,worker,/pscratch/sd/s/satt/sprints/a_star_campaign/h5/h5_tr_210.py,0,0,0,0,3,0,0.0,6.151199340820312e-05,0,,,0,0,0,0,0,0,0,0,0,0
1609480,1610011,worker,/pscratch/sd/s/satt/sprints/data/converted_10M/mc_normalized_rntuple_10M_30.h5,17,2342528,1,0,2,799979391,0.0398714542388916,0.06402301788330078,17,137795.76470588235,0.7647058823529411,3,6,4,0,4,0,0,0,0,0
1609480,1610012,worker,/pscratch/sd/s/satt/sprints/a_star_campaign/h5/h5_tr_210.py,0,0,0,0,3,0,0.0,6.461143493652344e-05,0,,,0,0,0,0,0,0,0,0,0,0
1609480,1610012,worker,/pscratch/sd/s/satt/sprints/data/converted_10M/mc_normalized_rntuple_10M_30.h5,19,3507568,1,0,2,800212399,0.07422733306884766,0.030024290084838867,19,184608.84210526315,0.6842105263157895,3,6,4,0,6,0,0,0,0,0
1609480,1610013,worker,/pscratch/sd/s/satt/sprints/a_star_campaign/h5/h5_tr_210.py,0,0,0,0,3,0,0.0,8.749961853027344e-05,0,,,0,0,0,0,0,0,0,0,0,0
1609480,1610013,worker,/pscratch/sd/s/satt/sprints/data/converted_10M/mc_normalized_rntuple_10M_30.h5,17,2342528,1,0,2,800328903,0.03935980796813965,0.06397271156311035,17,137795.76470588235,0.7647058823529411,3,6,4,0,4,0,0,0,0,0
1609480,1610014,worker,/pscratch/sd/s/satt/sprints/a_star_campaign/h5/h5_tr_210.py,0,0,0,0,3,0,0.0,7.081031799316406e-05,0,,,0,0,0,0,0,0,0,0,0,0
1609480,1610014,worker,/pscratch/sd/s/satt/sprints/data/converted_10M/mc_normalized_rntuple_10M_30.h5,17,2342528,1,0,2,800445407,0.06120038032531738,0.03331637382507324,17,137795.76470588235,0.7647058823529411,3,6,4,0,4,0,0,0,0,0
