run_id,pid,role,run_time,any_partial,fmt,script,script_variant,strategy,model,workers,epochs,batch,data_path,batches_in_memory,block_rows,prefetch_factor,log_every,seed,device,tree_name,target_col,torch_num_threads,torch_interop_threads,shuffle,persistent_workers,reads,bytes_read,opens,seeks,stats,read_time,meta_time,hist_total,mean_read_size,frac_reads_lt_10k,0_100,100_1K,1K_10K,10K_100K,100K_1M,1M_4M,4M_10M,10M_100M,100M_1G,1G_PLUS,n_files
1609480,1609480,parent,330.99103832244873,False,hdf5,h5_tr_210.py,210,stream,M2,512,1,64,/pscratch/sd/s/satt/sprints/data/converted_10M/mc_normalized_rntuple_10M_30.h5,,auto,,5000,,,,,,,false,true,27,210015,7,13,23,0.0015459060668945312,0.0020220279693603516,27,7778.333333333333,0.8148148148148148,11,11,0,4,1,0,0,0,0,0,2
1609480,1609503,worker,322.59257411956787,False,hdf5,h5_tr_210.py,210,stream,M2,512,1,64,/pscratch/sd/s/satt/sprints/data/converted_10M/mc_normalized_rntuple_10M_30.h5,,auto,,5000,,,,,,,false,true,17,2342528,1,0,5,0.00855112075805664,0.00014162063598632812,17,137795.76470588235,0.7647058823529411,3,6,4,0,4,0,0,0,0,0,2
1609480,1609504,worker,322.6186668872833,False,hdf5,h5_tr_210.py,210,stream,M2,512,1,64,/pscratch/sd/s/satt/sprints/data/converted_10M/mc_normalized_rntuple_10M_30.h5,,auto,,5000,,,,,,,false,true,17,2342528,1,0,5,0.010238409042358398,0.00015044212341308594,17,137795.76470588235,0.7647058823529411,3,6,4,0,4,0,0,0,0,0,2
1609480,1609505,worker,322.58039355278015,False,hdf5,h5_tr_210.py,210,stream,M2,512,1,64,/pscratch/sd/s/satt/sprints/data/converted_10M/mc_normalized_rntuple_10M_30.h5,,auto,,5000,,,,,,,false,true,19,3507568,1,0,5,0.013895273208618164,0.0001544952392578125,19,184608.84210526315,0.6842105263157895,3,6,4,0,6,0,0,0,0,0,2
1609480,1609506,worker,322.57768082618713,False,hdf5,h5_tr_210.py,210,stream,M2,512,1,64,/pscratch/sd/s/satt/sprints/data/converted_10M/mc_normalized_rntuple_10M_30.h5,,auto,,5000,,,,,,,false,true,17,2342528,1,0,5,0.007717609405517578,0.00013828277587890625,17,137795.76470588235,0.7647058823529411,3,6,4,0,4,0,0,0,0,0,2
1609480,1609507,worker,322.5741403102875,False,hdf5,h5_tr_210.py,210,stream,M2,512,1,64,/pscratch/sd/s/satt/sprints/data/converted_10M/mc_normalized_rntuple_10M_30.h5,,auto,,5000,,,,,,,false,true,17,2342528,1,0,5,0.008561134338378906,0.0001418590545654297,17,137795.76470588235,0.7647058823529411,3,6,4,0,4,0,0,0,0,0,2
1609480,1609508,worker,322.5678160190582,False,hdf5,h5_tr_210.py,210,stream,M2,512,1,64,/pscratch/sd/s/satt/sprints/data/converted_10M/mc_normalized_rntuple_10M_30.h5,,auto,,5000,,,,,,,false,true,19,3507568,1,0,5,0.01135110855102539,0.0001456737518310547,19,184608.84210526315,0.6842105263157895,3,6,4,0,6,0,0,0,0,0,2
1609480,1609509,worker,322.5612094402313,False,hdf5,h5_tr_210.py,210,stream,M2,512,1,64,/pscratch/sd/s/satt/sprints/data/converted_10M/mc_normalized_rntuple_10M_30.h5,,auto,,5000,,,,,,,false,true,17,2342528,1,0,5,0.010715007781982422,0.00013399124145507812,17,137795.76470588235,0.7647058823529411,3,6,4,0,4,0,0,0,0,0,2
1609480,1609510,worker,322.56216859817505,False,hdf5,h5_tr_210.py,210,stream,M2,512,1,64,/pscratch/sd/s/satt/sprints/data/converted_10M/mc_normalized_rntuple_10M_30.h5,,auto,,5000,,,,,,,false,true,17,2342528,1,0,5,0.006918191909790039,0.00014352798461914062,17,137795.76470588235,0.7647058823529411,3,6,4,0,4,0,0,0,0,0,2
1609480,1609511,worker,322.5487895011902,False,hdf5,h5_tr_210.py,210,stream,M2,512,1,64,/pscratch/sd/s/satt/sprints/data/converted_10M/mc_normalized_rntuple_10M_30.h5,,auto,,5000,,,,,,,false,true,19,3507568,1,0,5,0.012759923934936523,0.00014543533325195312,19,184608.84210526315,0.6842105263157895,3,6,4,0,6,0,0,0,0,0,2
1609480,1609512,worker,322.5465362071991,False,hdf5,h5_tr_210.py,210,stream,M2,512,1,64,/pscratch/sd/s/satt/sprints/data/converted_10M/mc_normalized_rntuple_10M_30.h5,,auto,,5000,,,,,,,false,true,17,2342528,1,0,5,0.008546829223632812,0.00015592575073242188,17,137795.76470588235,0.7647058823529411,3,6,4,0,4,0,0,0,0,0,2
1609480,1609513,worker,322.53884291648865,False,hdf5,h5_tr_210.py,210,stream,M2,512,1,64,/pscratch/sd/s/satt/sprints/data/converted_10M/mc_normalized_rntuple_10M_30.h5,,auto,,5000,,,,,,,false,true,17,2342528,1,0,5,0.006879568099975586,0.00016450881958007812,17,137795.76470588235,0.7647058823529411,3,6,4,0,4,0,0,0,0,0,2
1609480,1609514,worker,322.540940284729,False,hdf5,h5_tr_210.py,210,stream,M2,512,1,64,/pscratch/sd/s/satt/sprints/data/converted_10M/mc_normalized_rntuple_10M_30.h5,,auto,,5000,,,,,,,false,true,19,3507568,1,0,5,0.013944149017333984,0.00015664100646972656,19,184608.84210526315,0.6842105263157895,3,6,4,0,6,0,0,0,0,0,2
1609480,1609515,worker,322.52518248558044,False,hdf5,h5_tr_210.py,210,stream,M2,512,1,64,/pscratch/sd/s/satt/sprints/data/converted_10M/mc_normalized_rntuple_10M_30.h5,,auto,,5000,,,,,,,false,true,17,2342528,1,0,5,0.012138843536376953,0.00015401840209960938,17,137795.76470588235,0.7647058823529411,3,6,4,0,4,0,0,0,0,0,2
1609480,1609516,worker,322.5206983089447,False,hdf5,h5_tr_210.py,210,stream,M2,512,1,64,/pscratch/sd/s/satt/sprints/data/converted_10M/mc_normalized_rntuple_10M_30.h5,,auto,,5000,,,,,,,false,true,17,2342528,1,0,5,0.010214090347290039,0.000194549560546875,17,137795.76470588235,0.7647058823529411,3,6,4,0,4,0,0,0,0,0,2
1609480,1609517,worker,322.51651525497437,False,hdf5,h5_tr_210.py,210,stream,M2,512,1,64,/pscratch/sd/s/satt/sprints/data/converted_10M/mc_normalized_rntuple_10M_30.h5,,auto,,5000,,,,,,,false,true,19,3507568,1,0,5,0.011444330215454102,0.00014543533325195312,19,184608.84210526315,0.6842105263157895,3,6,4,0,6,0,0,0,0,0,2
1609480,1609518,worker,322.5224483013153,False,hdf5,h5_tr_210.py,210,stream,M2,512,1,64,/pscratch/sd/s/satt/sprints/data/converted_10M/mc_normalized_rntuple_10M_30.h5,,auto,,5000,,,,,,,false,true,17,2342528,1,0,5,0.010837316513061523,0.00014090538024902344,17,137795.76470588235,0.7647058823529411,3,6,4,0,4,0,0,0,0,0,2
1609480,1609519,worker,322.50333642959595,False,hdf5,h5_tr_210.py,210,stream,M2,512,1,64,/pscratch/sd/s/satt/sprints/data/converted_10M/mc_normalized_rntuple_10M_30.h5,,auto,,5000,,,,,,,false,true,17,2342528,1,0,5,0.011723518371582031,0.00017499923706054688,17,137795.76470588235,0.7647058823529411,3,6,4,0,4,0,0,0,0,0,2
1609480,1609520,worker,322.50162959098816,False,hdf5,h5_tr_210.py,210,stream,M2,512,1,64,/pscratch/sd/s/satt/sprints/data/converted_10M/mc_normalized_rntuple_10M_30.h5,,auto,,5000,,,,,,,false,true,19,3507568,1,0,5,0.012822866439819336,0.00016689300537109375,19,184608.84210526315,0.6842105263157895,3,6,4,0,6,0,0,0,0,0,2
1609480,1609521,worker,322.4929738044739,False,hdf5,h5_tr_210.py,210,stream,M2,512,1,64,/pscratch/sd/s/satt/sprints/data/converted_10M/mc_normalized_rntuple_10M_30.h5,,auto,,5000,,,,,,,false,true,17,2342528,1,0,5,0.010602474212646484,0.00017499923706054688,17,137795.76470588235,0.7647058823529411,3,6,4,0,4,0,0,0,0,0,2
1609480,1609522,worker,322.4870617389679,False,hdf5,h5_tr_210.py,210,stream,M2,512,1,64,/pscratch/sd/s/satt/sprints/data/converted_10M/mc_normalized_rntuple_10M_30.h5,,auto,,5000,,,,,,,false,true,17,2342528,1,0,5,0.009175539016723633,0.00013399124145507812,17,137795.76470588235,0.7647058823529411,3,6,4,0,4,0,0,0,0,0,2
1609480,1609523,worker,322.4889757633209,False,hdf5,h5_tr_210.py,210,stream,M2,512,1,64,/pscratch/sd/s/satt/sprints/data/converted_10M/mc_normalized_rntuple_10M_30.h5,,auto,,5000,,,,,,,false,true,19,3507568,1,0,5,0.010516166687011719,0.00013375282287597656,19,184608.84210526315,0.6842105263157895,3,6,4,0,6,0,0,0,0,0,2
1609480,1609524,worker,322.47877860069275,False,hdf5,h5_tr_210.py,210,stream,M2,512,1,64,/pscratch/sd/s/satt/sprints/data/converted_10M/mc_normalized_rntuple_10M_30.h5,,auto,,5000,,,,,,,false,true,17,2342528,1,0,5,0.01051473617553711,0.00014638900756835938,17,137795.76470588235,0.7647058823529411,3,6,4,0,4,0,0,0,0,0,2
1609480,1609525,worker,322.47065258026123,False,hdf5,h5_tr_210.py,210,stream,M2,512,1,64,/pscratch/sd/s/satt/sprints/data/converted_10M/mc_normalized_rntuple_10M_30.h5,,auto,,5000,,,,,,,false,true,17,2342528,1,0,5,0.012009382247924805,0.00015354156494140625,17,137795.76470588235,0.7647058823529411,3,6,4,0,4,0,0,0,0,0,2
1609480,1609526,worker,322.49357557296753,False,hdf5,h5_tr_210.py,210,stream,M2,512,1,64,/pscratch/sd/s/satt/sprints/data/converted_10M/mc_normalized_rntuple_10M_30.h5,,auto,,5000,,,,,,,false,true,19,3507568,1,0,5,0.006303310394287109,0.0002772808074951172,19,184608.84210526315,0.6842105263157895,3,6,4,0,6,0,0,0,0,0,2
1609480,1609527,worker,322.4521291255951,False,hdf5,h5_tr_210.py,210,stream,M2,512,1,64,/pscratch/sd/s/satt/sprints/data/converted_10M/mc_normalized_rntuple_10M_30.h5,,auto,,5000,,,,,,,false,true,17,2342528,1,0,5,0.005968570709228516,0.00020003318786621094,17,137795.76470588235,0.7647058823529411,3,6,4,0,4,0,0,0,0,0,2
1609480,1609528,worker,322.45102047920227,False,hdf5,h5_tr_210.py,210,stream,M2,512,1,64,/pscratch/sd/s/satt/sprints/data/converted_10M/mc_normalized_rntuple_10M_30.h5,,auto,,5000,,,,,,,false,true,17,2342528,1,0,5,0.009312152862548828,0.0001742839813232422,17,137795.76470588235,0.7647058823529411,3,6,4,0,4,0,0,0,0,0,2
1609480,1609529,worker,322.44120049476624,False,hdf5,h5_tr_210.py,210,stream,M2,512,1,64,/pscratch/sd/s/satt/sprints/data/converted_10M/mc_normalized_rntuple_10M_30.h5,,auto,,5000,,,,,,,false,true,19,3507568,1,0,5,0.006417512893676758,0.00018858909606933594,19,184608.84210526315,0.6842105263157895,3,6,4,0,6,0,0,0,0,0,2
1609480,1609530,worker,322.44478702545166,False,hdf5,h5_tr_210.py,210,stream,M2,512,1,64,/pscratch/sd/s/satt/sprints/data/converted_10M/mc_normalized_rntuple_10M_30.h5,,auto,,5000,,,,,,,false,true,17,2342528,1,0,5,0.005962848663330078,0.00024890899658203125,17,137795.76470588235,0.7647058823529411,3,6,4,0,4,0,0,0,0,0,2
1609480,1609531,worker,322.4311361312866,False,hdf5,h5_tr_210.py,210,stream,M2,512,1,64,/pscratch/sd/s/satt/sprints/data/converted_10M/mc_normalized_rntuple_10M_30.h5,,auto,,5000,,,,,,,false,true,17,2342528,1,0,5,0.005046844482421875,0.0002605915069580078,17,137795.76470588235,0.7647058823529411,3,6,4,0,4,0,0,0,0,0,2
1609480,1609532,worker,322.426860332489,False,hdf5,h5_tr_210.py,210,stream,M2,512,1,64,/pscratch/sd/s/satt/sprints/data/converted_10M/mc_normalized_rntuple_10M_30.h5,,auto,,5000,,,,,,,false,true,19,3507568,1,0,5,0.007372379302978516,0.0003185272216796875,19,184608.84210526315,0.6842105263157895,3,6,4,0,6,0,0,0,0,0,2
1609480,1609533,worker,322.4189884662628,False,hdf5,h5_tr_210.py,210,stream,M2,512,1,64,/pscratch/sd/s/satt/sprints/data/converted_10M/mc_normalized_rntuple_10M_30.h5,,auto,,5000,,,,,,,false,true,17,2342528,1,0,5,0.03342795372009277,0.0001552104949951172,17,137795.76470588235,0.7647058823529411,3,6,4,0,4,0,0,0,0,0,2
1609480,1609534,worker,322.4130690097809,False,hdf5,h5_tr_210.py,210,stream,M2,512,1,64,/pscratch/sd/s/satt/sprints/data/converted_10M/mc_normalized_rntuple_10M_30.h5,,auto,,5000,,,,,,,false,true,17,2342528,1,0,5,0.016754627227783203,0.00017070770263671875,17,137795.76470588235,0.7647058823529411,3,6,4,0,4,0,0,0,0,0,2
1609480,1609535,worker,322.4163291454315,False,hdf5,h5_tr_210.py,210,stream,M2,512,1,64,/pscratch/sd/s/satt/sprints/data/converted_10M/mc_normalized_rntuple_10M_30.h5,,auto,,5000,,,,,,,false,true,19,3507568,1,0,5,0.0077588558197021484,0.00021839141845703125,19,184608.84210526315,0.6842105263157895,3,6,4,0,6,0,0,0,0,0,2
1609480,1609536,worker,322.4055275917053,False,hdf5,h5_tr_210.py,210,stream,M2,512,1,64,/pscratch/sd/s/satt/sprints/data/converted_10M/mc_normalized_rntuple_10M_30.h5,,auto,,5000,,,,,,,false,true,17,2342528,1,0,5,0.011810541152954102,0.00015974044799804688,17,137795.76470588235,0.7647058823529411,3,6,4,0,4,0,0,0,0,0,2
1609480,1609537,worker,322.39654517173767,False,hdf5,h5_tr_210.py,210,stream,M2,512,1,64,/pscratch/sd/s/satt/sprints/data/converted_10M/mc_normalized_rntuple_10M_30.h5,,auto,,5000,,,,,,,false,true,17,2342528,1,0,5,0.0025887489318847656,0.0001647472381591797,17,137795.76470588235,0.7647058823529411,3,6,4,0,4,0,0,0,0,0,2
1609480,1609538,worker,322.39074659347534,False,hdf5,h5_tr_210.py,210,stream,M2,512,1,64,/pscratch/sd/s/satt/sprints/data/converted_10M/mc_normalized_rntuple_10M_30.h5,,auto,,5000,,,,,,,false,true,19,3507568,1,0,5,0.008961915969848633,0.000156402587890625,19,184608.84210526315,0.6842105263157895,3,6,4,0,6,0,0,0,0,0,2
1609480,1609539,worker,322.3913586139679,False,hdf5,h5_tr_210.py,210,stream,M2,512,1,64,/pscratch/sd/s/satt/sprints/data/converted_10M/mc_normalized_rntuple_10M_30.h5,,auto,,5000,,,,,,,false,true,17,2342528,1,0,5,0.012029647827148438,0.00021386146545410156,17,137795.76470588235,0.7647058823529411,3,6,4,0,4,0,0,0,0,0,2
1609480,1609540,worker,322.38004541397095,False,hdf5,h5_tr_210.py,210,stream,M2,512,1,64,/pscratch/sd/s/satt/sprints/data/converted_10M/mc_normalized_rntuple_10M_30.h5,,auto,,5000,,,,,,,false,true,17,2342528,1,0,5,0.004212856292724609,0.00017189979553222656,17,137795.76470588235,0.7647058823529411,3,6,4,0,4,0,0,0,0,0,2
1609480,1609541,worker,322.37362456321716,False,hdf5,h5_tr_210.py,210,stream,M2,512,1,64,/pscratch/sd/s/satt/sprints/data/converted_10M/mc_normalized_rntuple_10M_30.h5,,auto,,5000,,,,,,,false,true,19,3507568,1,0,5,0.02446436882019043,0.00016260147094726562,19,184608.84210526315,0.6842105263157895,3,6,4,0,6,0,0,0,0,0,2
1609480,1609542,worker,322.36893224716187,False,hdf5,h5_tr_210.py,210,stream,M2,512,1,64,/pscratch/sd/s/satt/sprints/data/converted_10M/mc_normalized_rntuple_10M_30.h5,,auto,,5000,,,,,,,false,true,17,2342528,1,0,5,0.01638340950012207,0.00014472007751464844,17,137795.76470588235,0.7647058823529411,3,6,4,0,4,0,0,0,0,0,2
1609480,1609543,worker,322.36701488494873,False,hdf5,h5_tr_210.py,210,stream,M2,512,1,64,/pscratch/sd/s/satt/sprints/data/converted_10M/mc_normalized_rntuple_10M_30.h5,,auto,,5000,,,,,,,false,true,17,2342528,1,0,5,0.01715874671936035,0.00019431114196777344,17,137795.76470588235,0.7647058823529411,3,6,4,0,4,0,0,0,0,0,2
1609480,1609544,worker,322.3656404018402,False,hdf5,h5_tr_210.py,210,stream,M2,512,1,64,/pscratch/sd/s/satt/sprints/data/converted_10M/mc_normalized_rntuple_10M_30.h5,,auto,,5000,,,,,,,false,true,19,3507568,1,0,5,0.061084747314453125,0.0001633167266845703,19,184608.84210526315,0.6842105263157895,3,6,4,0,6,0,0,0,0,0,2
1609480,1609545,worker,322.35084891319275,False,hdf5,h5_tr_210.py,210,stream,M2,512,1,64,/pscratch/sd/s/satt/sprints/data/converted_10M/mc_normalized_rntuple_10M_30.h5,,auto,,5000,,,,,,,false,true,19,2347240,1,0,5,0.019798994064331055,0.000156402587890625,19,123538.94736842105,0.7894736842105263,3,6,6,0,4,0,0,0,0,0,2
1609480,1609546,worker,322.3458459377289,False,hdf5,h5_tr_210.py,210,stream,M2,512,1,64,/pscratch/sd/s/satt/sprints/data/converted_10M/mc_normalized_rntuple_10M_30.h5,,auto,,5000,,,,,,,false,true,19,3507568,1,0,5,0.032294511795043945,0.0001780986785888672,19,184608.84210526315,0.6842105263157895,3,6,4,0,6,0,0,0,0,0,2
1609480,1609547,worker,322.35401678085327,False,hdf5,h5_tr_210.py,210,stream,M2,512,1,64,/pscratch/sd/s/satt/sprints/data/converted_10M/mc_normalized_rntuple_10M_30.h5,,auto,,5000,,,,,,,false,true,17,2342528,1,0,5,0.03546881675720215,0.00016188621520996094,17,137795.76470588235,0.7647058823529411,3,6,4,0,4,0,0,0,0,0,2
1609480,1609548,worker,322.33728218078613,False,hdf5,h5_tr_210.py,210,stream,M2,512,1,64,/pscratch/sd/s/satt/sprints/data/converted_10M/mc_normalized_rntuple_10M_30.h5,,auto,,5000,,,,,,,false,true,17,2342528,1,0,5,0.021438121795654297,0.00016736984252929688,17,137795.76470588235,0.7647058823529411,3,6,4,0,4,0,0,0,0,0,2
1609480,1609549,worker,322.32798647880554,False,hdf5,h5_tr_210.py,210,stream,M2,512,1,64,/pscratch/sd/s/satt/sprints/data/converted_10M/mc_normalized_rntuple_10M_30.h5,,auto,,5000,,,,,,,false,true,19,3507568,1,0,5,0.05977916717529297,0.0001575946807861328,19,184608.84210526315,0.6842105263157895,3,6,4,0,6,0,0,0,0,0,2
1609480,1609550,worker,322.32688307762146,False,hdf5,h5_tr_210.py,210,stream,M2,512,1,64,/pscratch/sd/s/satt/sprints/data/converted_10M/mc_normalized_rntuple_10M_30.h5,,auto,,5000,,,,,,,false,true,17,2342528,1,0,5,0.020185232162475586,0.00017714500427246094,17,137795.76470588235,0.7647058823529411,3,6,4,0,4,0,0,0,0,0,2
1609480,1609551,worker,322.31787300109863,False,hdf5,h5_tr_210.py,210,stream,M2,512,1,64,/pscratch/sd/s/satt/sprints/data/converted_10M/mc_normalized_rntuple_10M_30.h5,,auto,,5000,,,,,,,false,true,17,2342528,1,0,5,0.01451730728149414,0.00015664100646972656,17,137795.76470588235,0.7647058823529411,3,6,4,0,4,0,0,0,0,0,2
1609480,1609552,worker,322.3109345436096,False,hdf5,h5_tr_210.py,210,stream,M2,512,1,64,/pscratch/sd/s/satt/sprints/data/converted_10M/mc_normalized_rntuple_10M_30.h5,,auto,,5000,,,,,,,false,true,19,3507568,1,0,5,0.06282615661621094,0.00018477439880371094,19,184608.84210526315,0.6842105263157895,3,6,4,0,6,0,0,0,0,0,2
1609480,1609553,worker,322.3248097896576,False,hdf5,h5_tr_210.py,210,stream,M2,512,1,64,/pscratch/sd/s/satt/sprints/data/converted_10M/mc_normalized_rntuple_10M_30.h5,,auto,,5000,,,,,,,false,true,17,2342528,1,0,5,0.021659374237060547,0.00016427040100097656,17,137795.76470588235,0.7647058823529411,3,6,4,0,4,0,0,0,0,0,2
1609480,1609554,worker,322.3012762069702,False,hdf5,h5_tr_210.py,210,stream,M2,512,1,64,/pscratch/sd/s/satt/sprints/data/converted_10M/mc_normalized_rntuple_10M_30.h5,,auto,,5000,,,,,,,false,true,17,2342528,1,0,5,0.01688218116760254,0.0001442432403564453,17,137795.76470588235,0.7647058823529411,3,6,4,0,4,0,0,0,0,0,2
1609480,1609555,worker,322.2980201244354,False,hdf5,h5_tr_210.py,210,stream,M2,512,1,64,/pscratch/sd/s/satt/sprints/data/converted_10M/mc_normalized_rntuple_10M_30.h5,,auto,,5000,,,,,,,false,true,19,3507568,1,0,5,0.05749082565307617,0.00014925003051757812,19,184608.84210526315,0.6842105263157895,3,6,4,0,6,0,0,0,0,0,2
1609480,1609556,worker,322.29717898368835,False,hdf5,h5_tr_210.py,210,stream,M2,512,1,64,/pscratch/sd/s/satt/sprints/data/converted_10M/mc_normalized_rntuple_10M_30.h5,,auto,,5000,,,,,,,false,true,17,2342528,1,0,5,0.01644444465637207,0.0001609325408935547,17,137795.76470588235,0.7647058823529411,3,6,4,0,4,0,0,0,0,0,2
1609480,1609557,worker,322.2831058502197,False,hdf5,h5_tr_210.py,210,stream,M2,512,1,64,/pscratch/sd/s/satt/sprints/data/converted_10M/mc_normalized_rntuple_10M_30.h5,,auto,,5000,,,,,,,false,true,17,2342528,1,0,5,0.01735997200012207,0.0001652240753173828,17,137795.76470588235,0.7647058823529411,3,6,4,0,4,0,0,0,0,0,2
1609480,1609558,worker,322.279581785202,False,hdf5,h5_tr_210.py,210,stream,M2,512,1,64,/pscratch/sd/s/satt/sprints/data/converted_10M/mc_normalized_rntuple_10M_30.h5,,auto,,5000,,,,,,,false,true,19,3507568,1,0,5,0.026978254318237305,0.00015115737915039062,19,184608.84210526315,0.6842105263157895,3,6,4,0,6,0,0,0,0,0,2
1609480,1609559,worker,322.2745592594147,False,hdf5,h5_tr_210.py,210,stream,M2,512,1,64,/pscratch/sd/s/satt/sprints/data/converted_10M/mc_normalized_rntuple_10M_30.h5,,auto,,5000,,,,,,,false,true,17,2342528,1,0,5,0.004968881607055664,0.00015974044799804688,17,137795.76470588235,0.7647058823529411,3,6,4,0,4,0,0,0,0,0,2
1609480,1609560,worker,322.2795557975769,False,hdf5,h5_tr_210.py,210,stream,M2,512,1,64,/pscratch/sd/s/satt/sprints/data/converted_10M/mc_normalized_rntuple_10M_30.h5,,auto,,5000,,,,,,,false,true,17,2342528,1,0,5,0.0054776668548583984,0.00015926361083984375,17,137795.76470588235,0.7647058823529411,3,6,4,0,4,0,0,0,0,0,2
1609480,1609561,worker,322.2608335018158,False,hdf5,h5_tr_210.py,210,stream,M2,512,1,64,/pscratch/sd/s/satt/sprints/data/converted_10M/mc_normalized_rntuple_10M_30.h5,,auto,,5000,,,,,,,false,true,19,3507568,1,0,5,0.025359153747558594,0.0001614093780517578,19,184608.84210526315,0.6842105263157895,3,6,4,0,6,0,0,0,0,0,2
1609480,1609562,worker,322.25875186920166,False,hdf5,h5_tr_210.py,210,stream,M2,512,1,64,/pscratch/sd/s/satt/sprints/data/converted_10M/mc_normalized_rntuple_10M_30.h5,,auto,,5000,,,,,,,false,true,17,2342528,1,0,5,0.05781149864196777,0.00015616416931152344,17,137795.76470588235,0.7647058823529411,3,6,4,0,4,0,0,0,0,0,2
1609480,1609563,worker,322.2481918334961,False,hdf5,h5_tr_210.py,210,stream,M2,512,1,64,/pscratch/sd/s/satt/sprints/data/converted_10M/mc_normalized_rntuple_10M_30.h5,,auto,,5000,,,,,,,false,true,17,2342528,1,0,5,0.02271747589111328,0.00016498565673828125,17,137795.76470588235,0.7647058823529411,3,6,4,0,4,0,0,0,0,0,2
1609480,1609564,worker,322.2435212135315,False,hdf5,h5_tr_210.py,210,stream,M2,512,1,64,/pscratch/sd/s/satt/sprints/data/converted_10M/mc_normalized_rntuple_10M_30.h5,,auto,,5000,,,,,,,false,true,19,3507568,1,0,5,0.06115007400512695,0.00019073486328125,19,184608.84210526315,0.6842105263157895,3,6,4,0,6,0,0,0,0,0,2
1609480,1609565,worker,322.24707436561584,False,hdf5,h5_tr_210.py,210,stream,M2,512,1,64,/pscratch/sd/s/satt/sprints/data/converted_10M/mc_normalized_rntuple_10M_30.h5,,auto,,5000,,,,,,,false,true,17,2342528,1,0,5,0.016184329986572266,0.0001437664031982422,17,137795.76470588235,0.7647058823529411,3,6,4,0,4,0,0,0,0,0,2
1609480,1609566,worker,322.23191022872925,False,hdf5,h5_tr_210.py,210,stream,M2,512,1,64,/pscratch/sd/s/satt/sprints/data/converted_10M/mc_normalized_rntuple_10M_30.h5,,auto,,5000,,,,,,,false,true,17,2342528,1,0,5,0.019084692001342773,0.0001595020294189453,17,137795.76470588235,0.7647058823529411,3,6,4,0,4,0,0,0,0,0,2
1609480,1609567,worker,322.22910928726196,False,hdf5,h5_tr_210.py,210,stream,M2,512,1,64,/pscratch/sd/s/satt/sprints/data/converted_10M/mc_normalized_rntuple_10M_30.h5,,auto,,5000,,,,,,,false,true,19,3507568,1,0,5,0.05953407287597656,0.0001506805419921875,19,184608.84210526315,0.6842105263157895,3,6,4,0,6,0,0,0,0,0,2
1609480,1609568,worker,322.2244658470154,False,hdf5,h5_tr_210.py,210,stream,M2,512,1,64,/pscratch/sd/s/satt/sprints/data/converted_10M/mc_normalized_rntuple_10M_30.h5,,auto,,5000,,,,,,,false,true,17,2342528,1,0,5,0.01716899871826172,0.00016689300537109375,17,137795.76470588235,0.7647058823529411,3,6,4,0,4,0,0,0,0,0,2
1609480,1609569,worker,322.2146825790405,False,hdf5,h5_tr_210.py,210,stream,M2,512,1,64,/pscratch/sd/s/satt/sprints/data/converted_10M/mc_normalized_rntuple_10M_30.h5,,auto,,5000,,,,,,,false,true,17,2342528,1,0,5,0.02270030975341797,0.00018262863159179688,17,137795.76470588235,0.7647058823529411,3,6,4,0,4,0,0,0,0,0,2
1609480,1609570,worker,322.23251366615295,False,hdf5,h5_tr_210.py,210,stream,M2,512,1,64,/pscratch/sd/s/satt/sprints/data/converted_10M/mc_normalized_rntuple_10M_30.h5,,auto,,5000,,,,,,,false,true,19,3507568,1,0,5,0.06059074401855469,0.00016069412231445312,19,184608.84210526315,0.6842105263157895,3,6,4,0,6,0,0,0,0,0,2
1609480,1609571,worker,322.2111785411835,False,hdf5,h5_tr_210.py,210,stream,M2,512,1,64,/pscratch/sd/s/satt/sprints/data/converted_10M/mc_normalized_rntuple_10M_30.h5,,auto,,5000,,,,,,,false,true,17,2342528,1,0,5,0.012451171875,0.0001659393310546875,17,137795.76470588235,0.7647058823529411,3,6,4,0,4,0,0,0,0,0,2
1609480,1609572,worker,322.19794607162476,False,hdf5,h5_tr_210.py,210,stream,M2,512,1,64,/pscratch/sd/s/satt/sprints/data/converted_10M/mc_normalized_rntuple_10M_30.h5,,auto,,5000,,,,,,,false,true,17,2342528,1,0,5,0.015960216522216797,0.0001609325408935547,17,137795.76470588235,0.7647058823529411,3,6,4,0,4,0,0,0,0,0,2
1609480,1609573,worker,322.19343423843384,False,hdf5,h5_tr_210.py,210,stream,M2,512,1,64,/pscratch/sd/s/satt/sprints/data/converted_10M/mc_normalized_rntuple_10M_30.h5,,auto,,5000,,,,,,,false,true,19,3507568,1,0,5,0.05921053886413574,0.000164031982421875,19,184608.84210526315,0.6842105263157895,3,6,4,0,6,0,0,0,0,0,2
1609480,1609574,worker,322.1902596950531,False,hdf5,h5_tr_210.py,210,stream,M2,512,1,64,/pscratch/sd/s/satt/sprints/data/converted_10M/mc_normalized_rntuple_10M_30.h5,,auto,,5000,,,,,,,false,true,17,2342528,1,0,5,0.019793272018432617,0.00016641616821289062,17,137795.76470588235,0.7647058823529411,3,6,4,0,4,0,0,0,0,0,2
1609480,1609575,worker,322.1843149662018,False,hdf5,h5_tr_210.py,210,stream,M2,512,1,64,/pscratch/sd/s/satt/sprints/data/converted_10M/mc_normalized_rntuple_10M_30.h5,,auto,,5000,,,,,,,false,true,17,2342528,1,0,5,0.02097630500793457,0.0001723766326904297,17,137795.76470588235,0.7647058823529411,3,6,4,0,4,0,0,0,0,0,2
1609480,1609576,worker,322.17432618141174,False,hdf5,h5_tr_210.py,210,stream,M2,512,1,64,/pscratch/sd/s/satt/sprints/data/converted_10M/mc_normalized_rntuple_10M_30.h5,,auto,,5000,,,,,,,false,true,19,3507568,1,0,5,0.030919551849365234,0.00017189979553222656,19,184608.84210526315,0.6842105263157895,3,6,4,0,6,0,0,0,0,0,2
1609480,1609577,worker,322.1718957424164,False,hdf5,h5_tr_210.py,210,stream,M2,512,1,64,/pscratch/sd/s/satt/sprints/data/converted_10M/mc_normalized_rntuple_10M_30.h5,,auto,,5000,,,,,,,false,true,17,2342528,1,0,5,0.009159088134765625,0.0001480579376220703,17,137795.76470588235,0.7647058823529411,3,6,4,0,4,0,0,0,0,0,2
1609480,1609578,worker,322.1761257648468,False,hdf5,h5_tr_210.py,210,stream,M2,512,1,64,/pscratch/sd/s/satt/sprints/data/converted_10M/mc_normalized_rntuple_10M_30.h5,,auto,,5000,,,,,,,false,true,17,2342528,1,0,5,0.010548114776611328,0.0001475811004638672,17,137795.76470588235,0.7647058823529411,3,6,4,0,4,0,0,0,0,0,2
1609480,1609579,worker,322.161239862442,False,hdf5,h5_tr_210.py,210,stream,M2,512,1,64,/pscratch/sd/s/satt/sprints/data/converted_10M/mc_normalized_rntuple_10M_30.h5,,auto,,5000,,,,,,,false,true,19,3507568,1,0,5,0.012636423110961914,0.0001685619354248047,19,184608.84210526315,0.6842105263157895,3,6,4,0,6,0,0,0,0,0,2
1609480,1609580,worker,322.1606090068817,False,hdf5,h5_tr_210.py,210,stream,M2,512,1,64,/pscratch/sd/s/satt/sprints/data/converted_10M/mc_normalized_rntuple_10M_30.h5,,auto,,5000,,,,,,,false,true,17,2342528,1,0,5,0.024745941162109375,0.00016260147094726562,17,137795.76470588235,0.7647058823529411,3,6,4,0,4,0,0,0,0,0,2
1609480,1609581,worker,322.15903973579407,False,hdf5,h5_tr_210.py,210,stream,M2,512,1,64,/pscratch/sd/s/satt/sprints/data/converted_10M/mc_normalized_rntuple_10M_30.h5,,auto,,5000,,,,,,,false,true,17,2342528,1,0,5,0.024512529373168945,0.0001461505889892578,17,137795.76470588235,0.7647058823529411,3,6,4,0,4,0,0,0,0,0,2
1609480,1609582,worker,322.14374136924744,False,hdf5,h5_tr_210.py,210,stream,M2,512,1,64,/pscratch/sd/s/satt/sprints/data/converted_10M/mc_normalized_rntuple_10M_30.h5,,auto,,5000,,,,,,,false,true,19,3507568,1,0,5,0.03197669982910156,0.0001666545867919922,19,184608.84210526315,0.6842105263157895,3,6,4,0,6,0,0,0,0,0,2
1609480,1609583,worker,322.1345133781433,False,hdf5,h5_tr_210.py,210,stream,M2,512,1,64,/pscratch/sd/s/satt/sprints/data/converted_10M/mc_normalized_rntuple_10M_30.h5,,auto,,5000,,,,,,,false,true,17,2342528,1,0,5,0.021109342575073242,0.0001595020294189453,17,137795.76470588235,0.7647058823529411,3,6,4,0,4,0,0,0,0,0,2
1609480,1609584,worker,322.13701152801514,False,hdf5,h5_tr_210.py,210,stream,M2,512,1,64,/pscratch/sd/s/satt/sprints/data/converted_10M/mc_normalized_rntuple_10M_30.h5,,auto,,5000,,,,,,,false,true,17,2342528,1,0,5,0.022533893585205078,0.000141143798828125,17,137795.76470588235,0.7647058823529411,3,6,4,0,4,0,0,0,0,0,2
1609480,1609585,worker,322.13078474998474,False,hdf5,h5_tr_210.py,210,stream,M2,512,1,64,/pscratch/sd/s/satt/sprints/data/converted_10M/mc_normalized_rntuple_10M_30.h5,,auto,,5000,,,,,,,false,true,19,3507568,1,0,5,0.05970597267150879,0.0001461505889892578,19,184608.84210526315,0.6842105263157895,3,6,4,0,6,0,0,0,0,0,2
1609480,1609586,worker,322.12035846710205,False,hdf5,h5_tr_210.py,210,stream,M2,512,1,64,/pscratch/sd/s/satt/sprints/data/converted_10M/mc_normalized_rntuple_10M_30.h5,,auto,,5000,,,,,,,false,true,17,2342528,1,0,5,0.0353703498840332,0.00014448165893554688,17,137795.76470588235,0.7647058823529411,3,6,4,0,4,0,0,0,0,0,2
1609480,1609587,worker,322.1145181655884,False,hdf5,h5_tr_210.py,210,stream,M2,512,1,64,/pscratch/sd/s/satt/sprints/data/converted_10M/mc_normalized_rntuple_10M_30.h5,,auto,,5000,,,,,,,false,true,21,3512280,1,0,5,0.08997488021850586,0.00014781951904296875,21,167251.42857142858,0.7142857142857143,3,6,6,0,6,0,0,0,0,0,2
1609480,1609588,worker,322.1139597892761,False,hdf5,h5_tr_210.py,210,stream,M2,512,1,64,/pscratch/sd/s/satt/sprints/data/converted_10M/mc_normalized_rntuple_10M_30.h5,,auto,,5000,,,,,,,false,true,17,2342528,1,0,5,0.057471513748168945,0.0001506805419921875,17,137795.76470588235,0.7647058823529411,3,6,4,0,4,0,0,0,0,0,2
1609480,1609589,worker,322.1120252609253,False,hdf5,h5_tr_210.py,210,stream,M2,512,1,64,/pscratch/sd/s/satt/sprints/data/converted_10M/mc_normalized_rntuple_10M_30.h5,,auto,,5000,,,,,,,false,true,17,2342528,1,0,5,0.08489751815795898,0.00014972686767578125,17,137795.76470588235,0.7647058823529411,3,6,4,0,4,0,0,0,0,0,2
1609480,1609590,worker,322.111279964447,False,hdf5,h5_tr_210.py,210,stream,M2,512,1,64,/pscratch/sd/s/satt/sprints/data/converted_10M/mc_normalized_rntuple_10M_30.h5,,auto,,5000,,,,,,,false,true,19,3507568,1,0,5,0.09348058700561523,0.0001575946807861328,19,184608.84210526315,0.6842105263157895,3,6,4,0,6,0,0,0,0,0,2
1609480,1609591,worker,322.08977484703064,False,hdf5,h5_tr_210.py,210,stream,M2,512,1,64,/pscratch/sd/s/satt/sprints/data/converted_10M/mc_normalized_rntuple_10M_30.h5,,auto,,5000,,,,,,,false,true,17,2342528,1,0,5,0.048093318939208984,0.0001468658447265625,17,137795.76470588235,0.7647058823529411,3,6,4,0,4,0,0,0,0,0,2
1609480,1609592,worker,322.0936872959137,False,hdf5,h5_tr_210.py,210,stream,M2,512,1,64,/pscratch/sd/s/satt/sprints/data/converted_10M/mc_normalized_rntuple_10M_30.h5,,auto,,5000,,,,,,,false,true,17,2342528,1,0,5,0.05566096305847168,0.00015616416931152344,17,137795.76470588235,0.7647058823529411,3,6,4,0,4,0,0,0,0,0,2
1609480,1609593,worker,322.0792410373688,False,hdf5,h5_tr_210.py,210,stream,M2,512,1,64,/pscratch/sd/s/satt/sprints/data/converted_10M/mc_normalized_rntuple_10M_30.h5,,auto,,5000,,,,,,,false,true,19,3507568,1,0,5,0.08904242515563965,0.00013971328735351562,19,184608.84210526315,0.6842105263157895,3,6,4,0,6,0,0,0,0,0,2
1609480,1609594,worker,322.06998085975647,False,hdf5,h5_tr_210.py,210,stream,M2,512,1,64,/pscratch/sd/s/satt/sprints/data/converted_10M/mc_normalized_rntuple_10M_30.h5,,auto,,5000,,,,,,,false,true,17,2342528,1,0,5,0.05332612991333008,0.00014209747314453125,17,137795.76470588235,0.7647058823529411,3,6,4,0,4,0,0,0,0,0,2
1609480,1609595,worker,322.0726697444916,False,hdf5,h5_tr_210.py,210,stream,M2,512,1,64,/pscratch/sd/s/satt/sprints/data/converted_10M/mc_normalized_rntuple_10M_30.h5,,auto,,5000,,,,,,,false,true,17,2342528,1,0,5,0.08359646797180176,0.00014901161193847656,17,137795.76470588235,0.7647058823529411,3,6,4,0,4,0,0,0,0,0,2
1609480,1609596,worker,322.0614655017853,False,hdf5,h5_tr_210.py,210,stream,M2,512,1,64,/pscratch/sd/s/satt/sprints/data/converted_10M/mc_normalized_rntuple_10M_30.h5,,auto,,5000,,,,,,,false,true,19,3507568,1,0,5,0.09146428108215332,0.0001494884490966797,19,184608.84210526315,0.6842105263157895,3,6,4,0,6,0,0,0,0,0,2
1609480,1609597,worker,322.0547819137573,False,hdf5,h5_tr_210.py,210,stream,M2,512,1,64,/pscratch/sd/s/satt/sprints/data/converted_10M/mc_normalized_rntuple_10M_30.h5,,auto,,5000,,,,,,,false,true,17,2342528,1,0,5,0.04575181007385254,0.00017905235290527344,17,137795.76470588235,0.7647058823529411,3,6,4,0,4,0,0,0,0,0,2
1609480,1609598,worker,322.0697491168976,False,hdf5,h5_tr_210.py,210,stream,M2,512,1,64,/pscratch/sd/s/satt/sprints/data/converted_10M/mc_normalized_rntuple_10M_30.h5,,auto,,5000,,,,,,,false,true,17,2342528,1,0,5,0.05275225639343262,0.0001723766326904297,17,137795.76470588235,0.7647058823529411,3,6,4,0,4,0,0,0,0,0,2
1609480,1609599,worker,322.0444893836975,False,hdf5,h5_tr_210.py,210,stream,M2,512,1,64,/pscratch/sd/s/satt/sprints/data/converted_10M/mc_normalized_rntuple_10M_30.h5,,auto,,5000,,,,,,,false,true,19,3507568,1,0,5,0.08946657180786133,0.00015926361083984375,19,184608.84210526315,0.6842105263157895,3,6,4,0,6,0,0,0,0,0,2
1609480,1609600,worker,322.0376617908478,False,hdf5,h5_tr_210.py,210,stream,M2,512,1,64,/pscratch/sd/s/satt/sprints/data/converted_10M/mc_normalized_rntuple_10M_30.h5,,auto,,5000,,,,,,,false,true,17,2342528,1,0,5,0.052367210388183594,0.00016045570373535156,17,137795.76470588235,0.7647058823529411,3,6,4,0,4,0,0,0,0,0,2
1609480,1609601,worker,322.0287232398987,False,hdf5,h5_tr_210.py,210,stream,M2,512,1,64,/pscratch/sd/s/satt/sprints/data/converted_10M/mc_normalized_rntuple_10M_30.h5,,auto,,5000,,,,,,,false,true,17,2342528,1,0,5,0.05503225326538086,0.0001552104949951172,17,137795.76470588235,0.7647058823529411,3,6,4,0,4,0,0,0,0,0,2
1609480,1609602,worker,322.02575182914734,False,hdf5,h5_tr_210.py,210,stream,M2,512,1,64,/pscratch/sd/s/satt/sprints/data/converted_10M/mc_normalized_rntuple_10M_30.h5,,auto,,5000,,,,,,,false,true,19,3507568,1,0,5,0.1428234577178955,0.000186920166015625,19,184608.84210526315,0.6842105263157895,3,6,4,0,6,0,0,0,0,0,2
1609480,1609603,worker,322.02115297317505,False,hdf5,h5_tr_210.py,210,stream,M2,512,1,64,/pscratch/sd/s/satt/sprints/data/converted_10M/mc_normalized_rntuple_10M_30.h5,,auto,,5000,,,,,,,false,true,17,2342528,1,0,5,0.049785614013671875,0.00017523765563964844,17,137795.76470588235,0.7647058823529411,3,6,4,0,4,0,0,0,0,0,2
1609480,1609604,worker,322.02313208580017,False,hdf5,h5_tr_210.py,210,stream,M2,512,1,64,/pscratch/sd/s/satt/sprints/data/converted_10M/mc_normalized_rntuple_10M_30.h5,,auto,,5000,,,,,,,false,true,17,2342528,1,0,5,0.05605602264404297,0.0001671314239501953,17,137795.76470588235,0.7647058823529411,3,6,4,0,4,0,0,0,0,0,2
1609480,1609605,worker,322.00860571861267,False,hdf5,h5_tr_210.py,210,stream,M2,512,1,64,/pscratch/sd/s/satt/sprints/data/converted_10M/mc_normalized_rntuple_10M_30.h5,,auto,,5000,,,,,,,false,true,19,3507568,1,0,5,0.09063196182250977,0.00016260147094726562,19,184608.84210526315,0.6842105263157895,3,6,4,0,6,0,0,0,0,0,2
1609480,1609606,worker,322.00648379325867,False,hdf5,h5_tr_210.py,210,stream,M2,512,1,64,/pscratch/sd/s/satt/sprints/data/converted_10M/mc_normalized_rntuple_10M_30.h5,,auto,,5000,,,,,,,false,true,17,2342528,1,0,5,0.05326056480407715,0.00015044212341308594,17,137795.76470588235,0.7647058823529411,3,6,4,0,4,0,0,0,0,0,2
1609480,1609607,worker,322.00144386291504,False,hdf5,h5_tr_210.py,210,stream,M2,512,1,64,/pscratch/sd/s/satt/sprints/data/converted_10M/mc_normalized_rntuple_10M_30.h5,,auto,,5000,,,,,,,false,true,17,2342528,1,0,5,0.057988643646240234,0.0002033710479736328,17,137795.76470588235,0.7647058823529411,3,6,4,0,4,0,0,0,0,0,2
1609480,1609608,worker,321.9944999217987,False,hdf5,h5_tr_210.py,210,stream,M2,512,1,64,/pscratch/sd/s/satt/sprints/data/converted_10M/mc_normalized_rntuple_10M_30.h5,,auto,,5000,,,,,,,false,true,19,3507568,1,0,5,0.08619427680969238,0.00018334388732910156,19,184608.84210526315,0.6842105263157895,3,6,4,0,6,0,0,0,0,0,2
1609480,1609609,worker,321.98997616767883,False,hdf5,h5_tr_210.py,210,stream,M2,512,1,64,/pscratch/sd/s/satt/sprints/data/converted_10M/mc_normalized_rntuple_10M_30.h5,,auto,,5000,,,,,,,false,true,17,2342528,1,0,5,0.05100250244140625,0.0001595020294189453,17,137795.76470588235,0.7647058823529411,3,6,4,0,4,0,0,0,0,0,2
1609480,1609610,worker,321.97857570648193,False,hdf5,h5_tr_210.py,210,stream,M2,512,1,64,/pscratch/sd/s/satt/sprints/data/converted_10M/mc_normalized_rntuple_10M_30.h5,,auto,,5000,,,,,,,false,true,17,2342528,1,0,5,0.05721616744995117,0.00015878677368164062,17,137795.76470588235,0.7647058823529411,3,6,4,0,4,0,0,0,0,0,2
1609480,1609611,worker,321.97361302375793,False,hdf5,h5_tr_210.py,210,stream,M2,512,1,64,/pscratch/sd/s/satt/sprints/data/converted_10M/mc_normalized_rntuple_10M_30.h5,,auto,,5000,,,,,,,false,true,19,3507568,1,0,5,0.1614062786102295,0.00017547607421875,19,184608.84210526315,0.6842105263157895,3,6,4,0,6,0,0,0,0,0,2
1609480,1609612,worker,321.9668855667114,False,hdf5,h5_tr_210.py,210,stream,M2,512,1,64,/pscratch/sd/s/satt/sprints/data/converted_10M/mc_normalized_rntuple_10M_30.h5,,auto,,5000,,,,,,,false,true,17,2342528,1,0,5,0.047881364822387695,0.0001709461212158203,17,137795.76470588235,0.7647058823529411,3,6,4,0,4,0,0,0,0,0,2
1609480,1609613,worker,321.9653832912445,False,hdf5,h5_tr_210.py,210,stream,M2,512,1,64,/pscratch/sd/s/satt/sprints/data/converted_10M/mc_normalized_rntuple_10M_30.h5,,auto,,5000,,,,,,,false,true,17,2342528,1,0,5,0.07340168952941895,0.00020003318786621094,17,137795.76470588235,0.7647058823529411,3,6,4,0,4,0,0,0,0,0,2
1609480,1609614,worker,321.95454835891724,False,hdf5,h5_tr_210.py,210,stream,M2,512,1,64,/pscratch/sd/s/satt/sprints/data/converted_10M/mc_normalized_rntuple_10M_30.h5,,auto,,5000,,,,,,,false,true,19,3507568,1,0,5,0.15486860275268555,0.00014448165893554688,19,184608.84210526315,0.6842105263157895,3,6,4,0,6,0,0,0,0,0,2
1609480,1609615,worker,321.9453957080841,False,hdf5,h5_tr_210.py,210,stream,M2,512,1,64,/pscratch/sd/s/satt/sprints/data/converted_10M/mc_normalized_rntuple_10M_30.h5,,auto,,5000,,,,,,,false,true,17,2342528,1,0,5,0.046242475509643555,0.00015592575073242188,17,137795.76470588235,0.7647058823529411,3,6,4,0,4,0,0,0,0,0,2
1609480,1609616,worker,321.9530758857727,False,hdf5,h5_tr_210.py,210,stream,M2,512,1,64,/pscratch/sd/s/satt/sprints/data/converted_10M/mc_normalized_rntuple_10M_30.h5,,auto,,5000,,,,,,,false,true,17,2342528,1,0,5,0.07897114753723145,0.0001761913299560547,17,137795.76470588235,0.7647058823529411,3,6,4,0,4,0,0,0,0,0,2
1609480,1609617,worker,321.9407207965851,False,hdf5,h5_tr_210.py,210,stream,M2,512,1,64,/pscratch/sd/s/satt/sprints/data/converted_10M/mc_normalized_rntuple_10M_30.h5,,auto,,5000,,,,,,,false,true,19,3507568,1,0,5,0.1306161880493164,0.00017309188842773438,19,184608.84210526315,0.6842105263157895,3,6,4,0,6,0,0,0,0,0,2
1609480,1609618,worker,321.9308862686157,False,hdf5,h5_tr_210.py,210,stream,M2,512,1,64,/pscratch/sd/s/satt/sprints/data/converted_10M/mc_normalized_rntuple_10M_30.h5,,auto,,5000,,,,,,,false,true,17,2342528,1,0,5,0.045284271240234375,0.00017261505126953125,17,137795.76470588235,0.7647058823529411,3,6,4,0,4,0,0,0,0,0,2
1609480,1609619,worker,321.92994952201843,False,hdf5,h5_tr_210.py,210,stream,M2,512,1,64,/pscratch/sd/s/satt/sprints/data/converted_10M/mc_normalized_rntuple_10M_30.h5,,auto,,5000,,,,,,,false,true,17,2342528,1,0,5,0.07934880256652832,0.00018024444580078125,17,137795.76470588235,0.7647058823529411,3,6,4,0,4,0,0,0,0,0,2
1609480,1609620,worker,321.91916942596436,False,hdf5,h5_tr_210.py,210,stream,M2,512,1,64,/pscratch/sd/s/satt/sprints/data/converted_10M/mc_normalized_rntuple_10M_30.h5,,auto,,5000,,,,,,,false,true,19,3507568,1,0,5,0.14960479736328125,0.00014352798461914062,19,184608.84210526315,0.6842105263157895,3,6,4,0,6,0,0,0,0,0,2
1609480,1609621,worker,321.9127199649811,False,hdf5,h5_tr_210.py,210,stream,M2,512,1,64,/pscratch/sd/s/satt/sprints/data/converted_10M/mc_normalized_rntuple_10M_30.h5,,auto,,5000,,,,,,,false,true,17,2342528,1,0,5,0.04547572135925293,0.00014972686767578125,17,137795.76470588235,0.7647058823529411,3,6,4,0,4,0,0,0,0,0,2
1609480,1609622,worker,321.90202379226685,False,hdf5,h5_tr_210.py,210,stream,M2,512,1,64,/pscratch/sd/s/satt/sprints/data/converted_10M/mc_normalized_rntuple_10M_30.h5,,auto,,5000,,,,,,,false,true,17,2342528,1,0,5,0.06891345977783203,0.0001518726348876953,17,137795.76470588235,0.7647058823529411,3,6,4,0,4,0,0,0,0,0,2
1609480,1609623,worker,321.90056467056274,False,hdf5,h5_tr_210.py,210,stream,M2,512,1,64,/pscratch/sd/s/satt/sprints/data/converted_10M/mc_normalized_rntuple_10M_30.h5,,auto,,5000,,,,,,,false,true,19,3507568,1,0,5,0.1500537395477295,0.00015473365783691406,19,184608.84210526315,0.6842105263157895,3,6,4,0,6,0,0,0,0,0,2
1609480,1609624,worker,321.89460015296936,False,hdf5,h5_tr_210.py,210,stream,M2,512,1,64,/pscratch/sd/s/satt/sprints/data/converted_10M/mc_normalized_rntuple_10M_30.h5,,auto,,5000,,,,,,,false,true,17,2342528,1,0,5,0.04177665710449219,0.0001735687255859375,17,137795.76470588235,0.7647058823529411,3,6,4,0,4,0,0,0,0,0,2
1609480,1609625,worker,321.8935024738312,False,hdf5,h5_tr_210.py,210,stream,M2,512,1,64,/pscratch/sd/s/satt/sprints/data/converted_10M/mc_normalized_rntuple_10M_30.h5,,auto,,5000,,,,,,,false,true,17,2342528,1,0,5,0.07164812088012695,0.00015544891357421875,17,137795.76470588235,0.7647058823529411,3,6,4,0,4,0,0,0,0,0,2
1609480,1609626,worker,321.89292216300964,False,hdf5,h5_tr_210.py,210,stream,M2,512,1,64,/pscratch/sd/s/satt/sprints/data/converted_10M/mc_normalized_rntuple_10M_30.h5,,auto,,5000,,,,,,,false,true,19,3507568,1,0,5,0.15748119354248047,0.0001761913299560547,19,184608.84210526315,0.6842105263157895,3,6,4,0,6,0,0,0,0,0,2
1609480,1609627,worker,321.87701439857483,False,hdf5,h5_tr_210.py,210,stream,M2,512,1,64,/pscratch/sd/s/satt/sprints/data/converted_10M/mc_normalized_rntuple_10M_30.h5,,auto,,5000,,,,,,,false,true,17,2342528,1,0,5,0.043054819107055664,0.00015687942504882812,17,137795.76470588235,0.7647058823529411,3,6,4,0,4,0,0,0,0,0,2
1609480,1609628,worker,321.8708736896515,False,hdf5,h5_tr_210.py,210,stream,M2,512,1,64,/pscratch/sd/s/satt/sprints/data/converted_10M/mc_normalized_rntuple_10M_30.h5,,auto,,5000,,,,,,,false,true,17,2342528,1,0,5,0.07307553291320801,0.0001633167266845703,17,137795.76470588235,0.7647058823529411,3,6,4,0,4,0,0,0,0,0,2
1609480,1609629,worker,321.86551237106323,False,hdf5,h5_tr_210.py,210,stream,M2,512,1,64,/pscratch/sd/s/satt/sprints/data/converted_10M/mc_normalized_rntuple_10M_30.h5,,auto,,5000,,,,,,,false,true,19,3507568,1,0,5,0.12472081184387207,0.0001552104949951172,19,184608.84210526315,0.6842105263157895,3,6,4,0,6,0,0,0,0,0,2
1609480,1609630,worker,321.858350276947,False,hdf5,h5_tr_210.py,210,stream,M2,512,1,64,/pscratch/sd/s/satt/sprints/data/converted_10M/mc_normalized_rntuple_10M_30.h5,,auto,,5000,,,,,,,false,true,19,2347240,1,0,5,0.07158470153808594,0.00015854835510253906,19,123538.94736842105,0.7894736842105263,3,6,6,0,4,0,0,0,0,0,2
1609480,1609631,worker,321.8531470298767,False,hdf5,h5_tr_210.py,210,stream,M2,512,1,64,/pscratch/sd/s/satt/sprints/data/converted_10M/mc_normalized_rntuple_10M_30.h5,,auto,,5000,,,,,,,false,true,19,3507568,1,0,5,0.14764404296875,0.00016546249389648438,19,184608.84210526315,0.6842105263157895,3,6,4,0,6,0,0,0,0,0,2
1609480,1609632,worker,321.8509871959686,False,hdf5,h5_tr_210.py,210,stream,M2,512,1,64,/pscratch/sd/s/satt/sprints/data/converted_10M/mc_normalized_rntuple_10M_30.h5,,auto,,5000,,,,,,,false,true,17,2342528,1,0,5,0.06247997283935547,0.00015425682067871094,17,137795.76470588235,0.7647058823529411,3,6,4,0,4,0,0,0,0,0,2
1609480,1609633,worker,321.84049248695374,False,hdf5,h5_tr_210.py,210,stream,M2,512,1,64,/pscratch/sd/s/satt/sprints/data/converted_10M/mc_normalized_rntuple_10M_30.h5,,auto,,5000,,,,,,,false,true,17,2342528,1,0,5,0.07094812393188477,0.0001709461212158203,17,137795.76470588235,0.7647058823529411,3,6,4,0,4,0,0,0,0,0,2
1609480,1609634,worker,321.8387596607208,False,hdf5,h5_tr_210.py,210,stream,M2,512,1,64,/pscratch/sd/s/satt/sprints/data/converted_10M/mc_normalized_rntuple_10M_30.h5,,auto,,5000,,,,,,,false,true,19,3507568,1,0,5,0.12605643272399902,0.0001895427703857422,19,184608.84210526315,0.6842105263157895,3,6,4,0,6,0,0,0,0,0,2
1609480,1609635,worker,321.8236930370331,False,hdf5,h5_tr_210.py,210,stream,M2,512,1,64,/pscratch/sd/s/satt/sprints/data/converted_10M/mc_normalized_rntuple_10M_30.h5,,auto,,5000,,,,,,,false,true,17,2342528,1,0,5,0.07926702499389648,0.0001423358917236328,17,137795.76470588235,0.7647058823529411,3,6,4,0,4,0,0,0,0,0,2
1609480,1609636,worker,321.8223292827606,False,hdf5,h5_tr_210.py,210,stream,M2,512,1,64,/pscratch/sd/s/satt/sprints/data/converted_10M/mc_normalized_rntuple_10M_30.h5,,auto,,5000,,,,,,,false,true,17,2342528,1,0,5,0.08126425743103027,0.00015497207641601562,17,137795.76470588235,0.7647058823529411,3,6,4,0,4,0,0,0,0,0,2
1609480,1609637,worker,321.8122589588165,False,hdf5,h5_tr_210.py,210,stream,M2,512,1,64,/pscratch/sd/s/satt/sprints/data/converted_10M/mc_normalized_rntuple_10M_30.h5,,auto,,5000,,,,,,,false,true,19,3507568,1,0,5,0.14458537101745605,0.0001556873321533203,19,184608.84210526315,0.6842105263157895,3,6,4,0,6,0,0,0,0,0,2
1609480,1609638,worker,321.8233428001404,False,hdf5,h5_tr_210.py,210,stream,M2,512,1,64,/pscratch/sd/s/satt/sprints/data/converted_10M/mc_normalized_rntuple_10M_30.h5,,auto,,5000,,,,,,,false,true,17,2342528,1,0,5,0.06592488288879395,0.00014781951904296875,17,137795.76470588235,0.7647058823529411,3,6,4,0,4,0,0,0,0,0,2
1609480,1609639,worker,321.8091802597046,False,hdf5,h5_tr_210.py,210,stream,M2,512,1,64,/pscratch/sd/s/satt/sprints/data/converted_10M/mc_normalized_rntuple_10M_30.h5,,auto,,5000,,,,,,,false,true,17,2342528,1,0,5,0.08051109313964844,0.00018739700317382812,17,137795.76470588235,0.7647058823529411,3,6,4,0,4,0,0,0,0,0,2
1609480,1609640,worker,321.7980284690857,False,hdf5,h5_tr_210.py,210,stream,M2,512,1,64,/pscratch/sd/s/satt/sprints/data/converted_10M/mc_normalized_rntuple_10M_30.h5,,auto,,5000,,,,,,,false,true,19,3507568,1,0,5,0.1270279884338379,0.00016546249389648438,19,184608.84210526315,0.6842105263157895,3,6,4,0,6,0,0,0,0,0,2
1609480,1609641,worker,321.79322481155396,False,hdf5,h5_tr_210.py,210,stream,M2,512,1,64,/pscratch/sd/s/satt/sprints/data/converted_10M/mc_normalized_rntuple_10M_30.h5,,auto,,5000,,,,,,,false,true,17,2342528,1,0,5,0.0842435359954834,0.00016880035400390625,17,137795.76470588235,0.7647058823529411,3,6,4,0,4,0,0,0,0,0,2
1609480,1609642,worker,321.790776014328,False,hdf5,h5_tr_210.py,210,stream,M2,512,1,64,/pscratch/sd/s/satt/sprints/data/converted_10M/mc_normalized_rntuple_10M_30.h5,,auto,,5000,,,,,,,false,true,17,2342528,1,0,5,0.12330937385559082,0.00017070770263671875,17,137795.76470588235,0.7647058823529411,3,6,4,0,4,0,0,0,0,0,2
1609480,1609643,worker,321.78014397621155,False,hdf5,h5_tr_210.py,210,stream,M2,512,1,64,/pscratch/sd/s/satt/sprints/data/converted_10M/mc_normalized_rntuple_10M_30.h5,,auto,,5000,,,,,,,false,true,19,3507568,1,0,5,0.16423487663269043,0.0001785755157470703,19,184608.84210526315,0.6842105263157895,3,6,4,0,6,0,0,0,0,0,2
1609480,1609644,worker,321.78274941444397,False,hdf5,h5_tr_210.py,210,stream,M2,512,1,64,/pscratch/sd/s/satt/sprints/data/converted_10M/mc_normalized_rntuple_10M_30.h5,,auto,,5000,,,,,,,false,true,17,2342528,1,0,5,0.0658724308013916,0.00016736984252929688,17,137795.76470588235,0.7647058823529411,3,6,4,0,4,0,0,0,0,0,2
1609480,1609645,worker,321.77042627334595,False,hdf5,h5_tr_210.py,210,stream,M2,512,1,64,/pscratch/sd/s/satt/sprints/data/converted_10M/mc_normalized_rntuple_10M_30.h5,,auto,,5000,,,,,,,false,true,17,2342528,1,0,5,0.09309077262878418,0.00016379356384277344,17,137795.76470588235,0.7647058823529411,3,6,4,0,4,0,0,0,0,0,2
1609480,1609646,worker,321.7663822174072,False,hdf5,h5_tr_210.py,210,stream,M2,512,1,64,/pscratch/sd/s/satt/sprints/data/converted_10M/mc_normalized_rntuple_10M_30.h5,,auto,,5000,,,,,,,false,true,19,3507568,1,0,5,0.14086341857910156,0.00017595291137695312,19,184608.84210526315,0.6842105263157895,3,6,4,0,6,0,0,0,0,0,2
1609480,1609647,worker,321.76495480537415,False,hdf5,h5_tr_210.py,210,stream,M2,512,1,64,/pscratch/sd/s/satt/sprints/data/converted_10M/mc_normalized_rntuple_10M_30.h5,,auto,,5000,,,,,,,false,true,17,2342528,1,0,5,0.07911849021911621,0.0001766681671142578,17,137795.76470588235,0.7647058823529411,3,6,4,0,4,0,0,0,0,0,2
1609480,1609648,worker,321.7721230983734,False,hdf5,h5_tr_210.py,210,stream,M2,512,1,64,/pscratch/sd/s/satt/sprints/data/converted_10M/mc_normalized_rntuple_10M_30.h5,,auto,,5000,,,,,,,false,true,17,2342528,1,0,5,0.11569428443908691,0.0001723766326904297,17,137795.76470588235,0.7647058823529411,3,6,4,0,4,0,0,0,0,0,2
1609480,1609649,worker,321.7516839504242,False,hdf5,h5_tr_210.py,210,stream,M2,512,1,64,/pscratch/sd/s/satt/sprints/data/converted_10M/mc_normalized_rntuple_10M_30.h5,,auto,,5000,,,,,,,false,true,19,3507568,1,0,5,0.16982197761535645,0.00018668174743652344,19,184608.84210526315,0.6842105263157895,3,6,4,0,6,0,0,0,0,0,2
1609480,1609650,worker,321.75017619132996,False,hdf5,h5_tr_210.py,210,stream,M2,512,1,64,/pscratch/sd/s/satt/sprints/data/converted_10M/mc_normalized_rntuple_10M_30.h5,,auto,,5000,,,,,,,false,true,17,2342528,1,0,5,0.06408977508544922,0.00018215179443359375,17,137795.76470588235,0.7647058823529411,3,6,4,0,4,0,0,0,0,0,2
1609480,1609651,worker,321.7266116142273,False,hdf5,h5_tr_210.py,210,stream,M2,512,1,64,/pscratch/sd/s/satt/sprints/data/converted_10M/mc_normalized_rntuple_10M_30.h5,,auto,,5000,,,,,,,false,true,17,2342528,1,0,5,0.07894539833068848,0.0001735687255859375,17,137795.76470588235,0.7647058823529411,3,6,4,0,4,0,0,0,0,0,2
1609480,1609652,worker,321.7294945716858,False,hdf5,h5_tr_210.py,210,stream,M2,512,1,64,/pscratch/sd/s/satt/sprints/data/converted_10M/mc_normalized_rntuple_10M_30.h5,,auto,,5000,,,,,,,false,true,19,3507568,1,0,5,0.15285944938659668,0.0001652240753173828,19,184608.84210526315,0.6842105263157895,3,6,4,0,6,0,0,0,0,0,2
1609480,1609653,worker,321.72304368019104,False,hdf5,h5_tr_210.py,210,stream,M2,512,1,64,/pscratch/sd/s/satt/sprints/data/converted_10M/mc_normalized_rntuple_10M_30.h5,,auto,,5000,,,,,,,false,true,17,2342528,1,0,5,0.07411718368530273,0.00017380714416503906,17,137795.76470588235,0.7647058823529411,3,6,4,0,4,0,0,0,0,0,2
1609480,1609654,worker,321.7164852619171,False,hdf5,h5_tr_210.py,210,stream,M2,512,1,64,/pscratch/sd/s/satt/sprints/data/converted_10M/mc_normalized_rntuple_10M_30.h5,,auto,,5000,,,,,,,false,true,17,2342528,1,0,5,0.10628342628479004,0.0001964569091796875,17,137795.76470588235,0.7647058823529411,3,6,4,0,4,0,0,0,0,0,2
1609480,1609655,worker,321.7107858657837,False,hdf5,h5_tr_210.py,210,stream,M2,512,1,64,/pscratch/sd/s/satt/sprints/data/converted_10M/mc_normalized_rntuple_10M_30.h5,,auto,,5000,,,,,,,false,true,19,3507568,1,0,5,0.16617202758789062,0.00019502639770507812,19,184608.84210526315,0.6842105263157895,3,6,4,0,6,0,0,0,0,0,2
1609480,1609656,worker,321.69945788383484,False,hdf5,h5_tr_210.py,210,stream,M2,512,1,64,/pscratch/sd/s/satt/sprints/data/converted_10M/mc_normalized_rntuple_10M_30.h5,,auto,,5000,,,,,,,false,true,17,2342528,1,0,5,0.06819772720336914,0.0001780986785888672,17,137795.76470588235,0.7647058823529411,3,6,4,0,4,0,0,0,0,0,2
1609480,1609657,worker,321.70795941352844,False,hdf5,h5_tr_210.py,210,stream,M2,512,1,64,/pscratch/sd/s/satt/sprints/data/converted_10M/mc_normalized_rntuple_10M_30.h5,,auto,,5000,,,,,,,false,true,17,2342528,1,0,5,0.10958600044250488,0.00015544891357421875,17,137795.76470588235,0.7647058823529411,3,6,4,0,4,0,0,0,0,0,2
1609480,1609658,worker,321.6835083961487,False,hdf5,h5_tr_210.py,210,stream,M2,512,1,64,/pscratch/sd/s/satt/sprints/data/converted_10M/mc_normalized_rntuple_10M_30.h5,,auto,,5000,,,,,,,false,true,19,3507568,1,0,5,0.13940215110778809,0.0001595020294189453,19,184608.84210526315,0.6842105263157895,3,6,4,0,6,0,0,0,0,0,2
1609480,1609659,worker,321.6864333152771,False,hdf5,h5_tr_210.py,210,stream,M2,512,1,64,/pscratch/sd/s/satt/sprints/data/converted_10M/mc_normalized_rntuple_10M_30.h5,,auto,,5000,,,,,,,false,true,17,2342528,1,0,5,0.10575604438781738,0.00015735626220703125,17,137795.76470588235,0.7647058823529411,3,6,4,0,4,0,0,0,0,0,2
1609480,1609660,worker,321.6791591644287,False,hdf5,h5_tr_210.py,210,stream,M2,512,1,64,/pscratch/sd/s/satt/sprints/data/converted_10M/mc_normalized_rntuple_10M_30.h5,,auto,,5000,,,,,,,false,true,17,2342528,1,0,5,0.11923718452453613,0.0001614093780517578,17,137795.76470588235,0.7647058823529411,3,6,4,0,4,0,0,0,0,0,2
1609480,1609661,worker,321.67438411712646,False,hdf5,h5_tr_210.py,210,stream,M2,512,1,64,/pscratch/sd/s/satt/sprints/data/converted_10M/mc_normalized_rntuple_10M_30.h5,,auto,,5000,,,,,,,false,true,19,3507568,1,0,5,0.16677069664001465,0.0001735687255859375,19,184608.84210526315,0.6842105263157895,3,6,4,0,6,0,0,0,0,0,2
1609480,1609662,worker,321.6723110675812,False,hdf5,h5_tr_210.py,210,stream,M2,512,1,64,/pscratch/sd/s/satt/sprints/data/converted_10M/mc_normalized_rntuple_10M_30.h5,,auto,,5000,,,,,,,false,true,17,2342528,1,0,5,0.07090258598327637,0.0001804828643798828,17,137795.76470588235,0.7647058823529411,3,6,4,0,4,0,0,0,0,0,2
1609480,1609663,worker,321.66221380233765,False,hdf5,h5_tr_210.py,210,stream,M2,512,1,64,/pscratch/sd/s/satt/sprints/data/converted_10M/mc_normalized_rntuple_10M_30.h5,,auto,,5000,,,,,,,false,true,17,2342528,1,0,5,0.11161255836486816,0.00015997886657714844,17,137795.76470588235,0.7647058823529411,3,6,4,0,4,0,0,0,0,0,2
1609480,1609664,worker,321.66020941734314,False,hdf5,h5_tr_210.py,210,stream,M2,512,1,64,/pscratch/sd/s/satt/sprints/data/converted_10M/mc_normalized_rntuple_10M_30.h5,,auto,,5000,,,,,,,false,true,19,3507568,1,0,5,0.16660356521606445,0.00017595291137695312,19,184608.84210526315,0.6842105263157895,3,6,4,0,6,0,0,0,0,0,2
1609480,1609665,worker,321.65021085739136,False,hdf5,h5_tr_210.py,210,stream,M2,512,1,64,/pscratch/sd/s/satt/sprints/data/converted_10M/mc_normalized_rntuple_10M_30.h5,,auto,,5000,,,,,,,false,true,17,2342528,1,0,5,0.06928658485412598,0.00014519691467285156,17,137795.76470588235,0.7647058823529411,3,6,4,0,4,0,0,0,0,0,2
1609480,1609666,worker,321.64890122413635,False,hdf5,h5_tr_210.py,210,stream,M2,512,1,64,/pscratch/sd/s/satt/sprints/data/converted_10M/mc_normalized_rntuple_10M_30.h5,,auto,,5000,,,,,,,false,true,17,2342528,1,0,5,0.10626101493835449,0.0002620220184326172,17,137795.76470588235,0.7647058823529411,3,6,4,0,4,0,0,0,0,0,2
1609480,1609667,worker,321.63193225860596,False,hdf5,h5_tr_210.py,210,stream,M2,512,1,64,/pscratch/sd/s/satt/sprints/data/converted_10M/mc_normalized_rntuple_10M_30.h5,,auto,,5000,,,,,,,false,true,19,3507568,1,0,5,0.15953540802001953,0.0002205371856689453,19,184608.84210526315,0.6842105263157895,3,6,4,0,6,0,0,0,0,0,2
1609480,1609668,worker,321.62110924720764,False,hdf5,h5_tr_210.py,210,stream,M2,512,1,64,/pscratch/sd/s/satt/sprints/data/converted_10M/mc_normalized_rntuple_10M_30.h5,,auto,,5000,,,,,,,false,true,17,2342528,1,0,5,0.061565399169921875,0.0001983642578125,17,137795.76470588235,0.7647058823529411,3,6,4,0,4,0,0,0,0,0,2
1609480,1609669,worker,321.6296181678772,False,hdf5,h5_tr_210.py,210,stream,M2,512,1,64,/pscratch/sd/s/satt/sprints/data/converted_10M/mc_normalized_rntuple_10M_30.h5,,auto,,5000,,,,,,,false,true,17,2342528,1,0,5,0.10786890983581543,0.00022840499877929688,17,137795.76470588235,0.7647058823529411,3,6,4,0,4,0,0,0,0,0,2
1609480,1609670,worker,321.6189720630646,False,hdf5,h5_tr_210.py,210,stream,M2,512,1,64,/pscratch/sd/s/satt/sprints/data/converted_10M/mc_normalized_rntuple_10M_30.h5,,auto,,5000,,,,,,,false,true,19,3507568,1,0,5,0.13558650016784668,0.00016999244689941406,19,184608.84210526315,0.6842105263157895,3,6,4,0,6,0,0,0,0,0,2
1609480,1609671,worker,321.61245226860046,False,hdf5,h5_tr_210.py,210,stream,M2,512,1,64,/pscratch/sd/s/satt/sprints/data/converted_10M/mc_normalized_rntuple_10M_30.h5,,auto,,5000,,,,,,,false,true,17,2342528,1,0,5,0.07861781120300293,0.00021123886108398438,17,137795.76470588235,0.7647058823529411,3,6,4,0,4,0,0,0,0,0,2
1609480,1609672,worker,321.6069881916046,False,hdf5,h5_tr_210.py,210,stream,M2,512,1,64,/pscratch/sd/s/satt/sprints/data/converted_10M/mc_normalized_rntuple_10M_30.h5,,auto,,5000,,,,,,,false,true,21,3512280,1,0,5,0.16011977195739746,0.0002009868621826172,21,167251.42857142858,0.7142857142857143,3,6,6,0,6,0,0,0,0,0,2
1609480,1609673,worker,321.5892722606659,False,hdf5,h5_tr_210.py,210,stream,M2,512,1,64,/pscratch/sd/s/satt/sprints/data/converted_10M/mc_normalized_rntuple_10M_30.h5,,auto,,5000,,,,,,,false,true,17,2342528,1,0,5,0.06823348999023438,0.00019502639770507812,17,137795.76470588235,0.7647058823529411,3,6,4,0,4,0,0,0,0,0,2
1609480,1609674,worker,321.59506916999817,False,hdf5,h5_tr_210.py,210,stream,M2,512,1,64,/pscratch/sd/s/satt/sprints/data/converted_10M/mc_normalized_rntuple_10M_30.h5,,auto,,5000,,,,,,,false,true,17,2342528,1,0,5,0.07779574394226074,0.0002989768981933594,17,137795.76470588235,0.7647058823529411,3,6,4,0,4,0,0,0,0,0,2
1609480,1609675,worker,321.59522771835327,False,hdf5,h5_tr_210.py,210,stream,M2,512,1,64,/pscratch/sd/s/satt/sprints/data/converted_10M/mc_normalized_rntuple_10M_30.h5,,auto,,5000,,,,,,,false,true,19,3507568,1,0,5,0.1381828784942627,0.0001747608184814453,19,184608.84210526315,0.6842105263157895,3,6,4,0,6,0,0,0,0,0,2
1609480,1609676,worker,321.57664155960083,False,hdf5,h5_tr_210.py,210,stream,M2,512,1,64,/pscratch/sd/s/satt/sprints/data/converted_10M/mc_normalized_rntuple_10M_30.h5,,auto,,5000,,,,,,,false,true,17,2342528,1,0,5,0.07219243049621582,0.0001819133758544922,17,137795.76470588235,0.7647058823529411,3,6,4,0,4,0,0,0,0,0,2
1609480,1609677,worker,321.58060026168823,False,hdf5,h5_tr_210.py,210,stream,M2,512,1,64,/pscratch/sd/s/satt/sprints/data/converted_10M/mc_normalized_rntuple_10M_30.h5,,auto,,5000,,,,,,,false,true,17,2342528,1,0,5,0.08022570610046387,0.00020837783813476562,17,137795.76470588235,0.7647058823529411,3,6,4,0,4,0,0,0,0,0,2
1609480,1609678,worker,321.5750014781952,False,hdf5,h5_tr_210.py,210,stream,M2,512,1,64,/pscratch/sd/s/satt/sprints/data/converted_10M/mc_normalized_rntuple_10M_30.h5,,auto,,5000,,,,,,,false,true,19,3507568,1,0,5,0.1599109172821045,0.0002694129943847656,19,184608.84210526315,0.6842105263157895,3,6,4,0,6,0,0,0,0,0,2
1609480,1609679,worker,321.5615200996399,False,hdf5,h5_tr_210.py,210,stream,M2,512,1,64,/pscratch/sd/s/satt/sprints/data/converted_10M/mc_normalized_rntuple_10M_30.h5,,auto,,5000,,,,,,,false,true,17,2342528,1,0,5,0.0681912899017334,0.0002543926239013672,17,137795.76470588235,0.7647058823529411,3,6,4,0,4,0,0,0,0,0,2
1609480,1609680,worker,321.5710458755493,False,hdf5,h5_tr_210.py,210,stream,M2,512,1,64,/pscratch/sd/s/satt/sprints/data/converted_10M/mc_normalized_rntuple_10M_30.h5,,auto,,5000,,,,,,,false,true,17,2342528,1,0,5,0.07692933082580566,0.00018548965454101562,17,137795.76470588235,0.7647058823529411,3,6,4,0,4,0,0,0,0,0,2
1609480,1609681,worker,321.55848503112793,False,hdf5,h5_tr_210.py,210,stream,M2,512,1,64,/pscratch/sd/s/satt/sprints/data/converted_10M/mc_normalized_rntuple_10M_30.h5,,auto,,5000,,,,,,,false,true,19,3507568,1,0,5,0.1347942352294922,0.00027370452880859375,19,184608.84210526315,0.6842105263157895,3,6,4,0,6,0,0,0,0,0,2
1609480,1609682,worker,321.55149102211,False,hdf5,h5_tr_210.py,210,stream,M2,512,1,64,/pscratch/sd/s/satt/sprints/data/converted_10M/mc_normalized_rntuple_10M_30.h5,,auto,,5000,,,,,,,false,true,17,2342528,1,0,5,0.09926509857177734,0.0002384185791015625,17,137795.76470588235,0.7647058823529411,3,6,4,0,4,0,0,0,0,0,2
1609480,1609683,worker,321.5428261756897,False,hdf5,h5_tr_210.py,210,stream,M2,512,1,64,/pscratch/sd/s/satt/sprints/data/converted_10M/mc_normalized_rntuple_10M_30.h5,,auto,,5000,,,,,,,false,true,17,2342528,1,0,5,0.08590316772460938,0.00024127960205078125,17,137795.76470588235,0.7647058823529411,3,6,4,0,4,0,0,0,0,0,2
1609480,1609684,worker,321.536568403244,False,hdf5,h5_tr_210.py,210,stream,M2,512,1,64,/pscratch/sd/s/satt/sprints/data/converted_10M/mc_normalized_rntuple_10M_30.h5,,auto,,5000,,,,,,,false,true,19,3507568,1,0,5,0.1615443229675293,0.00028586387634277344,19,184608.84210526315,0.6842105263157895,3,6,4,0,6,0,0,0,0,0,2
1609480,1609685,worker,321.5297269821167,False,hdf5,h5_tr_210.py,210,stream,M2,512,1,64,/pscratch/sd/s/satt/sprints/data/converted_10M/mc_normalized_rntuple_10M_30.h5,,auto,,5000,,,,,,,false,true,17,2342528,1,0,5,0.0673527717590332,0.0002460479736328125,17,137795.76470588235,0.7647058823529411,3,6,4,0,4,0,0,0,0,0,2
1609480,1609686,worker,321.5247712135315,False,hdf5,h5_tr_210.py,210,stream,M2,512,1,64,/pscratch/sd/s/satt/sprints/data/converted_10M/mc_normalized_rntuple_10M_30.h5,,auto,,5000,,,,,,,false,true,17,2342528,1,0,5,0.07607674598693848,0.0003192424774169922,17,137795.76470588235,0.7647058823529411,3,6,4,0,4,0,0,0,0,0,2
1609480,1609687,worker,321.5180311203003,False,hdf5,h5_tr_210.py,210,stream,M2,512,1,64,/pscratch/sd/s/satt/sprints/data/converted_10M/mc_normalized_rntuple_10M_30.h5,,auto,,5000,,,,,,,false,true,19,3507568,1,0,5,0.16054534912109375,0.0002586841583251953,19,184608.84210526315,0.6842105263157895,3,6,4,0,6,0,0,0,0,0,2
1609480,1609688,worker,321.4952929019928,False,hdf5,h5_tr_210.py,210,stream,M2,512,1,64,/pscratch/sd/s/satt/sprints/data/converted_10M/mc_normalized_rntuple_10M_30.h5,,auto,,5000,,,,,,,false,true,17,2342528,1,0,5,0.07445454597473145,0.00023746490478515625,17,137795.76470588235,0.7647058823529411,3,6,4,0,4,0,0,0,0,0,2
1609480,1609689,worker,321.509348154068,False,hdf5,h5_tr_210.py,210,stream,M2,512,1,64,/pscratch/sd/s/satt/sprints/data/converted_10M/mc_normalized_rntuple_10M_30.h5,,auto,,5000,,,,,,,false,true,17,2342528,1,0,5,0.08478593826293945,0.00023746490478515625,17,137795.76470588235,0.7647058823529411,3,6,4,0,4,0,0,0,0,0,2
1609480,1609690,worker,321.50592160224915,False,hdf5,h5_tr_210.py,210,stream,M2,512,1,64,/pscratch/sd/s/satt/sprints/data/converted_10M/mc_normalized_rntuple_10M_30.h5,,auto,,5000,,,,,,,false,true,19,3507568,1,0,5,0.16318130493164062,0.00030922889709472656,19,184608.84210526315,0.6842105263157895,3,6,4,0,6,0,0,0,0,0,2
1609480,1609691,worker,321.4969458580017,False,hdf5,h5_tr_210.py,210,stream,M2,512,1,64,/pscratch/sd/s/satt/sprints/data/converted_10M/mc_normalized_rntuple_10M_30.h5,,auto,,5000,,,,,,,false,true,17,2342528,1,0,5,0.1019594669342041,0.0005083084106445312,17,137795.76470588235,0.7647058823529411,3,6,4,0,4,0,0,0,0,0,2
1609480,1609692,worker,321.4914183616638,False,hdf5,h5_tr_210.py,210,stream,M2,512,1,64,/pscratch/sd/s/satt/sprints/data/converted_10M/mc_normalized_rntuple_10M_30.h5,,auto,,5000,,,,,,,false,true,17,2342528,1,0,5,0.0767064094543457,0.00038123130798339844,17,137795.76470588235,0.7647058823529411,3,6,4,0,4,0,0,0,0,0,2
1609480,1609693,worker,321.47480940818787,False,hdf5,h5_tr_210.py,210,stream,M2,512,1,64,/pscratch/sd/s/satt/sprints/data/converted_10M/mc_normalized_rntuple_10M_30.h5,,auto,,5000,,,,,,,false,true,19,3507568,1,0,5,0.1679706573486328,0.00039696693420410156,19,184608.84210526315,0.6842105263157895,3,6,4,0,6,0,0,0,0,0,2
1609480,1609694,worker,321.4677097797394,False,hdf5,h5_tr_210.py,210,stream,M2,512,1,64,/pscratch/sd/s/satt/sprints/data/converted_10M/mc_normalized_rntuple_10M_30.h5,,auto,,5000,,,,,,,false,true,17,2342528,1,0,5,0.11311626434326172,0.0003647804260253906,17,137795.76470588235,0.7647058823529411,3,6,4,0,4,0,0,0,0,0,2
1609480,1609695,worker,321.46777725219727,False,hdf5,h5_tr_210.py,210,stream,M2,512,1,64,/pscratch/sd/s/satt/sprints/data/converted_10M/mc_normalized_rntuple_10M_30.h5,,auto,,5000,,,,,,,false,true,17,2342528,1,0,5,0.10616779327392578,0.0003139972686767578,17,137795.76470588235,0.7647058823529411,3,6,4,0,4,0,0,0,0,0,2
1609480,1609696,worker,321.44465160369873,False,hdf5,h5_tr_210.py,210,stream,M2,512,1,64,/pscratch/sd/s/satt/sprints/data/converted_10M/mc_normalized_rntuple_10M_30.h5,,auto,,5000,,,,,,,false,true,19,3507568,1,0,5,0.15799617767333984,0.000774383544921875,19,184608.84210526315,0.6842105263157895,3,6,4,0,6,0,0,0,0,0,2
1609480,1609697,worker,321.4585907459259,False,hdf5,h5_tr_210.py,210,stream,M2,512,1,64,/pscratch/sd/s/satt/sprints/data/converted_10M/mc_normalized_rntuple_10M_30.h5,,auto,,5000,,,,,,,false,true,17,2342528,1,0,5,0.07297849655151367,0.0005936622619628906,17,137795.76470588235,0.7647058823529411,3,6,4,0,4,0,0,0,0,0,2
1609480,1609698,worker,321.43877053260803,False,hdf5,h5_tr_210.py,210,stream,M2,512,1,64,/pscratch/sd/s/satt/sprints/data/converted_10M/mc_normalized_rntuple_10M_30.h5,,auto,,5000,,,,,,,false,true,17,2342528,1,0,5,0.10728573799133301,0.0008089542388916016,17,137795.76470588235,0.7647058823529411,3,6,4,0,4,0,0,0,0,0,2
1609480,1609699,worker,321.44993138313293,False,hdf5,h5_tr_210.py,210,stream,M2,512,1,64,/pscratch/sd/s/satt/sprints/data/converted_10M/mc_normalized_rntuple_10M_30.h5,,auto,,5000,,,,,,,false,true,19,3507568,1,0,5,0.15796709060668945,0.0006797313690185547,19,184608.84210526315,0.6842105263157895,3,6,4,0,6,0,0,0,0,0,2
1609480,1609700,worker,321.43995332717896,False,hdf5,h5_tr_210.py,210,stream,M2,512,1,64,/pscratch/sd/s/satt/sprints/data/converted_10M/mc_normalized_rntuple_10M_30.h5,,auto,,5000,,,,,,,false,true,17,2342528,1,0,5,0.06407475471496582,0.0007300376892089844,17,137795.76470588235,0.7647058823529411,3,6,4,0,4,0,0,0,0,0,2
1609480,1609701,worker,321.4330711364746,False,hdf5,h5_tr_210.py,210,stream,M2,512,1,64,/pscratch/sd/s/satt/sprints/data/converted_10M/mc_normalized_rntuple_10M_30.h5,,auto,,5000,,,,,,,false,true,17,2342528,1,0,5,0.07222580909729004,0.0008080005645751953,17,137795.76470588235,0.7647058823529411,3,6,4,0,4,0,0,0,0,0,2
1609480,1609702,worker,321.4070861339569,False,hdf5,h5_tr_210.py,210,stream,M2,512,1,64,/pscratch/sd/s/satt/sprints/data/converted_10M/mc_normalized_rntuple_10M_30.h5,,auto,,5000,,,,,,,false,true,19,3507568,1,0,5,0.13123250007629395,0.0005457401275634766,19,184608.84210526315,0.6842105263157895,3,6,4,0,6,0,0,0,0,0,2
1609480,1609703,worker,321.4109206199646,False,hdf5,h5_tr_210.py,210,stream,M2,512,1,64,/pscratch/sd/s/satt/sprints/data/converted_10M/mc_normalized_rntuple_10M_30.h5,,auto,,5000,,,,,,,false,true,17,2342528,1,0,5,0.1128377914428711,0.000614166259765625,17,137795.76470588235,0.7647058823529411,3,6,4,0,4,0,0,0,0,0,2
1609480,1609704,worker,321.4138882160187,False,hdf5,h5_tr_210.py,210,stream,M2,512,1,64,/pscratch/sd/s/satt/sprints/data/converted_10M/mc_normalized_rntuple_10M_30.h5,,auto,,5000,,,,,,,false,true,17,2342528,1,0,5,0.12759017944335938,0.00046443939208984375,17,137795.76470588235,0.7647058823529411,3,6,4,0,4,0,0,0,0,0,2
1609480,1609705,worker,321.41170024871826,False,hdf5,h5_tr_210.py,210,stream,M2,512,1,64,/pscratch/sd/s/satt/sprints/data/converted_10M/mc_normalized_rntuple_10M_30.h5,,auto,,5000,,,,,,,false,true,19,3507568,1,0,5,0.17737913131713867,0.0008075237274169922,19,184608.84210526315,0.6842105263157895,3,6,4,0,6,0,0,0,0,0,2
1609480,1609706,worker,321.385719537735,False,hdf5,h5_tr_210.py,210,stream,M2,512,1,64,/pscratch/sd/s/satt/sprints/data/converted_10M/mc_normalized_rntuple_10M_30.h5,,auto,,5000,,,,,,,false,true,17,2342528,1,0,5,0.08905673027038574,0.0006549358367919922,17,137795.76470588235,0.7647058823529411,3,6,4,0,4,0,0,0,0,0,2
1609480,1609707,worker,321.39475893974304,False,hdf5,h5_tr_210.py,210,stream,M2,512,1,64,/pscratch/sd/s/satt/sprints/data/converted_10M/mc_normalized_rntuple_10M_30.h5,,auto,,5000,,,,,,,false,true,17,2342528,1,0,5,0.12119841575622559,0.0007443428039550781,17,137795.76470588235,0.7647058823529411,3,6,4,0,4,0,0,0,0,0,2
1609480,1609708,worker,321.3920147418976,False,hdf5,h5_tr_210.py,210,stream,M2,512,1,64,/pscratch/sd/s/satt/sprints/data/converted_10M/mc_normalized_rntuple_10M_30.h5,,auto,,5000,,,,,,,false,true,19,3507568,1,0,5,0.12987542152404785,0.0007634162902832031,19,184608.84210526315,0.6842105263157895,3,6,4,0,6,0,0,0,0,0,2
1609480,1609709,worker,321.38155794143677,False,hdf5,h5_tr_210.py,210,stream,M2,512,1,64,/pscratch/sd/s/satt/sprints/data/converted_10M/mc_normalized_rntuple_10M_30.h5,,auto,,5000,,,,,,,false,true,17,2342528,1,0,5,0.09021282196044922,0.0010280609130859375,17,137795.76470588235,0.7647058823529411,3,6,4,0,4,0,0,0,0,0,2
1609480,1609710,worker,321.3803005218506,False,hdf5,h5_tr_210.py,210,stream,M2,512,1,64,/pscratch/sd/s/satt/sprints/data/converted_10M/mc_normalized_rntuple_10M_30.h5,,auto,,5000,,,,,,,false,true,17,2342528,1,0,5,0.13671302795410156,0.0010404586791992188,17,137795.76470588235,0.7647058823529411,3,6,4,0,4,0,0,0,0,0,2
1609480,1609711,worker,321.3728668689728,False,hdf5,h5_tr_210.py,210,stream,M2,512,1,64,/pscratch/sd/s/satt/sprints/data/converted_10M/mc_normalized_rntuple_10M_30.h5,,auto,,5000,,,,,,,false,true,19,3507568,1,0,5,0.18144750595092773,0.000949859619140625,19,184608.84210526315,0.6842105263157895,3,6,4,0,6,0,0,0,0,0,2
1609480,1609712,worker,321.3470859527588,False,hdf5,h5_tr_210.py,210,stream,M2,512,1,64,/pscratch/sd/s/satt/sprints/data/converted_10M/mc_normalized_rntuple_10M_30.h5,,auto,,5000,,,,,,,false,true,17,2342528,1,0,5,0.11989879608154297,0.0010023117065429688,17,137795.76470588235,0.7647058823529411,3,6,4,0,4,0,0,0,0,0,2
1609480,1609713,worker,321.3565547466278,False,hdf5,h5_tr_210.py,210,stream,M2,512,1,64,/pscratch/sd/s/satt/sprints/data/converted_10M/mc_normalized_rntuple_10M_30.h5,,auto,,5000,,,,,,,false,true,17,2342528,1,0,5,0.1075291633605957,0.0009605884552001953,17,137795.76470588235,0.7647058823529411,3,6,4,0,4,0,0,0,0,0,2
1609480,1609714,worker,321.3492410182953,False,hdf5,h5_tr_210.py,210,stream,M2,512,1,64,/pscratch/sd/s/satt/sprints/data/converted_10M/mc_normalized_rntuple_10M_30.h5,,auto,,5000,,,,,,,false,true,19,3507568,1,0,5,0.15132880210876465,0.0008344650268554688,19,184608.84210526315,0.6842105263157895,3,6,4,0,6,0,0,0,0,0,2
1609480,1609715,worker,321.3443615436554,False,hdf5,h5_tr_210.py,210,stream,M2,512,1,64,/pscratch/sd/s/satt/sprints/data/converted_10M/mc_normalized_rntuple_10M_30.h5,,auto,,5000,,,,,,,false,true,19,2347240,1,0,5,0.15979909896850586,0.0005118846893310547,19,123538.94736842105,0.7894736842105263,3,6,6,0,4,0,0,0,0,0,2
1609480,1609716,worker,321.34044551849365,False,hdf5,h5_tr_210.py,210,stream,M2,512,1,64,/pscratch/sd/s/satt/sprints/data/converted_10M/mc_normalized_rntuple_10M_30.h5,,auto,,5000,,,,,,,false,true,19,3507568,1,0,5,0.15636348724365234,0.0007026195526123047,19,184608.84210526315,0.6842105263157895,3,6,4,0,6,0,0,0,0,0,2
1609480,1609717,worker,321.33602571487427,False,hdf5,h5_tr_210.py,210,stream,M2,512,1,64,/pscratch/sd/s/satt/sprints/data/converted_10M/mc_normalized_rntuple_10M_30.h5,,auto,,5000,,,,,,,false,true,17,2342528,1,0,5,0.12431526184082031,0.00045228004455566406,17,137795.76470588235,0.7647058823529411,3,6,4,0,4,0,0,0,0,0,2
1609480,1609718,worker,321.3196129798889,False,hdf5,h5_tr_210.py,210,stream,M2,512,1,64,/pscratch/sd/s/satt/sprints/data/converted_10M/mc_normalized_rntuple_10M_30.h5,,auto,,5000,,,,,,,false,true,17,2342528,1,0,5,0.15638089179992676,0.0004897117614746094,17,137795.76470588235,0.7647058823529411,3,6,4,0,4,0,0,0,0,0,2
1609480,1609719,worker,321.319198846817,False,hdf5,h5_tr_210.py,210,stream,M2,512,1,64,/pscratch/sd/s/satt/sprints/data/converted_10M/mc_normalized_rntuple_10M_30.h5,,auto,,5000,,,,,,,false,true,19,3507568,1,0,5,0.1806049346923828,0.0005762577056884766,19,184608.84210526315,0.6842105263157895,3,6,4,0,6,0,0,0,0,0,2
1609480,1609720,worker,321.2903175354004,False,hdf5,h5_tr_210.py,210,stream,M2,512,1,64,/pscratch/sd/s/satt/sprints/data/converted_10M/mc_normalized_rntuple_10M_30.h5,,auto,,5000,,,,,,,false,true,17,2342528,1,0,5,0.1269383430480957,0.00031876564025878906,17,137795.76470588235,0.7647058823529411,3,6,4,0,4,0,0,0,0,0,2
1609480,1609721,worker,321.3132498264313,False,hdf5,h5_tr_210.py,210,stream,M2,512,1,64,/pscratch/sd/s/satt/sprints/data/converted_10M/mc_normalized_rntuple_10M_30.h5,,auto,,5000,,,,,,,false,true,17,2342528,1,0,5,0.15446209907531738,0.00042557716369628906,17,137795.76470588235,0.7647058823529411,3,6,4,0,4,0,0,0,0,0,2
1609480,1609722,worker,321.29816198349,False,hdf5,h5_tr_210.py,210,stream,M2,512,1,64,/pscratch/sd/s/satt/sprints/data/converted_10M/mc_normalized_rntuple_10M_30.h5,,auto,,5000,,,,,,,false,true,19,3507568,1,0,5,0.16840839385986328,0.0003676414489746094,19,184608.84210526315,0.6842105263157895,3,6,4,0,6,0,0,0,0,0,2
1609480,1609723,worker,321.29307103157043,False,hdf5,h5_tr_210.py,210,stream,M2,512,1,64,/pscratch/sd/s/satt/sprints/data/converted_10M/mc_normalized_rntuple_10M_30.h5,,auto,,5000,,,,,,,false,true,17,2342528,1,0,5,0.1279001235961914,0.00038552284240722656,17,137795.76470588235,0.7647058823529411,3,6,4,0,4,0,0,0,0,0,2
1609480,1609724,worker,321.2860817909241,False,hdf5,h5_tr_210.py,210,stream,M2,512,1,64,/pscratch/sd/s/satt/sprints/data/converted_10M/mc_normalized_rntuple_10M_30.h5,,auto,,5000,,,,,,,false,true,17,2342528,1,0,5,0.15240073204040527,0.0003325939178466797,17,137795.76470588235,0.7647058823529411,3,6,4,0,4,0,0,0,0,0,2
1609480,1609725,worker,321.27986669540405,False,hdf5,h5_tr_210.py,210,stream,M2,512,1,64,/pscratch/sd/s/satt/sprints/data/converted_10M/mc_normalized_rntuple_10M_30.h5,,auto,,5000,,,,,,,false,true,19,3507568,1,0,5,0.1380460262298584,0.0003902912139892578,19,184608.84210526315,0.6842105263157895,3,6,4,0,6,0,0,0,0,0,2
1609480,1609726,worker,321.27285838127136,False,hdf5,h5_tr_210.py,210,stream,M2,512,1,64,/pscratch/sd/s/satt/sprints/data/converted_10M/mc_normalized_rntuple_10M_30.h5,,auto,,5000,,,,,,,false,true,17,2342528,1,0,5,0.11950349807739258,0.0005197525024414062,17,137795.76470588235,0.7647058823529411,3,6,4,0,4,0,0,0,0,0,2
1609480,1609727,worker,321.2709491252899,False,hdf5,h5_tr_210.py,210,stream,M2,512,1,64,/pscratch/sd/s/satt/sprints/data/converted_10M/mc_normalized_rntuple_10M_30.h5,,auto,,5000,,,,,,,false,true,17,2342528,1,0,5,0.12137389183044434,0.0006356239318847656,17,137795.76470588235,0.7647058823529411,3,6,4,0,4,0,0,0,0,0,2
1609480,1609728,worker,321.23886489868164,False,hdf5,h5_tr_210.py,210,stream,M2,512,1,64,/pscratch/sd/s/satt/sprints/data/converted_10M/mc_normalized_rntuple_10M_30.h5,,auto,,5000,,,,,,,false,true,19,3507568,1,0,5,0.16225457191467285,0.0005464553833007812,19,184608.84210526315,0.6842105263157895,3,6,4,0,6,0,0,0,0,0,2
1609480,1609729,worker,321.2574472427368,False,hdf5,h5_tr_210.py,210,stream,M2,512,1,64,/pscratch/sd/s/satt/sprints/data/converted_10M/mc_normalized_rntuple_10M_30.h5,,auto,,5000,,,,,,,false,true,17,2342528,1,0,5,0.12426471710205078,0.0003998279571533203,17,137795.76470588235,0.7647058823529411,3,6,4,0,4,0,0,0,0,0,2
1609480,1609730,worker,321.2319984436035,False,hdf5,h5_tr_210.py,210,stream,M2,512,1,64,/pscratch/sd/s/satt/sprints/data/converted_10M/mc_normalized_rntuple_10M_30.h5,,auto,,5000,,,,,,,false,true,17,2342528,1,0,5,0.12509489059448242,0.00031304359436035156,17,137795.76470588235,0.7647058823529411,3,6,4,0,4,0,0,0,0,0,2
1609480,1609731,worker,321.2242124080658,False,hdf5,h5_tr_210.py,210,stream,M2,512,1,64,/pscratch/sd/s/satt/sprints/data/converted_10M/mc_normalized_rntuple_10M_30.h5,,auto,,5000,,,,,,,false,true,19,3507568,1,0,5,0.1323537826538086,0.0005540847778320312,19,184608.84210526315,0.6842105263157895,3,6,4,0,6,0,0,0,0,0,2
1609480,1609732,worker,321.2128052711487,False,hdf5,h5_tr_210.py,210,stream,M2,512,1,64,/pscratch/sd/s/satt/sprints/data/converted_10M/mc_normalized_rntuple_10M_30.h5,,auto,,5000,,,,,,,false,true,17,2342528,1,0,5,0.13172125816345215,0.00030994415283203125,17,137795.76470588235,0.7647058823529411,3,6,4,0,4,0,0,0,0,0,2
1609480,1609733,worker,321.2345049381256,False,hdf5,h5_tr_210.py,210,stream,M2,512,1,64,/pscratch/sd/s/satt/sprints/data/converted_10M/mc_normalized_rntuple_10M_30.h5,,auto,,5000,,,,,,,false,true,17,2342528,1,0,5,0.1259920597076416,0.0004169940948486328,17,137795.76470588235,0.7647058823529411,3,6,4,0,4,0,0,0,0,0,2
1609480,1609734,worker,321.22351002693176,False,hdf5,h5_tr_210.py,210,stream,M2,512,1,64,/pscratch/sd/s/satt/sprints/data/converted_10M/mc_normalized_rntuple_10M_30.h5,,auto,,5000,,,,,,,false,true,19,3507568,1,0,5,0.17403507232666016,0.00039196014404296875,19,184608.84210526315,0.6842105263157895,3,6,4,0,6,0,0,0,0,0,2
1609480,1609735,worker,321.21824741363525,False,hdf5,h5_tr_210.py,210,stream,M2,512,1,64,/pscratch/sd/s/satt/sprints/data/converted_10M/mc_normalized_rntuple_10M_30.h5,,auto,,5000,,,,,,,false,true,17,2342528,1,0,5,0.13089489936828613,0.0003018379211425781,17,137795.76470588235,0.7647058823529411,3,6,4,0,4,0,0,0,0,0,2
1609480,1609736,worker,321.21539974212646,False,hdf5,h5_tr_210.py,210,stream,M2,512,1,64,/pscratch/sd/s/satt/sprints/data/converted_10M/mc_normalized_rntuple_10M_30.h5,,auto,,5000,,,,,,,false,true,17,2342528,1,0,5,0.15125417709350586,0.0002460479736328125,17,137795.76470588235,0.7647058823529411,3,6,4,0,4,0,0,0,0,0,2
1609480,1609737,worker,321.1953010559082,False,hdf5,h5_tr_210.py,210,stream,M2,512,1,64,/pscratch/sd/s/satt/sprints/data/converted_10M/mc_normalized_rntuple_10M_30.h5,,auto,,5000,,,,,,,false,true,19,3507568,1,0,5,0.13097524642944336,0.0002868175506591797,19,184608.84210526315,0.6842105263157895,3,6,4,0,6,0,0,0,0,0,2
1609480,1609738,worker,321.19742345809937,False,hdf5,h5_tr_210.py,210,stream,M2,512,1,64,/pscratch/sd/s/satt/sprints/data/converted_10M/mc_normalized_rntuple_10M_30.h5,,auto,,5000,,,,,,,false,true,17,2342528,1,0,5,0.12290549278259277,0.00023221969604492188,17,137795.76470588235,0.7647058823529411,3,6,4,0,4,0,0,0,0,0,2
1609480,1609739,worker,321.1912806034088,False,hdf5,h5_tr_210.py,210,stream,M2,512,1,64,/pscratch/sd/s/satt/sprints/data/converted_10M/mc_normalized_rntuple_10M_30.h5,,auto,,5000,,,,,,,false,true,17,2342528,1,0,5,0.15608644485473633,0.0002243518829345703,17,137795.76470588235,0.7647058823529411,3,6,4,0,4,0,0,0,0,0,2
1609480,1609740,worker,321.1934745311737,False,hdf5,h5_tr_210.py,210,stream,M2,512,1,64,/pscratch/sd/s/satt/sprints/data/converted_10M/mc_normalized_rntuple_10M_30.h5,,auto,,5000,,,,,,,false,true,19,3507568,1,0,5,0.17502045631408691,0.00022172927856445312,19,184608.84210526315,0.6842105263157895,3,6,4,0,6,0,0,0,0,0,2
1609480,1609741,worker,321.1786570549011,False,hdf5,h5_tr_210.py,210,stream,M2,512,1,64,/pscratch/sd/s/satt/sprints/data/converted_10M/mc_normalized_rntuple_10M_30.h5,,auto,,5000,,,,,,,false,true,17,2342528,1,0,5,0.10753369331359863,0.00019931793212890625,17,137795.76470588235,0.7647058823529411,3,6,4,0,4,0,0,0,0,0,2
1609480,1609742,worker,321.16823077201843,False,hdf5,h5_tr_210.py,210,stream,M2,512,1,64,/pscratch/sd/s/satt/sprints/data/converted_10M/mc_normalized_rntuple_10M_30.h5,,auto,,5000,,,,,,,false,true,17,2342528,1,0,5,0.1141209602355957,0.0001976490020751953,17,137795.76470588235,0.7647058823529411,3,6,4,0,4,0,0,0,0,0,2
1609480,1609743,worker,321.16623044013977,False,hdf5,h5_tr_210.py,210,stream,M2,512,1,64,/pscratch/sd/s/satt/sprints/data/converted_10M/mc_normalized_rntuple_10M_30.h5,,auto,,5000,,,,,,,false,true,19,3507568,1,0,5,0.13864612579345703,0.00019598007202148438,19,184608.84210526315,0.6842105263157895,3,6,4,0,6,0,0,0,0,0,2
1609480,1609744,worker,321.1633126735687,False,hdf5,h5_tr_210.py,210,stream,M2,512,1,64,/pscratch/sd/s/satt/sprints/data/converted_10M/mc_normalized_rntuple_10M_30.h5,,auto,,5000,,,,,,,false,true,17,2342528,1,0,5,0.11566448211669922,0.0002143383026123047,17,137795.76470588235,0.7647058823529411,3,6,4,0,4,0,0,0,0,0,2
1609480,1609745,worker,321.1264097690582,False,hdf5,h5_tr_210.py,210,stream,M2,512,1,64,/pscratch/sd/s/satt/sprints/data/converted_10M/mc_normalized_rntuple_10M_30.h5,,auto,,5000,,,,,,,false,true,17,2342528,1,0,5,0.12255978584289551,0.00016355514526367188,17,137795.76470588235,0.7647058823529411,3,6,4,0,4,0,0,0,0,0,2
1609480,1609746,worker,321.145711183548,False,hdf5,h5_tr_210.py,210,stream,M2,512,1,64,/pscratch/sd/s/satt/sprints/data/converted_10M/mc_normalized_rntuple_10M_30.h5,,auto,,5000,,,,,,,false,true,19,3507568,1,0,5,0.12741971015930176,0.00017690658569335938,19,184608.84210526315,0.6842105263157895,3,6,4,0,6,0,0,0,0,0,2
1609480,1609747,worker,321.12511825561523,False,hdf5,h5_tr_210.py,210,stream,M2,512,1,64,/pscratch/sd/s/satt/sprints/data/converted_10M/mc_normalized_rntuple_10M_30.h5,,auto,,5000,,,,,,,false,true,17,2342528,1,0,5,0.08572244644165039,0.00014710426330566406,17,137795.76470588235,0.7647058823529411,3,6,4,0,4,0,0,0,0,0,2
1609480,1609748,worker,321.1356613636017,False,hdf5,h5_tr_210.py,210,stream,M2,512,1,64,/pscratch/sd/s/satt/sprints/data/converted_10M/mc_normalized_rntuple_10M_30.h5,,auto,,5000,,,,,,,false,true,17,2342528,1,0,5,0.09328389167785645,0.0001361370086669922,17,137795.76470588235,0.7647058823529411,3,6,4,0,4,0,0,0,0,0,2
1609480,1609749,worker,321.1124188899994,False,hdf5,h5_tr_210.py,210,stream,M2,512,1,64,/pscratch/sd/s/satt/sprints/data/converted_10M/mc_normalized_rntuple_10M_30.h5,,auto,,5000,,,,,,,false,true,19,3507568,1,0,5,0.12381768226623535,0.0001533031463623047,19,184608.84210526315,0.6842105263157895,3,6,4,0,6,0,0,0,0,0,2
1609480,1609750,worker,321.1110005378723,False,hdf5,h5_tr_210.py,210,stream,M2,512,1,64,/pscratch/sd/s/satt/sprints/data/converted_10M/mc_normalized_rntuple_10M_30.h5,,auto,,5000,,,,,,,false,true,17,2342528,1,0,5,0.09323740005493164,0.00015211105346679688,17,137795.76470588235,0.7647058823529411,3,6,4,0,4,0,0,0,0,0,2
1609480,1609751,worker,321.11463165283203,False,hdf5,h5_tr_210.py,210,stream,M2,512,1,64,/pscratch/sd/s/satt/sprints/data/converted_10M/mc_normalized_rntuple_10M_30.h5,,auto,,5000,,,,,,,false,true,17,2342528,1,0,5,0.1321103572845459,0.00014662742614746094,17,137795.76470588235,0.7647058823529411,3,6,4,0,4,0,0,0,0,0,2
1609480,1609752,worker,321.106032371521,False,hdf5,h5_tr_210.py,210,stream,M2,512,1,64,/pscratch/sd/s/satt/sprints/data/converted_10M/mc_normalized_rntuple_10M_30.h5,,auto,,5000,,,,,,,false,true,19,3507568,1,0,5,0.12492513656616211,0.00017380714416503906,19,184608.84210526315,0.6842105263157895,3,6,4,0,6,0,0,0,0,0,2
1609480,1609753,worker,321.1003351211548,False,hdf5,h5_tr_210.py,210,stream,M2,512,1,64,/pscratch/sd/s/satt/sprints/data/converted_10M/mc_normalized_rntuple_10M_30.h5,,auto,,5000,,,,,,,false,true,17,2342528,1,0,5,0.11547064781188965,0.00014901161193847656,17,137795.76470588235,0.7647058823529411,3,6,4,0,4,0,0,0,0,0,2
1609480,1609754,worker,321.0965588092804,False,hdf5,h5_tr_210.py,210,stream,M2,512,1,64,/pscratch/sd/s/satt/sprints/data/converted_10M/mc_normalized_rntuple_10M_30.h5,,auto,,5000,,,,,,,false,true,17,2342528,1,0,5,0.14265823364257812,0.00015044212341308594,17,137795.76470588235,0.7647058823529411,3,6,4,0,4,0,0,0,0,0,2
1609480,1609755,worker,321.08797097206116,False,hdf5,h5_tr_210.py,210,stream,M2,512,1,64,/pscratch/sd/s/satt/sprints/data/converted_10M/mc_normalized_rntuple_10M_30.h5,,auto,,5000,,,,,,,false,true,19,3507568,1,0,5,0.17200827598571777,0.00014209747314453125,19,184608.84210526315,0.6842105263157895,3,6,4,0,6,0,0,0,0,0,2
1609480,1609756,worker,321.0806772708893,False,hdf5,h5_tr_210.py,210,stream,M2,512,1,64,/pscratch/sd/s/satt/sprints/data/converted_10M/mc_normalized_rntuple_10M_30.h5,,auto,,5000,,,,,,,false,true,17,2342528,1,0,5,0.11526775360107422,0.0001537799835205078,17,137795.76470588235,0.7647058823529411,3,6,4,0,4,0,0,0,0,0,2
1609480,1609757,worker,321.0493862628937,False,hdf5,h5_tr_210.py,210,stream,M2,512,1,64,/pscratch/sd/s/satt/sprints/data/converted_10M/mc_normalized_rntuple_10M_30.h5,,auto,,5000,,,,,,,false,true,21,3512280,1,0,5,0.15180206298828125,0.0001800060272216797,21,167251.42857142858,0.7142857142857143,3,6,6,0,6,0,0,0,0,0,2
1609480,1609758,worker,321.07429003715515,False,hdf5,h5_tr_210.py,210,stream,M2,512,1,64,/pscratch/sd/s/satt/sprints/data/converted_10M/mc_normalized_rntuple_10M_30.h5,,auto,,5000,,,,,,,false,true,17,2342528,1,0,5,0.1173410415649414,0.00014162063598632812,17,137795.76470588235,0.7647058823529411,3,6,4,0,4,0,0,0,0,0,2
1609480,1609759,worker,321.06208205223083,False,hdf5,h5_tr_210.py,210,stream,M2,512,1,64,/pscratch/sd/s/satt/sprints/data/converted_10M/mc_normalized_rntuple_10M_30.h5,,auto,,5000,,,,,,,false,true,17,2342528,1,0,5,0.09505176544189453,0.0001609325408935547,17,137795.76470588235,0.7647058823529411,3,6,4,0,4,0,0,0,0,0,2
1609480,1609760,worker,321.0545904636383,False,hdf5,h5_tr_210.py,210,stream,M2,512,1,64,/pscratch/sd/s/satt/sprints/data/converted_10M/mc_normalized_rntuple_10M_30.h5,,auto,,5000,,,,,,,false,true,19,3507568,1,0,5,0.14503717422485352,0.00013566017150878906,19,184608.84210526315,0.6842105263157895,3,6,4,0,6,0,0,0,0,0,2
1609480,1609761,worker,321.04869747161865,False,hdf5,h5_tr_210.py,210,stream,M2,512,1,64,/pscratch/sd/s/satt/sprints/data/converted_10M/mc_normalized_rntuple_10M_30.h5,,auto,,5000,,,,,,,false,true,17,2342528,1,0,5,0.11731910705566406,0.00014019012451171875,17,137795.76470588235,0.7647058823529411,3,6,4,0,4,0,0,0,0,0,2
1609480,1609762,worker,321.0421516895294,False,hdf5,h5_tr_210.py,210,stream,M2,512,1,64,/pscratch/sd/s/satt/sprints/data/converted_10M/mc_normalized_rntuple_10M_30.h5,,auto,,5000,,,,,,,false,true,17,2342528,1,0,5,0.09571719169616699,0.0001537799835205078,17,137795.76470588235,0.7647058823529411,3,6,4,0,4,0,0,0,0,0,2
1609480,1609763,worker,321.0386161804199,False,hdf5,h5_tr_210.py,210,stream,M2,512,1,64,/pscratch/sd/s/satt/sprints/data/converted_10M/mc_normalized_rntuple_10M_30.h5,,auto,,5000,,,,,,,false,true,19,3507568,1,0,5,0.16466474533081055,0.0001404285430908203,19,184608.84210526315,0.6842105263157895,3,6,4,0,6,0,0,0,0,0,2
1609480,1609764,worker,321.0222997665405,False,hdf5,h5_tr_210.py,210,stream,M2,512,1,64,/pscratch/sd/s/satt/sprints/data/converted_10M/mc_normalized_rntuple_10M_30.h5,,auto,,5000,,,,,,,false,true,17,2342528,1,0,5,0.11735320091247559,0.00018453598022460938,17,137795.76470588235,0.7647058823529411,3,6,4,0,4,0,0,0,0,0,2
1609480,1609765,worker,321.0253565311432,False,hdf5,h5_tr_210.py,210,stream,M2,512,1,64,/pscratch/sd/s/satt/sprints/data/converted_10M/mc_normalized_rntuple_10M_30.h5,,auto,,5000,,,,,,,false,true,17,2342528,1,0,5,0.12389755249023438,0.0006172657012939453,17,137795.76470588235,0.7647058823529411,3,6,4,0,4,0,0,0,0,0,2
1609480,1609766,worker,321.01849341392517,False,hdf5,h5_tr_210.py,210,stream,M2,512,1,64,/pscratch/sd/s/satt/sprints/data/converted_10M/mc_normalized_rntuple_10M_30.h5,,auto,,5000,,,,,,,false,true,19,3507568,1,0,5,0.14142799377441406,0.00018906593322753906,19,184608.84210526315,0.6842105263157895,3,6,4,0,6,0,0,0,0,0,2
1609480,1609767,worker,320.9830849170685,False,hdf5,h5_tr_210.py,210,stream,M2,512,1,64,/pscratch/sd/s/satt/sprints/data/converted_10M/mc_normalized_rntuple_10M_30.h5,,auto,,5000,,,,,,,false,true,17,2342528,1,0,5,0.1181037425994873,0.0001552104949951172,17,137795.76470588235,0.7647058823529411,3,6,4,0,4,0,0,0,0,0,2
1609480,1609768,worker,320.97996616363525,False,hdf5,h5_tr_210.py,210,stream,M2,512,1,64,/pscratch/sd/s/satt/sprints/data/converted_10M/mc_normalized_rntuple_10M_30.h5,,auto,,5000,,,,,,,false,true,17,2342528,1,0,5,0.12262701988220215,0.00036978721618652344,17,137795.76470588235,0.7647058823529411,3,6,4,0,4,0,0,0,0,0,2
1609480,1609769,worker,320.9748685359955,False,hdf5,h5_tr_210.py,210,stream,M2,512,1,64,/pscratch/sd/s/satt/sprints/data/converted_10M/mc_normalized_rntuple_10M_30.h5,,auto,,5000,,,,,,,false,true,19,3507568,1,0,5,0.12737035751342773,0.0009353160858154297,19,184608.84210526315,0.6842105263157895,3,6,4,0,6,0,0,0,0,0,2
1609480,1609770,worker,320.9729027748108,False,hdf5,h5_tr_210.py,210,stream,M2,512,1,64,/pscratch/sd/s/satt/sprints/data/converted_10M/mc_normalized_rntuple_10M_30.h5,,auto,,5000,,,,,,,false,true,17,2342528,1,0,5,0.11778473854064941,0.0013289451599121094,17,137795.76470588235,0.7647058823529411,3,6,4,0,4,0,0,0,0,0,2
1609480,1609771,worker,320.99024963378906,False,hdf5,h5_tr_210.py,210,stream,M2,512,1,64,/pscratch/sd/s/satt/sprints/data/converted_10M/mc_normalized_rntuple_10M_30.h5,,auto,,5000,,,,,,,false,true,17,2342528,1,0,5,0.11503934860229492,0.0017061233520507812,17,137795.76470588235,0.7647058823529411,3,6,4,0,4,0,0,0,0,0,2
1609480,1609772,worker,320.9498507976532,False,hdf5,h5_tr_210.py,210,stream,M2,512,1,64,/pscratch/sd/s/satt/sprints/data/converted_10M/mc_normalized_rntuple_10M_30.h5,,auto,,5000,,,,,,,false,true,19,3507568,1,0,5,0.12117171287536621,0.0009233951568603516,19,184608.84210526315,0.6842105263157895,3,6,4,0,6,0,0,0,0,0,2
1609480,1609773,worker,320.9717195034027,False,hdf5,h5_tr_210.py,210,stream,M2,512,1,64,/pscratch/sd/s/satt/sprints/data/converted_10M/mc_normalized_rntuple_10M_30.h5,,auto,,5000,,,,,,,false,true,17,2342528,1,0,5,0.11292314529418945,0.0014774799346923828,17,137795.76470588235,0.7647058823529411,3,6,4,0,4,0,0,0,0,0,2
1609480,1609774,worker,320.96459579467773,False,hdf5,h5_tr_210.py,210,stream,M2,512,1,64,/pscratch/sd/s/satt/sprints/data/converted_10M/mc_normalized_rntuple_10M_30.h5,,auto,,5000,,,,,,,false,true,17,2342528,1,0,5,0.11483216285705566,0.003023862838745117,17,137795.76470588235,0.7647058823529411,3,6,4,0,4,0,0,0,0,0,2
1609480,1609775,worker,320.96924209594727,False,hdf5,h5_tr_210.py,210,stream,M2,512,1,64,/pscratch/sd/s/satt/sprints/data/converted_10M/mc_normalized_rntuple_10M_30.h5,,auto,,5000,,,,,,,false,true,19,3507568,1,0,5,0.14843082427978516,0.0033257007598876953,19,184608.84210526315,0.6842105263157895,3,6,4,0,6,0,0,0,0,0,2
1609480,1609776,worker,320.95243549346924,False,hdf5,h5_tr_210.py,210,stream,M2,512,1,64,/pscratch/sd/s/satt/sprints/data/converted_10M/mc_normalized_rntuple_10M_30.h5,,auto,,5000,,,,,,,false,true,17,2342528,1,0,5,0.09363460540771484,0.0030701160430908203,17,137795.76470588235,0.7647058823529411,3,6,4,0,4,0,0,0,0,0,2
1609480,1609777,worker,320.94591188430786,False,hdf5,h5_tr_210.py,210,stream,M2,512,1,64,/pscratch/sd/s/satt/sprints/data/converted_10M/mc_normalized_rntuple_10M_30.h5,,auto,,5000,,,,,,,false,true,17,2342528,1,0,5,0.10859274864196777,0.00777745246887207,17,137795.76470588235,0.7647058823529411,3,6,4,0,4,0,0,0,0,0,2
1609480,1609778,worker,320.939790725708,False,hdf5,h5_tr_210.py,210,stream,M2,512,1,64,/pscratch/sd/s/satt/sprints/data/converted_10M/mc_normalized_rntuple_10M_30.h5,,auto,,5000,,,,,,,false,true,19,3507568,1,0,5,0.11819744110107422,0.005648612976074219,19,184608.84210526315,0.6842105263157895,3,6,4,0,6,0,0,0,0,0,2
1609480,1609779,worker,320.922563791275,False,hdf5,h5_tr_210.py,210,stream,M2,512,1,64,/pscratch/sd/s/satt/sprints/data/converted_10M/mc_normalized_rntuple_10M_30.h5,,auto,,5000,,,,,,,false,true,17,2342528,1,0,5,0.0852973461151123,0.005052804946899414,17,137795.76470588235,0.7647058823529411,3,6,4,0,4,0,0,0,0,0,2
1609480,1609780,worker,320.93210315704346,False,hdf5,h5_tr_210.py,210,stream,M2,512,1,64,/pscratch/sd/s/satt/sprints/data/converted_10M/mc_normalized_rntuple_10M_30.h5,,auto,,5000,,,,,,,false,true,17,2342528,1,0,5,0.09351181983947754,0.003863096237182617,17,137795.76470588235,0.7647058823529411,3,6,4,0,4,0,0,0,0,0,2
1609480,1609781,worker,320.9237096309662,False,hdf5,h5_tr_210.py,210,stream,M2,512,1,64,/pscratch/sd/s/satt/sprints/data/converted_10M/mc_normalized_rntuple_10M_30.h5,,auto,,5000,,,,,,,false,true,19,3507568,1,0,5,0.15017485618591309,0.0037870407104492188,19,184608.84210526315,0.6842105263157895,3,6,4,0,6,0,0,0,0,0,2
1609480,1609782,worker,320.91546988487244,False,hdf5,h5_tr_210.py,210,stream,M2,512,1,64,/pscratch/sd/s/satt/sprints/data/converted_10M/mc_normalized_rntuple_10M_30.h5,,auto,,5000,,,,,,,false,true,17,2342528,1,0,5,0.13193440437316895,0.004476308822631836,17,137795.76470588235,0.7647058823529411,3,6,4,0,4,0,0,0,0,0,2
1609480,1609783,worker,320.8917510509491,False,hdf5,h5_tr_210.py,210,stream,M2,512,1,64,/pscratch/sd/s/satt/sprints/data/converted_10M/mc_normalized_rntuple_10M_30.h5,,auto,,5000,,,,,,,false,true,17,2342528,1,0,5,0.1302027702331543,0.00414729118347168,17,137795.76470588235,0.7647058823529411,3,6,4,0,4,0,0,0,0,0,2
1609480,1609784,worker,320.90028142929077,False,hdf5,h5_tr_210.py,210,stream,M2,512,1,64,/pscratch/sd/s/satt/sprints/data/converted_10M/mc_normalized_rntuple_10M_30.h5,,auto,,5000,,,,,,,false,true,19,3507568,1,0,5,0.17760276794433594,0.004958629608154297,19,184608.84210526315,0.6842105263157895,3,6,4,0,6,0,0,0,0,0,2
1609480,1609785,worker,320.89073872566223,False,hdf5,h5_tr_210.py,210,stream,M2,512,1,64,/pscratch/sd/s/satt/sprints/data/converted_10M/mc_normalized_rntuple_10M_30.h5,,auto,,5000,,,,,,,false,true,17,2342528,1,0,5,0.1140596866607666,0.004962921142578125,17,137795.76470588235,0.7647058823529411,3,6,4,0,4,0,0,0,0,0,2
1609480,1609786,worker,320.88500475883484,False,hdf5,h5_tr_210.py,210,stream,M2,512,1,64,/pscratch/sd/s/satt/sprints/data/converted_10M/mc_normalized_rntuple_10M_30.h5,,auto,,5000,,,,,,,false,true,17,2342528,1,0,5,0.1409289836883545,0.006452322006225586,17,137795.76470588235,0.7647058823529411,3,6,4,0,4,0,0,0,0,0,2
1609480,1609787,worker,320.85450530052185,False,hdf5,h5_tr_210.py,210,stream,M2,512,1,64,/pscratch/sd/s/satt/sprints/data/converted_10M/mc_normalized_rntuple_10M_30.h5,,auto,,5000,,,,,,,false,true,19,3507568,1,0,5,0.1237950325012207,0.004943132400512695,19,184608.84210526315,0.6842105263157895,3,6,4,0,6,0,0,0,0,0,2
1609480,1609788,worker,320.8424508571625,False,hdf5,h5_tr_210.py,210,stream,M2,512,1,64,/pscratch/sd/s/satt/sprints/data/converted_10M/mc_normalized_rntuple_10M_30.h5,,auto,,5000,,,,,,,false,true,17,2342528,1,0,5,0.0834050178527832,0.00890493392944336,17,137795.76470588235,0.7647058823529411,3,6,4,0,4,0,0,0,0,0,2
1609480,1609789,worker,320.8657371997833,False,hdf5,h5_tr_210.py,210,stream,M2,512,1,64,/pscratch/sd/s/satt/sprints/data/converted_10M/mc_normalized_rntuple_10M_30.h5,,auto,,5000,,,,,,,false,true,17,2342528,1,0,5,0.11509084701538086,0.006340980529785156,17,137795.76470588235,0.7647058823529411,3,6,4,0,4,0,0,0,0,0,2
1609480,1609790,worker,320.85821437835693,False,hdf5,h5_tr_210.py,210,stream,M2,512,1,64,/pscratch/sd/s/satt/sprints/data/converted_10M/mc_normalized_rntuple_10M_30.h5,,auto,,5000,,,,,,,false,true,19,3507568,1,0,5,0.11881160736083984,0.007634162902832031,19,184608.84210526315,0.6842105263157895,3,6,4,0,6,0,0,0,0,0,2
1609480,1609791,worker,320.85920810699463,False,hdf5,h5_tr_210.py,210,stream,M2,512,1,64,/pscratch/sd/s/satt/sprints/data/converted_10M/mc_normalized_rntuple_10M_30.h5,,auto,,5000,,,,,,,false,true,17,2342528,1,0,5,0.08575725555419922,0.005886554718017578,17,137795.76470588235,0.7647058823529411,3,6,4,0,4,0,0,0,0,0,2
1609480,1609792,worker,320.8484842777252,False,hdf5,h5_tr_210.py,210,stream,M2,512,1,64,/pscratch/sd/s/satt/sprints/data/converted_10M/mc_normalized_rntuple_10M_30.h5,,auto,,5000,,,,,,,false,true,17,2342528,1,0,5,0.08510231971740723,0.00914907455444336,17,137795.76470588235,0.7647058823529411,3,6,4,0,4,0,0,0,0,0,2
1609480,1609793,worker,320.8434262275696,False,hdf5,h5_tr_210.py,210,stream,M2,512,1,64,/pscratch/sd/s/satt/sprints/data/converted_10M/mc_normalized_rntuple_10M_30.h5,,auto,,5000,,,,,,,false,true,19,3507568,1,0,5,0.1732492446899414,0.006745576858520508,19,184608.84210526315,0.6842105263157895,3,6,4,0,6,0,0,0,0,0,2
1609480,1609794,worker,320.8013310432434,False,hdf5,h5_tr_210.py,210,stream,M2,512,1,64,/pscratch/sd/s/satt/sprints/data/converted_10M/mc_normalized_rntuple_10M_30.h5,,auto,,5000,,,,,,,false,true,17,2342528,1,0,5,0.11380887031555176,0.006186008453369141,17,137795.76470588235,0.7647058823529411,3,6,4,0,4,0,0,0,0,0,2
1609480,1609795,worker,320.815146446228,False,hdf5,h5_tr_210.py,210,stream,M2,512,1,64,/pscratch/sd/s/satt/sprints/data/converted_10M/mc_normalized_rntuple_10M_30.h5,,auto,,5000,,,,,,,false,true,17,2342528,1,0,5,0.13847970962524414,0.0074651241302490234,17,137795.76470588235,0.7647058823529411,3,6,4,0,4,0,0,0,0,0,2
1609480,1609796,worker,320.79377579689026,False,hdf5,h5_tr_210.py,210,stream,M2,512,1,64,/pscratch/sd/s/satt/sprints/data/converted_10M/mc_normalized_rntuple_10M_30.h5,,auto,,5000,,,,,,,false,true,19,3507568,1,0,5,0.14366722106933594,0.00726318359375,19,184608.84210526315,0.6842105263157895,3,6,4,0,6,0,0,0,0,0,2
1609480,1609797,worker,320.81011414527893,False,hdf5,h5_tr_210.py,210,stream,M2,512,1,64,/pscratch/sd/s/satt/sprints/data/converted_10M/mc_normalized_rntuple_10M_30.h5,,auto,,5000,,,,,,,false,true,17,2342528,1,0,5,0.1168966293334961,0.007730007171630859,17,137795.76470588235,0.7647058823529411,3,6,4,0,4,0,0,0,0,0,2
1609480,1609798,worker,320.8059380054474,False,hdf5,h5_tr_210.py,210,stream,M2,512,1,64,/pscratch/sd/s/satt/sprints/data/converted_10M/mc_normalized_rntuple_10M_30.h5,,auto,,5000,,,,,,,false,true,17,2342528,1,0,5,0.11334705352783203,0.007880926132202148,17,137795.76470588235,0.7647058823529411,3,6,4,0,4,0,0,0,0,0,2
1609480,1609799,worker,320.8023798465729,False,hdf5,h5_tr_210.py,210,stream,M2,512,1,64,/pscratch/sd/s/satt/sprints/data/converted_10M/mc_normalized_rntuple_10M_30.h5,,auto,,5000,,,,,,,false,true,19,3507568,1,0,5,0.14268827438354492,0.007561445236206055,19,184608.84210526315,0.6842105263157895,3,6,4,0,6,0,0,0,0,0,2
1609480,1609800,worker,320.79273867607117,False,hdf5,h5_tr_210.py,210,stream,M2,512,1,64,/pscratch/sd/s/satt/sprints/data/converted_10M/mc_normalized_rntuple_10M_30.h5,,auto,,5000,,,,,,,false,true,19,2347240,1,0,5,0.11285805702209473,0.007055759429931641,19,123538.94736842105,0.7894736842105263,3,6,6,0,4,0,0,0,0,0,2
1609480,1609801,worker,320.79127979278564,False,hdf5,h5_tr_210.py,210,stream,M2,512,1,64,/pscratch/sd/s/satt/sprints/data/converted_10M/mc_normalized_rntuple_10M_30.h5,,auto,,5000,,,,,,,false,true,19,3507568,1,0,5,0.1431257724761963,0.0065572261810302734,19,184608.84210526315,0.6842105263157895,3,6,4,0,6,0,0,0,0,0,2
1609480,1609802,worker,320.782594203949,False,hdf5,h5_tr_210.py,210,stream,M2,512,1,64,/pscratch/sd/s/satt/sprints/data/converted_10M/mc_normalized_rntuple_10M_30.h5,,auto,,5000,,,,,,,false,true,17,2342528,1,0,5,0.13916754722595215,0.007759571075439453,17,137795.76470588235,0.7647058823529411,3,6,4,0,4,0,0,0,0,0,2
1609480,1609803,worker,320.7669131755829,False,hdf5,h5_tr_210.py,210,stream,M2,512,1,64,/pscratch/sd/s/satt/sprints/data/converted_10M/mc_normalized_rntuple_10M_30.h5,,auto,,5000,,,,,,,false,true,17,2342528,1,0,5,0.13904857635498047,0.007767438888549805,17,137795.76470588235,0.7647058823529411,3,6,4,0,4,0,0,0,0,0,2
1609480,1609804,worker,320.7637393474579,False,hdf5,h5_tr_210.py,210,stream,M2,512,1,64,/pscratch/sd/s/satt/sprints/data/converted_10M/mc_normalized_rntuple_10M_30.h5,,auto,,5000,,,,,,,false,true,19,3507568,1,0,5,0.14495539665222168,0.0077059268951416016,19,184608.84210526315,0.6842105263157895,3,6,4,0,6,0,0,0,0,0,2
1609480,1609805,worker,320.7622718811035,False,hdf5,h5_tr_210.py,210,stream,M2,512,1,64,/pscratch/sd/s/satt/sprints/data/converted_10M/mc_normalized_rntuple_10M_30.h5,,auto,,5000,,,,,,,false,true,17,2342528,1,0,5,0.13463497161865234,0.009538412094116211,17,137795.76470588235,0.7647058823529411,3,6,4,0,4,0,0,0,0,0,2
1609480,1609806,worker,320.7200503349304,False,hdf5,h5_tr_210.py,210,stream,M2,512,1,64,/pscratch/sd/s/satt/sprints/data/converted_10M/mc_normalized_rntuple_10M_30.h5,,auto,,5000,,,,,,,false,true,17,2342528,1,0,5,0.13784289360046387,0.009396553039550781,17,137795.76470588235,0.7647058823529411,3,6,4,0,4,0,0,0,0,0,2
1609480,1609807,worker,320.71735310554504,False,hdf5,h5_tr_210.py,210,stream,M2,512,1,64,/pscratch/sd/s/satt/sprints/data/converted_10M/mc_normalized_rntuple_10M_30.h5,,auto,,5000,,,,,,,false,true,19,3507568,1,0,5,0.15064382553100586,0.005757570266723633,19,184608.84210526315,0.6842105263157895,3,6,4,0,6,0,0,0,0,0,2
1609480,1609808,worker,320.73968052864075,False,hdf5,h5_tr_210.py,210,stream,M2,512,1,64,/pscratch/sd/s/satt/sprints/data/converted_10M/mc_normalized_rntuple_10M_30.h5,,auto,,5000,,,,,,,false,true,17,2342528,1,0,5,0.12201714515686035,0.005587577819824219,17,137795.76470588235,0.7647058823529411,3,6,4,0,4,0,0,0,0,0,2
1609480,1609809,worker,320.7286512851715,False,hdf5,h5_tr_210.py,210,stream,M2,512,1,64,/pscratch/sd/s/satt/sprints/data/converted_10M/mc_normalized_rntuple_10M_30.h5,,auto,,5000,,,,,,,false,true,17,2342528,1,0,5,0.13705778121948242,0.00554203987121582,17,137795.76470588235,0.7647058823529411,3,6,4,0,4,0,0,0,0,0,2
1609480,1609810,worker,320.7022783756256,False,hdf5,h5_tr_210.py,210,stream,M2,512,1,64,/pscratch/sd/s/satt/sprints/data/converted_10M/mc_normalized_rntuple_10M_30.h5,,auto,,5000,,,,,,,false,true,19,3507568,1,0,5,0.13634347915649414,0.01293492317199707,19,184608.84210526315,0.6842105263157895,3,6,4,0,6,0,0,0,0,0,2
1609480,1609811,worker,320.7190160751343,False,hdf5,h5_tr_210.py,210,stream,M2,512,1,64,/pscratch/sd/s/satt/sprints/data/converted_10M/mc_normalized_rntuple_10M_30.h5,,auto,,5000,,,,,,,false,true,17,2342528,1,0,5,0.13916802406311035,0.0055463314056396484,17,137795.76470588235,0.7647058823529411,3,6,4,0,4,0,0,0,0,0,2
1609480,1609812,worker,320.7092115879059,False,hdf5,h5_tr_210.py,210,stream,M2,512,1,64,/pscratch/sd/s/satt/sprints/data/converted_10M/mc_normalized_rntuple_10M_30.h5,,auto,,5000,,,,,,,false,true,17,2342528,1,0,5,0.13908815383911133,0.005063056945800781,17,137795.76470588235,0.7647058823529411,3,6,4,0,4,0,0,0,0,0,2
1609480,1609813,worker,320.7082931995392,False,hdf5,h5_tr_210.py,210,stream,M2,512,1,64,/pscratch/sd/s/satt/sprints/data/converted_10M/mc_normalized_rntuple_10M_30.h5,,auto,,5000,,,,,,,false,true,19,3507568,1,0,5,0.13968110084533691,0.004770755767822266,19,184608.84210526315,0.6842105263157895,3,6,4,0,6,0,0,0,0,0,2
1609480,1609814,worker,320.69452118873596,False,hdf5,h5_tr_210.py,210,stream,M2,512,1,64,/pscratch/sd/s/satt/sprints/data/converted_10M/mc_normalized_rntuple_10M_30.h5,,auto,,5000,,,,,,,false,true,17,2342528,1,0,5,0.10935091972351074,0.0041904449462890625,17,137795.76470588235,0.7647058823529411,3,6,4,0,4,0,0,0,0,0,2
1609480,1609815,worker,320.6669690608978,False,hdf5,h5_tr_210.py,210,stream,M2,512,1,64,/pscratch/sd/s/satt/sprints/data/converted_10M/mc_normalized_rntuple_10M_30.h5,,auto,,5000,,,,,,,false,true,17,2342528,1,0,5,0.1382770538330078,0.003882884979248047,17,137795.76470588235,0.7647058823529411,3,6,4,0,4,0,0,0,0,0,2
1609480,1609816,worker,320.6496353149414,False,hdf5,h5_tr_210.py,210,stream,M2,512,1,64,/pscratch/sd/s/satt/sprints/data/converted_10M/mc_normalized_rntuple_10M_30.h5,,auto,,5000,,,,,,,false,true,19,3507568,1,0,5,0.14173102378845215,0.0035169124603271484,19,184608.84210526315,0.6842105263157895,3,6,4,0,6,0,0,0,0,0,2
1609480,1609817,worker,320.6595356464386,False,hdf5,h5_tr_210.py,210,stream,M2,512,1,64,/pscratch/sd/s/satt/sprints/data/converted_10M/mc_normalized_rntuple_10M_30.h5,,auto,,5000,,,,,,,false,true,17,2342528,1,0,5,0.11290287971496582,0.0035021305084228516,17,137795.76470588235,0.7647058823529411,3,6,4,0,4,0,0,0,0,0,2
1609480,1609818,worker,320.67049837112427,False,hdf5,h5_tr_210.py,210,stream,M2,512,1,64,/pscratch/sd/s/satt/sprints/data/converted_10M/mc_normalized_rntuple_10M_30.h5,,auto,,5000,,,,,,,false,true,17,2342528,1,0,5,0.13611054420471191,0.003880023956298828,17,137795.76470588235,0.7647058823529411,3,6,4,0,4,0,0,0,0,0,2
1609480,1609819,worker,320.6638560295105,False,hdf5,h5_tr_210.py,210,stream,M2,512,1,64,/pscratch/sd/s/satt/sprints/data/converted_10M/mc_normalized_rntuple_10M_30.h5,,auto,,5000,,,,,,,false,true,19,3507568,1,0,5,0.15719819068908691,0.003692150115966797,19,184608.84210526315,0.6842105263157895,3,6,4,0,6,0,0,0,0,0,2
1609480,1609820,worker,320.6572530269623,False,hdf5,h5_tr_210.py,210,stream,M2,512,1,64,/pscratch/sd/s/satt/sprints/data/converted_10M/mc_normalized_rntuple_10M_30.h5,,auto,,5000,,,,,,,false,true,17,2342528,1,0,5,0.11708974838256836,0.0036423206329345703,17,137795.76470588235,0.7647058823529411,3,6,4,0,4,0,0,0,0,0,2
1609480,1609821,worker,320.6147954463959,False,hdf5,h5_tr_210.py,210,stream,M2,512,1,64,/pscratch/sd/s/satt/sprints/data/converted_10M/mc_normalized_rntuple_10M_30.h5,,auto,,5000,,,,,,,false,true,17,2342528,1,0,5,0.08985161781311035,0.00324249267578125,17,137795.76470588235,0.7647058823529411,3,6,4,0,4,0,0,0,0,0,2
1609480,1609822,worker,320.6486005783081,False,hdf5,h5_tr_210.py,210,stream,M2,512,1,64,/pscratch/sd/s/satt/sprints/data/converted_10M/mc_normalized_rntuple_10M_30.h5,,auto,,5000,,,,,,,false,true,19,3507568,1,0,5,0.13596844673156738,0.003302335739135742,19,184608.84210526315,0.6842105263157895,3,6,4,0,6,0,0,0,0,0,2
1609480,1609823,worker,320.61197996139526,False,hdf5,h5_tr_210.py,210,stream,M2,512,1,64,/pscratch/sd/s/satt/sprints/data/converted_10M/mc_normalized_rntuple_10M_30.h5,,auto,,5000,,,,,,,false,true,17,2342528,1,0,5,0.11672258377075195,0.0031800270080566406,17,137795.76470588235,0.7647058823529411,3,6,4,0,4,0,0,0,0,0,2
1609480,1609824,worker,320.62859535217285,False,hdf5,h5_tr_210.py,210,stream,M2,512,1,64,/pscratch/sd/s/satt/sprints/data/converted_10M/mc_normalized_rntuple_10M_30.h5,,auto,,5000,,,,,,,false,true,17,2342528,1,0,5,0.11104440689086914,0.002948760986328125,17,137795.76470588235,0.7647058823529411,3,6,4,0,4,0,0,0,0,0,2
1609480,1609825,worker,320.6233124732971,False,hdf5,h5_tr_210.py,210,stream,M2,512,1,64,/pscratch/sd/s/satt/sprints/data/converted_10M/mc_normalized_rntuple_10M_30.h5,,auto,,5000,,,,,,,false,true,19,3507568,1,0,5,0.11463236808776855,0.0029687881469726562,19,184608.84210526315,0.6842105263157895,3,6,4,0,6,0,0,0,0,0,2
1609480,1609826,worker,320.6137640476227,False,hdf5,h5_tr_210.py,210,stream,M2,512,1,64,/pscratch/sd/s/satt/sprints/data/converted_10M/mc_normalized_rntuple_10M_30.h5,,auto,,5000,,,,,,,false,true,17,2342528,1,0,5,0.10981249809265137,0.002978086471557617,17,137795.76470588235,0.7647058823529411,3,6,4,0,4,0,0,0,0,0,2
1609480,1609827,worker,320.6149878501892,False,hdf5,h5_tr_210.py,210,stream,M2,512,1,64,/pscratch/sd/s/satt/sprints/data/converted_10M/mc_normalized_rntuple_10M_30.h5,,auto,,5000,,,,,,,false,true,17,2342528,1,0,5,0.11257553100585938,0.0027730464935302734,17,137795.76470588235,0.7647058823529411,3,6,4,0,4,0,0,0,0,0,2
1609480,1609828,worker,320.6015968322754,False,hdf5,h5_tr_210.py,210,stream,M2,512,1,64,/pscratch/sd/s/satt/sprints/data/converted_10M/mc_normalized_rntuple_10M_30.h5,,auto,,5000,,,,,,,false,true,19,3507568,1,0,5,0.1150047779083252,0.002608060836791992,19,184608.84210526315,0.6842105263157895,3,6,4,0,6,0,0,0,0,0,2
1609480,1609829,worker,320.59767603874207,False,hdf5,h5_tr_210.py,210,stream,M2,512,1,64,/pscratch/sd/s/satt/sprints/data/converted_10M/mc_normalized_rntuple_10M_30.h5,,auto,,5000,,,,,,,false,true,17,2342528,1,0,5,0.1094059944152832,0.0014407634735107422,17,137795.76470588235,0.7647058823529411,3,6,4,0,4,0,0,0,0,0,2
1609480,1609830,worker,320.5581524372101,False,hdf5,h5_tr_210.py,210,stream,M2,512,1,64,/pscratch/sd/s/satt/sprints/data/converted_10M/mc_normalized_rntuple_10M_30.h5,,auto,,5000,,,,,,,false,true,17,2342528,1,0,5,0.11379051208496094,0.0011217594146728516,17,137795.76470588235,0.7647058823529411,3,6,4,0,4,0,0,0,0,0,2
1609480,1609831,worker,320.5794141292572,False,hdf5,h5_tr_210.py,210,stream,M2,512,1,64,/pscratch/sd/s/satt/sprints/data/converted_10M/mc_normalized_rntuple_10M_30.h5,,auto,,5000,,,,,,,false,true,19,3507568,1,0,5,0.1348857879638672,0.0010304450988769531,19,184608.84210526315,0.6842105263157895,3,6,4,0,6,0,0,0,0,0,2
1609480,1609832,worker,320.5695426464081,False,hdf5,h5_tr_210.py,210,stream,M2,512,1,64,/pscratch/sd/s/satt/sprints/data/converted_10M/mc_normalized_rntuple_10M_30.h5,,auto,,5000,,,,,,,false,true,17,2342528,1,0,5,0.11801385879516602,0.0010750293731689453,17,137795.76470588235,0.7647058823529411,3,6,4,0,4,0,0,0,0,0,2
1609480,1609833,worker,320.54129815101624,False,hdf5,h5_tr_210.py,210,stream,M2,512,1,64,/pscratch/sd/s/satt/sprints/data/converted_10M/mc_normalized_rntuple_10M_30.h5,,auto,,5000,,,,,,,false,true,17,2342528,1,0,5,0.12194013595581055,0.0009779930114746094,17,137795.76470588235,0.7647058823529411,3,6,4,0,4,0,0,0,0,0,2
1609480,1609834,worker,320.5499436855316,False,hdf5,h5_tr_210.py,210,stream,M2,512,1,64,/pscratch/sd/s/satt/sprints/data/converted_10M/mc_normalized_rntuple_10M_30.h5,,auto,,5000,,,,,,,false,true,19,3507568,1,0,5,0.1568002700805664,0.0004260540008544922,19,184608.84210526315,0.6842105263157895,3,6,4,0,6,0,0,0,0,0,2
1609480,1609835,worker,320.5672461986542,False,hdf5,h5_tr_210.py,210,stream,M2,512,1,64,/pscratch/sd/s/satt/sprints/data/converted_10M/mc_normalized_rntuple_10M_30.h5,,auto,,5000,,,,,,,false,true,17,2342528,1,0,5,0.09026527404785156,0.0005214214324951172,17,137795.76470588235,0.7647058823529411,3,6,4,0,4,0,0,0,0,0,2
1609480,1609836,worker,320.5104835033417,False,hdf5,h5_tr_210.py,210,stream,M2,512,1,64,/pscratch/sd/s/satt/sprints/data/converted_10M/mc_normalized_rntuple_10M_30.h5,,auto,,5000,,,,,,,false,true,17,2342528,1,0,5,0.11830377578735352,0.0005013942718505859,17,137795.76470588235,0.7647058823529411,3,6,4,0,4,0,0,0,0,0,2
1609480,1609837,worker,320.52432465553284,False,hdf5,h5_tr_210.py,210,stream,M2,512,1,64,/pscratch/sd/s/satt/sprints/data/converted_10M/mc_normalized_rntuple_10M_30.h5,,auto,,5000,,,,,,,false,true,19,3507568,1,0,5,0.15636825561523438,0.0009446144104003906,19,184608.84210526315,0.6842105263157895,3,6,4,0,6,0,0,0,0,0,2
1609480,1609838,worker,320.52363204956055,False,hdf5,h5_tr_210.py,210,stream,M2,512,1,64,/pscratch/sd/s/satt/sprints/data/converted_10M/mc_normalized_rntuple_10M_30.h5,,auto,,5000,,,,,,,false,true,17,2342528,1,0,5,0.11820602416992188,0.0003476142883300781,17,137795.76470588235,0.7647058823529411,3,6,4,0,4,0,0,0,0,0,2
1609480,1609839,worker,320.4936020374298,False,hdf5,h5_tr_210.py,210,stream,M2,512,1,64,/pscratch/sd/s/satt/sprints/data/converted_10M/mc_normalized_rntuple_10M_30.h5,,auto,,5000,,,,,,,false,true,17,2342528,1,0,5,0.12328743934631348,0.0006496906280517578,17,137795.76470588235,0.7647058823529411,3,6,4,0,4,0,0,0,0,0,2
1609480,1609840,worker,320.5236306190491,False,hdf5,h5_tr_210.py,210,stream,M2,512,1,64,/pscratch/sd/s/satt/sprints/data/converted_10M/mc_normalized_rntuple_10M_30.h5,,auto,,5000,,,,,,,false,true,19,3507568,1,0,5,0.1573476791381836,0.0006394386291503906,19,184608.84210526315,0.6842105263157895,3,6,4,0,6,0,0,0,0,0,2
1609480,1609841,worker,320.51188254356384,False,hdf5,h5_tr_210.py,210,stream,M2,512,1,64,/pscratch/sd/s/satt/sprints/data/converted_10M/mc_normalized_rntuple_10M_30.h5,,auto,,5000,,,,,,,false,true,17,2342528,1,0,5,0.12341856956481934,0.0009033679962158203,17,137795.76470588235,0.7647058823529411,3,6,4,0,4,0,0,0,0,0,2
1609480,1609842,worker,320.50551676750183,False,hdf5,h5_tr_210.py,210,stream,M2,512,1,64,/pscratch/sd/s/satt/sprints/data/converted_10M/mc_normalized_rntuple_10M_30.h5,,auto,,5000,,,,,,,false,true,21,3512280,1,0,5,0.15680932998657227,0.0005142688751220703,21,167251.42857142858,0.7142857142857143,3,6,6,0,6,0,0,0,0,0,2
1609480,1609843,worker,320.5015790462494,False,hdf5,h5_tr_210.py,210,stream,M2,512,1,64,/pscratch/sd/s/satt/sprints/data/converted_10M/mc_normalized_rntuple_10M_30.h5,,auto,,5000,,,,,,,false,true,17,2342528,1,0,5,0.10034561157226562,0.0008344650268554688,17,137795.76470588235,0.7647058823529411,3,6,4,0,4,0,0,0,0,0,2
1609480,1609844,worker,320.49052262306213,False,hdf5,h5_tr_210.py,210,stream,M2,512,1,64,/pscratch/sd/s/satt/sprints/data/converted_10M/mc_normalized_rntuple_10M_30.h5,,auto,,5000,,,,,,,false,true,17,2342528,1,0,5,0.10379600524902344,0.0009758472442626953,17,137795.76470588235,0.7647058823529411,3,6,4,0,4,0,0,0,0,0,2
1609480,1609845,worker,320.4820942878723,False,hdf5,h5_tr_210.py,210,stream,M2,512,1,64,/pscratch/sd/s/satt/sprints/data/converted_10M/mc_normalized_rntuple_10M_30.h5,,auto,,5000,,,,,,,false,true,19,3507568,1,0,5,0.1343555450439453,0.0015583038330078125,19,184608.84210526315,0.6842105263157895,3,6,4,0,6,0,0,0,0,0,2
1609480,1609846,worker,320.47767329216003,False,hdf5,h5_tr_210.py,210,stream,M2,512,1,64,/pscratch/sd/s/satt/sprints/data/converted_10M/mc_normalized_rntuple_10M_30.h5,,auto,,5000,,,,,,,false,true,17,2342528,1,0,5,0.12853050231933594,0.0019774436950683594,17,137795.76470588235,0.7647058823529411,3,6,4,0,4,0,0,0,0,0,2
1609480,1609847,worker,320.4490876197815,False,hdf5,h5_tr_210.py,210,stream,M2,512,1,64,/pscratch/sd/s/satt/sprints/data/converted_10M/mc_normalized_rntuple_10M_30.h5,,auto,,5000,,,,,,,false,true,17,2342528,1,0,5,0.15248823165893555,0.003433704376220703,17,137795.76470588235,0.7647058823529411,3,6,4,0,4,0,0,0,0,0,2
1609480,1609848,worker,320.45952582359314,False,hdf5,h5_tr_210.py,210,stream,M2,512,1,64,/pscratch/sd/s/satt/sprints/data/converted_10M/mc_normalized_rntuple_10M_30.h5,,auto,,5000,,,,,,,false,true,19,3507568,1,0,5,0.11638617515563965,0.04509139060974121,19,184608.84210526315,0.6842105263157895,3,6,4,0,6,0,0,0,0,0,2
1609480,1609849,worker,320.4344491958618,False,hdf5,h5_tr_210.py,210,stream,M2,512,1,64,/pscratch/sd/s/satt/sprints/data/converted_10M/mc_normalized_rntuple_10M_30.h5,,auto,,5000,,,,,,,false,true,17,2342528,1,0,5,0.08936643600463867,0.025177001953125,17,137795.76470588235,0.7647058823529411,3,6,4,0,4,0,0,0,0,0,2
1609480,1609850,worker,320.44900369644165,False,hdf5,h5_tr_210.py,210,stream,M2,512,1,64,/pscratch/sd/s/satt/sprints/data/converted_10M/mc_normalized_rntuple_10M_30.h5,,auto,,5000,,,,,,,false,true,17,2342528,1,0,5,0.10097956657409668,0.01944255828857422,17,137795.76470588235,0.7647058823529411,3,6,4,0,4,0,0,0,0,0,2
1609480,1609851,worker,320.40695977211,False,hdf5,h5_tr_210.py,210,stream,M2,512,1,64,/pscratch/sd/s/satt/sprints/data/converted_10M/mc_normalized_rntuple_10M_30.h5,,auto,,5000,,,,,,,false,true,19,3507568,1,0,5,0.1359844207763672,0.0034606456756591797,19,184608.84210526315,0.6842105263157895,3,6,4,0,6,0,0,0,0,0,2
1609480,1609852,worker,320.3955397605896,False,hdf5,h5_tr_210.py,210,stream,M2,512,1,64,/pscratch/sd/s/satt/sprints/data/converted_10M/mc_normalized_rntuple_10M_30.h5,,auto,,5000,,,,,,,false,true,17,2342528,1,0,5,0.10886526107788086,0.0034317970275878906,17,137795.76470588235,0.7647058823529411,3,6,4,0,4,0,0,0,0,0,2
1609480,1609853,worker,320.43832182884216,False,hdf5,h5_tr_210.py,210,stream,M2,512,1,64,/pscratch/sd/s/satt/sprints/data/converted_10M/mc_normalized_rntuple_10M_30.h5,,auto,,5000,,,,,,,false,true,17,2342528,1,0,5,0.08348655700683594,0.003773212432861328,17,137795.76470588235,0.7647058823529411,3,6,4,0,4,0,0,0,0,0,2
1609480,1609854,worker,320.4224865436554,False,hdf5,h5_tr_210.py,210,stream,M2,512,1,64,/pscratch/sd/s/satt/sprints/data/converted_10M/mc_normalized_rntuple_10M_30.h5,,auto,,5000,,,,,,,false,true,19,3507568,1,0,5,0.13657450675964355,0.019685029983520508,19,184608.84210526315,0.6842105263157895,3,6,4,0,6,0,0,0,0,0,2
1609480,1609855,worker,320.41072392463684,False,hdf5,h5_tr_210.py,210,stream,M2,512,1,64,/pscratch/sd/s/satt/sprints/data/converted_10M/mc_normalized_rntuple_10M_30.h5,,auto,,5000,,,,,,,false,true,17,2342528,1,0,5,0.06917119026184082,0.019330501556396484,17,137795.76470588235,0.7647058823529411,3,6,4,0,4,0,0,0,0,0,2
1609480,1609856,worker,320.374356508255,False,hdf5,h5_tr_210.py,210,stream,M2,512,1,64,/pscratch/sd/s/satt/sprints/data/converted_10M/mc_normalized_rntuple_10M_30.h5,,auto,,5000,,,,,,,false,true,17,2342528,1,0,5,0.10475325584411621,0.0036711692810058594,17,137795.76470588235,0.7647058823529411,3,6,4,0,4,0,0,0,0,0,2
1609480,1609857,worker,320.3697602748871,False,hdf5,h5_tr_210.py,210,stream,M2,512,1,64,/pscratch/sd/s/satt/sprints/data/converted_10M/mc_normalized_rntuple_10M_30.h5,,auto,,5000,,,,,,,false,true,19,3507568,1,0,5,0.11285829544067383,0.021432876586914062,19,184608.84210526315,0.6842105263157895,3,6,4,0,6,0,0,0,0,0,2
1609480,1609858,worker,320.36312222480774,False,hdf5,h5_tr_210.py,210,stream,M2,512,1,64,/pscratch/sd/s/satt/sprints/data/converted_10M/mc_normalized_rntuple_10M_30.h5,,auto,,5000,,,,,,,false,true,17,2342528,1,0,5,0.046065568923950195,0.05008697509765625,17,137795.76470588235,0.7647058823529411,3,6,4,0,4,0,0,0,0,0,2
1609480,1609859,worker,320.34776425361633,False,hdf5,h5_tr_210.py,210,stream,M2,512,1,64,/pscratch/sd/s/satt/sprints/data/converted_10M/mc_normalized_rntuple_10M_30.h5,,auto,,5000,,,,,,,false,true,17,2342528,1,0,5,0.0729837417602539,0.05063033103942871,17,137795.76470588235,0.7647058823529411,3,6,4,0,4,0,0,0,0,0,2
1609480,1609860,worker,320.34433579444885,False,hdf5,h5_tr_210.py,210,stream,M2,512,1,64,/pscratch/sd/s/satt/sprints/data/converted_10M/mc_normalized_rntuple_10M_30.h5,,auto,,5000,,,,,,,false,true,19,3507568,1,0,5,0.10338020324707031,0.05065345764160156,19,184608.84210526315,0.6842105263157895,3,6,4,0,6,0,0,0,0,0,2
1609480,1609861,worker,320.37501406669617,False,hdf5,h5_tr_210.py,210,stream,M2,512,1,64,/pscratch/sd/s/satt/sprints/data/converted_10M/mc_normalized_rntuple_10M_30.h5,,auto,,5000,,,,,,,false,true,17,2342528,1,0,5,0.08134961128234863,0.0763697624206543,17,137795.76470588235,0.7647058823529411,3,6,4,0,4,0,0,0,0,0,2
1609480,1609862,worker,320.3670060634613,False,hdf5,h5_tr_210.py,210,stream,M2,512,1,64,/pscratch/sd/s/satt/sprints/data/converted_10M/mc_normalized_rntuple_10M_30.h5,,auto,,5000,,,,,,,false,true,17,2342528,1,0,5,0.1309034824371338,0.005804300308227539,17,137795.76470588235,0.7647058823529411,3,6,4,0,4,0,0,0,0,0,2
1609480,1609863,worker,320.3611626625061,False,hdf5,h5_tr_210.py,210,stream,M2,512,1,64,/pscratch/sd/s/satt/sprints/data/converted_10M/mc_normalized_rntuple_10M_30.h5,,auto,,5000,,,,,,,false,true,19,3507568,1,0,5,0.08163905143737793,0.07662701606750488,19,184608.84210526315,0.6842105263157895,3,6,4,0,6,0,0,0,0,0,2
1609480,1609864,worker,320.30836725234985,False,hdf5,h5_tr_210.py,210,stream,M2,512,1,64,/pscratch/sd/s/satt/sprints/data/converted_10M/mc_normalized_rntuple_10M_30.h5,,auto,,5000,,,,,,,false,true,17,2342528,1,0,5,0.12666010856628418,0.007642030715942383,17,137795.76470588235,0.7647058823529411,3,6,4,0,4,0,0,0,0,0,2
1609480,1609865,worker,320.34388399124146,False,hdf5,h5_tr_210.py,210,stream,M2,512,1,64,/pscratch/sd/s/satt/sprints/data/converted_10M/mc_normalized_rntuple_10M_30.h5,,auto,,5000,,,,,,,false,true,17,2342528,1,0,5,0.10730409622192383,0.01055002212524414,17,137795.76470588235,0.7647058823529411,3,6,4,0,4,0,0,0,0,0,2
1609480,1609866,worker,320.3365728855133,False,hdf5,h5_tr_210.py,210,stream,M2,512,1,64,/pscratch/sd/s/satt/sprints/data/converted_10M/mc_normalized_rntuple_10M_30.h5,,auto,,5000,,,,,,,false,true,19,3507568,1,0,5,0.14663195610046387,0.0077745914459228516,19,184608.84210526315,0.6842105263157895,3,6,4,0,6,0,0,0,0,0,2
1609480,1609867,worker,320.2890865802765,False,hdf5,h5_tr_210.py,210,stream,M2,512,1,64,/pscratch/sd/s/satt/sprints/data/converted_10M/mc_normalized_rntuple_10M_30.h5,,auto,,5000,,,,,,,false,true,17,2342528,1,0,5,0.1034402847290039,0.007718324661254883,17,137795.76470588235,0.7647058823529411,3,6,4,0,4,0,0,0,0,0,2
1609480,1609868,worker,320.3075740337372,False,hdf5,h5_tr_210.py,210,stream,M2,512,1,64,/pscratch/sd/s/satt/sprints/data/converted_10M/mc_normalized_rntuple_10M_30.h5,,auto,,5000,,,,,,,false,true,17,2342528,1,0,5,0.09062743186950684,0.022116661071777344,17,137795.76470588235,0.7647058823529411,3,6,4,0,4,0,0,0,0,0,2
1609480,1609869,worker,320.3188810348511,False,hdf5,h5_tr_210.py,210,stream,M2,512,1,64,/pscratch/sd/s/satt/sprints/data/converted_10M/mc_normalized_rntuple_10M_30.h5,,auto,,5000,,,,,,,false,true,19,3507568,1,0,5,0.1483325958251953,0.007575273513793945,19,184608.84210526315,0.6842105263157895,3,6,4,0,6,0,0,0,0,0,2
1609480,1609870,worker,320.2754330635071,False,hdf5,h5_tr_210.py,210,stream,M2,512,1,64,/pscratch/sd/s/satt/sprints/data/converted_10M/mc_normalized_rntuple_10M_30.h5,,auto,,5000,,,,,,,false,true,17,2342528,1,0,5,0.11219453811645508,0.007607698440551758,17,137795.76470588235,0.7647058823529411,3,6,4,0,4,0,0,0,0,0,2
1609480,1609871,worker,320.29508876800537,False,hdf5,h5_tr_210.py,210,stream,M2,512,1,64,/pscratch/sd/s/satt/sprints/data/converted_10M/mc_normalized_rntuple_10M_30.h5,,auto,,5000,,,,,,,false,true,17,2342528,1,0,5,0.04971051216125488,0.08445858955383301,17,137795.76470588235,0.7647058823529411,3,6,4,0,4,0,0,0,0,0,2
1609480,1609872,worker,320.2559061050415,False,hdf5,h5_tr_210.py,210,stream,M2,512,1,64,/pscratch/sd/s/satt/sprints/data/converted_10M/mc_normalized_rntuple_10M_30.h5,,auto,,5000,,,,,,,false,true,19,3507568,1,0,5,0.12582612037658691,0.045624494552612305,19,184608.84210526315,0.6842105263157895,3,6,4,0,6,0,0,0,0,0,2
1609480,1609873,worker,320.29711151123047,False,hdf5,h5_tr_210.py,210,stream,M2,512,1,64,/pscratch/sd/s/satt/sprints/data/converted_10M/mc_normalized_rntuple_10M_30.h5,,auto,,5000,,,,,,,false,true,17,2342528,1,0,5,0.10236668586730957,0.008087396621704102,17,137795.76470588235,0.7647058823529411,3,6,4,0,4,0,0,0,0,0,2
1609480,1609874,worker,320.2475550174713,False,hdf5,h5_tr_210.py,210,stream,M2,512,1,64,/pscratch/sd/s/satt/sprints/data/converted_10M/mc_normalized_rntuple_10M_30.h5,,auto,,5000,,,,,,,false,true,17,2342528,1,0,5,0.10098743438720703,0.00812077522277832,17,137795.76470588235,0.7647058823529411,3,6,4,0,4,0,0,0,0,0,2
1609480,1609875,worker,320.2726266384125,False,hdf5,h5_tr_210.py,210,stream,M2,512,1,64,/pscratch/sd/s/satt/sprints/data/converted_10M/mc_normalized_rntuple_10M_30.h5,,auto,,5000,,,,,,,false,true,19,3507568,1,0,5,0.12580299377441406,0.008033514022827148,19,184608.84210526315,0.6842105263157895,3,6,4,0,6,0,0,0,0,0,2
1609480,1609876,worker,320.2429983615875,False,hdf5,h5_tr_210.py,210,stream,M2,512,1,64,/pscratch/sd/s/satt/sprints/data/converted_10M/mc_normalized_rntuple_10M_30.h5,,auto,,5000,,,,,,,false,true,17,2342528,1,0,5,0.0641481876373291,0.08779287338256836,17,137795.76470588235,0.7647058823529411,3,6,4,0,4,0,0,0,0,0,2
1609480,1609877,worker,320.2583260536194,False,hdf5,h5_tr_210.py,210,stream,M2,512,1,64,/pscratch/sd/s/satt/sprints/data/converted_10M/mc_normalized_rntuple_10M_30.h5,,auto,,5000,,,,,,,false,true,17,2342528,1,0,5,0.04505133628845215,0.1152191162109375,17,137795.76470588235,0.7647058823529411,3,6,4,0,4,0,0,0,0,0,2
1609480,1609878,worker,320.2177023887634,False,hdf5,h5_tr_210.py,210,stream,M2,512,1,64,/pscratch/sd/s/satt/sprints/data/converted_10M/mc_normalized_rntuple_10M_30.h5,,auto,,5000,,,,,,,false,true,19,3507568,1,0,5,0.08932924270629883,0.08628106117248535,19,184608.84210526315,0.6842105263157895,3,6,4,0,6,0,0,0,0,0,2
1609480,1609879,worker,320.236718416214,False,hdf5,h5_tr_210.py,210,stream,M2,512,1,64,/pscratch/sd/s/satt/sprints/data/converted_10M/mc_normalized_rntuple_10M_30.h5,,auto,,5000,,,,,,,false,true,17,2342528,1,0,5,0.10268616676330566,0.02622079849243164,17,137795.76470588235,0.7647058823529411,3,6,4,0,4,0,0,0,0,0,2
1609480,1609880,worker,320.20855021476746,False,hdf5,h5_tr_210.py,210,stream,M2,512,1,64,/pscratch/sd/s/satt/sprints/data/converted_10M/mc_normalized_rntuple_10M_30.h5,,auto,,5000,,,,,,,false,true,17,2342528,1,0,5,0.015282869338989258,0.11687660217285156,17,137795.76470588235,0.7647058823529411,3,6,4,0,4,0,0,0,0,0,2
1609480,1609881,worker,320.185373544693,False,hdf5,h5_tr_210.py,210,stream,M2,512,1,64,/pscratch/sd/s/satt/sprints/data/converted_10M/mc_normalized_rntuple_10M_30.h5,,auto,,5000,,,,,,,false,true,19,3507568,1,0,5,0.07912158966064453,0.05651283264160156,19,184608.84210526315,0.6842105263157895,3,6,4,0,6,0,0,0,0,0,2
1609480,1609882,worker,320.2219023704529,False,hdf5,h5_tr_210.py,210,stream,M2,512,1,64,/pscratch/sd/s/satt/sprints/data/converted_10M/mc_normalized_rntuple_10M_30.h5,,auto,,5000,,,,,,,false,true,17,2342528,1,0,5,0.05299830436706543,0.11638998985290527,17,137795.76470588235,0.7647058823529411,3,6,4,0,4,0,0,0,0,0,2
1609480,1609883,worker,320.2064049243927,False,hdf5,h5_tr_210.py,210,stream,M2,512,1,64,/pscratch/sd/s/satt/sprints/data/converted_10M/mc_normalized_rntuple_10M_30.h5,,auto,,5000,,,,,,,false,true,17,2342528,1,0,5,0.0725250244140625,0.08522367477416992,17,137795.76470588235,0.7647058823529411,3,6,4,0,4,0,0,0,0,0,2
1609480,1609884,worker,320.20201778411865,False,hdf5,h5_tr_210.py,210,stream,M2,512,1,64,/pscratch/sd/s/satt/sprints/data/converted_10M/mc_normalized_rntuple_10M_30.h5,,auto,,5000,,,,,,,false,true,19,3507568,1,0,5,0.04736042022705078,0.11693763732910156,19,184608.84210526315,0.6842105263157895,3,6,4,0,6,0,0,0,0,0,2
1609480,1609885,worker,320.1508502960205,False,hdf5,h5_tr_210.py,210,stream,M2,512,1,64,/pscratch/sd/s/satt/sprints/data/converted_10M/mc_normalized_rntuple_10M_30.h5,,auto,,5000,,,,,,,false,true,19,2347240,1,0,5,0.05592632293701172,0.11735057830810547,19,123538.94736842105,0.7894736842105263,3,6,6,0,4,0,0,0,0,0,2
1609480,1609886,worker,320.18868684768677,False,hdf5,h5_tr_210.py,210,stream,M2,512,1,64,/pscratch/sd/s/satt/sprints/data/converted_10M/mc_normalized_rntuple_10M_30.h5,,auto,,5000,,,,,,,false,true,19,3507568,1,0,5,0.08337163925170898,0.07199287414550781,19,184608.84210526315,0.6842105263157895,3,6,4,0,6,0,0,0,0,0,2
1609480,1609887,worker,320.1855432987213,False,hdf5,h5_tr_210.py,210,stream,M2,512,1,64,/pscratch/sd/s/satt/sprints/data/converted_10M/mc_normalized_rntuple_10M_30.h5,,auto,,5000,,,,,,,false,true,17,2342528,1,0,5,0.06131935119628906,0.0888524055480957,17,137795.76470588235,0.7647058823529411,3,6,4,0,4,0,0,0,0,0,2
1609480,1609888,worker,320.16975235939026,False,hdf5,h5_tr_210.py,210,stream,M2,512,1,64,/pscratch/sd/s/satt/sprints/data/converted_10M/mc_normalized_rntuple_10M_30.h5,,auto,,5000,,,,,,,false,true,17,2342528,1,0,5,0.07323527336120605,0.04367828369140625,17,137795.76470588235,0.7647058823529411,3,6,4,0,4,0,0,0,0,0,2
1609480,1609889,worker,320.12687969207764,False,hdf5,h5_tr_210.py,210,stream,M2,512,1,64,/pscratch/sd/s/satt/sprints/data/converted_10M/mc_normalized_rntuple_10M_30.h5,,auto,,5000,,,,,,,false,true,19,3507568,1,0,5,0.14405584335327148,0.0050547122955322266,19,184608.84210526315,0.6842105263157895,3,6,4,0,6,0,0,0,0,0,2
1609480,1609890,worker,320.15814542770386,False,hdf5,h5_tr_210.py,210,stream,M2,512,1,64,/pscratch/sd/s/satt/sprints/data/converted_10M/mc_normalized_rntuple_10M_30.h5,,auto,,5000,,,,,,,false,true,17,2342528,1,0,5,0.04085135459899902,0.0772254467010498,17,137795.76470588235,0.7647058823529411,3,6,4,0,4,0,0,0,0,0,2
1609480,1609891,worker,320.1480801105499,False,hdf5,h5_tr_210.py,210,stream,M2,512,1,64,/pscratch/sd/s/satt/sprints/data/converted_10M/mc_normalized_rntuple_10M_30.h5,,auto,,5000,,,,,,,false,true,17,2342528,1,0,5,0.11517524719238281,0.005639791488647461,17,137795.76470588235,0.7647058823529411,3,6,4,0,4,0,0,0,0,0,2
1609480,1609892,worker,320.0985360145569,False,hdf5,h5_tr_210.py,210,stream,M2,512,1,64,/pscratch/sd/s/satt/sprints/data/converted_10M/mc_normalized_rntuple_10M_30.h5,,auto,,5000,,,,,,,false,true,19,3507568,1,0,5,0.1038966178894043,0.004744291305541992,19,184608.84210526315,0.6842105263157895,3,6,4,0,6,0,0,0,0,0,2
1609480,1609893,worker,320.10914731025696,False,hdf5,h5_tr_210.py,210,stream,M2,512,1,64,/pscratch/sd/s/satt/sprints/data/converted_10M/mc_normalized_rntuple_10M_30.h5,,auto,,5000,,,,,,,false,true,17,2342528,1,0,5,0.09951567649841309,0.004670858383178711,17,137795.76470588235,0.7647058823529411,3,6,4,0,4,0,0,0,0,0,2
1609480,1609894,worker,320.13371109962463,False,hdf5,h5_tr_210.py,210,stream,M2,512,1,64,/pscratch/sd/s/satt/sprints/data/converted_10M/mc_normalized_rntuple_10M_30.h5,,auto,,5000,,,,,,,false,true,17,2342528,1,0,5,0.11530566215515137,0.004018068313598633,17,137795.76470588235,0.7647058823529411,3,6,4,0,4,0,0,0,0,0,2
1609480,1609895,worker,320.1233193874359,False,hdf5,h5_tr_210.py,210,stream,M2,512,1,64,/pscratch/sd/s/satt/sprints/data/converted_10M/mc_normalized_rntuple_10M_30.h5,,auto,,5000,,,,,,,false,true,19,3507568,1,0,5,0.12393045425415039,0.0034475326538085938,19,184608.84210526315,0.6842105263157895,3,6,4,0,6,0,0,0,0,0,2
1609480,1609896,worker,320.1137647628784,False,hdf5,h5_tr_210.py,210,stream,M2,512,1,64,/pscratch/sd/s/satt/sprints/data/converted_10M/mc_normalized_rntuple_10M_30.h5,,auto,,5000,,,,,,,false,true,17,2342528,1,0,5,0.02668619155883789,0.10222721099853516,17,137795.76470588235,0.7647058823529411,3,6,4,0,4,0,0,0,0,0,2
1609480,1609897,worker,320.1129536628723,False,hdf5,h5_tr_210.py,210,stream,M2,512,1,64,/pscratch/sd/s/satt/sprints/data/converted_10M/mc_normalized_rntuple_10M_30.h5,,auto,,5000,,,,,,,false,true,17,2342528,1,0,5,0.10023927688598633,0.0033690929412841797,17,137795.76470588235,0.7647058823529411,3,6,4,0,4,0,0,0,0,0,2
1609480,1609898,worker,320.0979073047638,False,hdf5,h5_tr_210.py,210,stream,M2,512,1,64,/pscratch/sd/s/satt/sprints/data/converted_10M/mc_normalized_rntuple_10M_30.h5,,auto,,5000,,,,,,,false,true,19,3507568,1,0,5,0.12235283851623535,0.0026454925537109375,19,184608.84210526315,0.6842105263157895,3,6,4,0,6,0,0,0,0,0,2
1609480,1609899,worker,320.0923616886139,False,hdf5,h5_tr_210.py,210,stream,M2,512,1,64,/pscratch/sd/s/satt/sprints/data/converted_10M/mc_normalized_rntuple_10M_30.h5,,auto,,5000,,,,,,,false,true,17,2342528,1,0,5,0.0990605354309082,0.0008709430694580078,17,137795.76470588235,0.7647058823529411,3,6,4,0,4,0,0,0,0,0,2
1609480,1609900,worker,320.09618735313416,False,hdf5,h5_tr_210.py,210,stream,M2,512,1,64,/pscratch/sd/s/satt/sprints/data/converted_10M/mc_normalized_rntuple_10M_30.h5,,auto,,5000,,,,,,,false,true,17,2342528,1,0,5,0.03423357009887695,0.0652315616607666,17,137795.76470588235,0.7647058823529411,3,6,4,0,4,0,0,0,0,0,2
1609480,1609901,worker,320.07699632644653,False,hdf5,h5_tr_210.py,210,stream,M2,512,1,64,/pscratch/sd/s/satt/sprints/data/converted_10M/mc_normalized_rntuple_10M_30.h5,,auto,,5000,,,,,,,false,true,19,3507568,1,0,5,0.08669519424438477,0.03836226463317871,19,184608.84210526315,0.6842105263157895,3,6,4,0,6,0,0,0,0,0,2
1609480,1609902,worker,320.04691672325134,False,hdf5,h5_tr_210.py,210,stream,M2,512,1,64,/pscratch/sd/s/satt/sprints/data/converted_10M/mc_normalized_rntuple_10M_30.h5,,auto,,5000,,,,,,,false,true,17,2342528,1,0,5,0.025114774703979492,0.09827446937561035,17,137795.76470588235,0.7647058823529411,3,6,4,0,4,0,0,0,0,0,2
1609480,1609903,worker,320.01837825775146,False,hdf5,h5_tr_210.py,210,stream,M2,512,1,64,/pscratch/sd/s/satt/sprints/data/converted_10M/mc_normalized_rntuple_10M_30.h5,,auto,,5000,,,,,,,false,true,17,2342528,1,0,5,0.052405357360839844,0.06332111358642578,17,137795.76470588235,0.7647058823529411,3,6,4,0,4,0,0,0,0,0,2
1609480,1609904,worker,320.0369153022766,False,hdf5,h5_tr_210.py,210,stream,M2,512,1,64,/pscratch/sd/s/satt/sprints/data/converted_10M/mc_normalized_rntuple_10M_30.h5,,auto,,5000,,,,,,,false,true,19,3507568,1,0,5,0.11258149147033691,0.0030210018157958984,19,184608.84210526315,0.6842105263157895,3,6,4,0,6,0,0,0,0,0,2
1609480,1609905,worker,320.00945496559143,False,hdf5,h5_tr_210.py,210,stream,M2,512,1,64,/pscratch/sd/s/satt/sprints/data/converted_10M/mc_normalized_rntuple_10M_30.h5,,auto,,5000,,,,,,,false,true,17,2342528,1,0,5,0.09439659118652344,0.0037801265716552734,17,137795.76470588235,0.7647058823529411,3,6,4,0,4,0,0,0,0,0,2
1609480,1609906,worker,320.00675892829895,False,hdf5,h5_tr_210.py,210,stream,M2,512,1,64,/pscratch/sd/s/satt/sprints/data/converted_10M/mc_normalized_rntuple_10M_30.h5,,auto,,5000,,,,,,,false,true,17,2342528,1,0,5,0.09353756904602051,0.003858327865600586,17,137795.76470588235,0.7647058823529411,3,6,4,0,4,0,0,0,0,0,2
1609480,1609907,worker,320.03363943099976,False,hdf5,h5_tr_210.py,210,stream,M2,512,1,64,/pscratch/sd/s/satt/sprints/data/converted_10M/mc_normalized_rntuple_10M_30.h5,,auto,,5000,,,,,,,false,true,19,3507568,1,0,5,0.11522340774536133,0.003039121627807617,19,184608.84210526315,0.6842105263157895,3,6,4,0,6,0,0,0,0,0,2
1609480,1609908,worker,320.0340805053711,False,hdf5,h5_tr_210.py,210,stream,M2,512,1,64,/pscratch/sd/s/satt/sprints/data/converted_10M/mc_normalized_rntuple_10M_30.h5,,auto,,5000,,,,,,,false,true,17,2342528,1,0,5,0.0904541015625,0.0036804676055908203,17,137795.76470588235,0.7647058823529411,3,6,4,0,4,0,0,0,0,0,2
1609480,1609909,worker,320.02372002601624,False,hdf5,h5_tr_210.py,210,stream,M2,512,1,64,/pscratch/sd/s/satt/sprints/data/converted_10M/mc_normalized_rntuple_10M_30.h5,,auto,,5000,,,,,,,false,true,17,2342528,1,0,5,0.08960294723510742,0.004326581954956055,17,137795.76470588235,0.7647058823529411,3,6,4,0,4,0,0,0,0,0,2
1609480,1609910,worker,319.99775671958923,False,hdf5,h5_tr_210.py,210,stream,M2,512,1,64,/pscratch/sd/s/satt/sprints/data/converted_10M/mc_normalized_rntuple_10M_30.h5,,auto,,5000,,,,,,,false,true,19,3507568,1,0,5,0.09153151512145996,0.003946065902709961,19,184608.84210526315,0.6842105263157895,3,6,4,0,6,0,0,0,0,0,2
1609480,1609911,worker,320.0081615447998,False,hdf5,h5_tr_210.py,210,stream,M2,512,1,64,/pscratch/sd/s/satt/sprints/data/converted_10M/mc_normalized_rntuple_10M_30.h5,,auto,,5000,,,,,,,false,true,17,2342528,1,0,5,0.09575390815734863,0.004201173782348633,17,137795.76470588235,0.7647058823529411,3,6,4,0,4,0,0,0,0,0,2
1609480,1609912,worker,320.00240755081177,False,hdf5,h5_tr_210.py,210,stream,M2,512,1,64,/pscratch/sd/s/satt/sprints/data/converted_10M/mc_normalized_rntuple_10M_30.h5,,auto,,5000,,,,,,,false,true,17,2342528,1,0,5,0.07379627227783203,0.025628328323364258,17,137795.76470588235,0.7647058823529411,3,6,4,0,4,0,0,0,0,0,2
1609480,1609913,worker,319.9659025669098,False,hdf5,h5_tr_210.py,210,stream,M2,512,1,64,/pscratch/sd/s/satt/sprints/data/converted_10M/mc_normalized_rntuple_10M_30.h5,,auto,,5000,,,,,,,false,true,19,3507568,1,0,5,0.08492827415466309,0.056191205978393555,19,184608.84210526315,0.6842105263157895,3,6,4,0,6,0,0,0,0,0,2
1609480,1609914,worker,319.99208879470825,False,hdf5,h5_tr_210.py,210,stream,M2,512,1,64,/pscratch/sd/s/satt/sprints/data/converted_10M/mc_normalized_rntuple_10M_30.h5,,auto,,5000,,,,,,,false,true,17,2342528,1,0,5,0.05344223976135254,0.08704996109008789,17,137795.76470588235,0.7647058823529411,3,6,4,0,4,0,0,0,0,0,2
1609480,1609915,worker,319.9747416973114,False,hdf5,h5_tr_210.py,210,stream,M2,512,1,64,/pscratch/sd/s/satt/sprints/data/converted_10M/mc_normalized_rntuple_10M_30.h5,,auto,,5000,,,,,,,false,true,17,2342528,1,0,5,0.05232524871826172,0.08690547943115234,17,137795.76470588235,0.7647058823529411,3,6,4,0,4,0,0,0,0,0,2
1609480,1609916,worker,319.9225525856018,False,hdf5,h5_tr_210.py,210,stream,M2,512,1,64,/pscratch/sd/s/satt/sprints/data/converted_10M/mc_normalized_rntuple_10M_30.h5,,auto,,5000,,,,,,,false,true,19,3507568,1,0,5,0.10379385948181152,0.025788307189941406,19,184608.84210526315,0.6842105263157895,3,6,4,0,6,0,0,0,0,0,2
1609480,1609917,worker,319.97598123550415,False,hdf5,h5_tr_210.py,210,stream,M2,512,1,64,/pscratch/sd/s/satt/sprints/data/converted_10M/mc_normalized_rntuple_10M_30.h5,,auto,,5000,,,,,,,false,true,17,2342528,1,0,5,0.054155588150024414,0.08474445343017578,17,137795.76470588235,0.7647058823529411,3,6,4,0,4,0,0,0,0,0,2
1609480,1609918,worker,319.9329524040222,False,hdf5,h5_tr_210.py,210,stream,M2,512,1,64,/pscratch/sd/s/satt/sprints/data/converted_10M/mc_normalized_rntuple_10M_30.h5,,auto,,5000,,,,,,,false,true,17,2342528,1,0,5,0.0989525318145752,0.024930953979492188,17,137795.76470588235,0.7647058823529411,3,6,4,0,4,0,0,0,0,0,2
1609480,1609919,worker,319.9459867477417,False,hdf5,h5_tr_210.py,210,stream,M2,512,1,64,/pscratch/sd/s/satt/sprints/data/converted_10M/mc_normalized_rntuple_10M_30.h5,,auto,,5000,,,,,,,false,true,19,3507568,1,0,5,0.0880124568939209,0.05703997611999512,19,184608.84210526315,0.6842105263157895,3,6,4,0,6,0,0,0,0,0,2
1609480,1609920,worker,319.89818263053894,False,hdf5,h5_tr_210.py,210,stream,M2,512,1,64,/pscratch/sd/s/satt/sprints/data/converted_10M/mc_normalized_rntuple_10M_30.h5,,auto,,5000,,,,,,,false,true,17,2342528,1,0,5,0.052765607833862305,0.08551859855651855,17,137795.76470588235,0.7647058823529411,3,6,4,0,4,0,0,0,0,0,2
1609480,1609921,worker,319.9328339099884,False,hdf5,h5_tr_210.py,210,stream,M2,512,1,64,/pscratch/sd/s/satt/sprints/data/converted_10M/mc_normalized_rntuple_10M_30.h5,,auto,,5000,,,,,,,false,true,17,2342528,1,0,5,0.07099151611328125,0.05675077438354492,17,137795.76470588235,0.7647058823529411,3,6,4,0,4,0,0,0,0,0,2
1609480,1609922,worker,319.9356551170349,False,hdf5,h5_tr_210.py,210,stream,M2,512,1,64,/pscratch/sd/s/satt/sprints/data/converted_10M/mc_normalized_rntuple_10M_30.h5,,auto,,5000,,,,,,,false,true,19,3507568,1,0,5,0.05718231201171875,0.0848536491394043,19,184608.84210526315,0.6842105263157895,3,6,4,0,6,0,0,0,0,0,2
1609480,1609923,worker,319.90500020980835,False,hdf5,h5_tr_210.py,210,stream,M2,512,1,64,/pscratch/sd/s/satt/sprints/data/converted_10M/mc_normalized_rntuple_10M_30.h5,,auto,,5000,,,,,,,false,true,17,2342528,1,0,5,0.11669421195983887,0.0038161277770996094,17,137795.76470588235,0.7647058823529411,3,6,4,0,4,0,0,0,0,0,2
1609480,1609924,worker,319.91523337364197,False,hdf5,h5_tr_210.py,210,stream,M2,512,1,64,/pscratch/sd/s/satt/sprints/data/converted_10M/mc_normalized_rntuple_10M_30.h5,,auto,,5000,,,,,,,false,true,17,2342528,1,0,5,0.02533745765686035,0.09824848175048828,17,137795.76470588235,0.7647058823529411,3,6,4,0,4,0,0,0,0,0,2
1609480,1609925,worker,319.90622425079346,False,hdf5,h5_tr_210.py,210,stream,M2,512,1,64,/pscratch/sd/s/satt/sprints/data/converted_10M/mc_normalized_rntuple_10M_30.h5,,auto,,5000,,,,,,,false,true,19,3507568,1,0,5,0.08681869506835938,0.055294036865234375,19,184608.84210526315,0.6842105263157895,3,6,4,0,6,0,0,0,0,0,2
1609480,1609926,worker,319.89751410484314,False,hdf5,h5_tr_210.py,210,stream,M2,512,1,64,/pscratch/sd/s/satt/sprints/data/converted_10M/mc_normalized_rntuple_10M_30.h5,,auto,,5000,,,,,,,false,true,17,2342528,1,0,5,0.043944597244262695,0.09784531593322754,17,137795.76470588235,0.7647058823529411,3,6,4,0,4,0,0,0,0,0,2
1609480,1609927,worker,319.840176820755,False,hdf5,h5_tr_210.py,210,stream,M2,512,1,64,/pscratch/sd/s/satt/sprints/data/converted_10M/mc_normalized_rntuple_10M_30.h5,,auto,,5000,,,,,,,false,true,21,3512280,1,0,5,0.0468442440032959,0.09699583053588867,21,167251.42857142858,0.7142857142857143,3,6,6,0,6,0,0,0,0,0,2
1609480,1609928,worker,319.8822910785675,False,hdf5,h5_tr_210.py,210,stream,M2,512,1,64,/pscratch/sd/s/satt/sprints/data/converted_10M/mc_normalized_rntuple_10M_30.h5,,auto,,5000,,,,,,,false,true,17,2342528,1,0,5,0.042980194091796875,0.0974421501159668,17,137795.76470588235,0.7647058823529411,3,6,4,0,4,0,0,0,0,0,2
1609480,1609929,worker,319.85651755332947,False,hdf5,h5_tr_210.py,210,stream,M2,512,1,64,/pscratch/sd/s/satt/sprints/data/converted_10M/mc_normalized_rntuple_10M_30.h5,,auto,,5000,,,,,,,false,true,17,2342528,1,0,5,0.061395883560180664,0.05510830879211426,17,137795.76470588235,0.7647058823529411,3,6,4,0,4,0,0,0,0,0,2
1609480,1609930,worker,319.87089681625366,False,hdf5,h5_tr_210.py,210,stream,M2,512,1,64,/pscratch/sd/s/satt/sprints/data/converted_10M/mc_normalized_rntuple_10M_30.h5,,auto,,5000,,,,,,,false,true,19,3507568,1,0,5,0.0776209831237793,0.05505490303039551,19,184608.84210526315,0.6842105263157895,3,6,4,0,6,0,0,0,0,0,2
1609480,1609931,worker,319.81821489334106,False,hdf5,h5_tr_210.py,210,stream,M2,512,1,64,/pscratch/sd/s/satt/sprints/data/converted_10M/mc_normalized_rntuple_10M_30.h5,,auto,,5000,,,,,,,false,true,17,2342528,1,0,5,0.08502793312072754,0.031231164932250977,17,137795.76470588235,0.7647058823529411,3,6,4,0,4,0,0,0,0,0,2
1609480,1609932,worker,319.8542597293854,False,hdf5,h5_tr_210.py,210,stream,M2,512,1,64,/pscratch/sd/s/satt/sprints/data/converted_10M/mc_normalized_rntuple_10M_30.h5,,auto,,5000,,,,,,,false,true,17,2342528,1,0,5,0.06568241119384766,0.05538749694824219,17,137795.76470588235,0.7647058823529411,3,6,4,0,4,0,0,0,0,0,2
1609480,1609933,worker,319.80466890335083,False,hdf5,h5_tr_210.py,210,stream,M2,512,1,64,/pscratch/sd/s/satt/sprints/data/converted_10M/mc_normalized_rntuple_10M_30.h5,,auto,,5000,,,,,,,false,true,19,3507568,1,0,5,0.10254406929016113,0.030968904495239258,19,184608.84210526315,0.6842105263157895,3,6,4,0,6,0,0,0,0,0,2
1609480,1609934,worker,319.8032958507538,False,hdf5,h5_tr_210.py,210,stream,M2,512,1,64,/pscratch/sd/s/satt/sprints/data/converted_10M/mc_normalized_rntuple_10M_30.h5,,auto,,5000,,,,,,,false,true,17,2342528,1,0,5,0.041916847229003906,0.09459614753723145,17,137795.76470588235,0.7647058823529411,3,6,4,0,4,0,0,0,0,0,2
1609480,1609935,worker,319.83576488494873,False,hdf5,h5_tr_210.py,210,stream,M2,512,1,64,/pscratch/sd/s/satt/sprints/data/converted_10M/mc_normalized_rntuple_10M_30.h5,,auto,,5000,,,,,,,false,true,17,2342528,1,0,5,0.07361245155334473,0.054273366928100586,17,137795.76470588235,0.7647058823529411,3,6,4,0,4,0,0,0,0,0,2
1609480,1609936,worker,319.79310393333435,False,hdf5,h5_tr_210.py,210,stream,M2,512,1,64,/pscratch/sd/s/satt/sprints/data/converted_10M/mc_normalized_rntuple_10M_30.h5,,auto,,5000,,,,,,,false,true,19,3507568,1,0,5,0.05697345733642578,0.08001232147216797,19,184608.84210526315,0.6842105263157895,3,6,4,0,6,0,0,0,0,0,2
1609480,1609937,worker,319.81550192832947,False,hdf5,h5_tr_210.py,210,stream,M2,512,1,64,/pscratch/sd/s/satt/sprints/data/converted_10M/mc_normalized_rntuple_10M_30.h5,,auto,,5000,,,,,,,false,true,17,2342528,1,0,5,0.054579734802246094,0.08039426803588867,17,137795.76470588235,0.7647058823529411,3,6,4,0,4,0,0,0,0,0,2
1609480,1609938,worker,319.8093161582947,False,hdf5,h5_tr_210.py,210,stream,M2,512,1,64,/pscratch/sd/s/satt/sprints/data/converted_10M/mc_normalized_rntuple_10M_30.h5,,auto,,5000,,,,,,,false,true,17,2342528,1,0,5,0.04729461669921875,0.08072543144226074,17,137795.76470588235,0.7647058823529411,3,6,4,0,4,0,0,0,0,0,2
1609480,1609939,worker,319.75487446784973,False,hdf5,h5_tr_210.py,210,stream,M2,512,1,64,/pscratch/sd/s/satt/sprints/data/converted_10M/mc_normalized_rntuple_10M_30.h5,,auto,,5000,,,,,,,false,true,19,3507568,1,0,5,0.07330989837646484,0.05706667900085449,19,184608.84210526315,0.6842105263157895,3,6,4,0,6,0,0,0,0,0,2
1609480,1609940,worker,319.77844190597534,False,hdf5,h5_tr_210.py,210,stream,M2,512,1,64,/pscratch/sd/s/satt/sprints/data/converted_10M/mc_normalized_rntuple_10M_30.h5,,auto,,5000,,,,,,,false,true,17,2342528,1,0,5,0.039163827896118164,0.09298348426818848,17,137795.76470588235,0.7647058823529411,3,6,4,0,4,0,0,0,0,0,2
1609480,1609941,worker,319.78310537338257,False,hdf5,h5_tr_210.py,210,stream,M2,512,1,64,/pscratch/sd/s/satt/sprints/data/converted_10M/mc_normalized_rntuple_10M_30.h5,,auto,,5000,,,,,,,false,true,17,2342528,1,0,5,0.040375709533691406,0.08368325233459473,17,137795.76470588235,0.7647058823529411,3,6,4,0,4,0,0,0,0,0,2
1609480,1609942,worker,319.7268650531769,False,hdf5,h5_tr_210.py,210,stream,M2,512,1,64,/pscratch/sd/s/satt/sprints/data/converted_10M/mc_normalized_rntuple_10M_30.h5,,auto,,5000,,,,,,,false,true,19,3507568,1,0,5,0.07906413078308105,0.03896594047546387,19,184608.84210526315,0.6842105263157895,3,6,4,0,6,0,0,0,0,0,2
1609480,1609943,worker,319.7681007385254,False,hdf5,h5_tr_210.py,210,stream,M2,512,1,64,/pscratch/sd/s/satt/sprints/data/converted_10M/mc_normalized_rntuple_10M_30.h5,,auto,,5000,,,,,,,false,true,17,2342528,1,0,5,0.05977630615234375,0.06564736366271973,17,137795.76470588235,0.7647058823529411,3,6,4,0,4,0,0,0,0,0,2
1609480,1609944,worker,319.7113449573517,False,hdf5,h5_tr_210.py,210,stream,M2,512,1,64,/pscratch/sd/s/satt/sprints/data/converted_10M/mc_normalized_rntuple_10M_30.h5,,auto,,5000,,,,,,,false,true,17,2342528,1,0,5,0.034720420837402344,0.0919954776763916,17,137795.76470588235,0.7647058823529411,3,6,4,0,4,0,0,0,0,0,2
1609480,1609945,worker,319.709050655365,False,hdf5,h5_tr_210.py,210,stream,M2,512,1,64,/pscratch/sd/s/satt/sprints/data/converted_10M/mc_normalized_rntuple_10M_30.h5,,auto,,5000,,,,,,,false,true,19,3507568,1,0,5,0.05009102821350098,0.08279633522033691,19,184608.84210526315,0.6842105263157895,3,6,4,0,6,0,0,0,0,0,2
1609480,1609946,worker,319.72671389579773,False,hdf5,h5_tr_210.py,210,stream,M2,512,1,64,/pscratch/sd/s/satt/sprints/data/converted_10M/mc_normalized_rntuple_10M_30.h5,,auto,,5000,,,,,,,false,true,17,2342528,1,0,5,0.05244135856628418,0.06030416488647461,17,137795.76470588235,0.7647058823529411,3,6,4,0,4,0,0,0,0,0,2
1609480,1609947,worker,319.73648834228516,False,hdf5,h5_tr_210.py,210,stream,M2,512,1,64,/pscratch/sd/s/satt/sprints/data/converted_10M/mc_normalized_rntuple_10M_30.h5,,auto,,5000,,,,,,,false,true,17,2342528,1,0,5,0.0325465202331543,0.08341503143310547,17,137795.76470588235,0.7647058823529411,3,6,4,0,4,0,0,0,0,0,2
1609480,1609948,worker,319.73177003860474,False,hdf5,h5_tr_210.py,210,stream,M2,512,1,64,/pscratch/sd/s/satt/sprints/data/converted_10M/mc_normalized_rntuple_10M_30.h5,,auto,,5000,,,,,,,false,true,19,3507568,1,0,5,0.08662295341491699,0.036837100982666016,19,184608.84210526315,0.6842105263157895,3,6,4,0,6,0,0,0,0,0,2
1609480,1609949,worker,319.74239230155945,False,hdf5,h5_tr_210.py,210,stream,M2,512,1,64,/pscratch/sd/s/satt/sprints/data/converted_10M/mc_normalized_rntuple_10M_30.h5,,auto,,5000,,,,,,,false,true,17,2342528,1,0,5,0.06923055648803711,0.037489891052246094,17,137795.76470588235,0.7647058823529411,3,6,4,0,4,0,0,0,0,0,2
1609480,1609950,worker,319.68147325515747,False,hdf5,h5_tr_210.py,210,stream,M2,512,1,64,/pscratch/sd/s/satt/sprints/data/converted_10M/mc_normalized_rntuple_10M_30.h5,,auto,,5000,,,,,,,false,true,17,2342528,1,0,5,0.07623457908630371,0.03728628158569336,17,137795.76470588235,0.7647058823529411,3,6,4,0,4,0,0,0,0,0,2
1609480,1609951,worker,319.7141718864441,False,hdf5,h5_tr_210.py,210,stream,M2,512,1,64,/pscratch/sd/s/satt/sprints/data/converted_10M/mc_normalized_rntuple_10M_30.h5,,auto,,5000,,,,,,,false,true,19,3507568,1,0,5,0.04430985450744629,0.0843956470489502,19,184608.84210526315,0.6842105263157895,3,6,4,0,6,0,0,0,0,0,2
1609480,1609952,worker,319.7024836540222,False,hdf5,h5_tr_210.py,210,stream,M2,512,1,64,/pscratch/sd/s/satt/sprints/data/converted_10M/mc_normalized_rntuple_10M_30.h5,,auto,,5000,,,,,,,false,true,17,2342528,1,0,5,0.03910183906555176,0.08284854888916016,17,137795.76470588235,0.7647058823529411,3,6,4,0,4,0,0,0,0,0,2
1609480,1609953,worker,319.6433937549591,False,hdf5,h5_tr_210.py,210,stream,M2,512,1,64,/pscratch/sd/s/satt/sprints/data/converted_10M/mc_normalized_rntuple_10M_30.h5,,auto,,5000,,,,,,,false,true,17,2342528,1,0,5,0.032572031021118164,0.09066367149353027,17,137795.76470588235,0.7647058823529411,3,6,4,0,4,0,0,0,0,0,2
1609480,1609954,worker,319.68226504325867,False,hdf5,h5_tr_210.py,210,stream,M2,512,1,64,/pscratch/sd/s/satt/sprints/data/converted_10M/mc_normalized_rntuple_10M_30.h5,,auto,,5000,,,,,,,false,true,19,3507568,1,0,5,0.058965444564819336,0.06838631629943848,19,184608.84210526315,0.6842105263157895,3,6,4,0,6,0,0,0,0,0,2
1609480,1609955,worker,319.63296008110046,False,hdf5,h5_tr_210.py,210,stream,M2,512,1,64,/pscratch/sd/s/satt/sprints/data/converted_10M/mc_normalized_rntuple_10M_30.h5,,auto,,5000,,,,,,,false,true,17,2342528,1,0,5,0.04525160789489746,0.08209848403930664,17,137795.76470588235,0.7647058823529411,3,6,4,0,4,0,0,0,0,0,2
1609480,1609956,worker,319.6299104690552,False,hdf5,h5_tr_210.py,210,stream,M2,512,1,64,/pscratch/sd/s/satt/sprints/data/converted_10M/mc_normalized_rntuple_10M_30.h5,,auto,,5000,,,,,,,false,true,17,2342528,1,0,5,0.043647050857543945,0.06502151489257812,17,137795.76470588235,0.7647058823529411,3,6,4,0,4,0,0,0,0,0,2
1609480,1609957,worker,319.67399072647095,False,hdf5,h5_tr_210.py,210,stream,M2,512,1,64,/pscratch/sd/s/satt/sprints/data/converted_10M/mc_normalized_rntuple_10M_30.h5,,auto,,5000,,,,,,,false,true,19,3507568,1,0,5,0.0619964599609375,0.06524300575256348,19,184608.84210526315,0.6842105263157895,3,6,4,0,6,0,0,0,0,0,2
1609480,1609958,worker,319.66421127319336,False,hdf5,h5_tr_210.py,210,stream,M2,512,1,64,/pscratch/sd/s/satt/sprints/data/converted_10M/mc_normalized_rntuple_10M_30.h5,,auto,,5000,,,,,,,false,true,17,2342528,1,0,5,0.04021859169006348,0.06505560874938965,17,137795.76470588235,0.7647058823529411,3,6,4,0,4,0,0,0,0,0,2
1609480,1609959,worker,319.6558690071106,False,hdf5,h5_tr_210.py,210,stream,M2,512,1,64,/pscratch/sd/s/satt/sprints/data/converted_10M/mc_normalized_rntuple_10M_30.h5,,auto,,5000,,,,,,,false,true,17,2342528,1,0,5,0.04565906524658203,0.036768436431884766,17,137795.76470588235,0.7647058823529411,3,6,4,0,4,0,0,0,0,0,2
1609480,1609960,worker,319.64419865608215,False,hdf5,h5_tr_210.py,210,stream,M2,512,1,64,/pscratch/sd/s/satt/sprints/data/converted_10M/mc_normalized_rntuple_10M_30.h5,,auto,,5000,,,,,,,false,true,19,3507568,1,0,5,0.061707258224487305,0.06500434875488281,19,184608.84210526315,0.6842105263157895,3,6,4,0,6,0,0,0,0,0,2
1609480,1609961,worker,319.6452443599701,False,hdf5,h5_tr_210.py,210,stream,M2,512,1,64,/pscratch/sd/s/satt/sprints/data/converted_10M/mc_normalized_rntuple_10M_30.h5,,auto,,5000,,,,,,,false,true,17,2342528,1,0,5,0.05375933647155762,0.06563782691955566,17,137795.76470588235,0.7647058823529411,3,6,4,0,4,0,0,0,0,0,2
1609480,1609962,worker,319.6405634880066,False,hdf5,h5_tr_210.py,210,stream,M2,512,1,64,/pscratch/sd/s/satt/sprints/data/converted_10M/mc_normalized_rntuple_10M_30.h5,,auto,,5000,,,,,,,false,true,17,2342528,1,0,5,0.03861546516418457,0.08081817626953125,17,137795.76470588235,0.7647058823529411,3,6,4,0,4,0,0,0,0,0,2
1609480,1609963,worker,319.58700251579285,False,hdf5,h5_tr_210.py,210,stream,M2,512,1,64,/pscratch/sd/s/satt/sprints/data/converted_10M/mc_normalized_rntuple_10M_30.h5,,auto,,5000,,,,,,,false,true,19,3507568,1,0,5,0.07552576065063477,0.03250479698181152,19,184608.84210526315,0.6842105263157895,3,6,4,0,6,0,0,0,0,0,2
1609480,1609964,worker,319.6278426647186,False,hdf5,h5_tr_210.py,210,stream,M2,512,1,64,/pscratch/sd/s/satt/sprints/data/converted_10M/mc_normalized_rntuple_10M_30.h5,,auto,,5000,,,,,,,false,true,17,2342528,1,0,5,0.044121503829956055,0.08039259910583496,17,137795.76470588235,0.7647058823529411,3,6,4,0,4,0,0,0,0,0,2
1609480,1609965,worker,319.60615253448486,False,hdf5,h5_tr_210.py,210,stream,M2,512,1,64,/pscratch/sd/s/satt/sprints/data/converted_10M/mc_normalized_rntuple_10M_30.h5,,auto,,5000,,,,,,,false,true,17,2342528,1,0,5,0.06251883506774902,0.037395477294921875,17,137795.76470588235,0.7647058823529411,3,6,4,0,4,0,0,0,0,0,2
1609480,1609966,worker,319.57944321632385,False,hdf5,h5_tr_210.py,210,stream,M2,512,1,64,/pscratch/sd/s/satt/sprints/data/converted_10M/mc_normalized_rntuple_10M_30.h5,,auto,,5000,,,,,,,false,true,19,3507568,1,0,5,0.05914711952209473,0.06208944320678711,19,184608.84210526315,0.6842105263157895,3,6,4,0,6,0,0,0,0,0,2
1609480,1609967,worker,319.5909593105316,False,hdf5,h5_tr_210.py,210,stream,M2,512,1,64,/pscratch/sd/s/satt/sprints/data/converted_10M/mc_normalized_rntuple_10M_30.h5,,auto,,5000,,,,,,,false,true,17,2342528,1,0,5,0.04223513603210449,0.06163454055786133,17,137795.76470588235,0.7647058823529411,3,6,4,0,4,0,0,0,0,0,2
1609480,1609968,worker,319.5279154777527,False,hdf5,h5_tr_210.py,210,stream,M2,512,1,64,/pscratch/sd/s/satt/sprints/data/converted_10M/mc_normalized_rntuple_10M_30.h5,,auto,,5000,,,,,,,false,true,19,3507568,1,0,5,0.052385807037353516,0.061036109924316406,19,184608.84210526315,0.6842105263157895,3,6,4,0,6,0,0,0,0,0,2
1609480,1609969,worker,319.57502484321594,False,hdf5,h5_tr_210.py,210,stream,M2,512,1,64,/pscratch/sd/s/satt/sprints/data/converted_10M/mc_normalized_rntuple_10M_30.h5,,auto,,5000,,,,,,,false,true,17,2342528,1,0,5,0.043154239654541016,0.07566070556640625,17,137795.76470588235,0.7647058823529411,3,6,4,0,4,0,0,0,0,0,2
1609480,1609970,worker,319.5680584907532,False,hdf5,h5_tr_210.py,210,stream,M2,512,1,64,/pscratch/sd/s/satt/sprints/data/converted_10M/mc_normalized_rntuple_10M_30.h5,,auto,,5000,,,,,,,false,true,19,2347240,1,0,5,0.0434880256652832,0.07446885108947754,19,123538.94736842105,0.7894736842105263,3,6,6,0,4,0,0,0,0,0,2
1609480,1609971,worker,319.5621371269226,False,hdf5,h5_tr_210.py,210,stream,M2,512,1,64,/pscratch/sd/s/satt/sprints/data/converted_10M/mc_normalized_rntuple_10M_30.h5,,auto,,5000,,,,,,,false,true,19,3507568,1,0,5,0.0617222785949707,0.0592498779296875,19,184608.84210526315,0.6842105263157895,3,6,4,0,6,0,0,0,0,0,2
1609480,1609972,worker,319.55097460746765,False,hdf5,h5_tr_210.py,210,stream,M2,512,1,64,/pscratch/sd/s/satt/sprints/data/converted_10M/mc_normalized_rntuple_10M_30.h5,,auto,,5000,,,,,,,false,true,17,2342528,1,0,5,0.04306960105895996,0.03215742111206055,17,137795.76470588235,0.7647058823529411,3,6,4,0,4,0,0,0,0,0,2
1609480,1609973,worker,319.55046486854553,False,hdf5,h5_tr_210.py,210,stream,M2,512,1,64,/pscratch/sd/s/satt/sprints/data/converted_10M/mc_normalized_rntuple_10M_30.h5,,auto,,5000,,,,,,,false,true,17,2342528,1,0,5,0.06246471405029297,0.03194689750671387,17,137795.76470588235,0.7647058823529411,3,6,4,0,4,0,0,0,0,0,2
1609480,1609974,worker,319.48152232170105,False,hdf5,h5_tr_210.py,210,stream,M2,512,1,64,/pscratch/sd/s/satt/sprints/data/converted_10M/mc_normalized_rntuple_10M_30.h5,,auto,,5000,,,,,,,false,true,19,3507568,1,0,5,0.10505461692810059,0.0048351287841796875,19,184608.84210526315,0.6842105263157895,3,6,4,0,6,0,0,0,0,0,2
1609480,1609975,worker,319.48369097709656,False,hdf5,h5_tr_210.py,210,stream,M2,512,1,64,/pscratch/sd/s/satt/sprints/data/converted_10M/mc_normalized_rntuple_10M_30.h5,,auto,,5000,,,,,,,false,true,17,2342528,1,0,5,0.03366899490356445,0.06026721000671387,17,137795.76470588235,0.7647058823529411,3,6,4,0,4,0,0,0,0,0,2
1609480,1609976,worker,319.5011155605316,False,hdf5,h5_tr_210.py,210,stream,M2,512,1,64,/pscratch/sd/s/satt/sprints/data/converted_10M/mc_normalized_rntuple_10M_30.h5,,auto,,5000,,,,,,,false,true,17,2342528,1,0,5,0.06101512908935547,0.03257894515991211,17,137795.76470588235,0.7647058823529411,3,6,4,0,4,0,0,0,0,0,2
1609480,1609977,worker,319.51673769950867,False,hdf5,h5_tr_210.py,210,stream,M2,512,1,64,/pscratch/sd/s/satt/sprints/data/converted_10M/mc_normalized_rntuple_10M_30.h5,,auto,,5000,,,,,,,false,true,19,3507568,1,0,5,0.05680251121520996,0.059442758560180664,19,184608.84210526315,0.6842105263157895,3,6,4,0,6,0,0,0,0,0,2
1609480,1609978,worker,319.5064661502838,False,hdf5,h5_tr_210.py,210,stream,M2,512,1,64,/pscratch/sd/s/satt/sprints/data/converted_10M/mc_normalized_rntuple_10M_30.h5,,auto,,5000,,,,,,,false,true,17,2342528,1,0,5,0.03822207450866699,0.03153347969055176,17,137795.76470588235,0.7647058823529411,3,6,4,0,4,0,0,0,0,0,2
1609480,1609979,worker,319.5031771659851,False,hdf5,h5_tr_210.py,210,stream,M2,512,1,64,/pscratch/sd/s/satt/sprints/data/converted_10M/mc_normalized_rntuple_10M_30.h5,,auto,,5000,,,,,,,false,true,17,2342528,1,0,5,0.05885148048400879,0.031116485595703125,17,137795.76470588235,0.7647058823529411,3,6,4,0,4,0,0,0,0,0,2
1609480,1609980,worker,319.49343514442444,False,hdf5,h5_tr_210.py,210,stream,M2,512,1,64,/pscratch/sd/s/satt/sprints/data/converted_10M/mc_normalized_rntuple_10M_30.h5,,auto,,5000,,,,,,,false,true,19,3507568,1,0,5,0.0758814811706543,0.03019261360168457,19,184608.84210526315,0.6842105263157895,3,6,4,0,6,0,0,0,0,0,2
1609480,1609981,worker,319.49196219444275,False,hdf5,h5_tr_210.py,210,stream,M2,512,1,64,/pscratch/sd/s/satt/sprints/data/converted_10M/mc_normalized_rntuple_10M_30.h5,,auto,,5000,,,,,,,false,true,17,2342528,1,0,5,0.0549318790435791,0.05860018730163574,17,137795.76470588235,0.7647058823529411,3,6,4,0,4,0,0,0,0,0,2
1609480,1609982,worker,319.4821524620056,False,hdf5,h5_tr_210.py,210,stream,M2,512,1,64,/pscratch/sd/s/satt/sprints/data/converted_10M/mc_normalized_rntuple_10M_30.h5,,auto,,5000,,,,,,,false,true,17,2342528,1,0,5,0.04653644561767578,0.05898642539978027,17,137795.76470588235,0.7647058823529411,3,6,4,0,4,0,0,0,0,0,2
1609480,1609983,worker,319.4748947620392,False,hdf5,h5_tr_210.py,210,stream,M2,512,1,64,/pscratch/sd/s/satt/sprints/data/converted_10M/mc_normalized_rntuple_10M_30.h5,,auto,,5000,,,,,,,false,true,19,3507568,1,0,5,0.05090212821960449,0.05721449851989746,19,184608.84210526315,0.6842105263157895,3,6,4,0,6,0,0,0,0,0,2
1609480,1609984,worker,319.4311239719391,False,hdf5,h5_tr_210.py,210,stream,M2,512,1,64,/pscratch/sd/s/satt/sprints/data/converted_10M/mc_normalized_rntuple_10M_30.h5,,auto,,5000,,,,,,,false,true,17,2342528,1,0,5,0.03812885284423828,0.05682635307312012,17,137795.76470588235,0.7647058823529411,3,6,4,0,4,0,0,0,0,0,2
1609480,1609985,worker,319.40827798843384,False,hdf5,h5_tr_210.py,210,stream,M2,512,1,64,/pscratch/sd/s/satt/sprints/data/converted_10M/mc_normalized_rntuple_10M_30.h5,,auto,,5000,,,,,,,false,true,17,2342528,1,0,5,0.040795326232910156,0.05632758140563965,17,137795.76470588235,0.7647058823529411,3,6,4,0,4,0,0,0,0,0,2
1609480,1609986,worker,319.3913314342499,False,hdf5,h5_tr_210.py,210,stream,M2,512,1,64,/pscratch/sd/s/satt/sprints/data/converted_10M/mc_normalized_rntuple_10M_30.h5,,auto,,5000,,,,,,,false,true,19,3507568,1,0,5,0.07304525375366211,0.030293941497802734,19,184608.84210526315,0.6842105263157895,3,6,4,0,6,0,0,0,0,0,2
1609480,1609987,worker,319.44593501091003,False,hdf5,h5_tr_210.py,210,stream,M2,512,1,64,/pscratch/sd/s/satt/sprints/data/converted_10M/mc_normalized_rntuple_10M_30.h5,,auto,,5000,,,,,,,false,true,17,2342528,1,0,5,0.08374977111816406,0.003732919692993164,17,137795.76470588235,0.7647058823529411,3,6,4,0,4,0,0,0,0,0,2
1609480,1609988,worker,319.42770648002625,False,hdf5,h5_tr_210.py,210,stream,M2,512,1,64,/pscratch/sd/s/satt/sprints/data/converted_10M/mc_normalized_rntuple_10M_30.h5,,auto,,5000,,,,,,,false,true,17,2342528,1,0,5,0.08278512954711914,0.004030704498291016,17,137795.76470588235,0.7647058823529411,3,6,4,0,4,0,0,0,0,0,2
1609480,1609989,worker,319.4173016548157,False,hdf5,h5_tr_210.py,210,stream,M2,512,1,64,/pscratch/sd/s/satt/sprints/data/converted_10M/mc_normalized_rntuple_10M_30.h5,,auto,,5000,,,,,,,false,true,19,3507568,1,0,5,0.07121992111206055,0.03131222724914551,19,184608.84210526315,0.6842105263157895,3,6,4,0,6,0,0,0,0,0,2
1609480,1609990,worker,319.3751175403595,False,hdf5,h5_tr_210.py,210,stream,M2,512,1,64,/pscratch/sd/s/satt/sprints/data/converted_10M/mc_normalized_rntuple_10M_30.h5,,auto,,5000,,,,,,,false,true,17,2342528,1,0,5,0.04599714279174805,0.05666208267211914,17,137795.76470588235,0.7647058823529411,3,6,4,0,4,0,0,0,0,0,2
1609480,1609991,worker,319.40328550338745,False,hdf5,h5_tr_210.py,210,stream,M2,512,1,64,/pscratch/sd/s/satt/sprints/data/converted_10M/mc_normalized_rntuple_10M_30.h5,,auto,,5000,,,,,,,false,true,17,2342528,1,0,5,0.06388211250305176,0.030777454376220703,17,137795.76470588235,0.7647058823529411,3,6,4,0,4,0,0,0,0,0,2
1609480,1609992,worker,319.36365723609924,False,hdf5,h5_tr_210.py,210,stream,M2,512,1,64,/pscratch/sd/s/satt/sprints/data/converted_10M/mc_normalized_rntuple_10M_30.h5,,auto,,5000,,,,,,,false,true,19,3507568,1,0,5,0.07905960083007812,0.03017282485961914,19,184608.84210526315,0.6842105263157895,3,6,4,0,6,0,0,0,0,0,2
1609480,1609993,worker,319.3958463668823,False,hdf5,h5_tr_210.py,210,stream,M2,512,1,64,/pscratch/sd/s/satt/sprints/data/converted_10M/mc_normalized_rntuple_10M_30.h5,,auto,,5000,,,,,,,false,true,17,2342528,1,0,5,0.04534006118774414,0.05567622184753418,17,137795.76470588235,0.7647058823529411,3,6,4,0,4,0,0,0,0,0,2
1609480,1609994,worker,319.38279271125793,False,hdf5,h5_tr_210.py,210,stream,M2,512,1,64,/pscratch/sd/s/satt/sprints/data/converted_10M/mc_normalized_rntuple_10M_30.h5,,auto,,5000,,,,,,,false,true,17,2342528,1,0,5,0.04831123352050781,0.055036306381225586,17,137795.76470588235,0.7647058823529411,3,6,4,0,4,0,0,0,0,0,2
1609480,1609995,worker,319.3197145462036,False,hdf5,h5_tr_210.py,210,stream,M2,512,1,64,/pscratch/sd/s/satt/sprints/data/converted_10M/mc_normalized_rntuple_10M_30.h5,,auto,,5000,,,,,,,false,true,19,3507568,1,0,5,0.05466341972351074,0.055693864822387695,19,184608.84210526315,0.6842105263157895,3,6,4,0,6,0,0,0,0,0,2
1609480,1609996,worker,319.3710951805115,False,hdf5,h5_tr_210.py,210,stream,M2,512,1,64,/pscratch/sd/s/satt/sprints/data/converted_10M/mc_normalized_rntuple_10M_30.h5,,auto,,5000,,,,,,,false,true,17,2342528,1,0,5,0.039734840393066406,0.02990245819091797,17,137795.76470588235,0.7647058823529411,3,6,4,0,4,0,0,0,0,0,2
1609480,1609997,worker,319.35492300987244,False,hdf5,h5_tr_210.py,210,stream,M2,512,1,64,/pscratch/sd/s/satt/sprints/data/converted_10M/mc_normalized_rntuple_10M_30.h5,,auto,,5000,,,,,,,false,true,17,2342528,1,0,5,0.05602407455444336,0.030354976654052734,17,137795.76470588235,0.7647058823529411,3,6,4,0,4,0,0,0,0,0,2
1609480,1609998,worker,319.34527373313904,False,hdf5,h5_tr_210.py,210,stream,M2,512,1,64,/pscratch/sd/s/satt/sprints/data/converted_10M/mc_normalized_rntuple_10M_30.h5,,auto,,5000,,,,,,,false,true,19,3507568,1,0,5,0.07782602310180664,0.029648780822753906,19,184608.84210526315,0.6842105263157895,3,6,4,0,6,0,0,0,0,0,2
1609480,1609999,worker,319.348064661026,False,hdf5,h5_tr_210.py,210,stream,M2,512,1,64,/pscratch/sd/s/satt/sprints/data/converted_10M/mc_normalized_rntuple_10M_30.h5,,auto,,5000,,,,,,,false,true,17,2342528,1,0,5,0.03982710838317871,0.0659174919128418,17,137795.76470588235,0.7647058823529411,3,6,4,0,4,0,0,0,0,0,2
1609480,1610000,worker,319.2787299156189,False,hdf5,h5_tr_210.py,210,stream,M2,512,1,64,/pscratch/sd/s/satt/sprints/data/converted_10M/mc_normalized_rntuple_10M_30.h5,,auto,,5000,,,,,,,false,true,17,2342528,1,0,5,0.0727376937866211,0.029589176177978516,17,137795.76470588235,0.7647058823529411,3,6,4,0,4,0,0,0,0,0,2
1609480,1610001,worker,319.33570289611816,False,hdf5,h5_tr_210.py,210,stream,M2,512,1,64,/pscratch/sd/s/satt/sprints/data/converted_10M/mc_normalized_rntuple_10M_30.h5,,auto,,5000,,,,,,,false,true,19,3507568,1,0,5,0.04374384880065918,0.06577277183532715,19,184608.84210526315,0.6842105263157895,3,6,4,0,6,0,0,0,0,0,2
1609480,1610002,worker,319.3230061531067,False,hdf5,h5_tr_210.py,210,stream,M2,512,1,64,/pscratch/sd/s/satt/sprints/data/converted_10M/mc_normalized_rntuple_10M_30.h5,,auto,,5000,,,,,,,false,true,17,2342528,1,0,5,0.045004844665527344,0.054479360580444336,17,137795.76470588235,0.7647058823529411,3,6,4,0,4,0,0,0,0,0,2
1609480,1610003,worker,319.25038290023804,False,hdf5,h5_tr_210.py,210,stream,M2,512,1,64,/pscratch/sd/s/satt/sprints/data/converted_10M/mc_normalized_rntuple_10M_30.h5,,auto,,5000,,,,,,,false,true,17,2342528,1,0,5,0.03596234321594238,0.0643761157989502,17,137795.76470588235,0.7647058823529411,3,6,4,0,4,0,0,0,0,0,2
1609480,1610004,worker,319.31096959114075,False,hdf5,h5_tr_210.py,210,stream,M2,512,1,64,/pscratch/sd/s/satt/sprints/data/converted_10M/mc_normalized_rntuple_10M_30.h5,,auto,,5000,,,,,,,false,true,19,3507568,1,0,5,0.04371786117553711,0.06366872787475586,19,184608.84210526315,0.6842105263157895,3,6,4,0,6,0,0,0,0,0,2
1609480,1610005,worker,319.27208852767944,False,hdf5,h5_tr_210.py,210,stream,M2,512,1,64,/pscratch/sd/s/satt/sprints/data/converted_10M/mc_normalized_rntuple_10M_30.h5,,auto,,5000,,,,,,,false,true,17,2342528,1,0,5,0.06841349601745605,0.03220701217651367,17,137795.76470588235,0.7647058823529411,3,6,4,0,4,0,0,0,0,0,2
1609480,1610006,worker,319.24338841438293,False,hdf5,h5_tr_210.py,210,stream,M2,512,1,64,/pscratch/sd/s/satt/sprints/data/converted_10M/mc_normalized_rntuple_10M_30.h5,,auto,,5000,,,,,,,false,true,17,2342528,1,0,5,0.04557919502258301,0.05606389045715332,17,137795.76470588235,0.7647058823529411,3,6,4,0,4,0,0,0,0,0,2
1609480,1610007,worker,319.2854473590851,False,hdf5,h5_tr_210.py,210,stream,M2,512,1,64,/pscratch/sd/s/satt/sprints/data/converted_10M/mc_normalized_rntuple_10M_30.h5,,auto,,5000,,,,,,,false,true,19,3507568,1,0,5,0.052613019943237305,0.05393338203430176,19,184608.84210526315,0.6842105263157895,3,6,4,0,6,0,0,0,0,0,2
1609480,1610008,worker,319.2751200199127,False,hdf5,h5_tr_210.py,210,stream,M2,512,1,64,/pscratch/sd/s/satt/sprints/data/converted_10M/mc_normalized_rntuple_10M_30.h5,,auto,,5000,,,,,,,false,true,17,2342528,1,0,5,0.044035911560058594,0.05378842353820801,17,137795.76470588235,0.7647058823529411,3,6,4,0,4,0,0,0,0,0,2
1609480,1610009,worker,319.21408867836,False,hdf5,h5_tr_210.py,210,stream,M2,512,1,64,/pscratch/sd/s/satt/sprints/data/converted_10M/mc_normalized_rntuple_10M_30.h5,,auto,,5000,,,,,,,false,true,17,2342528,1,0,5,0.035349130630493164,0.06433343887329102,17,137795.76470588235,0.7647058823529411,3,6,4,0,4,0,0,0,0,0,2
1609480,1610010,worker,319.2563865184784,False,hdf5,h5_tr_210.py,210,stream,M2,512,1,64,/pscratch/sd/s/satt/sprints/data/converted_10M/mc_normalized_rntuple_10M_30.h5,,auto,,5000,,,,,,,false,true,19,3507568,1,0,5,0.04165244102478027,0.0640707015991211,19,184608.84210526315,0.6842105263157895,3,6,4,0,6,0,0,0,0,0,2
1609480,1610011,worker,319.1867642402649,False,hdf5,h5_tr_210.py,210,stream,M2,512,1,64,/pscratch/sd/s/satt/sprints/data/converted_10M/mc_normalized_rntuple_10M_30.h5,,auto,,5000,,,,,,,false,true,17,2342528,1,0,5,0.0398714542388916,0.06408452987670898,17,137795.76470588235,0.7647058823529411,3,6,4,0,4,0,0,0,0,0,2
1609480,1610012,worker,319.2446460723877,False,hdf5,h5_tr_210.py,210,stream,M2,512,1,64,/pscratch/sd/s/satt/sprints/data/converted_10M/mc_normalized_rntuple_10M_30.h5,,auto,,5000,,,,,,,false,true,19,3507568,1,0,5,0.07422733306884766,0.03008890151977539,19,184608.84210526315,0.6842105263157895,3,6,4,0,6,0,0,0,0,0,2
1609480,1610013,worker,319.21088218688965,False,hdf5,h5_tr_210.py,210,stream,M2,512,1,64,/pscratch/sd/s/satt/sprints/data/converted_10M/mc_normalized_rntuple_10M_30.h5,,auto,,5000,,,,,,,false,true,17,2342528,1,0,5,0.03935980796813965,0.06406021118164062,17,137795.76470588235,0.7647058823529411,3,6,4,0,4,0,0,0,0,0,2
1609480,1610014,worker,319.18183183670044,False,hdf5,h5_tr_210.py,210,stream,M2,512,1,64,/pscratch/sd/s/satt/sprints/data/converted_10M/mc_normalized_rntuple_10M_30.h5,,auto,,5000,,,,,,,false,true,17,2342528,1,0,5,0.06120038032531738,0.033387184143066406,17,137795.76470588235,0.7647058823529411,3,6,4,0,4,0,0,0,0,0,2
