run_id,pid,role,file,reads,writes,opens,stats,seeks,metadata_ops,tracked_ops,metadata_ops_fraction,metadata_ops_pct,opens_per_file,stats_per_file,metadata_ops_per_file,opens_per_1000_reads,stats_per_1000_reads,metadata_ops_per_1000_reads,meta_time,meta_time_per_metadata_op,run_time,meta_time_per_runtime,metadata_time_pct_runtime
974490,974490,parent,/pscratch/sd/s/satt/sprints/a_star_campaign/h5/h5_tr_110.py,10,0,5,19,13,24,47,0.5106382978723404,51.06382978723404,5.0,19.0,24.0,500.0,1900.0,2400.0,0.0017154216766357422,7.147590319315593e-05,363.9924428462982,4.712794758104654e-06,0.0004712794758104654
974490,974490,parent,/pscratch/sd/s/satt/sprints/data/converted_10M/mc_normalized_rntuple_10M_10.h5,1417,0,2,4,0,6,1423,0.004216444132115249,0.42164441321152496,2.0,4.0,6.0,1.4114326040931546,2.8228652081863093,4.234297812279464,0.0007481575012207031,0.0001246929168701172,363.9924428462982,2.0554204240350805e-06,0.00020554204240350805
974490,974516,worker,/pscratch/sd/s/satt/sprints/a_star_campaign/h5/h5_tr_110.py,0,0,0,3,0,3,3,1.0,100.0,0.0,3.0,3.0,,,,6.175041198730469e-05,2.0583470662434895e-05,323.83009338378906,1.906876885407955e-07,1.906876885407955e-05
974490,974517,worker,/pscratch/sd/s/satt/sprints/a_star_campaign/h5/h5_tr_110.py,0,0,0,3,0,3,3,1.0,100.0,0.0,3.0,3.0,,,,6.532669067382812e-05,2.1775563557942707e-05,323.8190233707428,2.0173827341525612e-07,2.0173827341525613e-05
974490,974518,worker,/pscratch/sd/s/satt/sprints/a_star_campaign/h5/h5_tr_110.py,0,0,0,3,0,3,3,1.0,100.0,0.0,3.0,3.0,,,,7.581710815429688e-05,2.5272369384765625e-05,323.82057428359985,2.3413307916592342e-07,2.3413307916592344e-05
974490,974519,worker,/pscratch/sd/s/satt/sprints/a_star_campaign/h5/h5_tr_110.py,0,0,0,3,0,3,3,1.0,100.0,0.0,3.0,3.0,,,,6.747245788574219e-05,2.2490819295247395e-05,323.8132481575012,2.083684292401894e-07,2.083684292401894e-05
974490,974520,worker,/pscratch/sd/s/satt/sprints/a_star_campaign/h5/h5_tr_110.py,0,0,0,3,0,3,3,1.0,100.0,0.0,3.0,3.0,,,,5.888938903808594e-05,1.9629796346028645e-05,323.8104920387268,1.8186374588209124e-07,1.8186374588209123e-05
974490,974521,worker,/pscratch/sd/s/satt/sprints/a_star_campaign/h5/h5_tr_110.py,0,0,0,3,0,3,3,1.0,100.0,0.0,3.0,3.0,,,,5.245208740234375e-05,1.7484029134114582e-05,323.80401492118835,1.6198714341176473e-07,1.6198714341176475e-05
974490,974522,worker,/pscratch/sd/s/satt/sprints/a_star_campaign/h5/h5_tr_110.py,0,0,0,3,0,3,3,1.0,100.0,0.0,3.0,3.0,,,,5.412101745605469e-05,1.804033915201823e-05,323.79860162734985,1.6714407407583852e-07,1.671440740758385e-05
974490,974523,worker,/pscratch/sd/s/satt/sprints/a_star_campaign/h5/h5_tr_110.py,0,0,0,3,0,3,3,1.0,100.0,0.0,3.0,3.0,,,,5.626678466796875e-05,1.8755594889322918e-05,323.7924520969391,1.7377423193028366e-07,1.7377423193028363e-05
974490,974524,worker,/pscratch/sd/s/satt/sprints/a_star_campaign/h5/h5_tr_110.py,0,0,0,3,0,3,3,1.0,100.0,0.0,3.0,3.0,,,,5.602836608886719e-05,1.8676122029622395e-05,323.7874493598938,1.7304057399269655e-07,1.7304057399269656e-05
974490,974525,worker,/pscratch/sd/s/satt/sprints/a_star_campaign/h5/h5_tr_110.py,0,0,0,3,0,3,3,1.0,100.0,0.0,3.0,3.0,,,,5.435943603515625e-05,1.811981201171875e-05,323.77934885025024,1.6789037419522946e-07,1.6789037419522946e-05
974490,974526,worker,/pscratch/sd/s/satt/sprints/a_star_campaign/h5/h5_tr_110.py,0,0,0,3,0,3,3,1.0,100.0,0.0,3.0,3.0,,,,5.7220458984375e-05,1.9073486328125e-05,323.78042912483215,1.7672612004079438e-07,1.7672612004079436e-05
974490,974527,worker,/pscratch/sd/s/satt/sprints/a_star_campaign/h5/h5_tr_110.py,0,0,0,3,0,3,3,1.0,100.0,0.0,3.0,3.0,,,,5.626678466796875e-05,1.8755594889322918e-05,323.76753187179565,1.7378760724608136e-07,1.7378760724608136e-05
974490,974528,worker,/pscratch/sd/s/satt/sprints/a_star_campaign/h5/h5_tr_110.py,0,0,0,3,0,3,3,1.0,100.0,0.0,3.0,3.0,,,,6.103515625e-05,2.0345052083333332e-05,323.7618656158447,1.8851866983748e-07,1.8851866983748e-05
974490,974529,worker,/pscratch/sd/s/satt/sprints/a_star_campaign/h5/h5_tr_110.py,0,0,0,3,0,3,3,1.0,100.0,0.0,3.0,3.0,,,,5.817413330078125e-05,1.9391377766927082e-05,323.7558615207672,1.7968518941254656e-07,1.7968518941254655e-05
974490,974530,worker,/pscratch/sd/s/satt/sprints/a_star_campaign/h5/h5_tr_110.py,0,0,0,3,0,3,3,1.0,100.0,0.0,3.0,3.0,,,,5.5789947509765625e-05,1.8596649169921875e-05,323.7532353401184,1.7232244011756543e-07,1.7232244011756544e-05
974490,974531,worker,/pscratch/sd/s/satt/sprints/a_star_campaign/h5/h5_tr_110.py,0,0,0,3,0,3,3,1.0,100.0,0.0,3.0,3.0,,,,5.340576171875e-05,1.7801920572916668e-05,323.7453429698944,1.6496225468088443e-07,1.6496225468088443e-05
974490,974532,worker,/pscratch/sd/s/satt/sprints/a_star_campaign/h5/h5_tr_110.py,0,0,0,3,0,3,3,1.0,100.0,0.0,3.0,3.0,,,,5.435943603515625e-05,1.811981201171875e-05,323.74044156074524,1.6791055134505487e-07,1.6791055134505487e-05
974490,974533,worker,/pscratch/sd/s/satt/sprints/a_star_campaign/h5/h5_tr_110.py,0,0,0,3,0,3,3,1.0,100.0,0.0,3.0,3.0,,,,5.340576171875e-05,1.7801920572916668e-05,323.73411870002747,1.6496797413014061e-07,1.649679741301406e-05
974490,974534,worker,/pscratch/sd/s/satt/sprints/a_star_campaign/h5/h5_tr_110.py,0,0,0,3,0,3,3,1.0,100.0,0.0,3.0,3.0,,,,5.5789947509765625e-05,1.8596649169921875e-05,323.727756023407,1.723360029275085e-07,1.723360029275085e-05
974490,974535,worker,/pscratch/sd/s/satt/sprints/a_star_campaign/h5/h5_tr_110.py,0,0,0,3,0,3,3,1.0,100.0,0.0,3.0,3.0,,,,5.745887756347656e-05,1.915295918782552e-05,323.7211277484894,1.7749498762440502e-07,1.7749498762440503e-05
974490,974536,worker,/pscratch/sd/s/satt/sprints/a_star_campaign/h5/h5_tr_110.py,0,0,0,3,0,3,3,1.0,100.0,0.0,3.0,3.0,,,,5.269050598144531e-05,1.7563501993815105e-05,323.7190771102905,1.6276614418832582e-07,1.6276614418832582e-05
974490,974537,worker,/pscratch/sd/s/satt/sprints/a_star_campaign/h5/h5_tr_110.py,0,0,0,3,0,3,3,1.0,100.0,0.0,3.0,3.0,,,,5.507469177246094e-05,1.8358230590820312e-05,323.7103679180145,1.7013570534265246e-07,1.7013570534265246e-05
974490,974538,worker,/pscratch/sd/s/satt/sprints/a_star_campaign/h5/h5_tr_110.py,0,0,0,3,0,3,3,1.0,100.0,0.0,3.0,3.0,,,,6.985664367675781e-05,2.3285547892252605e-05,323.70384192466736,2.1580418465658778e-07,2.158041846565878e-05
974490,974539,worker,/pscratch/sd/s/satt/sprints/a_star_campaign/h5/h5_tr_110.py,0,0,0,3,0,3,3,1.0,100.0,0.0,3.0,3.0,,,,5.698204040527344e-05,1.899401346842448e-05,323.7017812728882,1.7603252036860508e-07,1.760325203686051e-05
974490,974540,worker,/pscratch/sd/s/satt/sprints/a_star_campaign/h5/h5_tr_110.py,0,0,0,3,0,3,3,1.0,100.0,0.0,3.0,3.0,,,,5.364418029785156e-05,1.7881393432617188e-05,323.68694734573364,1.6572858664131926e-07,1.6572858664131927e-05
974490,974541,worker,/pscratch/sd/s/satt/sprints/a_star_campaign/h5/h5_tr_110.py,0,0,0,3,0,3,3,1.0,100.0,0.0,3.0,3.0,,,,5.626678466796875e-05,1.8755594889322918e-05,323.6810302734375,1.7383405082601228e-07,1.7383405082601227e-05
974490,974542,worker,/pscratch/sd/s/satt/sprints/a_star_campaign/h5/h5_tr_110.py,0,0,0,3,0,3,3,1.0,100.0,0.0,3.0,3.0,,,,5.3882598876953125e-05,1.7960866292317707e-05,323.6772401332855,1.664701504954907e-07,1.6647015049549072e-05
974490,974543,worker,/pscratch/sd/s/satt/sprints/a_star_campaign/h5/h5_tr_110.py,0,0,0,3,0,3,3,1.0,100.0,0.0,3.0,3.0,,,,5.698204040527344e-05,1.899401346842448e-05,323.66992378234863,1.7604984652077506e-07,1.7604984652077504e-05
974490,974544,worker,/pscratch/sd/s/satt/sprints/a_star_campaign/h5/h5_tr_110.py,0,0,0,3,0,3,3,1.0,100.0,0.0,3.0,3.0,,,,5.53131103515625e-05,1.8437703450520832e-05,323.6642906665802,1.7089654913010715e-07,1.7089654913010713e-05
974490,974545,worker,/pscratch/sd/s/satt/sprints/a_star_campaign/h5/h5_tr_110.py,0,0,0,3,0,3,3,1.0,100.0,0.0,3.0,3.0,,,,5.626678466796875e-05,1.8755594889322918e-05,323.6608669757843,1.7384488027148035e-07,1.7384488027148036e-05
974490,974546,worker,/pscratch/sd/s/satt/sprints/a_star_campaign/h5/h5_tr_110.py,0,0,0,3,0,3,3,1.0,100.0,0.0,3.0,3.0,,,,5.4836273193359375e-05,1.8278757731119793e-05,323.65111231803894,1.694302015544256e-07,1.694302015544256e-05
974490,974547,worker,/pscratch/sd/s/satt/sprints/a_star_campaign/h5/h5_tr_110.py,0,0,0,3,0,3,3,1.0,100.0,0.0,3.0,3.0,,,,5.793571472167969e-05,1.9311904907226562e-05,323.64659452438354,1.7900918996790128e-07,1.7900918996790127e-05
974490,974548,worker,/pscratch/sd/s/satt/sprints/a_star_campaign/h5/h5_tr_110.py,0,0,0,3,0,3,3,1.0,100.0,0.0,3.0,3.0,,,,6.222724914550781e-05,2.0742416381835938e-05,323.6470081806183,1.9226888422457018e-07,1.9226888422457016e-05
974490,974549,worker,/pscratch/sd/s/satt/sprints/a_star_campaign/h5/h5_tr_110.py,0,0,0,3,0,3,3,1.0,100.0,0.0,3.0,3.0,,,,6.151199340820312e-05,2.0503997802734375e-05,323.6352918148041,1.900657776328131e-07,1.900657776328131e-05
974490,974550,worker,/pscratch/sd/s/satt/sprints/a_star_campaign/h5/h5_tr_110.py,0,0,0,3,0,3,3,1.0,100.0,0.0,3.0,3.0,,,,5.4836273193359375e-05,1.8278757731119793e-05,323.629638671875,1.694414436774048e-07,1.6944144367740482e-05
974490,974551,worker,/pscratch/sd/s/satt/sprints/a_star_campaign/h5/h5_tr_110.py,0,0,0,3,0,3,3,1.0,100.0,0.0,3.0,3.0,,,,5.14984130859375e-05,1.71661376953125e-05,323.6198811531067,1.5913241455512823e-07,1.5913241455512822e-05
974490,974552,worker,/pscratch/sd/s/satt/sprints/a_star_campaign/h5/h5_tr_110.py,0,0,0,3,0,3,3,1.0,100.0,0.0,3.0,3.0,,,,5.125999450683594e-05,1.708666483561198e-05,323.61750173568726,1.5839685502764386e-07,1.5839685502764384e-05
974490,974553,worker,/pscratch/sd/s/satt/sprints/a_star_campaign/h5/h5_tr_110.py,0,0,0,3,0,3,3,1.0,100.0,0.0,3.0,3.0,,,,5.221366882324219e-05,1.7404556274414062e-05,323.61106514930725,1.6134698236956734e-07,1.6134698236956736e-05
974490,974554,worker,/pscratch/sd/s/satt/sprints/a_star_campaign/h5/h5_tr_110.py,0,0,0,3,0,3,3,1.0,100.0,0.0,3.0,3.0,,,,5.269050598144531e-05,1.7563501993815105e-05,323.606365442276,1.6282283542053533e-07,1.6282283542053532e-05
974490,974555,worker,/pscratch/sd/s/satt/sprints/a_star_campaign/h5/h5_tr_110.py,0,0,0,3,0,3,3,1.0,100.0,0.0,3.0,3.0,,,,5.53131103515625e-05,1.8437703450520832e-05,323.59841203689575,1.7093134049513155e-07,1.7093134049513155e-05
974490,974556,worker,/pscratch/sd/s/satt/sprints/a_star_campaign/h5/h5_tr_110.py,0,0,0,3,0,3,3,1.0,100.0,0.0,3.0,3.0,,,,5.626678466796875e-05,1.8755594889322918e-05,323.59533429145813,1.7388008634664054e-07,1.7388008634664053e-05
974490,974557,worker,/pscratch/sd/s/satt/sprints/a_star_campaign/h5/h5_tr_110.py,0,0,0,3,0,3,3,1.0,100.0,0.0,3.0,3.0,,,,5.364418029785156e-05,1.7881393432617188e-05,323.5876634120941,1.657794358789718e-07,1.657794358789718e-05
974490,974558,worker,/pscratch/sd/s/satt/sprints/a_star_campaign/h5/h5_tr_110.py,0,0,0,3,0,3,3,1.0,100.0,0.0,3.0,3.0,,,,6.151199340820312e-05,2.0503997802734375e-05,323.58822798728943,1.9009342147829716e-07,1.9009342147829715e-05
974490,974559,worker,/pscratch/sd/s/satt/sprints/a_star_campaign/h5/h5_tr_110.py,0,0,0,3,0,3,3,1.0,100.0,0.0,3.0,3.0,,,,6.127357482910156e-05,2.0424524943033855e-05,323.5750186443329,1.8936435539992114e-07,1.8936435539992113e-05
974490,974560,worker,/pscratch/sd/s/satt/sprints/a_star_campaign/h5/h5_tr_110.py,0,0,0,3,0,3,3,1.0,100.0,0.0,3.0,3.0,,,,5.412101745605469e-05,1.804033915201823e-05,323.5701093673706,1.6726210453082211e-07,1.6726210453082213e-05
974490,974561,worker,/pscratch/sd/s/satt/sprints/a_star_campaign/h5/h5_tr_110.py,0,0,0,3,0,3,3,1.0,100.0,0.0,3.0,3.0,,,,5.364418029785156e-05,1.7881393432617188e-05,323.56442427635193,1.6579134253657875e-07,1.6579134253657875e-05
974490,974562,worker,/pscratch/sd/s/satt/sprints/a_star_campaign/h5/h5_tr_110.py,0,0,0,3,0,3,3,1.0,100.0,0.0,3.0,3.0,,,,5.412101745605469e-05,1.804033915201823e-05,323.55916476249695,1.6726776228323278e-07,1.672677622832328e-05
974490,974563,worker,/pscratch/sd/s/satt/sprints/a_star_campaign/h5/h5_tr_110.py,0,0,0,3,0,3,3,1.0,100.0,0.0,3.0,3.0,,,,5.2928924560546875e-05,1.7642974853515625e-05,323.56385588645935,1.6358107865768536e-07,1.6358107865768534e-05
974490,974564,worker,/pscratch/sd/s/satt/sprints/a_star_campaign/h5/h5_tr_110.py,0,0,0,3,0,3,3,1.0,100.0,0.0,3.0,3.0,,,,5.078315734863281e-05,1.6927719116210938e-05,323.5536472797394,1.56954365297964e-07,1.5695436529796402e-05
974490,974565,worker,/pscratch/sd/s/satt/sprints/a_star_campaign/h5/h5_tr_110.py,0,0,0,3,0,3,3,1.0,100.0,0.0,3.0,3.0,,,,5.602836608886719e-05,1.8676122029622395e-05,323.5409483909607,1.731724109962229e-07,1.731724109962229e-05
974490,974566,worker,/pscratch/sd/s/satt/sprints/a_star_campaign/h5/h5_tr_110.py,0,0,0,3,0,3,3,1.0,100.0,0.0,3.0,3.0,,,,5.745887756347656e-05,1.915295918782552e-05,323.5352883338928,1.7759694115399932e-07,1.775969411539993e-05
974490,974567,worker,/pscratch/sd/s/satt/sprints/a_star_campaign/h5/h5_tr_110.py,0,0,0,3,0,3,3,1.0,100.0,0.0,3.0,3.0,,,,6.031990051269531e-05,2.010663350423177e-05,323.52716279029846,1.8644462490400855e-07,1.8644462490400855e-05
974490,974568,worker,/pscratch/sd/s/satt/sprints/a_star_campaign/h5/h5_tr_110.py,0,0,0,3,0,3,3,1.0,100.0,0.0,3.0,3.0,,,,5.245208740234375e-05,1.7484029134114582e-05,323.52411675453186,1.6212728722829906e-07,1.6212728722829906e-05
974490,974569,worker,/pscratch/sd/s/satt/sprints/a_star_campaign/h5/h5_tr_110.py,0,0,0,3,0,3,3,1.0,100.0,0.0,3.0,3.0,,,,5.6743621826171875e-05,1.8914540608723957e-05,323.5172622203827,1.753959632222581e-07,1.753959632222581e-05
974490,974570,worker,/pscratch/sd/s/satt/sprints/a_star_campaign/h5/h5_tr_110.py,0,0,0,3,0,3,3,1.0,100.0,0.0,3.0,3.0,,,,5.435943603515625e-05,1.811981201171875e-05,323.51150846481323,1.6802937333856442e-07,1.6802937333856443e-05
974490,974571,worker,/pscratch/sd/s/satt/sprints/a_star_campaign/h5/h5_tr_110.py,0,0,0,3,0,3,3,1.0,100.0,0.0,3.0,3.0,,,,5.507469177246094e-05,1.8358230590820312e-05,323.51137590408325,1.7024035590263088e-07,1.702403559026309e-05
974490,974572,worker,/pscratch/sd/s/satt/sprints/a_star_campaign/h5/h5_tr_110.py,0,0,0,3,0,3,3,1.0,100.0,0.0,3.0,3.0,,,,5.364418029785156e-05,1.7881393432617188e-05,323.50420117378235,1.6582220602765708e-07,1.6582220602765708e-05
974490,974573,worker,/pscratch/sd/s/satt/sprints/a_star_campaign/h5/h5_tr_110.py,0,0,0,3,0,3,3,1.0,100.0,0.0,3.0,3.0,,,,5.412101745605469e-05,1.804033915201823e-05,323.4914937019348,1.6730275296178828e-07,1.673027529617883e-05
974490,974574,worker,/pscratch/sd/s/satt/sprints/a_star_campaign/h5/h5_tr_110.py,0,0,0,3,0,3,3,1.0,100.0,0.0,3.0,3.0,,,,5.0067901611328125e-05,1.6689300537109375e-05,323.4885823726654,1.547748648317018e-07,1.5477486483170182e-05
974490,974575,worker,/pscratch/sd/s/satt/sprints/a_star_campaign/h5/h5_tr_110.py,0,0,0,3,0,3,3,1.0,100.0,0.0,3.0,3.0,,,,6.175041198730469e-05,2.0583470662434895e-05,323.4813208580017,1.9089328503889474e-07,1.9089328503889475e-05
974490,974576,worker,/pscratch/sd/s/satt/sprints/a_star_campaign/h5/h5_tr_110.py,0,0,0,3,0,3,3,1.0,100.0,0.0,3.0,3.0,,,,6.723403930664062e-05,2.2411346435546875e-05,323.4809470176697,2.0784543858457316e-07,2.0784543858457316e-05
974490,974577,worker,/pscratch/sd/s/satt/sprints/a_star_campaign/h5/h5_tr_110.py,0,0,0,3,0,3,3,1.0,100.0,0.0,3.0,3.0,,,,5.459785461425781e-05,1.819928487141927e-05,323.4704165458679,1.6878778343093354e-07,1.6878778343093353e-05
974490,974578,worker,/pscratch/sd/s/satt/sprints/a_star_campaign/h5/h5_tr_110.py,0,0,0,3,0,3,3,1.0,100.0,0.0,3.0,3.0,,,,5.53131103515625e-05,1.8437703450520832e-05,323.46323919296265,1.7100277141095887e-07,1.7100277141095885e-05
974490,974579,worker,/pscratch/sd/s/satt/sprints/a_star_campaign/h5/h5_tr_110.py,0,0,0,3,0,3,3,1.0,100.0,0.0,3.0,3.0,,,,5.602836608886719e-05,1.8676122029622395e-05,323.457635641098,1.7321701488919283e-07,1.7321701488919282e-05
974490,974580,worker,/pscratch/sd/s/satt/sprints/a_star_campaign/h5/h5_tr_110.py,0,0,0,3,0,3,3,1.0,100.0,0.0,3.0,3.0,,,,5.14984130859375e-05,1.71661376953125e-05,323.45729088783264,1.5921240465652676e-07,1.592124046565268e-05
974490,974581,worker,/pscratch/sd/s/satt/sprints/a_star_campaign/h5/h5_tr_110.py,0,0,0,3,0,3,3,1.0,100.0,0.0,3.0,3.0,,,,5.435943603515625e-05,1.811981201171875e-05,323.44460272789,1.6806413084867017e-07,1.6806413084867017e-05
974490,974582,worker,/pscratch/sd/s/satt/sprints/a_star_campaign/h5/h5_tr_110.py,0,0,0,3,0,3,3,1.0,100.0,0.0,3.0,3.0,,,,5.555152893066406e-05,1.8517176310221355e-05,323.4442296028137,1.71749945883656e-07,1.71749945883656e-05
974490,974583,worker,/pscratch/sd/s/satt/sprints/a_star_campaign/h5/h5_tr_110.py,0,0,0,3,0,3,3,1.0,100.0,0.0,3.0,3.0,,,,5.841255187988281e-05,1.9470850626627605e-05,323.4326913356781,1.806018792925874e-07,1.806018792925874e-05
974490,974584,worker,/pscratch/sd/s/satt/sprints/a_star_campaign/h5/h5_tr_110.py,0,0,0,3,0,3,3,1.0,100.0,0.0,3.0,3.0,,,,5.626678466796875e-05,1.8755594889322918e-05,323.4235119819641,1.7397246206115805e-07,1.7397246206115807e-05
974490,974585,worker,/pscratch/sd/s/satt/sprints/a_star_campaign/h5/h5_tr_110.py,0,0,0,3,0,3,3,1.0,100.0,0.0,3.0,3.0,,,,5.4836273193359375e-05,1.8278757731119793e-05,323.42150926589966,1.695504832620021e-07,1.695504832620021e-05
974490,974586,worker,/pscratch/sd/s/satt/sprints/a_star_campaign/h5/h5_tr_110.py,0,0,0,3,0,3,3,1.0,100.0,0.0,3.0,3.0,,,,5.269050598144531e-05,1.7563501993815105e-05,323.4247486591339,1.6291426738334505e-07,1.6291426738334506e-05
974490,974587,worker,/pscratch/sd/s/satt/sprints/a_star_campaign/h5/h5_tr_110.py,0,0,0,3,0,3,3,1.0,100.0,0.0,3.0,3.0,,,,5.364418029785156e-05,1.7881393432617188e-05,323.41268730163574,1.6586912760110585e-07,1.6586912760110584e-05
974490,974588,worker,/pscratch/sd/s/satt/sprints/a_star_campaign/h5/h5_tr_110.py,0,0,0,3,0,3,3,1.0,100.0,0.0,3.0,3.0,,,,5.364418029785156e-05,1.7881393432617188e-05,323.4017608165741,1.6587473167246385e-07,1.6587473167246384e-05
974490,974589,worker,/pscratch/sd/s/satt/sprints/a_star_campaign/h5/h5_tr_110.py,0,0,0,3,0,3,3,1.0,100.0,0.0,3.0,3.0,,,,5.2928924560546875e-05,1.7642974853515625e-05,323.40100955963135,1.636634487709829e-07,1.636634487709829e-05
974490,974590,worker,/pscratch/sd/s/satt/sprints/a_star_campaign/h5/h5_tr_110.py,0,0,0,3,0,3,3,1.0,100.0,0.0,3.0,3.0,,,,5.435943603515625e-05,1.811981201171875e-05,323.3839952945709,1.6809562880698584e-07,1.6809562880698585e-05
974490,974591,worker,/pscratch/sd/s/satt/sprints/a_star_campaign/h5/h5_tr_110.py,0,0,0,3,0,3,3,1.0,100.0,0.0,3.0,3.0,,,,5.221366882324219e-05,1.7404556274414062e-05,323.38853883743286,1.6145800655443128e-07,1.6145800655443128e-05
974490,974592,worker,/pscratch/sd/s/satt/sprints/a_star_campaign/h5/h5_tr_110.py,0,0,0,3,0,3,3,1.0,100.0,0.0,3.0,3.0,,,,4.935264587402344e-05,1.6450881958007812e-05,323.38293194770813,1.5261363850212074e-07,1.5261363850212073e-05
974490,974593,worker,/pscratch/sd/s/satt/sprints/a_star_campaign/h5/h5_tr_110.py,0,0,0,3,0,3,3,1.0,100.0,0.0,3.0,3.0,,,,5.054473876953125e-05,1.6848246256510418e-05,323.37474060058594,1.5630391747870386e-07,1.5630391747870384e-05
974490,974594,worker,/pscratch/sd/s/satt/sprints/a_star_campaign/h5/h5_tr_110.py,0,0,0,3,0,3,3,1.0,100.0,0.0,3.0,3.0,,,,4.76837158203125e-05,1.5894571940104168e-05,323.37354922294617,1.4745706918483154e-07,1.4745706918483154e-05
974490,974595,worker,/pscratch/sd/s/satt/sprints/a_star_campaign/h5/h5_tr_110.py,0,0,0,3,0,3,3,1.0,100.0,0.0,3.0,3.0,,,,5.245208740234375e-05,1.7484029134114582e-05,323.36839866638184,1.62205359641399e-07,1.6220535964139898e-05
974490,974596,worker,/pscratch/sd/s/satt/sprints/a_star_campaign/h5/h5_tr_110.py,0,0,0,3,0,3,3,1.0,100.0,0.0,3.0,3.0,,,,5.078315734863281e-05,1.6927719116210938e-05,323.35807752609253,1.5704929265153427e-07,1.5704929265153427e-05
974490,974597,worker,/pscratch/sd/s/satt/sprints/a_star_campaign/h5/h5_tr_110.py,0,0,0,3,0,3,3,1.0,100.0,0.0,3.0,3.0,,,,5.91278076171875e-05,1.9709269205729168e-05,323.3409721851349,1.8286518784675632e-07,1.8286518784675633e-05
974490,974598,worker,/pscratch/sd/s/satt/sprints/a_star_campaign/h5/h5_tr_110.py,0,0,0,3,0,3,3,1.0,100.0,0.0,3.0,3.0,,,,5.53131103515625e-05,1.8437703450520832e-05,323.3452641963959,1.7106516308204225e-07,1.7106516308204227e-05
974490,974599,worker,/pscratch/sd/s/satt/sprints/a_star_campaign/h5/h5_tr_110.py,0,0,0,3,0,3,3,1.0,100.0,0.0,3.0,3.0,,,,5.7220458984375e-05,1.9073486328125e-05,323.34742069244385,1.769627815859431e-07,1.769627815859431e-05
974490,974600,worker,/pscratch/sd/s/satt/sprints/a_star_campaign/h5/h5_tr_110.py,0,0,0,3,0,3,3,1.0,100.0,0.0,3.0,3.0,,,,5.745887756347656e-05,1.915295918782552e-05,323.33351469039917,1.7770776907706285e-07,1.7770776907706284e-05
974490,974601,worker,/pscratch/sd/s/satt/sprints/a_star_campaign/h5/h5_tr_110.py,0,0,0,3,0,3,3,1.0,100.0,0.0,3.0,3.0,,,,5.3882598876953125e-05,1.7960866292317707e-05,323.32276153564453,1.666526619438541e-07,1.666526619438541e-05
974490,974602,worker,/pscratch/sd/s/satt/sprints/a_star_campaign/h5/h5_tr_110.py,0,0,0,3,0,3,3,1.0,100.0,0.0,3.0,3.0,,,,5.1021575927734375e-05,1.7007191975911457e-05,323.3117847442627,1.578092056498716e-07,1.5780920564987162e-05
974490,974603,worker,/pscratch/sd/s/satt/sprints/a_star_campaign/h5/h5_tr_110.py,0,0,0,3,0,3,3,1.0,100.0,0.0,3.0,3.0,,,,5.698204040527344e-05,1.899401346842448e-05,323.3089768886566,1.7624639115695604e-07,1.7624639115695604e-05
974490,974604,worker,/pscratch/sd/s/satt/sprints/a_star_campaign/h5/h5_tr_110.py,0,0,0,3,0,3,3,1.0,100.0,0.0,3.0,3.0,,,,5.53131103515625e-05,1.8437703450520832e-05,323.31286358833313,1.710823062765341e-07,1.710823062765341e-05
974490,974605,worker,/pscratch/sd/s/satt/sprints/a_star_campaign/h5/h5_tr_110.py,0,0,0,3,0,3,3,1.0,100.0,0.0,3.0,3.0,,,,5.412101745605469e-05,1.804033915201823e-05,323.3065481185913,1.673984575041848e-07,1.673984575041848e-05
974490,974606,worker,/pscratch/sd/s/satt/sprints/a_star_campaign/h5/h5_tr_110.py,0,0,0,3,0,3,3,1.0,100.0,0.0,3.0,3.0,,,,5.412101745605469e-05,1.804033915201823e-05,323.28814601898193,1.674079861031371e-07,1.6740798610313712e-05
974490,974607,worker,/pscratch/sd/s/satt/sprints/a_star_campaign/h5/h5_tr_110.py,0,0,0,3,0,3,3,1.0,100.0,0.0,3.0,3.0,,,,5.698204040527344e-05,1.899401346842448e-05,323.2905123233795,1.7625645737563654e-07,1.7625645737563652e-05
974490,974608,worker,/pscratch/sd/s/satt/sprints/a_star_campaign/h5/h5_tr_110.py,0,0,0,3,0,3,3,1.0,100.0,0.0,3.0,3.0,,,,5.1975250244140625e-05,1.7325083414713543e-05,323.28435015678406,1.607725527664239e-07,1.607725527664239e-05
974490,974609,worker,/pscratch/sd/s/satt/sprints/a_star_campaign/h5/h5_tr_110.py,0,0,0,3,0,3,3,1.0,100.0,0.0,3.0,3.0,,,,5.173683166503906e-05,1.724561055501302e-05,323.2789022922516,1.6003776088755638e-07,1.6003776088755638e-05
974490,974610,worker,/pscratch/sd/s/satt/sprints/a_star_campaign/h5/h5_tr_110.py,0,0,0,3,0,3,3,1.0,100.0,0.0,3.0,3.0,,,,5.53131103515625e-05,1.8437703450520832e-05,323.2662000656128,1.711070020321818e-07,1.711070020321818e-05
974490,974611,worker,/pscratch/sd/s/satt/sprints/a_star_campaign/h5/h5_tr_110.py,0,0,0,3,0,3,3,1.0,100.0,0.0,3.0,3.0,,,,5.602836608886719e-05,1.8676122029622395e-05,323.27430868148804,1.7331524523982563e-07,1.733152452398256e-05
974490,974612,worker,/pscratch/sd/s/satt/sprints/a_star_campaign/h5/h5_tr_110.py,0,0,0,3,0,3,3,1.0,100.0,0.0,3.0,3.0,,,,5.364418029785156e-05,1.7881393432617188e-05,323.2641022205353,1.6594536767109005e-07,1.6594536767109006e-05
974490,974613,worker,/pscratch/sd/s/satt/sprints/a_star_campaign/h5/h5_tr_110.py,0,0,0,3,0,3,3,1.0,100.0,0.0,3.0,3.0,,,,5.2928924560546875e-05,1.7642974853515625e-05,323.26263785362244,1.6373350447172242e-07,1.6373350447172242e-05
974490,974614,worker,/pscratch/sd/s/satt/sprints/a_star_campaign/h5/h5_tr_110.py,0,0,0,3,0,3,3,1.0,100.0,0.0,3.0,3.0,,,,5.316734313964844e-05,1.7722447713216145e-05,323.252384185791,1.644762598536326e-07,1.644762598536326e-05
974490,974615,worker,/pscratch/sd/s/satt/sprints/a_star_campaign/h5/h5_tr_110.py,0,0,0,3,0,3,3,1.0,100.0,0.0,3.0,3.0,,,,5.698204040527344e-05,1.899401346842448e-05,323.2459568977356,1.7628075213111074e-07,1.7628075213111074e-05
974490,974616,worker,/pscratch/sd/s/satt/sprints/a_star_campaign/h5/h5_tr_110.py,0,0,0,3,0,3,3,1.0,100.0,0.0,3.0,3.0,,,,5.602836608886719e-05,1.8676122029622395e-05,323.24804306030273,1.733293280244699e-07,1.7332932802446992e-05
974490,974617,worker,/pscratch/sd/s/satt/sprints/a_star_campaign/h5/h5_tr_110.py,0,0,0,3,0,3,3,1.0,100.0,0.0,3.0,3.0,,,,5.078315734863281e-05,1.6927719116210938e-05,323.220454454422,1.571161622006625e-07,1.571161622006625e-05
974490,974618,worker,/pscratch/sd/s/satt/sprints/a_star_campaign/h5/h5_tr_110.py,0,0,0,3,0,3,3,1.0,100.0,0.0,3.0,3.0,,,,5.054473876953125e-05,1.6848246256510418e-05,323.2312228679657,1.5637331790245366e-07,1.5637331790245366e-05
974490,974619,worker,/pscratch/sd/s/satt/sprints/a_star_campaign/h5/h5_tr_110.py,0,0,0,3,0,3,3,1.0,100.0,0.0,3.0,3.0,,,,5.3882598876953125e-05,1.7960866292317707e-05,323.2197194099426,1.6670579064705304e-07,1.6670579064705306e-05
974490,974620,worker,/pscratch/sd/s/satt/sprints/a_star_campaign/h5/h5_tr_110.py,0,0,0,3,0,3,3,1.0,100.0,0.0,3.0,3.0,,,,5.245208740234375e-05,1.7484029134114582e-05,323.21336221694946,1.622831650355362e-07,1.622831650355362e-05
974490,974621,worker,/pscratch/sd/s/satt/sprints/a_star_campaign/h5/h5_tr_110.py,0,0,0,3,0,3,3,1.0,100.0,0.0,3.0,3.0,,,,5.507469177246094e-05,1.8358230590820312e-05,323.2073163986206,1.7040051068811754e-07,1.7040051068811753e-05
974490,974622,worker,/pscratch/sd/s/satt/sprints/a_star_campaign/h5/h5_tr_110.py,0,0,0,3,0,3,3,1.0,100.0,0.0,3.0,3.0,,,,5.2928924560546875e-05,1.7642974853515625e-05,323.18807101249695,1.6377128151645248e-07,1.637712815164525e-05
974490,974623,worker,/pscratch/sd/s/satt/sprints/a_star_campaign/h5/h5_tr_110.py,0,0,0,3,0,3,3,1.0,100.0,0.0,3.0,3.0,,,,5.340576171875e-05,1.7801920572916668e-05,323.1957743167877,1.6524275984624454e-07,1.6524275984624453e-05
974490,974624,worker,/pscratch/sd/s/satt/sprints/a_star_campaign/h5/h5_tr_110.py,0,0,0,3,0,3,3,1.0,100.0,0.0,3.0,3.0,,,,5.412101745605469e-05,1.804033915201823e-05,323.19819617271423,1.6745457770789321e-07,1.674545777078932e-05
974490,974625,worker,/pscratch/sd/s/satt/sprints/a_star_campaign/h5/h5_tr_110.py,0,0,0,3,0,3,3,1.0,100.0,0.0,3.0,3.0,,,,5.507469177246094e-05,1.8358230590820312e-05,323.18569684028625,1.7041190965724594e-07,1.7041190965724596e-05
974490,974626,worker,/pscratch/sd/s/satt/sprints/a_star_campaign/h5/h5_tr_110.py,0,0,0,3,0,3,3,1.0,100.0,0.0,3.0,3.0,,,,5.316734313964844e-05,1.7722447713216145e-05,323.16599583625793,1.645202274517376e-07,1.645202274517376e-05
974490,974627,worker,/pscratch/sd/s/satt/sprints/a_star_campaign/h5/h5_tr_110.py,0,0,0,3,0,3,3,1.0,100.0,0.0,3.0,3.0,,,,5.8650970458984375e-05,1.9550323486328125e-05,323.17065167427063,1.8148606674253242e-07,1.8148606674253243e-05
974490,974629,worker,/pscratch/sd/s/satt/sprints/a_star_campaign/h5/h5_tr_110.py,0,0,0,3,0,3,3,1.0,100.0,0.0,3.0,3.0,,,,5.269050598144531e-05,1.7563501993815105e-05,323.1503508090973,1.6305260337647752e-07,1.630526033764775e-05
974490,974630,worker,/pscratch/sd/s/satt/sprints/a_star_campaign/h5/h5_tr_110.py,0,0,0,3,0,3,3,1.0,100.0,0.0,3.0,3.0,,,,5.507469177246094e-05,1.8358230590820312e-05,323.1655533313751,1.7042253174795257e-07,1.7042253174795256e-05
974490,974631,worker,/pscratch/sd/s/satt/sprints/a_star_campaign/h5/h5_tr_110.py,0,0,0,3,0,3,3,1.0,100.0,0.0,3.0,3.0,,,,5.4836273193359375e-05,1.8278757731119793e-05,323.1462666988373,1.6969489932082412e-07,1.696948993208241e-05
974490,974632,worker,/pscratch/sd/s/satt/sprints/a_star_campaign/h5/h5_tr_110.py,0,0,0,3,0,3,3,1.0,100.0,0.0,3.0,3.0,,,,6.4849853515625e-05,2.1616617838541668e-05,323.14439845085144,2.00683823784395e-07,2.00683823784395e-05
974490,974633,worker,/pscratch/sd/s/satt/sprints/a_star_campaign/h5/h5_tr_110.py,0,0,0,3,0,3,3,1.0,100.0,0.0,3.0,3.0,,,,7.295608520507812e-05,2.4318695068359375e-05,323.13766288757324,2.2577400774994515e-07,2.2577400774994515e-05
974490,974634,worker,/pscratch/sd/s/satt/sprints/a_star_campaign/h5/h5_tr_110.py,0,0,0,3,0,3,3,1.0,100.0,0.0,3.0,3.0,,,,7.915496826171875e-05,2.6384989420572918e-05,323.1369888782501,2.4495793111305603e-07,2.4495793111305606e-05
974490,974635,worker,/pscratch/sd/s/satt/sprints/a_star_campaign/h5/h5_tr_110.py,0,0,0,3,0,3,3,1.0,100.0,0.0,3.0,3.0,,,,6.699562072753906e-05,2.2331873575846355e-05,323.1121115684509,2.0734481416474579e-07,2.0734481416474578e-05
974490,974636,worker,/pscratch/sd/s/satt/sprints/a_star_campaign/h5/h5_tr_110.py,0,0,0,3,0,3,3,1.0,100.0,0.0,3.0,3.0,,,,5.8650970458984375e-05,1.9550323486328125e-05,323.11012148857117,1.815200656320478e-07,1.8152006563204778e-05
974490,974637,worker,/pscratch/sd/s/satt/sprints/a_star_campaign/h5/h5_tr_110.py,0,0,0,3,0,3,3,1.0,100.0,0.0,3.0,3.0,,,,5.8650970458984375e-05,1.9550323486328125e-05,323.10770440101624,1.8152142353805137e-07,1.8152142353805137e-05
974490,974638,worker,/pscratch/sd/s/satt/sprints/a_star_campaign/h5/h5_tr_110.py,0,0,0,3,0,3,3,1.0,100.0,0.0,3.0,3.0,,,,5.1975250244140625e-05,1.7325083414713543e-05,323.1117022037506,1.608584582039236e-07,1.608584582039236e-05
974490,974639,worker,/pscratch/sd/s/satt/sprints/a_star_campaign/h5/h5_tr_110.py,0,0,0,3,0,3,3,1.0,100.0,0.0,3.0,3.0,,,,5.221366882324219e-05,1.7404556274414062e-05,323.10568022727966,1.615993528387181e-07,1.615993528387181e-05
974490,974640,worker,/pscratch/sd/s/satt/sprints/a_star_campaign/h5/h5_tr_110.py,0,0,0,3,0,3,3,1.0,100.0,0.0,3.0,3.0,,,,5.602836608886719e-05,1.8676122029622395e-05,323.09548687934875,1.7341116903248315e-07,1.7341116903248314e-05
974490,974641,worker,/pscratch/sd/s/satt/sprints/a_star_campaign/h5/h5_tr_110.py,0,0,0,3,0,3,3,1.0,100.0,0.0,3.0,3.0,,,,5.030632019042969e-05,1.6768773396809895e-05,323.0963432788849,1.5570067949363055e-07,1.5570067949363053e-05
974490,974642,worker,/pscratch/sd/s/satt/sprints/a_star_campaign/h5/h5_tr_110.py,0,0,0,3,0,3,3,1.0,100.0,0.0,3.0,3.0,,,,5.221366882324219e-05,1.7404556274414062e-05,323.0886607170105,1.6160786549230064e-07,1.6160786549230062e-05
974490,974643,worker,/pscratch/sd/s/satt/sprints/a_star_campaign/h5/h5_tr_110.py,0,0,0,3,0,3,3,1.0,100.0,0.0,3.0,3.0,,,,5.125999450683594e-05,1.708666483561198e-05,323.06609416007996,1.5866720597871375e-07,1.5866720597871375e-05
974490,974644,worker,/pscratch/sd/s/satt/sprints/a_star_campaign/h5/h5_tr_110.py,0,0,0,3,0,3,3,1.0,100.0,0.0,3.0,3.0,,,,5.435943603515625e-05,1.811981201171875e-05,323.0740439891815,1.682568966666246e-07,1.6825689666662462e-05
974490,974645,worker,/pscratch/sd/s/satt/sprints/a_star_campaign/h5/h5_tr_110.py,0,0,0,3,0,3,3,1.0,100.0,0.0,3.0,3.0,,,,5.7697296142578125e-05,1.9232432047526043e-05,323.06639409065247,1.7859268929837456e-07,1.7859268929837454e-05
974490,974646,worker,/pscratch/sd/s/satt/sprints/a_star_campaign/h5/h5_tr_110.py,0,0,0,3,0,3,3,1.0,100.0,0.0,3.0,3.0,,,,5.364418029785156e-05,1.7881393432617188e-05,323.0418791770935,1.660595227916053e-07,1.660595227916053e-05
974490,974647,worker,/pscratch/sd/s/satt/sprints/a_star_campaign/h5/h5_tr_110.py,0,0,0,3,0,3,3,1.0,100.0,0.0,3.0,3.0,,,,5.745887756347656e-05,1.915295918782552e-05,323.05436658859253,1.7786132461304893e-07,1.7786132461304893e-05
974490,974648,worker,/pscratch/sd/s/satt/sprints/a_star_campaign/h5/h5_tr_110.py,0,0,0,3,0,3,3,1.0,100.0,0.0,3.0,3.0,,,,5.030632019042969e-05,1.6768773396809895e-05,323.04972863197327,1.5572314641297832e-07,1.557231464129783e-05
974490,974649,worker,/pscratch/sd/s/satt/sprints/a_star_campaign/h5/h5_tr_110.py,0,0,0,3,0,3,3,1.0,100.0,0.0,3.0,3.0,,,,5.173683166503906e-05,1.724561055501302e-05,323.0476005077362,1.6015234777699609e-07,1.6015234777699606e-05
974490,974650,worker,/pscratch/sd/s/satt/sprints/a_star_campaign/h5/h5_tr_110.py,0,0,0,3,0,3,3,1.0,100.0,0.0,3.0,3.0,,,,5.507469177246094e-05,1.8358230590820312e-05,323.020099401474,1.7049927194781126e-07,1.7049927194781126e-05
974490,974651,worker,/pscratch/sd/s/satt/sprints/a_star_campaign/h5/h5_tr_110.py,0,0,0,3,0,3,3,1.0,100.0,0.0,3.0,3.0,,,,5.626678466796875e-05,1.8755594889322918e-05,323.0372407436371,1.7418048934061497e-07,1.7418048934061496e-05
974490,974652,worker,/pscratch/sd/s/satt/sprints/a_star_campaign/h5/h5_tr_110.py,0,0,0,3,0,3,3,1.0,100.0,0.0,3.0,3.0,,,,5.5789947509765625e-05,1.8596649169921875e-05,323.0122194290161,1.7271776160166535e-07,1.7271776160166535e-05
974490,974653,worker,/pscratch/sd/s/satt/sprints/a_star_campaign/h5/h5_tr_110.py,0,0,0,3,0,3,3,1.0,100.0,0.0,3.0,3.0,,,,5.412101745605469e-05,1.804033915201823e-05,322.99619340896606,1.6755930429040264e-07,1.6755930429040262e-05
974490,974654,worker,/pscratch/sd/s/satt/sprints/a_star_campaign/h5/h5_tr_110.py,0,0,0,3,0,3,3,1.0,100.0,0.0,3.0,3.0,,,,5.507469177246094e-05,1.8358230590820312e-05,323.01277780532837,1.7050313658381978e-07,1.705031365838198e-05
974490,974655,worker,/pscratch/sd/s/satt/sprints/a_star_campaign/h5/h5_tr_110.py,0,0,0,3,0,3,3,1.0,100.0,0.0,3.0,3.0,,,,5.340576171875e-05,1.7801920572916668e-05,323.0030472278595,1.6534135568410104e-07,1.6534135568410103e-05
974490,974656,worker,/pscratch/sd/s/satt/sprints/a_star_campaign/h5/h5_tr_110.py,0,0,0,3,0,3,3,1.0,100.0,0.0,3.0,3.0,,,,6.008148193359375e-05,2.002716064453125e-05,322.99571108818054,1.8601324993195035e-07,1.8601324993195035e-05
974490,974657,worker,/pscratch/sd/s/satt/sprints/a_star_campaign/h5/h5_tr_110.py,0,0,0,3,0,3,3,1.0,100.0,0.0,3.0,3.0,,,,5.7697296142578125e-05,1.9232432047526043e-05,322.9754467010498,1.7864297961938723e-07,1.7864297961938722e-05
974490,974658,worker,/pscratch/sd/s/satt/sprints/a_star_campaign/h5/h5_tr_110.py,0,0,0,3,0,3,3,1.0,100.0,0.0,3.0,3.0,,,,5.269050598144531e-05,1.7563501993815105e-05,322.97361516952515,1.631418280214273e-07,1.631418280214273e-05
974490,974659,worker,/pscratch/sd/s/satt/sprints/a_star_campaign/h5/h5_tr_110.py,0,0,0,3,0,3,3,1.0,100.0,0.0,3.0,3.0,,,,5.316734313964844e-05,1.7722447713216145e-05,322.9724636077881,1.6461881160312756e-07,1.6461881160312756e-05
974490,974660,worker,/pscratch/sd/s/satt/sprints/a_star_campaign/h5/h5_tr_110.py,0,0,0,3,0,3,3,1.0,100.0,0.0,3.0,3.0,,,,5.078315734863281e-05,1.6927719116210938e-05,322.96606254577637,1.5723991848659003e-07,1.5723991848659002e-05
974490,974661,worker,/pscratch/sd/s/satt/sprints/a_star_campaign/h5/h5_tr_110.py,0,0,0,3,0,3,3,1.0,100.0,0.0,3.0,3.0,,,,5.2928924560546875e-05,1.7642974853515625e-05,322.944384098053,1.6389485981733776e-07,1.6389485981733776e-05
974490,974662,worker,/pscratch/sd/s/satt/sprints/a_star_campaign/h5/h5_tr_110.py,0,0,0,3,0,3,3,1.0,100.0,0.0,3.0,3.0,,,,5.555152893066406e-05,1.8517176310221355e-05,322.94194173812866,1.7201707722346702e-07,1.72017077223467e-05
974490,974663,worker,/pscratch/sd/s/satt/sprints/a_star_campaign/h5/h5_tr_110.py,0,0,0,3,0,3,3,1.0,100.0,0.0,3.0,3.0,,,,5.054473876953125e-05,1.6848246256510418e-05,322.9527049064636,1.5650817597013303e-07,1.5650817597013303e-05
974490,974664,worker,/pscratch/sd/s/satt/sprints/a_star_campaign/h5/h5_tr_110.py,0,0,0,3,0,3,3,1.0,100.0,0.0,3.0,3.0,,,,5.7697296142578125e-05,1.9232432047526043e-05,322.94082283973694,1.7866213269423378e-07,1.786621326942338e-05
974490,974665,worker,/pscratch/sd/s/satt/sprints/a_star_campaign/h5/h5_tr_110.py,0,0,0,3,0,3,3,1.0,100.0,0.0,3.0,3.0,,,,6.29425048828125e-05,2.09808349609375e-05,322.9293620586395,1.949110619163302e-07,1.949110619163302e-05
974490,974666,worker,/pscratch/sd/s/satt/sprints/a_star_campaign/h5/h5_tr_110.py,0,0,0,3,0,3,3,1.0,100.0,0.0,3.0,3.0,,,,5.340576171875e-05,1.7801920572916668e-05,322.935533285141,1.653759224804616e-07,1.653759224804616e-05
974490,974667,worker,/pscratch/sd/s/satt/sprints/a_star_campaign/h5/h5_tr_110.py,0,0,0,3,0,3,3,1.0,100.0,0.0,3.0,3.0,,,,5.507469177246094e-05,1.8358230590820312e-05,322.925411939621,1.7054926536025768e-07,1.7054926536025766e-05
974490,974668,worker,/pscratch/sd/s/satt/sprints/a_star_campaign/h5/h5_tr_110.py,0,0,0,3,0,3,3,1.0,100.0,0.0,3.0,3.0,,,,5.364418029785156e-05,1.7881393432617188e-05,322.92030143737793,1.6612204330006942e-07,1.661220433000694e-05
974490,974669,worker,/pscratch/sd/s/satt/sprints/a_star_campaign/h5/h5_tr_110.py,0,0,0,3,0,3,3,1.0,100.0,0.0,3.0,3.0,,,,5.1021575927734375e-05,1.7007191975911457e-05,322.9216511249542,1.5799986080212263e-07,1.5799986080212265e-05
974490,974670,worker,/pscratch/sd/s/satt/sprints/a_star_campaign/h5/h5_tr_110.py,0,0,0,3,0,3,3,1.0,100.0,0.0,3.0,3.0,,,,5.7697296142578125e-05,1.9232432047526043e-05,322.8879544734955,1.786913861084101e-07,1.786913861084101e-05
974490,974671,worker,/pscratch/sd/s/satt/sprints/a_star_campaign/h5/h5_tr_110.py,0,0,0,3,0,3,3,1.0,100.0,0.0,3.0,3.0,,,,5.4836273193359375e-05,1.8278757731119793e-05,322.9140975475311,1.6981690675579063e-07,1.6981690675579062e-05
974490,974672,worker,/pscratch/sd/s/satt/sprints/a_star_campaign/h5/h5_tr_110.py,0,0,0,3,0,3,3,1.0,100.0,0.0,3.0,3.0,,,,5.4836273193359375e-05,1.8278757731119793e-05,322.89441418647766,1.6982725864588783e-07,1.6982725864588783e-05
974490,974673,worker,/pscratch/sd/s/satt/sprints/a_star_campaign/h5/h5_tr_110.py,0,0,0,3,0,3,3,1.0,100.0,0.0,3.0,3.0,,,,5.459785461425781e-05,1.819928487141927e-05,322.89221382141113,1.6909003152505687e-07,1.690900315250569e-05
974490,974674,worker,/pscratch/sd/s/satt/sprints/a_star_campaign/h5/h5_tr_110.py,0,0,0,3,0,3,3,1.0,100.0,0.0,3.0,3.0,,,,5.435943603515625e-05,1.811981201171875e-05,322.8647952079773,1.6836594401734e-07,1.6836594401734e-05
974490,974675,worker,/pscratch/sd/s/satt/sprints/a_star_campaign/h5/h5_tr_110.py,0,0,0,3,0,3,3,1.0,100.0,0.0,3.0,3.0,,,,5.340576171875e-05,1.7801920572916668e-05,322.8540904521942,1.6541764003655368e-07,1.6541764003655367e-05
974490,974676,worker,/pscratch/sd/s/satt/sprints/a_star_campaign/h5/h5_tr_110.py,0,0,0,3,0,3,3,1.0,100.0,0.0,3.0,3.0,,,,5.53131103515625e-05,1.8437703450520832e-05,322.87222170829773,1.7131579192196877e-07,1.7131579192196878e-05
974490,974677,worker,/pscratch/sd/s/satt/sprints/a_star_campaign/h5/h5_tr_110.py,0,0,0,3,0,3,3,1.0,100.0,0.0,3.0,3.0,,,,5.1021575927734375e-05,1.7007191975911457e-05,322.86773896217346,1.5802624347585239e-07,1.5802624347585238e-05
974490,974678,worker,/pscratch/sd/s/satt/sprints/a_star_campaign/h5/h5_tr_110.py,0,0,0,3,0,3,3,1.0,100.0,0.0,3.0,3.0,,,,5.7697296142578125e-05,1.9232432047526043e-05,322.8609936237335,1.7870630792216206e-07,1.7870630792216207e-05
974490,974679,worker,/pscratch/sd/s/satt/sprints/a_star_campaign/h5/h5_tr_110.py,0,0,0,3,0,3,3,1.0,100.0,0.0,3.0,3.0,,,,5.245208740234375e-05,1.7484029134114582e-05,322.8536400794983,1.6246398024017365e-07,1.6246398024017367e-05
974490,974680,worker,/pscratch/sd/s/satt/sprints/a_star_campaign/h5/h5_tr_110.py,0,0,0,3,0,3,3,1.0,100.0,0.0,3.0,3.0,,,,5.173683166503906e-05,1.724561055501302e-05,322.8218970298767,1.6026431955528373e-07,1.6026431955528372e-05
974490,974681,worker,/pscratch/sd/s/satt/sprints/a_star_campaign/h5/h5_tr_110.py,0,0,0,3,0,3,3,1.0,100.0,0.0,3.0,3.0,,,,5.555152893066406e-05,1.8517176310221355e-05,322.82479095458984,1.7207950097760064e-07,1.7207950097760062e-05
974490,974682,worker,/pscratch/sd/s/satt/sprints/a_star_campaign/h5/h5_tr_110.py,0,0,0,3,0,3,3,1.0,100.0,0.0,3.0,3.0,,,,5.984306335449219e-05,1.994768778483073e-05,322.83270502090454,1.8536865201007792e-07,1.8536865201007792e-05
974490,974683,worker,/pscratch/sd/s/satt/sprints/a_star_campaign/h5/h5_tr_110.py,0,0,0,3,0,3,3,1.0,100.0,0.0,3.0,3.0,,,,5.459785461425781e-05,1.819928487141927e-05,322.8278663158417,1.6912373531237073e-07,1.6912373531237073e-05
974490,974684,worker,/pscratch/sd/s/satt/sprints/a_star_campaign/h5/h5_tr_110.py,0,0,0,3,0,3,3,1.0,100.0,0.0,3.0,3.0,,,,5.173683166503906e-05,1.724561055501302e-05,322.82168316841125,1.6026442572647368e-07,1.602644257264737e-05
974490,974685,worker,/pscratch/sd/s/satt/sprints/a_star_campaign/h5/h5_tr_110.py,0,0,0,3,0,3,3,1.0,100.0,0.0,3.0,3.0,,,,5.459785461425781e-05,1.819928487141927e-05,322.79349541664124,1.691417435279679e-07,1.691417435279679e-05
974490,974686,worker,/pscratch/sd/s/satt/sprints/a_star_campaign/h5/h5_tr_110.py,0,0,0,3,0,3,3,1.0,100.0,0.0,3.0,3.0,,,,5.698204040527344e-05,1.899401346842448e-05,322.8073179721832,1.7652028697250185e-07,1.7652028697250186e-05
974490,974687,worker,/pscratch/sd/s/satt/sprints/a_star_campaign/h5/h5_tr_110.py,0,0,0,3,0,3,3,1.0,100.0,0.0,3.0,3.0,,,,5.841255187988281e-05,1.9470850626627605e-05,322.7959930896759,1.8095810707184098e-07,1.80958107071841e-05
974490,974688,worker,/pscratch/sd/s/satt/sprints/a_star_campaign/h5/h5_tr_110.py,0,0,0,3,0,3,3,1.0,100.0,0.0,3.0,3.0,,,,5.507469177246094e-05,1.8358230590820312e-05,322.7701692581177,1.70631294394551e-07,1.70631294394551e-05
974490,974689,worker,/pscratch/sd/s/satt/sprints/a_star_campaign/h5/h5_tr_110.py,0,0,0,3,0,3,3,1.0,100.0,0.0,3.0,3.0,,,,5.316734313964844e-05,1.7722447713216145e-05,322.78856921195984,1.6471259583153324e-07,1.6471259583153325e-05
974490,974690,worker,/pscratch/sd/s/satt/sprints/a_star_campaign/h5/h5_tr_110.py,0,0,0,3,0,3,3,1.0,100.0,0.0,3.0,3.0,,,,5.054473876953125e-05,1.6848246256510418e-05,322.78949332237244,1.5658731097251612e-07,1.565873109725161e-05
974490,974691,worker,/pscratch/sd/s/satt/sprints/a_star_campaign/h5/h5_tr_110.py,0,0,0,3,0,3,3,1.0,100.0,0.0,3.0,3.0,,,,5.459785461425781e-05,1.819928487141927e-05,322.7777965068817,1.6914997005716832e-07,1.6914997005716834e-05
974490,974692,worker,/pscratch/sd/s/satt/sprints/a_star_campaign/h5/h5_tr_110.py,0,0,0,3,0,3,3,1.0,100.0,0.0,3.0,3.0,,,,5.459785461425781e-05,1.819928487141927e-05,322.77148699760437,1.691532765862402e-07,1.691532765862402e-05
974490,974693,worker,/pscratch/sd/s/satt/sprints/a_star_campaign/h5/h5_tr_110.py,0,0,0,3,0,3,3,1.0,100.0,0.0,3.0,3.0,,,,5.340576171875e-05,1.7801920572916668e-05,322.7414798736572,1.6547535736545738e-07,1.654753573654574e-05
974490,974694,worker,/pscratch/sd/s/satt/sprints/a_star_campaign/h5/h5_tr_110.py,0,0,0,3,0,3,3,1.0,100.0,0.0,3.0,3.0,,,,5.412101745605469e-05,1.804033915201823e-05,322.76005506515503,1.6768189435687565e-07,1.6768189435687564e-05
974490,974695,worker,/pscratch/sd/s/satt/sprints/a_star_campaign/h5/h5_tr_110.py,0,0,0,3,0,3,3,1.0,100.0,0.0,3.0,3.0,,,,5.054473876953125e-05,1.6848246256510418e-05,322.7554659843445,1.5660381959877627e-07,1.5660381959877626e-05
974490,974696,worker,/pscratch/sd/s/satt/sprints/a_star_campaign/h5/h5_tr_110.py,0,0,0,3,0,3,3,1.0,100.0,0.0,3.0,3.0,,,,5.269050598144531e-05,1.7563501993815105e-05,322.7499463558197,1.6325488687566197e-07,1.6325488687566197e-05
974490,974697,worker,/pscratch/sd/s/satt/sprints/a_star_campaign/h5/h5_tr_110.py,0,0,0,3,0,3,3,1.0,100.0,0.0,3.0,3.0,,,,5.340576171875e-05,1.7801920572916668e-05,322.74049282073975,1.6547586344677623e-07,1.6547586344677624e-05
974490,974698,worker,/pscratch/sd/s/satt/sprints/a_star_campaign/h5/h5_tr_110.py,0,0,0,3,0,3,3,1.0,100.0,0.0,3.0,3.0,,,,5.340576171875e-05,1.7801920572916668e-05,322.7290334701538,1.654817391063423e-07,1.654817391063423e-05
974490,974699,worker,/pscratch/sd/s/satt/sprints/a_star_campaign/h5/h5_tr_110.py,0,0,0,3,0,3,3,1.0,100.0,0.0,3.0,3.0,,,,5.8650970458984375e-05,1.9550323486328125e-05,322.72691774368286,1.817356013221256e-07,1.8173560132212562e-05
974490,974700,worker,/pscratch/sd/s/satt/sprints/a_star_campaign/h5/h5_tr_110.py,0,0,0,3,0,3,3,1.0,100.0,0.0,3.0,3.0,,,,5.221366882324219e-05,1.7404556274414062e-05,322.6907250881195,1.6180715702003466e-07,1.6180715702003465e-05
974490,974701,worker,/pscratch/sd/s/satt/sprints/a_star_campaign/h5/h5_tr_110.py,0,0,0,3,0,3,3,1.0,100.0,0.0,3.0,3.0,,,,5.1975250244140625e-05,1.7325083414713543e-05,322.72559928894043,1.6105090627659353e-07,1.6105090627659354e-05
974490,974702,worker,/pscratch/sd/s/satt/sprints/a_star_campaign/h5/h5_tr_110.py,0,0,0,3,0,3,3,1.0,100.0,0.0,3.0,3.0,,,,5.173683166503906e-05,1.724561055501302e-05,322.7073771953583,1.6032119288589734e-07,1.6032119288589733e-05
974490,974703,worker,/pscratch/sd/s/satt/sprints/a_star_campaign/h5/h5_tr_110.py,0,0,0,3,0,3,3,1.0,100.0,0.0,3.0,3.0,,,,5.459785461425781e-05,1.819928487141927e-05,322.67446184158325,1.6920413937519042e-07,1.692041393751904e-05
974490,974704,worker,/pscratch/sd/s/satt/sprints/a_star_campaign/h5/h5_tr_110.py,0,0,0,3,0,3,3,1.0,100.0,0.0,3.0,3.0,,,,5.245208740234375e-05,1.7484029134114582e-05,322.69052505493164,1.6254610324680225e-07,1.6254610324680227e-05
974490,974705,worker,/pscratch/sd/s/satt/sprints/a_star_campaign/h5/h5_tr_110.py,0,0,0,3,0,3,3,1.0,100.0,0.0,3.0,3.0,,,,5.435943603515625e-05,1.811981201171875e-05,322.6865966320038,1.6845892145048867e-07,1.684589214504887e-05
974490,974706,worker,/pscratch/sd/s/satt/sprints/a_star_campaign/h5/h5_tr_110.py,0,0,0,3,0,3,3,1.0,100.0,0.0,3.0,3.0,,,,5.364418029785156e-05,1.7881393432617188e-05,322.6862723827362,1.6624252374214584e-07,1.6624252374214584e-05
974490,974707,worker,/pscratch/sd/s/satt/sprints/a_star_campaign/h5/h5_tr_110.py,0,0,0,3,0,3,3,1.0,100.0,0.0,3.0,3.0,,,,5.1975250244140625e-05,1.7325083414713543e-05,322.68125224113464,1.6107303998343335e-07,1.6107303998343334e-05
974490,974708,worker,/pscratch/sd/s/satt/sprints/a_star_campaign/h5/h5_tr_110.py,0,0,0,3,0,3,3,1.0,100.0,0.0,3.0,3.0,,,,5.2928924560546875e-05,1.7642974853515625e-05,322.6380133628845,1.6405049116458416e-07,1.6405049116458418e-05
974490,974709,worker,/pscratch/sd/s/satt/sprints/a_star_campaign/h5/h5_tr_110.py,0,0,0,3,0,3,3,1.0,100.0,0.0,3.0,3.0,,,,5.53131103515625e-05,1.8437703450520832e-05,322.6516258716583,1.7143291995548315e-07,1.7143291995548317e-05
974490,974710,worker,/pscratch/sd/s/satt/sprints/a_star_campaign/h5/h5_tr_110.py,0,0,0,3,0,3,3,1.0,100.0,0.0,3.0,3.0,,,,5.316734313964844e-05,1.7722447713216145e-05,322.65944242477417,1.6477851303559492e-07,1.647785130355949e-05
974490,974711,worker,/pscratch/sd/s/satt/sprints/a_star_campaign/h5/h5_tr_110.py,0,0,0,3,0,3,3,1.0,100.0,0.0,3.0,3.0,,,,5.3882598876953125e-05,1.7960866292317707e-05,322.62724208831787,1.670119315659122e-07,1.6701193156591218e-05
974490,974712,worker,/pscratch/sd/s/satt/sprints/a_star_campaign/h5/h5_tr_110.py,0,0,0,3,0,3,3,1.0,100.0,0.0,3.0,3.0,,,,5.221366882324219e-05,1.7404556274414062e-05,322.61135053634644,1.618469676793335e-07,1.6184696767933348e-05
974490,974713,worker,/pscratch/sd/s/satt/sprints/a_star_campaign/h5/h5_tr_110.py,0,0,0,3,0,3,3,1.0,100.0,0.0,3.0,3.0,,,,5.245208740234375e-05,1.7484029134114582e-05,322.60910630226135,1.6258712596041831e-07,1.6258712596041832e-05
974490,974714,worker,/pscratch/sd/s/satt/sprints/a_star_campaign/h5/h5_tr_110.py,0,0,0,3,0,3,3,1.0,100.0,0.0,3.0,3.0,,,,5.435943603515625e-05,1.811981201171875e-05,322.6274981498718,1.6848977953486278e-07,1.6848977953486277e-05
974490,974715,worker,/pscratch/sd/s/satt/sprints/a_star_campaign/h5/h5_tr_110.py,0,0,0,3,0,3,3,1.0,100.0,0.0,3.0,3.0,,,,5.221366882324219e-05,1.7404556274414062e-05,322.6065208911896,1.618493906415893e-07,1.6184939064158932e-05
974490,974716,worker,/pscratch/sd/s/satt/sprints/a_star_campaign/h5/h5_tr_110.py,0,0,0,3,0,3,3,1.0,100.0,0.0,3.0,3.0,,,,5.3882598876953125e-05,1.7960866292317707e-05,322.61822724342346,1.6701659834085372e-07,1.6701659834085372e-05
974490,974717,worker,/pscratch/sd/s/satt/sprints/a_star_campaign/h5/h5_tr_110.py,0,0,0,3,0,3,3,1.0,100.0,0.0,3.0,3.0,,,,5.412101745605469e-05,1.804033915201823e-05,322.61322045326233,1.6775821331815295e-07,1.6775821331815295e-05
974490,974718,worker,/pscratch/sd/s/satt/sprints/a_star_campaign/h5/h5_tr_110.py,0,0,0,3,0,3,3,1.0,100.0,0.0,3.0,3.0,,,,5.14984130859375e-05,1.71661376953125e-05,322.6019537448883,1.5963453565027735e-07,1.5963453565027736e-05
974490,974719,worker,/pscratch/sd/s/satt/sprints/a_star_campaign/h5/h5_tr_110.py,0,0,0,3,0,3,3,1.0,100.0,0.0,3.0,3.0,,,,5.078315734863281e-05,1.6927719116210938e-05,322.56374955177307,1.5743603371178529e-07,1.574360337117853e-05
974490,974720,worker,/pscratch/sd/s/satt/sprints/a_star_campaign/h5/h5_tr_110.py,0,0,0,3,0,3,3,1.0,100.0,0.0,3.0,3.0,,,,5.340576171875e-05,1.7801920572916668e-05,322.5662319660187,1.6556525893378736e-07,1.6556525893378736e-05
974490,974721,worker,/pscratch/sd/s/satt/sprints/a_star_campaign/h5/h5_tr_110.py,0,0,0,3,0,3,3,1.0,100.0,0.0,3.0,3.0,,,,5.53131103515625e-05,1.8437703450520832e-05,322.5802402496338,1.714708573245453e-07,1.714708573245453e-05
974490,974722,worker,/pscratch/sd/s/satt/sprints/a_star_campaign/h5/h5_tr_110.py,0,0,0,3,0,3,3,1.0,100.0,0.0,3.0,3.0,,,,5.626678466796875e-05,1.8755594889322918e-05,322.5744779109955,1.7443036731347929e-07,1.744303673134793e-05
974490,974723,worker,/pscratch/sd/s/satt/sprints/a_star_campaign/h5/h5_tr_110.py,0,0,0,3,0,3,3,1.0,100.0,0.0,3.0,3.0,,,,5.3882598876953125e-05,1.7960866292317707e-05,322.53631472587585,1.6705901449499736e-07,1.6705901449499736e-05
974490,974724,worker,/pscratch/sd/s/satt/sprints/a_star_campaign/h5/h5_tr_110.py,0,0,0,3,0,3,3,1.0,100.0,0.0,3.0,3.0,,,,5.269050598144531e-05,1.7563501993815105e-05,322.5702657699585,1.633458243762047e-07,1.633458243762047e-05
974490,974725,worker,/pscratch/sd/s/satt/sprints/a_star_campaign/h5/h5_tr_110.py,0,0,0,3,0,3,3,1.0,100.0,0.0,3.0,3.0,,,,5.269050598144531e-05,1.7563501993815105e-05,322.52827405929565,1.6336709125773685e-07,1.6336709125773683e-05
974490,974726,worker,/pscratch/sd/s/satt/sprints/a_star_campaign/h5/h5_tr_110.py,0,0,0,3,0,3,3,1.0,100.0,0.0,3.0,3.0,,,,5.435943603515625e-05,1.811981201171875e-05,322.5529508590698,1.6852872029345356e-07,1.6852872029345357e-05
974490,974727,worker,/pscratch/sd/s/satt/sprints/a_star_campaign/h5/h5_tr_110.py,0,0,0,3,0,3,3,1.0,100.0,0.0,3.0,3.0,,,,5.555152893066406e-05,1.8517176310221355e-05,322.529687166214,1.72236947918645e-07,1.7223694791864498e-05
974490,974728,worker,/pscratch/sd/s/satt/sprints/a_star_campaign/h5/h5_tr_110.py,0,0,0,3,0,3,3,1.0,100.0,0.0,3.0,3.0,,,,5.316734313964844e-05,1.7722447713216145e-05,322.5031895637512,1.648583482587186e-07,1.648583482587186e-05
974490,974729,worker,/pscratch/sd/s/satt/sprints/a_star_campaign/h5/h5_tr_110.py,0,0,0,3,0,3,3,1.0,100.0,0.0,3.0,3.0,,,,5.435943603515625e-05,1.811981201171875e-05,322.5258650779724,1.6854287336618586e-07,1.6854287336618584e-05
974490,974730,worker,/pscratch/sd/s/satt/sprints/a_star_campaign/h5/h5_tr_110.py,0,0,0,3,0,3,3,1.0,100.0,0.0,3.0,3.0,,,,5.340576171875e-05,1.7801920572916668e-05,322.49453377723694,1.6560206802029092e-07,1.656020680202909e-05
974490,974731,worker,/pscratch/sd/s/satt/sprints/a_star_campaign/h5/h5_tr_110.py,0,0,0,3,0,3,3,1.0,100.0,0.0,3.0,3.0,,,,5.078315734863281e-05,1.6927719116210938e-05,322.52238631248474,1.5745622475777587e-07,1.5745622475777587e-05
974490,974732,worker,/pscratch/sd/s/satt/sprints/a_star_campaign/h5/h5_tr_110.py,0,0,0,3,0,3,3,1.0,100.0,0.0,3.0,3.0,,,,5.841255187988281e-05,1.9470850626627605e-05,322.51530480384827,1.8111559671690294e-07,1.8111559671690296e-05
974490,974733,worker,/pscratch/sd/s/satt/sprints/a_star_campaign/h5/h5_tr_110.py,0,0,0,3,0,3,3,1.0,100.0,0.0,3.0,3.0,,,,5.2928924560546875e-05,1.7642974853515625e-05,322.50808453559875,1.6411658218355308e-07,1.6411658218355308e-05
974490,974734,worker,/pscratch/sd/s/satt/sprints/a_star_campaign/h5/h5_tr_110.py,0,0,0,3,0,3,3,1.0,100.0,0.0,3.0,3.0,,,,5.245208740234375e-05,1.7484029134114582e-05,322.4876205921173,1.6264837486176007e-07,1.6264837486176005e-05
974490,974735,worker,/pscratch/sd/s/satt/sprints/a_star_campaign/h5/h5_tr_110.py,0,0,0,3,0,3,3,1.0,100.0,0.0,3.0,3.0,,,,5.316734313964844e-05,1.7722447713216145e-05,322.46631717681885,1.6487719897422665e-07,1.6487719897422663e-05
974490,974736,worker,/pscratch/sd/s/satt/sprints/a_star_campaign/h5/h5_tr_110.py,0,0,0,3,0,3,3,1.0,100.0,0.0,3.0,3.0,,,,5.245208740234375e-05,1.7484029134114582e-05,322.48463201522827,1.6264988218063945e-07,1.6264988218063945e-05
974490,974737,worker,/pscratch/sd/s/satt/sprints/a_star_campaign/h5/h5_tr_110.py,0,0,0,3,0,3,3,1.0,100.0,0.0,3.0,3.0,,,,5.078315734863281e-05,1.6927719116210938e-05,322.4770805835724,1.5747834623388675e-07,1.5747834623388675e-05
974490,974738,worker,/pscratch/sd/s/satt/sprints/a_star_campaign/h5/h5_tr_110.py,0,0,0,3,0,3,3,1.0,100.0,0.0,3.0,3.0,,,,5.435943603515625e-05,1.811981201171875e-05,322.46624398231506,1.685740354210144e-07,1.685740354210144e-05
974490,974739,worker,/pscratch/sd/s/satt/sprints/a_star_campaign/h5/h5_tr_110.py,0,0,0,3,0,3,3,1.0,100.0,0.0,3.0,3.0,,,,5.412101745605469e-05,1.804033915201823e-05,322.42765069007874,1.6785476475178751e-07,1.6785476475178753e-05
974490,974740,worker,/pscratch/sd/s/satt/sprints/a_star_campaign/h5/h5_tr_110.py,0,0,0,3,0,3,3,1.0,100.0,0.0,3.0,3.0,,,,5.2928924560546875e-05,1.7642974853515625e-05,322.446337223053,1.641480099181067e-07,1.641480099181067e-05
974490,974741,worker,/pscratch/sd/s/satt/sprints/a_star_campaign/h5/h5_tr_110.py,0,0,0,3,0,3,3,1.0,100.0,0.0,3.0,3.0,,,,5.0067901611328125e-05,1.6689300537109375e-05,322.44654417037964,1.5527504486099382e-07,1.5527504486099382e-05
974490,974742,worker,/pscratch/sd/s/satt/sprints/a_star_campaign/h5/h5_tr_110.py,0,0,0,3,0,3,3,1.0,100.0,0.0,3.0,3.0,,,,5.125999450683594e-05,1.708666483561198e-05,322.4128978252411,1.5898865973600294e-07,1.5898865973600295e-05
974490,974743,worker,/pscratch/sd/s/satt/sprints/a_star_campaign/h5/h5_tr_110.py,0,0,0,3,0,3,3,1.0,100.0,0.0,3.0,3.0,,,,5.125999450683594e-05,1.708666483561198e-05,322.40617203712463,1.5899197643441336e-07,1.5899197643441335e-05
974490,974744,worker,/pscratch/sd/s/satt/sprints/a_star_campaign/h5/h5_tr_110.py,0,0,0,3,0,3,3,1.0,100.0,0.0,3.0,3.0,,,,5.555152893066406e-05,1.8517176310221355e-05,322.43747305870056,1.7228620607800993e-07,1.7228620607800995e-05
974490,974745,worker,/pscratch/sd/s/satt/sprints/a_star_campaign/h5/h5_tr_110.py,0,0,0,3,0,3,3,1.0,100.0,0.0,3.0,3.0,,,,5.3882598876953125e-05,1.7960866292317707e-05,322.4125316143036,1.6712315308330485e-07,1.6712315308330486e-05
974490,974746,worker,/pscratch/sd/s/satt/sprints/a_star_campaign/h5/h5_tr_110.py,0,0,0,3,0,3,3,1.0,100.0,0.0,3.0,3.0,,,,5.555152893066406e-05,1.8517176310221355e-05,322.42295694351196,1.7229396274160656e-07,1.7229396274160655e-05
974490,974747,worker,/pscratch/sd/s/satt/sprints/a_star_campaign/h5/h5_tr_110.py,0,0,0,3,0,3,3,1.0,100.0,0.0,3.0,3.0,,,,5.364418029785156e-05,1.7881393432617188e-05,322.3736536502838,1.6640373582155581e-07,1.6640373582155584e-05
974490,974748,worker,/pscratch/sd/s/satt/sprints/a_star_campaign/h5/h5_tr_110.py,0,0,0,3,0,3,3,1.0,100.0,0.0,3.0,3.0,,,,5.125999450683594e-05,1.708666483561198e-05,322.3823997974396,1.5900370038514446e-07,1.5900370038514445e-05
974490,974749,worker,/pscratch/sd/s/satt/sprints/a_star_campaign/h5/h5_tr_110.py,0,0,0,3,0,3,3,1.0,100.0,0.0,3.0,3.0,,,,5.245208740234375e-05,1.7484029134114582e-05,322.3702301979065,1.6270760290161675e-07,1.6270760290161674e-05
974490,974750,worker,/pscratch/sd/s/satt/sprints/a_star_campaign/h5/h5_tr_110.py,0,0,0,3,0,3,3,1.0,100.0,0.0,3.0,3.0,,,,5.602836608886719e-05,1.8676122029622395e-05,322.3791506290436,1.737964939095522e-07,1.7379649390955222e-05
974490,974751,worker,/pscratch/sd/s/satt/sprints/a_star_campaign/h5/h5_tr_110.py,0,0,0,3,0,3,3,1.0,100.0,0.0,3.0,3.0,,,,5.459785461425781e-05,1.819928487141927e-05,322.39022064208984,1.6935332128101704e-07,1.6935332128101703e-05
974490,974752,worker,/pscratch/sd/s/satt/sprints/a_star_campaign/h5/h5_tr_110.py,0,0,0,3,0,3,3,1.0,100.0,0.0,3.0,3.0,,,,6.389617919921875e-05,2.1298726399739582e-05,322.3583083152771,1.9821477390533447e-07,1.9821477390533448e-05
974490,974753,worker,/pscratch/sd/s/satt/sprints/a_star_campaign/h5/h5_tr_110.py,0,0,0,3,0,3,3,1.0,100.0,0.0,3.0,3.0,,,,5.626678466796875e-05,1.8755594889322918e-05,322.33763122558594,1.7455853495613362e-07,1.745585349561336e-05
974490,974754,worker,/pscratch/sd/s/satt/sprints/a_star_campaign/h5/h5_tr_110.py,0,0,0,3,0,3,3,1.0,100.0,0.0,3.0,3.0,,,,5.173683166503906e-05,1.724561055501302e-05,322.33557057380676,1.6050611967192938e-07,1.6050611967192938e-05
974490,974755,worker,/pscratch/sd/s/satt/sprints/a_star_campaign/h5/h5_tr_110.py,0,0,0,3,0,3,3,1.0,100.0,0.0,3.0,3.0,,,,6.29425048828125e-05,2.09808349609375e-05,322.3581714630127,1.952564273371755e-07,1.952564273371755e-05
974490,974756,worker,/pscratch/sd/s/satt/sprints/a_star_campaign/h5/h5_tr_110.py,0,0,0,3,0,3,3,1.0,100.0,0.0,3.0,3.0,,,,5.459785461425781e-05,1.819928487141927e-05,322.31216764450073,1.6939433287072605e-07,1.6939433287072604e-05
974490,974757,worker,/pscratch/sd/s/satt/sprints/a_star_campaign/h5/h5_tr_110.py,0,0,0,3,0,3,3,1.0,100.0,0.0,3.0,3.0,,,,5.269050598144531e-05,1.7563501993815105e-05,322.3044762611389,1.6348052807915143e-07,1.6348052807915142e-05
974490,974758,worker,/pscratch/sd/s/satt/sprints/a_star_campaign/h5/h5_tr_110.py,0,0,0,3,0,3,3,1.0,100.0,0.0,3.0,3.0,,,,5.269050598144531e-05,1.7563501993815105e-05,322.3388776779175,1.634630807211965e-07,1.634630807211965e-05
974490,974759,worker,/pscratch/sd/s/satt/sprints/a_star_campaign/h5/h5_tr_110.py,0,0,0,3,0,3,3,1.0,100.0,0.0,3.0,3.0,,,,5.698204040527344e-05,1.899401346842448e-05,322.3162040710449,1.767892513176702e-07,1.767892513176702e-05
974490,974760,worker,/pscratch/sd/s/satt/sprints/a_star_campaign/h5/h5_tr_110.py,0,0,0,3,0,3,3,1.0,100.0,0.0,3.0,3.0,,,,5.340576171875e-05,1.7801920572916668e-05,322.29398679733276,1.6570511367415924e-07,1.6570511367415923e-05
974490,974761,worker,/pscratch/sd/s/satt/sprints/a_star_campaign/h5/h5_tr_110.py,0,0,0,3,0,3,3,1.0,100.0,0.0,3.0,3.0,,,,5.3882598876953125e-05,1.7960866292317707e-05,322.3198163509369,1.6717122604179748e-07,1.6717122604179748e-05
974490,974762,worker,/pscratch/sd/s/satt/sprints/a_star_campaign/h5/h5_tr_110.py,0,0,0,3,0,3,3,1.0,100.0,0.0,3.0,3.0,,,,5.173683166503906e-05,1.724561055501302e-05,322.2751672267914,1.6053620299149775e-07,1.6053620299149773e-05
974490,974763,worker,/pscratch/sd/s/satt/sprints/a_star_campaign/h5/h5_tr_110.py,0,0,0,3,0,3,3,1.0,100.0,0.0,3.0,3.0,,,,5.507469177246094e-05,1.8358230590820312e-05,322.302579164505,1.7087884284149805e-07,1.7087884284149805e-05
974490,974764,worker,/pscratch/sd/s/satt/sprints/a_star_campaign/h5/h5_tr_110.py,0,0,0,3,0,3,3,1.0,100.0,0.0,3.0,3.0,,,,5.173683166503906e-05,1.724561055501302e-05,322.2958929538727,1.6052587946705138e-07,1.6052587946705138e-05
974490,974765,worker,/pscratch/sd/s/satt/sprints/a_star_campaign/h5/h5_tr_110.py,0,0,0,3,0,3,3,1.0,100.0,0.0,3.0,3.0,,,,5.245208740234375e-05,1.7484029134114582e-05,322.26930594444275,1.627585576250509e-07,1.627585576250509e-05
974490,974766,worker,/pscratch/sd/s/satt/sprints/a_star_campaign/h5/h5_tr_110.py,0,0,0,3,0,3,3,1.0,100.0,0.0,3.0,3.0,,,,5.7697296142578125e-05,1.9232432047526043e-05,322.28149223327637,1.7902764363774017e-07,1.7902764363774016e-05
974490,974767,worker,/pscratch/sd/s/satt/sprints/a_star_campaign/h5/h5_tr_110.py,0,0,0,3,0,3,3,1.0,100.0,0.0,3.0,3.0,,,,5.817413330078125e-05,1.9391377766927082e-05,322.2804708480835,1.8050778301178342e-07,1.8050778301178343e-05
974490,974768,worker,/pscratch/sd/s/satt/sprints/a_star_campaign/h5/h5_tr_110.py,0,0,0,3,0,3,3,1.0,100.0,0.0,3.0,3.0,,,,5.340576171875e-05,1.7801920572916668e-05,322.2716245651245,1.657166118513105e-07,1.657166118513105e-05
974490,974769,worker,/pscratch/sd/s/satt/sprints/a_star_campaign/h5/h5_tr_110.py,0,0,0,3,0,3,3,1.0,100.0,0.0,3.0,3.0,,,,5.269050598144531e-05,1.7563501993815105e-05,322.2262704372406,1.6352020556842756e-07,1.6352020556842756e-05
974490,974770,worker,/pscratch/sd/s/satt/sprints/a_star_campaign/h5/h5_tr_110.py,0,0,0,3,0,3,3,1.0,100.0,0.0,3.0,3.0,,,,5.2928924560546875e-05,1.7642974853515625e-05,322.25603890419006,1.6424494243933524e-07,1.6424494243933524e-05
974490,974771,worker,/pscratch/sd/s/satt/sprints/a_star_campaign/h5/h5_tr_110.py,0,0,0,3,0,3,3,1.0,100.0,0.0,3.0,3.0,,,,5.269050598144531e-05,1.7563501993815105e-05,322.2216947078705,1.6352252764735494e-07,1.6352252764735495e-05
974490,974772,worker,/pscratch/sd/s/satt/sprints/a_star_campaign/h5/h5_tr_110.py,0,0,0,3,0,3,3,1.0,100.0,0.0,3.0,3.0,,,,5.245208740234375e-05,1.7484029134114582e-05,322.241370677948,1.6277266724627055e-07,1.6277266724627055e-05
974490,974773,worker,/pscratch/sd/s/satt/sprints/a_star_campaign/h5/h5_tr_110.py,0,0,0,3,0,3,3,1.0,100.0,0.0,3.0,3.0,,,,5.269050598144531e-05,1.7563501993815105e-05,322.1928811073303,1.635371514117744e-07,1.635371514117744e-05
974490,974774,worker,/pscratch/sd/s/satt/sprints/a_star_campaign/h5/h5_tr_110.py,0,0,0,3,0,3,3,1.0,100.0,0.0,3.0,3.0,,,,5.364418029785156e-05,1.7881393432617188e-05,322.1853051185608,1.6650101493024664e-07,1.6650101493024666e-05
974490,974775,worker,/pscratch/sd/s/satt/sprints/a_star_campaign/h5/h5_tr_110.py,0,0,0,3,0,3,3,1.0,100.0,0.0,3.0,3.0,,,,5.173683166503906e-05,1.724561055501302e-05,322.18416023254395,1.6058154947064063e-07,1.6058154947064064e-05
974490,974776,worker,/pscratch/sd/s/satt/sprints/a_star_campaign/h5/h5_tr_110.py,0,0,0,3,0,3,3,1.0,100.0,0.0,3.0,3.0,,,,5.507469177246094e-05,1.8358230590820312e-05,322.214718580246,1.7092543759370464e-07,1.7092543759370465e-05
974490,974777,worker,/pscratch/sd/s/satt/sprints/a_star_campaign/h5/h5_tr_110.py,0,0,0,3,0,3,3,1.0,100.0,0.0,3.0,3.0,,,,5.435943603515625e-05,1.811981201171875e-05,322.1644334793091,1.6873195916782498e-07,1.6873195916782498e-05
974490,974778,worker,/pscratch/sd/s/satt/sprints/a_star_campaign/h5/h5_tr_110.py,0,0,0,3,0,3,3,1.0,100.0,0.0,3.0,3.0,,,,5.412101745605469e-05,1.804033915201823e-05,322.16870284080505,1.67989680496053e-07,1.67989680496053e-05
974490,974779,worker,/pscratch/sd/s/satt/sprints/a_star_campaign/h5/h5_tr_110.py,0,0,0,3,0,3,3,1.0,100.0,0.0,3.0,3.0,,,,5.435943603515625e-05,1.811981201171875e-05,322.19971346855164,1.687134834788176e-07,1.687134834788176e-05
974490,974780,worker,/pscratch/sd/s/satt/sprints/a_star_campaign/h5/h5_tr_110.py,0,0,0,3,0,3,3,1.0,100.0,0.0,3.0,3.0,,,,5.316734313964844e-05,1.7722447713216145e-05,322.1839804649353,1.650216843895343e-07,1.650216843895343e-05
974490,974781,worker,/pscratch/sd/s/satt/sprints/a_star_campaign/h5/h5_tr_110.py,0,0,0,3,0,3,3,1.0,100.0,0.0,3.0,3.0,,,,5.340576171875e-05,1.7801920572916668e-05,322.13709688186646,1.6578581677084794e-07,1.6578581677084794e-05
974490,974782,worker,/pscratch/sd/s/satt/sprints/a_star_campaign/h5/h5_tr_110.py,0,0,0,3,0,3,3,1.0,100.0,0.0,3.0,3.0,,,,5.3882598876953125e-05,1.7960866292317707e-05,322.1741077899933,1.672468319896026e-07,1.672468319896026e-05
974490,974783,worker,/pscratch/sd/s/satt/sprints/a_star_campaign/h5/h5_tr_110.py,0,0,0,3,0,3,3,1.0,100.0,0.0,3.0,3.0,,,,5.3882598876953125e-05,1.7960866292317707e-05,322.12719535827637,1.6727118868999498e-07,1.67271188689995e-05
974490,974784,worker,/pscratch/sd/s/satt/sprints/a_star_campaign/h5/h5_tr_110.py,0,0,0,3,0,3,3,1.0,100.0,0.0,3.0,3.0,,,,5.412101745605469e-05,1.804033915201823e-05,322.12637853622437,1.6801175272259974e-07,1.6801175272259973e-05
974490,974785,worker,/pscratch/sd/s/satt/sprints/a_star_campaign/h5/h5_tr_110.py,0,0,0,3,0,3,3,1.0,100.0,0.0,3.0,3.0,,,,6.246566772460938e-05,2.0821889241536457e-05,322.1091208457947,1.9392703801924924e-07,1.9392703801924926e-05
974490,974786,worker,/pscratch/sd/s/satt/sprints/a_star_campaign/h5/h5_tr_110.py,0,0,0,3,0,3,3,1.0,100.0,0.0,3.0,3.0,,,,5.459785461425781e-05,1.819928487141927e-05,322.1483430862427,1.6948047626506452e-07,1.6948047626506452e-05
974490,974787,worker,/pscratch/sd/s/satt/sprints/a_star_campaign/h5/h5_tr_110.py,0,0,0,3,0,3,3,1.0,100.0,0.0,3.0,3.0,,,,6.651878356933594e-05,2.2172927856445312e-05,322.1153130531311,2.0650612024261027e-07,2.0650612024261027e-05
974490,974788,worker,/pscratch/sd/s/satt/sprints/a_star_campaign/h5/h5_tr_110.py,0,0,0,3,0,3,3,1.0,100.0,0.0,3.0,3.0,,,,5.4836273193359375e-05,1.8278757731119793e-05,322.1375801563263,1.7022625291575275e-07,1.7022625291575277e-05
974490,974789,worker,/pscratch/sd/s/satt/sprints/a_star_campaign/h5/h5_tr_110.py,0,0,0,3,0,3,3,1.0,100.0,0.0,3.0,3.0,,,,5.364418029785156e-05,1.7881393432617188e-05,322.1174590587616,1.6653608424269123e-07,1.665360842426912e-05
974490,974790,worker,/pscratch/sd/s/satt/sprints/a_star_campaign/h5/h5_tr_110.py,0,0,0,3,0,3,3,1.0,100.0,0.0,3.0,3.0,,,,5.125999450683594e-05,1.708666483561198e-05,322.0779309272766,1.5915401082978937e-07,1.591540108297894e-05
974490,974791,worker,/pscratch/sd/s/satt/sprints/a_star_campaign/h5/h5_tr_110.py,0,0,0,3,0,3,3,1.0,100.0,0.0,3.0,3.0,,,,5.030632019042969e-05,1.6768773396809895e-05,322.07662558555603,1.561936390104981e-07,1.5619363901049807e-05
974490,974792,worker,/pscratch/sd/s/satt/sprints/a_star_campaign/h5/h5_tr_110.py,0,0,0,3,0,3,3,1.0,100.0,0.0,3.0,3.0,,,,5.221366882324219e-05,1.7404556274414062e-05,322.10435366630554,1.6210171712653916e-07,1.6210171712653915e-05
974490,974793,worker,/pscratch/sd/s/satt/sprints/a_star_campaign/h5/h5_tr_110.py,0,0,0,3,0,3,3,1.0,100.0,0.0,3.0,3.0,,,,5.698204040527344e-05,1.899401346842448e-05,322.0564193725586,1.7693185720777686e-07,1.7693185720777687e-05
974490,974794,worker,/pscratch/sd/s/satt/sprints/a_star_campaign/h5/h5_tr_110.py,0,0,0,3,0,3,3,1.0,100.0,0.0,3.0,3.0,,,,5.3882598876953125e-05,1.7960866292317707e-05,322.06066703796387,1.6730574202841588e-07,1.673057420284159e-05
974490,974795,worker,/pscratch/sd/s/satt/sprints/a_star_campaign/h5/h5_tr_110.py,0,0,0,3,0,3,3,1.0,100.0,0.0,3.0,3.0,,,,6.079673767089844e-05,2.0265579223632812e-05,322.08362650871277,1.887607213378598e-07,1.8876072133785978e-05
974490,974796,worker,/pscratch/sd/s/satt/sprints/a_star_campaign/h5/h5_tr_110.py,0,0,0,3,0,3,3,1.0,100.0,0.0,3.0,3.0,,,,5.507469177246094e-05,1.8358230590820312e-05,322.03041553497314,1.7102326089592528e-07,1.7102326089592526e-05
974490,974797,worker,/pscratch/sd/s/satt/sprints/a_star_campaign/h5/h5_tr_110.py,0,0,0,3,0,3,3,1.0,100.0,0.0,3.0,3.0,,,,5.340576171875e-05,1.7801920572916668e-05,322.0344247817993,1.6583867316339275e-07,1.6583867316339272e-05
974490,974798,worker,/pscratch/sd/s/satt/sprints/a_star_campaign/h5/h5_tr_110.py,0,0,0,3,0,3,3,1.0,100.0,0.0,3.0,3.0,,,,5.316734313964844e-05,1.7722447713216145e-05,322.02130126953125,1.6510505028717796e-07,1.6510505028717796e-05
974490,974799,worker,/pscratch/sd/s/satt/sprints/a_star_campaign/h5/h5_tr_110.py,0,0,0,3,0,3,3,1.0,100.0,0.0,3.0,3.0,,,,5.125999450683594e-05,1.708666483561198e-05,322.02141880989075,1.591819410531133e-07,1.5918194105311328e-05
974490,974800,worker,/pscratch/sd/s/satt/sprints/a_star_campaign/h5/h5_tr_110.py,0,0,0,3,0,3,3,1.0,100.0,0.0,3.0,3.0,,,,5.054473876953125e-05,1.6848246256510418e-05,322.04543232917786,1.569490938094321e-07,1.5694909380943208e-05
974490,974801,worker,/pscratch/sd/s/satt/sprints/a_star_campaign/h5/h5_tr_110.py,0,0,0,3,0,3,3,1.0,100.0,0.0,3.0,3.0,,,,5.316734313964844e-05,1.7722447713216145e-05,322.0260877609253,1.65102596219224e-07,1.65102596219224e-05
974490,974802,worker,/pscratch/sd/s/satt/sprints/a_star_campaign/h5/h5_tr_110.py,0,0,0,3,0,3,3,1.0,100.0,0.0,3.0,3.0,,,,5.3882598876953125e-05,1.7960866292317707e-05,322.0037121772766,1.6733533446747497e-07,1.6733533446747496e-05
974490,974803,worker,/pscratch/sd/s/satt/sprints/a_star_campaign/h5/h5_tr_110.py,0,0,0,3,0,3,3,1.0,100.0,0.0,3.0,3.0,,,,5.602836608886719e-05,1.8676122029622395e-05,322.02213501930237,1.739891765064808e-07,1.7398917650648077e-05
974490,974804,worker,/pscratch/sd/s/satt/sprints/a_star_campaign/h5/h5_tr_110.py,0,0,0,3,0,3,3,1.0,100.0,0.0,3.0,3.0,,,,5.1975250244140625e-05,1.7325083414713543e-05,322.01964139938354,1.61403975292546e-07,1.61403975292546e-05
974490,974805,worker,/pscratch/sd/s/satt/sprints/a_star_campaign/h5/h5_tr_110.py,0,0,0,3,0,3,3,1.0,100.0,0.0,3.0,3.0,,,,5.173683166503906e-05,1.724561055501302e-05,322.01596903800964,1.6066542233789726e-07,1.6066542233789724e-05
974490,974806,worker,/pscratch/sd/s/satt/sprints/a_star_campaign/h5/h5_tr_110.py,0,0,0,3,0,3,3,1.0,100.0,0.0,3.0,3.0,,,,5.340576171875e-05,1.7801920572916668e-05,321.97476077079773,1.6586940414490327e-07,1.658694041449033e-05
974490,974807,worker,/pscratch/sd/s/satt/sprints/a_star_campaign/h5/h5_tr_110.py,0,0,0,3,0,3,3,1.0,100.0,0.0,3.0,3.0,,,,5.435943603515625e-05,1.811981201171875e-05,321.97428464889526,1.6883160745099202e-07,1.6883160745099202e-05
974490,974808,worker,/pscratch/sd/s/satt/sprints/a_star_campaign/h5/h5_tr_110.py,0,0,0,3,0,3,3,1.0,100.0,0.0,3.0,3.0,,,,5.435943603515625e-05,1.811981201171875e-05,321.9444971084595,1.688472283992578e-07,1.688472283992578e-05
974490,974809,worker,/pscratch/sd/s/satt/sprints/a_star_campaign/h5/h5_tr_110.py,0,0,0,3,0,3,3,1.0,100.0,0.0,3.0,3.0,,,,5.1975250244140625e-05,1.7325083414713543e-05,321.98449206352234,1.6142159490677194e-07,1.6142159490677195e-05
974490,974810,worker,/pscratch/sd/s/satt/sprints/a_star_campaign/h5/h5_tr_110.py,0,0,0,3,0,3,3,1.0,100.0,0.0,3.0,3.0,,,,5.173683166503906e-05,1.724561055501302e-05,321.93106055259705,1.607077974279102e-07,1.6070779742791023e-05
974490,974811,worker,/pscratch/sd/s/satt/sprints/a_star_campaign/h5/h5_tr_110.py,0,0,0,3,0,3,3,1.0,100.0,0.0,3.0,3.0,,,,5.078315734863281e-05,1.6927719116210938e-05,321.9456751346588,1.5773828093013507e-07,1.5773828093013506e-05
974490,974812,worker,/pscratch/sd/s/satt/sprints/a_star_campaign/h5/h5_tr_110.py,0,0,0,3,0,3,3,1.0,100.0,0.0,3.0,3.0,,,,5.364418029785156e-05,1.7881393432617188e-05,321.9624481201172,1.6661626413599044e-07,1.6661626413599044e-05
974490,974813,worker,/pscratch/sd/s/satt/sprints/a_star_campaign/h5/h5_tr_110.py,0,0,0,3,0,3,3,1.0,100.0,0.0,3.0,3.0,,,,5.459785461425781e-05,1.819928487141927e-05,321.95490884780884,1.6958230209829396e-07,1.6958230209829396e-05
974490,974814,worker,/pscratch/sd/s/satt/sprints/a_star_campaign/h5/h5_tr_110.py,0,0,0,3,0,3,3,1.0,100.0,0.0,3.0,3.0,,,,5.340576171875e-05,1.7801920572916668e-05,321.95055413246155,1.65881875440963e-07,1.65881875440963e-05
974490,974815,worker,/pscratch/sd/s/satt/sprints/a_star_campaign/h5/h5_tr_110.py,0,0,0,3,0,3,3,1.0,100.0,0.0,3.0,3.0,,,,5.2928924560546875e-05,1.7642974853515625e-05,321.9430067539215,1.644046413500863e-07,1.644046413500863e-05
974490,974816,worker,/pscratch/sd/s/satt/sprints/a_star_campaign/h5/h5_tr_110.py,0,0,0,3,0,3,3,1.0,100.0,0.0,3.0,3.0,,,,5.435943603515625e-05,1.811981201171875e-05,321.94697403907776,1.6884592935654717e-07,1.6884592935654717e-05
974490,974817,worker,/pscratch/sd/s/satt/sprints/a_star_campaign/h5/h5_tr_110.py,0,0,0,3,0,3,3,1.0,100.0,0.0,3.0,3.0,,,,5.435943603515625e-05,1.811981201171875e-05,321.9246232509613,1.6885765209944662e-07,1.6885765209944662e-05
974490,974818,worker,/pscratch/sd/s/satt/sprints/a_star_campaign/h5/h5_tr_110.py,0,0,0,3,0,3,3,1.0,100.0,0.0,3.0,3.0,,,,5.1975250244140625e-05,1.7325083414713543e-05,321.87848448753357,1.6147475755296606e-07,1.6147475755296605e-05
974490,974819,worker,/pscratch/sd/s/satt/sprints/a_star_campaign/h5/h5_tr_110.py,0,0,0,3,0,3,3,1.0,100.0,0.0,3.0,3.0,,,,5.1021575927734375e-05,1.7007191975911457e-05,321.8714334964752,1.585153903640632e-07,1.585153903640632e-05
974490,974820,worker,/pscratch/sd/s/satt/sprints/a_star_campaign/h5/h5_tr_110.py,0,0,0,3,0,3,3,1.0,100.0,0.0,3.0,3.0,,,,5.53131103515625e-05,1.8437703450520832e-05,321.8581795692444,1.7185553719837177e-07,1.7185553719837176e-05
974490,974821,worker,/pscratch/sd/s/satt/sprints/a_star_campaign/h5/h5_tr_110.py,0,0,0,3,0,3,3,1.0,100.0,0.0,3.0,3.0,,,,5.555152893066406e-05,1.8517176310221355e-05,321.87732791900635,1.7258602614174315e-07,1.7258602614174317e-05
974490,974822,worker,/pscratch/sd/s/satt/sprints/a_star_campaign/h5/h5_tr_110.py,0,0,0,3,0,3,3,1.0,100.0,0.0,3.0,3.0,,,,5.245208740234375e-05,1.7484029134114582e-05,321.8906469345093,1.6295002014462217e-07,1.6295002014462218e-05
974490,974823,worker,/pscratch/sd/s/satt/sprints/a_star_campaign/h5/h5_tr_110.py,0,0,0,3,0,3,3,1.0,100.0,0.0,3.0,3.0,,,,5.245208740234375e-05,1.7484029134114582e-05,321.88337659835815,1.6295370067461663e-07,1.6295370067461662e-05
974490,974824,worker,/pscratch/sd/s/satt/sprints/a_star_campaign/h5/h5_tr_110.py,0,0,0,3,0,3,3,1.0,100.0,0.0,3.0,3.0,,,,5.53131103515625e-05,1.8437703450520832e-05,321.83492946624756,1.7186795244163657e-07,1.718679524416366e-05
974490,974825,worker,/pscratch/sd/s/satt/sprints/a_star_campaign/h5/h5_tr_110.py,0,0,0,3,0,3,3,1.0,100.0,0.0,3.0,3.0,,,,4.863739013671875e-05,1.621246337890625e-05,321.8530626296997,1.5111675414652595e-07,1.5111675414652595e-05
974490,974826,worker,/pscratch/sd/s/satt/sprints/a_star_campaign/h5/h5_tr_110.py,0,0,0,3,0,3,3,1.0,100.0,0.0,3.0,3.0,,,,5.1975250244140625e-05,1.7325083414713543e-05,321.830331325531,1.6149891786168445e-07,1.6149891786168444e-05
974490,974827,worker,/pscratch/sd/s/satt/sprints/a_star_campaign/h5/h5_tr_110.py,0,0,0,3,0,3,3,1.0,100.0,0.0,3.0,3.0,,,,5.1975250244140625e-05,1.7325083414713543e-05,321.85755014419556,1.6148526023657102e-07,1.6148526023657102e-05
974490,974828,worker,/pscratch/sd/s/satt/sprints/a_star_campaign/h5/h5_tr_110.py,0,0,0,3,0,3,3,1.0,100.0,0.0,3.0,3.0,,,,5.507469177246094e-05,1.8358230590820312e-05,321.83660364151,1.711262521083773e-07,1.711262521083773e-05
974490,974829,worker,/pscratch/sd/s/satt/sprints/a_star_campaign/h5/h5_tr_110.py,0,0,0,3,0,3,3,1.0,100.0,0.0,3.0,3.0,,,,5.435943603515625e-05,1.811981201171875e-05,321.7913727760315,1.689275743044569e-07,1.689275743044569e-05
974490,974830,worker,/pscratch/sd/s/satt/sprints/a_star_campaign/h5/h5_tr_110.py,0,0,0,3,0,3,3,1.0,100.0,0.0,3.0,3.0,,,,5.054473876953125e-05,1.6848246256510418e-05,321.8141779899597,1.5706187678004726e-07,1.5706187678004727e-05
974490,974831,worker,/pscratch/sd/s/satt/sprints/a_star_campaign/h5/h5_tr_110.py,0,0,0,3,0,3,3,1.0,100.0,0.0,3.0,3.0,,,,5.626678466796875e-05,1.8755594889322918e-05,321.8257167339325,1.748361977998389e-07,1.748361977998389e-05
974490,974832,worker,/pscratch/sd/s/satt/sprints/a_star_campaign/h5/h5_tr_110.py,0,0,0,3,0,3,3,1.0,100.0,0.0,3.0,3.0,,,,5.3882598876953125e-05,1.7960866292317707e-05,321.8178243637085,1.674319903923553e-07,1.6743199039235528e-05
974490,974833,worker,/pscratch/sd/s/satt/sprints/a_star_campaign/h5/h5_tr_110.py,0,0,0,3,0,3,3,1.0,100.0,0.0,3.0,3.0,,,,5.269050598144531e-05,1.7563501993815105e-05,321.7632336616516,1.637555210451786e-07,1.637555210451786e-05
974490,974834,worker,/pscratch/sd/s/satt/sprints/a_star_campaign/h5/h5_tr_110.py,0,0,0,3,0,3,3,1.0,100.0,0.0,3.0,3.0,,,,5.364418029785156e-05,1.7881393432617188e-05,321.7608435153961,1.6672066032573262e-07,1.667206603257326e-05
974490,974835,worker,/pscratch/sd/s/satt/sprints/a_star_campaign/h5/h5_tr_110.py,0,0,0,3,0,3,3,1.0,100.0,0.0,3.0,3.0,,,,5.14984130859375e-05,1.71661376953125e-05,321.79678106307983,1.600339596804189e-07,1.6003395968041886e-05
974490,974836,worker,/pscratch/sd/s/satt/sprints/a_star_campaign/h5/h5_tr_110.py,0,0,0,3,0,3,3,1.0,100.0,0.0,3.0,3.0,,,,5.364418029785156e-05,1.7881393432617188e-05,321.7600200176239,1.6672108702291007e-07,1.6672108702291006e-05
974490,974837,worker,/pscratch/sd/s/satt/sprints/a_star_campaign/h5/h5_tr_110.py,0,0,0,3,0,3,3,1.0,100.0,0.0,3.0,3.0,,,,5.3882598876953125e-05,1.7960866292317707e-05,321.733115196228,1.6747607359003014e-07,1.6747607359003013e-05
974490,974838,worker,/pscratch/sd/s/satt/sprints/a_star_campaign/h5/h5_tr_110.py,0,0,0,3,0,3,3,1.0,100.0,0.0,3.0,3.0,,,,5.245208740234375e-05,1.7484029134114582e-05,321.73684453964233,1.6302791642466347e-07,1.6302791642466347e-05
974490,974839,worker,/pscratch/sd/s/satt/sprints/a_star_campaign/h5/h5_tr_110.py,0,0,0,3,0,3,3,1.0,100.0,0.0,3.0,3.0,,,,5.125999450683594e-05,1.708666483561198e-05,321.7497048377991,1.5931636839473467e-07,1.5931636839473466e-05
974490,974840,worker,/pscratch/sd/s/satt/sprints/a_star_campaign/h5/h5_tr_110.py,0,0,0,3,0,3,3,1.0,100.0,0.0,3.0,3.0,,,,5.364418029785156e-05,1.7881393432617188e-05,321.7578446865082,1.6672221418600567e-07,1.6672221418600566e-05
974490,974841,worker,/pscratch/sd/s/satt/sprints/a_star_campaign/h5/h5_tr_110.py,0,0,0,3,0,3,3,1.0,100.0,0.0,3.0,3.0,,,,5.435943603515625e-05,1.811981201171875e-05,321.6973080635071,1.6897696894754562e-07,1.689769689475456e-05
974490,974843,worker,/pscratch/sd/s/satt/sprints/a_star_campaign/h5/h5_tr_110.py,0,0,0,3,0,3,3,1.0,100.0,0.0,3.0,3.0,,,,5.412101745605469e-05,1.804033915201823e-05,321.7098217010498,1.6822929797383329e-07,1.682292979738333e-05
974490,974844,worker,/pscratch/sd/s/satt/sprints/a_star_campaign/h5/h5_tr_110.py,0,0,0,3,0,3,3,1.0,100.0,0.0,3.0,3.0,,,,5.1975250244140625e-05,1.7325083414713543e-05,321.7369828224182,1.6154577502465177e-07,1.615457750246518e-05
974490,974845,worker,/pscratch/sd/s/satt/sprints/a_star_campaign/h5/h5_tr_110.py,0,0,0,3,0,3,3,1.0,100.0,0.0,3.0,3.0,,,,5.245208740234375e-05,1.7484029134114582e-05,321.6864445209503,1.630534587195754e-07,1.630534587195754e-05
974490,974846,worker,/pscratch/sd/s/satt/sprints/a_star_campaign/h5/h5_tr_110.py,0,0,0,3,0,3,3,1.0,100.0,0.0,3.0,3.0,,,,5.221366882324219e-05,1.7404556274414062e-05,321.71875834465027,1.6229600378883355e-07,1.6229600378883354e-05
974490,974847,worker,/pscratch/sd/s/satt/sprints/a_star_campaign/h5/h5_tr_110.py,0,0,0,3,0,3,3,1.0,100.0,0.0,3.0,3.0,,,,5.7220458984375e-05,1.9073486328125e-05,321.66589975357056,1.7788786137483583e-07,1.7788786137483585e-05
974490,974848,worker,/pscratch/sd/s/satt/sprints/a_star_campaign/h5/h5_tr_110.py,0,0,0,3,0,3,3,1.0,100.0,0.0,3.0,3.0,,,,5.650520324707031e-05,1.8835067749023438e-05,321.6531777381897,1.7567121097452004e-07,1.7567121097452002e-05
974490,974849,worker,/pscratch/sd/s/satt/sprints/a_star_campaign/h5/h5_tr_110.py,0,0,0,3,0,3,3,1.0,100.0,0.0,3.0,3.0,,,,5.745887756347656e-05,1.915295918782552e-05,321.6596875190735,1.7863251067191757e-07,1.7863251067191757e-05
974490,974850,worker,/pscratch/sd/s/satt/sprints/a_star_campaign/h5/h5_tr_110.py,0,0,0,3,0,3,3,1.0,100.0,0.0,3.0,3.0,,,,5.435943603515625e-05,1.811981201171875e-05,321.64473366737366,1.690045890549902e-07,1.6900458905499017e-05
974490,974851,worker,/pscratch/sd/s/satt/sprints/a_star_campaign/h5/h5_tr_110.py,0,0,0,3,0,3,3,1.0,100.0,0.0,3.0,3.0,,,,5.340576171875e-05,1.7801920572916668e-05,321.6522443294525,1.660357191975602e-07,1.660357191975602e-05
974490,974852,worker,/pscratch/sd/s/satt/sprints/a_star_campaign/h5/h5_tr_110.py,0,0,0,3,0,3,3,1.0,100.0,0.0,3.0,3.0,,,,5.340576171875e-05,1.7801920572916668e-05,321.67179226875305,1.660256292355598e-07,1.660256292355598e-05
974490,974853,worker,/pscratch/sd/s/satt/sprints/a_star_campaign/h5/h5_tr_110.py,0,0,0,3,0,3,3,1.0,100.0,0.0,3.0,3.0,,,,5.14984130859375e-05,1.71661376953125e-05,321.61411905288696,1.6012485160040186e-07,1.6012485160040186e-05
974490,974854,worker,/pscratch/sd/s/satt/sprints/a_star_campaign/h5/h5_tr_110.py,0,0,0,3,0,3,3,1.0,100.0,0.0,3.0,3.0,,,,5.221366882324219e-05,1.7404556274414062e-05,321.6238262653351,1.6234390788002956e-07,1.6234390788002954e-05
974490,974855,worker,/pscratch/sd/s/satt/sprints/a_star_campaign/h5/h5_tr_110.py,0,0,0,3,0,3,3,1.0,100.0,0.0,3.0,3.0,,,,5.1021575927734375e-05,1.7007191975911457e-05,321.64699363708496,1.5862599973591589e-07,1.586259997359159e-05
974490,974856,worker,/pscratch/sd/s/satt/sprints/a_star_campaign/h5/h5_tr_110.py,0,0,0,3,0,3,3,1.0,100.0,0.0,3.0,3.0,,,,6.079673767089844e-05,2.0265579223632812e-05,321.64219975471497,1.890197794855966e-07,1.890197794855966e-05
974490,974857,worker,/pscratch/sd/s/satt/sprints/a_star_campaign/h5/h5_tr_110.py,0,0,0,3,0,3,3,1.0,100.0,0.0,3.0,3.0,,,,5.269050598144531e-05,1.7563501993815105e-05,321.6499662399292,1.6381318673026612e-07,1.638131867302661e-05
974490,974858,worker,/pscratch/sd/s/satt/sprints/a_star_campaign/h5/h5_tr_110.py,0,0,0,3,0,3,3,1.0,100.0,0.0,3.0,3.0,,,,5.507469177246094e-05,1.8358230590820312e-05,321.6277573108673,1.7123737152831878e-07,1.712373715283188e-05
974490,974859,worker,/pscratch/sd/s/satt/sprints/a_star_campaign/h5/h5_tr_110.py,0,0,0,3,0,3,3,1.0,100.0,0.0,3.0,3.0,,,,5.412101745605469e-05,1.804033915201823e-05,321.57090616226196,1.6830197141263048e-07,1.6830197141263048e-05
974490,974860,worker,/pscratch/sd/s/satt/sprints/a_star_campaign/h5/h5_tr_110.py,0,0,0,3,0,3,3,1.0,100.0,0.0,3.0,3.0,,,,5.1975250244140625e-05,1.7325083414713543e-05,321.6149790287018,1.6160705698817036e-07,1.6160705698817035e-05
974490,974861,worker,/pscratch/sd/s/satt/sprints/a_star_campaign/h5/h5_tr_110.py,0,0,0,3,0,3,3,1.0,100.0,0.0,3.0,3.0,,,,5.8650970458984375e-05,1.9550323486328125e-05,321.6086850166321,1.8236749562889206e-07,1.8236749562889208e-05
974490,974862,worker,/pscratch/sd/s/satt/sprints/a_star_campaign/h5/h5_tr_110.py,0,0,0,3,0,3,3,1.0,100.0,0.0,3.0,3.0,,,,5.5789947509765625e-05,1.8596649169921875e-05,321.5897614955902,1.734817279328423e-07,1.734817279328423e-05
974490,974863,worker,/pscratch/sd/s/satt/sprints/a_star_campaign/h5/h5_tr_110.py,0,0,0,3,0,3,3,1.0,100.0,0.0,3.0,3.0,,,,5.173683166503906e-05,1.724561055501302e-05,321.59208703041077,1.6087719117338439e-07,1.6087719117338438e-05
974490,974864,worker,/pscratch/sd/s/satt/sprints/a_star_campaign/h5/h5_tr_110.py,0,0,0,3,0,3,3,1.0,100.0,0.0,3.0,3.0,,,,5.7697296142578125e-05,1.9232432047526043e-05,321.5578887462616,1.7943051052965003e-07,1.7943051052965004e-05
974490,974865,worker,/pscratch/sd/s/satt/sprints/a_star_campaign/h5/h5_tr_110.py,0,0,0,3,0,3,3,1.0,100.0,0.0,3.0,3.0,,,,5.7697296142578125e-05,1.9232432047526043e-05,321.57783818244934,1.7941937935985247e-07,1.7941937935985247e-05
974490,974866,worker,/pscratch/sd/s/satt/sprints/a_star_campaign/h5/h5_tr_110.py,0,0,0,3,0,3,3,1.0,100.0,0.0,3.0,3.0,,,,5.316734313964844e-05,1.7722447713216145e-05,321.5698914527893,1.6533681962402908e-07,1.653368196240291e-05
974490,974867,worker,/pscratch/sd/s/satt/sprints/a_star_campaign/h5/h5_tr_110.py,0,0,0,3,0,3,3,1.0,100.0,0.0,3.0,3.0,,,,5.340576171875e-05,1.7801920572916668e-05,321.56379747390747,1.6608138770062724e-07,1.6608138770062723e-05
974490,974868,worker,/pscratch/sd/s/satt/sprints/a_star_campaign/h5/h5_tr_110.py,0,0,0,3,0,3,3,1.0,100.0,0.0,3.0,3.0,,,,5.245208740234375e-05,1.7484029134114582e-05,321.5535180568695,1.631208631126441e-07,1.6312086311264412e-05
974490,974869,worker,/pscratch/sd/s/satt/sprints/a_star_campaign/h5/h5_tr_110.py,0,0,0,3,0,3,3,1.0,100.0,0.0,3.0,3.0,,,,5.14984130859375e-05,1.71661376953125e-05,321.501101732254,1.6018114030858083e-07,1.601811403085808e-05
974490,974870,worker,/pscratch/sd/s/satt/sprints/a_star_campaign/h5/h5_tr_110.py,0,0,0,3,0,3,3,1.0,100.0,0.0,3.0,3.0,,,,5.53131103515625e-05,1.8437703450520832e-05,321.51310300827026,1.720399879010209e-07,1.720399879010209e-05
974490,974871,worker,/pscratch/sd/s/satt/sprints/a_star_campaign/h5/h5_tr_110.py,0,0,0,3,0,3,3,1.0,100.0,0.0,3.0,3.0,,,,5.53131103515625e-05,1.8437703450520832e-05,321.4794976711273,1.7205797182172926e-07,1.7205797182172927e-05
974490,974872,worker,/pscratch/sd/s/satt/sprints/a_star_campaign/h5/h5_tr_110.py,0,0,0,3,0,3,3,1.0,100.0,0.0,3.0,3.0,,,,5.936622619628906e-05,1.9788742065429688e-05,321.5227358341217,1.8464083431697648e-07,1.8464083431697648e-05
974490,974873,worker,/pscratch/sd/s/satt/sprints/a_star_campaign/h5/h5_tr_110.py,0,0,0,3,0,3,3,1.0,100.0,0.0,3.0,3.0,,,,5.936622619628906e-05,1.9788742065429688e-05,321.5064489841461,1.8465018783874062e-07,1.8465018783874064e-05
974490,974874,worker,/pscratch/sd/s/satt/sprints/a_star_campaign/h5/h5_tr_110.py,0,0,0,3,0,3,3,1.0,100.0,0.0,3.0,3.0,,,,5.5789947509765625e-05,1.8596649169921875e-05,321.51356077194214,1.7352284418677717e-07,1.7352284418677716e-05
974490,974875,worker,/pscratch/sd/s/satt/sprints/a_star_campaign/h5/h5_tr_110.py,0,0,0,3,0,3,3,1.0,100.0,0.0,3.0,3.0,,,,5.91278076171875e-05,1.9709269205729168e-05,321.5001516342163,1.8391222310980305e-07,1.8391222310980304e-05
974490,974876,worker,/pscratch/sd/s/satt/sprints/a_star_campaign/h5/h5_tr_110.py,0,0,0,3,0,3,3,1.0,100.0,0.0,3.0,3.0,,,,5.817413330078125e-05,1.9391377766927082e-05,321.4957113265991,1.8094839604775836e-07,1.8094839604775837e-05
974490,974877,worker,/pscratch/sd/s/satt/sprints/a_star_campaign/h5/h5_tr_110.py,0,0,0,3,0,3,3,1.0,100.0,0.0,3.0,3.0,,,,5.269050598144531e-05,1.7563501993815105e-05,321.44977045059204,1.6391520798906288e-07,1.639152079890629e-05
974490,974878,worker,/pscratch/sd/s/satt/sprints/a_star_campaign/h5/h5_tr_110.py,0,0,0,3,0,3,3,1.0,100.0,0.0,3.0,3.0,,,,5.030632019042969e-05,1.6768773396809895e-05,321.4794156551361,1.5648379877732295e-07,1.5648379877732294e-05
974490,974879,worker,/pscratch/sd/s/satt/sprints/a_star_campaign/h5/h5_tr_110.py,0,0,0,3,0,3,3,1.0,100.0,0.0,3.0,3.0,,,,5.793571472167969e-05,1.9311904907226562e-05,321.4702649116516,1.8022106877474945e-07,1.8022106877474943e-05
974490,974880,worker,/pscratch/sd/s/satt/sprints/a_star_campaign/h5/h5_tr_110.py,0,0,0,3,0,3,3,1.0,100.0,0.0,3.0,3.0,,,,7.581710815429688e-05,2.5272369384765625e-05,321.4388566017151,2.3586790021543506e-07,2.3586790021543506e-05
974490,974881,worker,/pscratch/sd/s/satt/sprints/a_star_campaign/h5/h5_tr_110.py,0,0,0,3,0,3,3,1.0,100.0,0.0,3.0,3.0,,,,5.364418029785156e-05,1.7881393432617188e-05,321.42487239837646,1.668949260135804e-07,1.668949260135804e-05
974490,974882,worker,/pscratch/sd/s/satt/sprints/a_star_campaign/h5/h5_tr_110.py,0,0,0,3,0,3,3,1.0,100.0,0.0,3.0,3.0,,,,6.413459777832031e-05,2.1378199259440105e-05,321.3949248790741,1.9955074835874016e-07,1.9955074835874017e-05
974490,974883,worker,/pscratch/sd/s/satt/sprints/a_star_campaign/h5/h5_tr_110.py,0,0,0,3,0,3,3,1.0,100.0,0.0,3.0,3.0,,,,5.316734313964844e-05,1.7722447713216145e-05,321.43698740005493,1.6540518118245454e-07,1.654051811824545e-05
974490,974884,worker,/pscratch/sd/s/satt/sprints/a_star_campaign/h5/h5_tr_110.py,0,0,0,3,0,3,3,1.0,100.0,0.0,3.0,3.0,,,,5.984306335449219e-05,1.994768778483073e-05,321.4395191669464,1.8617207837288802e-07,1.8617207837288803e-05
974490,974885,worker,/pscratch/sd/s/satt/sprints/a_star_campaign/h5/h5_tr_110.py,0,0,0,3,0,3,3,1.0,100.0,0.0,3.0,3.0,,,,5.412101745605469e-05,1.804033915201823e-05,321.4285478591919,1.6837651109870758e-07,1.683765110987076e-05
974490,974886,worker,/pscratch/sd/s/satt/sprints/a_star_campaign/h5/h5_tr_110.py,0,0,0,3,0,3,3,1.0,100.0,0.0,3.0,3.0,,,,5.2928924560546875e-05,1.7642974853515625e-05,321.3707082271576,1.6469741393834379e-07,1.6469741393834377e-05
974490,974887,worker,/pscratch/sd/s/satt/sprints/a_star_campaign/h5/h5_tr_110.py,0,0,0,3,0,3,3,1.0,100.0,0.0,3.0,3.0,,,,5.1975250244140625e-05,1.7325083414713543e-05,321.41909646987915,1.6170554523667307e-07,1.6170554523667306e-05
974490,974888,worker,/pscratch/sd/s/satt/sprints/a_star_campaign/h5/h5_tr_110.py,0,0,0,3,0,3,3,1.0,100.0,0.0,3.0,3.0,,,,5.698204040527344e-05,1.899401346842448e-05,321.3869342803955,1.7730042614476417e-07,1.7730042614476416e-05
974490,974889,worker,/pscratch/sd/s/satt/sprints/a_star_campaign/h5/h5_tr_110.py,0,0,0,3,0,3,3,1.0,100.0,0.0,3.0,3.0,,,,5.555152893066406e-05,1.8517176310221355e-05,321.38467025756836,1.7285058707418503e-07,1.7285058707418502e-05
974490,974890,worker,/pscratch/sd/s/satt/sprints/a_star_campaign/h5/h5_tr_110.py,0,0,0,3,0,3,3,1.0,100.0,0.0,3.0,3.0,,,,5.125999450683594e-05,1.708666483561198e-05,321.3770155906677,1.5950112179809677e-07,1.5950112179809676e-05
974490,974891,worker,/pscratch/sd/s/satt/sprints/a_star_campaign/h5/h5_tr_110.py,0,0,0,3,0,3,3,1.0,100.0,0.0,3.0,3.0,,,,5.2928924560546875e-05,1.7642974853515625e-05,321.3261830806732,1.6472023553480036e-07,1.6472023553480036e-05
974490,974892,worker,/pscratch/sd/s/satt/sprints/a_star_campaign/h5/h5_tr_110.py,0,0,0,3,0,3,3,1.0,100.0,0.0,3.0,3.0,,,,5.316734313964844e-05,1.7722447713216145e-05,321.37654209136963,1.6543629100512441e-07,1.654362910051244e-05
974490,974893,worker,/pscratch/sd/s/satt/sprints/a_star_campaign/h5/h5_tr_110.py,0,0,0,3,0,3,3,1.0,100.0,0.0,3.0,3.0,,,,5.3882598876953125e-05,1.7960866292317707e-05,321.36738991737366,1.6766666615056e-07,1.6766666615055997e-05
974490,974894,worker,/pscratch/sd/s/satt/sprints/a_star_campaign/h5/h5_tr_110.py,0,0,0,3,0,3,3,1.0,100.0,0.0,3.0,3.0,,,,5.5789947509765625e-05,1.8596649169921875e-05,321.36058950424194,1.7360544301910797e-07,1.7360544301910797e-05
974490,974895,worker,/pscratch/sd/s/satt/sprints/a_star_campaign/h5/h5_tr_110.py,0,0,0,3,0,3,3,1.0,100.0,0.0,3.0,3.0,,,,5.435943603515625e-05,1.811981201171875e-05,321.30195927619934,1.6918488812708264e-07,1.6918488812708263e-05
974490,974896,worker,/pscratch/sd/s/satt/sprints/a_star_campaign/h5/h5_tr_110.py,0,0,0,3,0,3,3,1.0,100.0,0.0,3.0,3.0,,,,5.269050598144531e-05,1.7563501993815105e-05,321.3450622558594,1.6396861869155594e-07,1.6396861869155593e-05
974490,974897,worker,/pscratch/sd/s/satt/sprints/a_star_campaign/h5/h5_tr_110.py,0,0,0,3,0,3,3,1.0,100.0,0.0,3.0,3.0,,,,5.125999450683594e-05,1.708666483561198e-05,321.280597448349,1.595489889957541e-07,1.595489889957541e-05
974490,974898,worker,/pscratch/sd/s/satt/sprints/a_star_campaign/h5/h5_tr_110.py,0,0,0,3,0,3,3,1.0,100.0,0.0,3.0,3.0,,,,5.269050598144531e-05,1.7563501993815105e-05,321.30791902542114,1.639875734817372e-07,1.6398757348173718e-05
974490,974899,worker,/pscratch/sd/s/satt/sprints/a_star_campaign/h5/h5_tr_110.py,0,0,0,3,0,3,3,1.0,100.0,0.0,3.0,3.0,,,,5.626678466796875e-05,1.8755594889322918e-05,321.31207251548767,1.7511568808313798e-07,1.7511568808313797e-05
974490,974900,worker,/pscratch/sd/s/satt/sprints/a_star_campaign/h5/h5_tr_110.py,0,0,0,3,0,3,3,1.0,100.0,0.0,3.0,3.0,,,,5.221366882324219e-05,1.7404556274414062e-05,321.27616262435913,1.6251958563228728e-07,1.625195856322873e-05
974490,974901,worker,/pscratch/sd/s/satt/sprints/a_star_campaign/h5/h5_tr_110.py,0,0,0,3,0,3,3,1.0,100.0,0.0,3.0,3.0,,,,5.364418029785156e-05,1.7881393432617188e-05,321.2738242149353,1.6697339233576366e-07,1.6697339233576366e-05
974490,974902,worker,/pscratch/sd/s/satt/sprints/a_star_campaign/h5/h5_tr_110.py,0,0,0,3,0,3,3,1.0,100.0,0.0,3.0,3.0,,,,5.3882598876953125e-05,1.7960866292317707e-05,321.2962830066681,1.6770377289374014e-07,1.6770377289374016e-05
974490,974903,worker,/pscratch/sd/s/satt/sprints/a_star_campaign/h5/h5_tr_110.py,0,0,0,3,0,3,3,1.0,100.0,0.0,3.0,3.0,,,,5.221366882324219e-05,1.7404556274414062e-05,321.23748087882996,1.6253915539493682e-07,1.6253915539493683e-05
974490,974904,worker,/pscratch/sd/s/satt/sprints/a_star_campaign/h5/h5_tr_110.py,0,0,0,3,0,3,3,1.0,100.0,0.0,3.0,3.0,,,,5.221366882324219e-05,1.7404556274414062e-05,321.27538776397705,1.6251997760127406e-07,1.6251997760127406e-05
974490,974905,worker,/pscratch/sd/s/satt/sprints/a_star_campaign/h5/h5_tr_110.py,0,0,0,3,0,3,3,1.0,100.0,0.0,3.0,3.0,,,,5.3882598876953125e-05,1.7960866292317707e-05,321.2159254550934,1.6774572680546008e-07,1.677457268054601e-05
974490,974906,worker,/pscratch/sd/s/satt/sprints/a_star_campaign/h5/h5_tr_110.py,0,0,0,3,0,3,3,1.0,100.0,0.0,3.0,3.0,,,,5.2928924560546875e-05,1.7642974853515625e-05,321.22338604927063,1.6477294885506378e-07,1.6477294885506376e-05
974490,974907,worker,/pscratch/sd/s/satt/sprints/a_star_campaign/h5/h5_tr_110.py,0,0,0,3,0,3,3,1.0,100.0,0.0,3.0,3.0,,,,5.793571472167969e-05,1.9311904907226562e-05,321.21281027793884,1.8036551740121792e-07,1.8036551740121792e-05
974490,974908,worker,/pscratch/sd/s/satt/sprints/a_star_campaign/h5/h5_tr_110.py,0,0,0,3,0,3,3,1.0,100.0,0.0,3.0,3.0,,,,5.2928924560546875e-05,1.7642974853515625e-05,321.252153635025,1.647581937168256e-07,1.647581937168256e-05
974490,974909,worker,/pscratch/sd/s/satt/sprints/a_star_campaign/h5/h5_tr_110.py,0,0,0,3,0,3,3,1.0,100.0,0.0,3.0,3.0,,,,5.1975250244140625e-05,1.7325083414713543e-05,321.20848655700684,1.6181157229454539e-07,1.618115722945454e-05
974490,974910,worker,/pscratch/sd/s/satt/sprints/a_star_campaign/h5/h5_tr_110.py,0,0,0,3,0,3,3,1.0,100.0,0.0,3.0,3.0,,,,7.510185241699219e-05,2.5033950805664062e-05,321.19495487213135,2.3382014965611916e-07,2.3382014965611914e-05
974490,974911,worker,/pscratch/sd/s/satt/sprints/a_star_campaign/h5/h5_tr_110.py,0,0,0,3,0,3,3,1.0,100.0,0.0,3.0,3.0,,,,5.2928924560546875e-05,1.7642974853515625e-05,321.1754860877991,1.6479752301543276e-07,1.6479752301543278e-05
974490,974912,worker,/pscratch/sd/s/satt/sprints/a_star_campaign/h5/h5_tr_110.py,0,0,0,3,0,3,3,1.0,100.0,0.0,3.0,3.0,,,,5.364418029785156e-05,1.7881393432617188e-05,321.1792085170746,1.670225807751803e-07,1.670225807751803e-05
974490,974913,worker,/pscratch/sd/s/satt/sprints/a_star_campaign/h5/h5_tr_110.py,0,0,0,3,0,3,3,1.0,100.0,0.0,3.0,3.0,,,,5.340576171875e-05,1.7801920572916668e-05,321.1848952770233,1.6627731410808503e-07,1.66277314108085e-05
974490,974914,worker,/pscratch/sd/s/satt/sprints/a_star_campaign/h5/h5_tr_110.py,0,0,0,3,0,3,3,1.0,100.0,0.0,3.0,3.0,,,,5.054473876953125e-05,1.6848246256510418e-05,321.2075891494751,1.5735848241745646e-07,1.5735848241745643e-05
974490,974915,worker,/pscratch/sd/s/satt/sprints/a_star_campaign/h5/h5_tr_110.py,0,0,0,3,0,3,3,1.0,100.0,0.0,3.0,3.0,,,,5.602836608886719e-05,1.8676122029622395e-05,321.1707260608673,1.744504138843864e-07,1.744504138843864e-05
974490,974916,worker,/pscratch/sd/s/satt/sprints/a_star_campaign/h5/h5_tr_110.py,0,0,0,3,0,3,3,1.0,100.0,0.0,3.0,3.0,,,,5.269050598144531e-05,1.7563501993815105e-05,321.14846110343933,1.6406899724945007e-07,1.6406899724945007e-05
974490,974917,worker,/pscratch/sd/s/satt/sprints/a_star_campaign/h5/h5_tr_110.py,0,0,0,3,0,3,3,1.0,100.0,0.0,3.0,3.0,,,,5.626678466796875e-05,1.8755594889322918e-05,321.1237082481384,1.752184071830982e-07,1.752184071830982e-05
974490,974918,worker,/pscratch/sd/s/satt/sprints/a_star_campaign/h5/h5_tr_110.py,0,0,0,3,0,3,3,1.0,100.0,0.0,3.0,3.0,,,,5.507469177246094e-05,1.8358230590820312e-05,321.1798963546753,1.7147614902908675e-07,1.7147614902908675e-05
974490,974919,worker,/pscratch/sd/s/satt/sprints/a_star_campaign/h5/h5_tr_110.py,0,0,0,3,0,3,3,1.0,100.0,0.0,3.0,3.0,,,,5.340576171875e-05,1.7801920572916668e-05,321.1305572986603,1.6630544962147955e-07,1.6630544962147957e-05
974490,974920,worker,/pscratch/sd/s/satt/sprints/a_star_campaign/h5/h5_tr_110.py,0,0,0,3,0,3,3,1.0,100.0,0.0,3.0,3.0,,,,5.3882598876953125e-05,1.7960866292317707e-05,321.1586010456085,1.6777566816372177e-07,1.6777566816372178e-05
974490,974921,worker,/pscratch/sd/s/satt/sprints/a_star_campaign/h5/h5_tr_110.py,0,0,0,3,0,3,3,1.0,100.0,0.0,3.0,3.0,,,,6.198883056640625e-05,2.0662943522135418e-05,321.1599164009094,1.9301546488455468e-07,1.9301546488455468e-05
974490,974922,worker,/pscratch/sd/s/satt/sprints/a_star_campaign/h5/h5_tr_110.py,0,0,0,3,0,3,3,1.0,100.0,0.0,3.0,3.0,,,,5.888938903808594e-05,1.9629796346028645e-05,321.0882475376129,1.8340561976248452e-07,1.8340561976248452e-05
974490,974923,worker,/pscratch/sd/s/satt/sprints/a_star_campaign/h5/h5_tr_110.py,0,0,0,3,0,3,3,1.0,100.0,0.0,3.0,3.0,,,,5.936622619628906e-05,1.9788742065429688e-05,321.07956075668335,1.8489568771173592e-07,1.848956877117359e-05
974490,974924,worker,/pscratch/sd/s/satt/sprints/a_star_campaign/h5/h5_tr_110.py,0,0,0,3,0,3,3,1.0,100.0,0.0,3.0,3.0,,,,5.412101745605469e-05,1.804033915201823e-05,321.1254768371582,1.6853542107311312e-07,1.685354210731131e-05
974490,974925,worker,/pscratch/sd/s/satt/sprints/a_star_campaign/h5/h5_tr_110.py,0,0,0,3,0,3,3,1.0,100.0,0.0,3.0,3.0,,,,5.269050598144531e-05,1.7563501993815105e-05,321.1137943267822,1.6408670979679151e-07,1.6408670979679153e-05
974490,974926,worker,/pscratch/sd/s/satt/sprints/a_star_campaign/h5/h5_tr_110.py,0,0,0,3,0,3,3,1.0,100.0,0.0,3.0,3.0,,,,5.340576171875e-05,1.7801920572916668e-05,321.1117935180664,1.6631516747996763e-07,1.6631516747996763e-05
974490,974927,worker,/pscratch/sd/s/satt/sprints/a_star_campaign/h5/h5_tr_110.py,0,0,0,3,0,3,3,1.0,100.0,0.0,3.0,3.0,,,,5.650520324707031e-05,1.8835067749023438e-05,321.09998655319214,1.7597385740690427e-07,1.7597385740690428e-05
974490,974928,worker,/pscratch/sd/s/satt/sprints/a_star_campaign/h5/h5_tr_110.py,0,0,0,3,0,3,3,1.0,100.0,0.0,3.0,3.0,,,,5.602836608886719e-05,1.8676122029622395e-05,321.0598895549774,1.7451063777081703e-07,1.7451063777081702e-05
974490,974929,worker,/pscratch/sd/s/satt/sprints/a_star_campaign/h5/h5_tr_110.py,0,0,0,3,0,3,3,1.0,100.0,0.0,3.0,3.0,,,,5.364418029785156e-05,1.7881393432617188e-05,321.02443075180054,1.6710310854604853e-07,1.671031085460485e-05
974490,974930,worker,/pscratch/sd/s/satt/sprints/a_star_campaign/h5/h5_tr_110.py,0,0,0,3,0,3,3,1.0,100.0,0.0,3.0,3.0,,,,5.626678466796875e-05,1.8755594889322918e-05,321.07563066482544,1.7524464423370175e-07,1.7524464423370174e-05
974490,974931,worker,/pscratch/sd/s/satt/sprints/a_star_campaign/h5/h5_tr_110.py,0,0,0,3,0,3,3,1.0,100.0,0.0,3.0,3.0,,,,5.412101745605469e-05,1.804033915201823e-05,321.05110144615173,1.6857446435246735e-07,1.6857446435246736e-05
974490,974932,worker,/pscratch/sd/s/satt/sprints/a_star_campaign/h5/h5_tr_110.py,0,0,0,3,0,3,3,1.0,100.0,0.0,3.0,3.0,,,,5.1975250244140625e-05,1.7325083414713543e-05,320.9992997646332,1.6191702063602793e-07,1.6191702063602794e-05
974490,974933,worker,/pscratch/sd/s/satt/sprints/a_star_campaign/h5/h5_tr_110.py,0,0,0,3,0,3,3,1.0,100.0,0.0,3.0,3.0,,,,5.412101745605469e-05,1.804033915201823e-05,321.00281286239624,1.6859982307773315e-07,1.6859982307773313e-05
974490,974934,worker,/pscratch/sd/s/satt/sprints/a_star_campaign/h5/h5_tr_110.py,0,0,0,3,0,3,3,1.0,100.0,0.0,3.0,3.0,,,,5.125999450683594e-05,1.708666483561198e-05,320.98905420303345,1.5969390181888486e-07,1.5969390181888487e-05
974490,974935,worker,/pscratch/sd/s/satt/sprints/a_star_campaign/h5/h5_tr_110.py,0,0,0,3,0,3,3,1.0,100.0,0.0,3.0,3.0,,,,5.435943603515625e-05,1.811981201171875e-05,321.0388617515564,1.693235383983625e-07,1.693235383983625e-05
974490,974936,worker,/pscratch/sd/s/satt/sprints/a_star_campaign/h5/h5_tr_110.py,0,0,0,3,0,3,3,1.0,100.0,0.0,3.0,3.0,,,,5.412101745605469e-05,1.804033915201823e-05,321.02635884284973,1.6858745696501591e-07,1.685874569650159e-05
974490,974937,worker,/pscratch/sd/s/satt/sprints/a_star_campaign/h5/h5_tr_110.py,0,0,0,3,0,3,3,1.0,100.0,0.0,3.0,3.0,,,,5.841255187988281e-05,1.9470850626627605e-05,321.0278265476227,1.8195479347712445e-07,1.8195479347712444e-05
974490,974938,worker,/pscratch/sd/s/satt/sprints/a_star_campaign/h5/h5_tr_110.py,0,0,0,3,0,3,3,1.0,100.0,0.0,3.0,3.0,,,,5.030632019042969e-05,1.6768773396809895e-05,320.9737606048584,1.567303199352808e-07,1.567303199352808e-05
974490,974939,worker,/pscratch/sd/s/satt/sprints/a_star_campaign/h5/h5_tr_110.py,0,0,0,3,0,3,3,1.0,100.0,0.0,3.0,3.0,,,,5.269050598144531e-05,1.7563501993815105e-05,321.00051856040955,1.6414461327896394e-07,1.6414461327896395e-05
974490,974940,worker,/pscratch/sd/s/satt/sprints/a_star_campaign/h5/h5_tr_110.py,0,0,0,3,0,3,3,1.0,100.0,0.0,3.0,3.0,,,,5.2928924560546875e-05,1.7642974853515625e-05,320.94187664985657,1.6491747699939964e-07,1.6491747699939962e-05
974490,974941,worker,/pscratch/sd/s/satt/sprints/a_star_campaign/h5/h5_tr_110.py,0,0,0,3,0,3,3,1.0,100.0,0.0,3.0,3.0,,,,5.364418029785156e-05,1.7881393432617188e-05,320.927649974823,1.6715350111484624e-07,1.6715350111484626e-05
974490,974942,worker,/pscratch/sd/s/satt/sprints/a_star_campaign/h5/h5_tr_110.py,0,0,0,3,0,3,3,1.0,100.0,0.0,3.0,3.0,,,,5.602836608886719e-05,1.8676122029622395e-05,320.98612356185913,1.7455074215402844e-07,1.7455074215402844e-05
974490,974943,worker,/pscratch/sd/s/satt/sprints/a_star_campaign/h5/h5_tr_110.py,0,0,0,3,0,3,3,1.0,100.0,0.0,3.0,3.0,,,,5.745887756347656e-05,1.915295918782552e-05,320.9737241268158,1.790142720242568e-07,1.790142720242568e-05
974490,974944,worker,/pscratch/sd/s/satt/sprints/a_star_campaign/h5/h5_tr_110.py,0,0,0,3,0,3,3,1.0,100.0,0.0,3.0,3.0,,,,5.14984130859375e-05,1.71661376953125e-05,320.9704260826111,1.6044597539551163e-07,1.6044597539551162e-05
974490,974945,worker,/pscratch/sd/s/satt/sprints/a_star_campaign/h5/h5_tr_110.py,0,0,0,3,0,3,3,1.0,100.0,0.0,3.0,3.0,,,,5.3882598876953125e-05,1.7960866292317707e-05,320.9552230834961,1.6788198166488675e-07,1.6788198166488674e-05
974490,974946,worker,/pscratch/sd/s/satt/sprints/a_star_campaign/h5/h5_tr_110.py,0,0,0,3,0,3,3,1.0,100.0,0.0,3.0,3.0,,,,5.555152893066406e-05,1.8517176310221355e-05,320.9512481689453,1.7308400963570121e-07,1.730840096357012e-05
974490,974947,worker,/pscratch/sd/s/satt/sprints/a_star_campaign/h5/h5_tr_110.py,0,0,0,3,0,3,3,1.0,100.0,0.0,3.0,3.0,,,,5.555152893066406e-05,1.8517176310221355e-05,320.8989999294281,1.7311219088523466e-07,1.7311219088523467e-05
974490,974948,worker,/pscratch/sd/s/satt/sprints/a_star_campaign/h5/h5_tr_110.py,0,0,0,3,0,3,3,1.0,100.0,0.0,3.0,3.0,,,,5.364418029785156e-05,1.7881393432617188e-05,320.93368220329285,1.6715035931900438e-07,1.671503593190044e-05
974490,974949,worker,/pscratch/sd/s/satt/sprints/a_star_campaign/h5/h5_tr_110.py,0,0,0,3,0,3,3,1.0,100.0,0.0,3.0,3.0,,,,5.340576171875e-05,1.7801920572916668e-05,320.8613860607147,1.6644496358513e-07,1.6644496358513e-05
974490,974950,worker,/pscratch/sd/s/satt/sprints/a_star_campaign/h5/h5_tr_110.py,0,0,0,3,0,3,3,1.0,100.0,0.0,3.0,3.0,,,,5.245208740234375e-05,1.7484029134114582e-05,320.8572392463684,1.6347484484234657e-07,1.6347484484234657e-05
974490,974951,worker,/pscratch/sd/s/satt/sprints/a_star_campaign/h5/h5_tr_110.py,0,0,0,3,0,3,3,1.0,100.0,0.0,3.0,3.0,,,,5.078315734863281e-05,1.6927719116210938e-05,320.900324344635,1.582521222200249e-07,1.582521222200249e-05
974490,974952,worker,/pscratch/sd/s/satt/sprints/a_star_campaign/h5/h5_tr_110.py,0,0,0,3,0,3,3,1.0,100.0,0.0,3.0,3.0,,,,5.269050598144531e-05,1.7563501993815105e-05,320.8459053039551,1.6422371334777883e-07,1.6422371334777885e-05
974490,974953,worker,/pscratch/sd/s/satt/sprints/a_star_campaign/h5/h5_tr_110.py,0,0,0,3,0,3,3,1.0,100.0,0.0,3.0,3.0,,,,5.5789947509765625e-05,1.8596649169921875e-05,320.89546298980713,1.7385707790931817e-07,1.738570779093182e-05
974490,974954,worker,/pscratch/sd/s/satt/sprints/a_star_campaign/h5/h5_tr_110.py,0,0,0,3,0,3,3,1.0,100.0,0.0,3.0,3.0,,,,5.054473876953125e-05,1.6848246256510418e-05,320.839403629303,1.575390622154706e-07,1.5753906221547063e-05
974490,974955,worker,/pscratch/sd/s/satt/sprints/a_star_campaign/h5/h5_tr_110.py,0,0,0,3,0,3,3,1.0,100.0,0.0,3.0,3.0,,,,5.435943603515625e-05,1.811981201171875e-05,320.8614387512207,1.6941716725674766e-07,1.6941716725674764e-05
974490,974956,worker,/pscratch/sd/s/satt/sprints/a_star_campaign/h5/h5_tr_110.py,0,0,0,3,0,3,3,1.0,100.0,0.0,3.0,3.0,,,,5.245208740234375e-05,1.7484029134114582e-05,320.86099338531494,1.6347293215338016e-07,1.6347293215338018e-05
974490,974957,worker,/pscratch/sd/s/satt/sprints/a_star_campaign/h5/h5_tr_110.py,0,0,0,3,0,3,3,1.0,100.0,0.0,3.0,3.0,,,,6.008148193359375e-05,2.002716064453125e-05,320.8437542915344,1.8726087427278002e-07,1.8726087427278003e-05
974490,974958,worker,/pscratch/sd/s/satt/sprints/a_star_campaign/h5/h5_tr_110.py,0,0,0,3,0,3,3,1.0,100.0,0.0,3.0,3.0,,,,5.3882598876953125e-05,1.7960866292317707e-05,320.8536012172699,1.6793515382882012e-07,1.679351538288201e-05
974490,974959,worker,/pscratch/sd/s/satt/sprints/a_star_campaign/h5/h5_tr_110.py,0,0,0,3,0,3,3,1.0,100.0,0.0,3.0,3.0,,,,5.841255187988281e-05,1.9470850626627605e-05,320.77445101737976,1.8209851718121398e-07,1.82098517181214e-05
974490,974960,worker,/pscratch/sd/s/satt/sprints/a_star_campaign/h5/h5_tr_110.py,0,0,0,3,0,3,3,1.0,100.0,0.0,3.0,3.0,,,,5.340576171875e-05,1.7801920572916668e-05,320.8295421600342,1.664614840615596e-07,1.6646148406155962e-05
974490,974961,worker,/pscratch/sd/s/satt/sprints/a_star_campaign/h5/h5_tr_110.py,0,0,0,3,0,3,3,1.0,100.0,0.0,3.0,3.0,,,,5.364418029785156e-05,1.7881393432617188e-05,320.774222612381,1.6723345118249862e-07,1.672334511824986e-05
974490,974962,worker,/pscratch/sd/s/satt/sprints/a_star_campaign/h5/h5_tr_110.py,0,0,0,3,0,3,3,1.0,100.0,0.0,3.0,3.0,,,,5.2928924560546875e-05,1.7642974853515625e-05,320.81906366348267,1.6498060918245717e-07,1.6498060918245715e-05
974490,974963,worker,/pscratch/sd/s/satt/sprints/a_star_campaign/h5/h5_tr_110.py,0,0,0,3,0,3,3,1.0,100.0,0.0,3.0,3.0,,,,5.435943603515625e-05,1.811981201171875e-05,320.80287742614746,1.6944809370567576e-07,1.6944809370567575e-05
974490,974964,worker,/pscratch/sd/s/satt/sprints/a_star_campaign/h5/h5_tr_110.py,0,0,0,3,0,3,3,1.0,100.0,0.0,3.0,3.0,,,,5.245208740234375e-05,1.7484029134114582e-05,320.73239159584045,1.635384787341323e-07,1.635384787341323e-05
974490,974965,worker,/pscratch/sd/s/satt/sprints/a_star_campaign/h5/h5_tr_110.py,0,0,0,3,0,3,3,1.0,100.0,0.0,3.0,3.0,,,,5.3882598876953125e-05,1.7960866292317707e-05,320.7352373600006,1.679971284741441e-07,1.679971284741441e-05
974490,974966,worker,/pscratch/sd/s/satt/sprints/a_star_campaign/h5/h5_tr_110.py,0,0,0,3,0,3,3,1.0,100.0,0.0,3.0,3.0,,,,5.173683166503906e-05,1.724561055501302e-05,320.73082160949707,1.6130919817874807e-07,1.6130919817874807e-05
974490,974967,worker,/pscratch/sd/s/satt/sprints/a_star_campaign/h5/h5_tr_110.py,0,0,0,3,0,3,3,1.0,100.0,0.0,3.0,3.0,,,,5.2928924560546875e-05,1.7642974853515625e-05,320.76872658729553,1.650064989927955e-07,1.650064989927955e-05
974490,974968,worker,/pscratch/sd/s/satt/sprints/a_star_campaign/h5/h5_tr_110.py,0,0,0,3,0,3,3,1.0,100.0,0.0,3.0,3.0,,,,5.1975250244140625e-05,1.7325083414713543e-05,320.72653126716614,1.620547263077687e-07,1.620547263077687e-05
974490,974969,worker,/pscratch/sd/s/satt/sprints/a_star_campaign/h5/h5_tr_110.py,0,0,0,3,0,3,3,1.0,100.0,0.0,3.0,3.0,,,,5.364418029785156e-05,1.7881393432617188e-05,320.72232031822205,1.6726051446817164e-07,1.6726051446817166e-05
974490,974970,worker,/pscratch/sd/s/satt/sprints/a_star_campaign/h5/h5_tr_110.py,0,0,0,3,0,3,3,1.0,100.0,0.0,3.0,3.0,,,,5.269050598144531e-05,1.7563501993815105e-05,320.68823170661926,1.6430445763799988e-07,1.6430445763799987e-05
974490,974971,worker,/pscratch/sd/s/satt/sprints/a_star_campaign/h5/h5_tr_110.py,0,0,0,3,0,3,3,1.0,100.0,0.0,3.0,3.0,,,,5.507469177246094e-05,1.8358230590820312e-05,320.6742899417877,1.717465150775221e-07,1.717465150775221e-05
974490,974972,worker,/pscratch/sd/s/satt/sprints/a_star_campaign/h5/h5_tr_110.py,0,0,0,3,0,3,3,1.0,100.0,0.0,3.0,3.0,,,,5.340576171875e-05,1.7801920572916668e-05,320.73299646377563,1.6651159159666248e-07,1.6651159159666248e-05
974490,974973,worker,/pscratch/sd/s/satt/sprints/a_star_campaign/h5/h5_tr_110.py,0,0,0,3,0,3,3,1.0,100.0,0.0,3.0,3.0,,,,5.412101745605469e-05,1.804033915201823e-05,320.6700758934021,1.687747673532398e-07,1.687747673532398e-05
974490,974974,worker,/pscratch/sd/s/satt/sprints/a_star_campaign/h5/h5_tr_110.py,0,0,0,3,0,3,3,1.0,100.0,0.0,3.0,3.0,,,,5.459785461425781e-05,1.819928487141927e-05,320.69911909103394,1.70246350439022e-07,1.70246350439022e-05
974490,974975,worker,/pscratch/sd/s/satt/sprints/a_star_campaign/h5/h5_tr_110.py,0,0,0,3,0,3,3,1.0,100.0,0.0,3.0,3.0,,,,5.4836273193359375e-05,1.8278757731119793e-05,320.7079493999481,1.7098507628501036e-07,1.7098507628501037e-05
974490,974976,worker,/pscratch/sd/s/satt/sprints/a_star_campaign/h5/h5_tr_110.py,0,0,0,3,0,3,3,1.0,100.0,0.0,3.0,3.0,,,,5.698204040527344e-05,1.899401346842448e-05,320.692018032074,1.7768462325611854e-07,1.7768462325611852e-05
974490,974977,worker,/pscratch/sd/s/satt/sprints/a_star_campaign/h5/h5_tr_110.py,0,0,0,3,0,3,3,1.0,100.0,0.0,3.0,3.0,,,,5.4836273193359375e-05,1.8278757731119793e-05,320.6364495754242,1.7102320483516983e-07,1.7102320483516983e-05
974490,974978,worker,/pscratch/sd/s/satt/sprints/a_star_campaign/h5/h5_tr_110.py,0,0,0,3,0,3,3,1.0,100.0,0.0,3.0,3.0,,,,5.817413330078125e-05,1.9391377766927082e-05,320.69031286239624,1.8140283933597633e-07,1.8140283933597634e-05
974490,974979,worker,/pscratch/sd/s/satt/sprints/a_star_campaign/h5/h5_tr_110.py,0,0,0,3,0,3,3,1.0,100.0,0.0,3.0,3.0,,,,5.6743621826171875e-05,1.8914540608723957e-05,320.65239238739014,1.7696303902082894e-07,1.7696303902082896e-05
974490,974980,worker,/pscratch/sd/s/satt/sprints/a_star_campaign/h5/h5_tr_110.py,0,0,0,3,0,3,3,1.0,100.0,0.0,3.0,3.0,,,,5.173683166503906e-05,1.724561055501302e-05,320.6072905063629,1.6137135117335164e-07,1.6137135117335165e-05
974490,974981,worker,/pscratch/sd/s/satt/sprints/a_star_campaign/h5/h5_tr_110.py,0,0,0,3,0,3,3,1.0,100.0,0.0,3.0,3.0,,,,5.316734313964844e-05,1.7722447713216145e-05,320.66471767425537,1.6580353312726487e-07,1.6580353312726488e-05
974490,974982,worker,/pscratch/sd/s/satt/sprints/a_star_campaign/h5/h5_tr_110.py,0,0,0,3,0,3,3,1.0,100.0,0.0,3.0,3.0,,,,7.82012939453125e-05,2.6067097981770832e-05,320.58533573150635,2.439328479166836e-07,2.4393284791668362e-05
974490,974983,worker,/pscratch/sd/s/satt/sprints/a_star_campaign/h5/h5_tr_110.py,0,0,0,3,0,3,3,1.0,100.0,0.0,3.0,3.0,,,,5.173683166503906e-05,1.724561055501302e-05,320.5989851951599,1.613755315960998e-07,1.613755315960998e-05
974490,974984,worker,/pscratch/sd/s/satt/sprints/a_star_campaign/h5/h5_tr_110.py,0,0,0,3,0,3,3,1.0,100.0,0.0,3.0,3.0,,,,5.1021575927734375e-05,1.7007191975911457e-05,320.5748448371887,1.5915651757905975e-07,1.5915651757905976e-05
974490,974985,worker,/pscratch/sd/s/satt/sprints/a_star_campaign/h5/h5_tr_110.py,0,0,0,3,0,3,3,1.0,100.0,0.0,3.0,3.0,,,,5.817413330078125e-05,1.9391377766927082e-05,320.62893176078796,1.8143756703834606e-07,1.8143756703834604e-05
974490,974986,worker,/pscratch/sd/s/satt/sprints/a_star_campaign/h5/h5_tr_110.py,0,0,0,3,0,3,3,1.0,100.0,0.0,3.0,3.0,,,,5.221366882324219e-05,1.7404556274414062e-05,320.5870895385742,1.6286890684959928e-07,1.628689068495993e-05
974490,974987,worker,/pscratch/sd/s/satt/sprints/a_star_campaign/h5/h5_tr_110.py,0,0,0,3,0,3,3,1.0,100.0,0.0,3.0,3.0,,,,5.7697296142578125e-05,1.9232432047526043e-05,320.6114320755005,1.7996019595767578e-07,1.7996019595767576e-05
974490,974988,worker,/pscratch/sd/s/satt/sprints/a_star_campaign/h5/h5_tr_110.py,0,0,0,3,0,3,3,1.0,100.0,0.0,3.0,3.0,,,,5.459785461425781e-05,1.819928487141927e-05,320.56755542755127,1.7031622099572397e-07,1.7031622099572397e-05
974490,974989,worker,/pscratch/sd/s/satt/sprints/a_star_campaign/h5/h5_tr_110.py,0,0,0,3,0,3,3,1.0,100.0,0.0,3.0,3.0,,,,5.173683166503906e-05,1.724561055501302e-05,320.5708782672882,1.6138968063687152e-07,1.6138968063687152e-05
974490,974990,worker,/pscratch/sd/s/satt/sprints/a_star_campaign/h5/h5_tr_110.py,0,0,0,3,0,3,3,1.0,100.0,0.0,3.0,3.0,,,,5.4836273193359375e-05,1.8278757731119793e-05,320.5820813179016,1.7105220905650557e-07,1.7105220905650556e-05
974490,974991,worker,/pscratch/sd/s/satt/sprints/a_star_campaign/h5/h5_tr_110.py,0,0,0,3,0,3,3,1.0,100.0,0.0,3.0,3.0,,,,5.2928924560546875e-05,1.7642974853515625e-05,320.5783181190491,1.6510450510533696e-07,1.6510450510533697e-05
974490,974992,worker,/pscratch/sd/s/satt/sprints/a_star_campaign/h5/h5_tr_110.py,0,0,0,3,0,3,3,1.0,100.0,0.0,3.0,3.0,,,,5.5789947509765625e-05,1.8596649169921875e-05,320.5460731983185,1.740465791800512e-07,1.7404657918005118e-05
974490,974993,worker,/pscratch/sd/s/satt/sprints/a_star_campaign/h5/h5_tr_110.py,0,0,0,3,0,3,3,1.0,100.0,0.0,3.0,3.0,,,,4.839897155761719e-05,1.613299051920573e-05,320.4951558113098,1.5101311417671436e-07,1.5101311417671435e-05
974490,974994,worker,/pscratch/sd/s/satt/sprints/a_star_campaign/h5/h5_tr_110.py,0,0,0,3,0,3,3,1.0,100.0,0.0,3.0,3.0,,,,5.459785461425781e-05,1.819928487141927e-05,320.55520129203796,1.7032278494996902e-07,1.7032278494996902e-05
974490,974995,worker,/pscratch/sd/s/satt/sprints/a_star_campaign/h5/h5_tr_110.py,0,0,0,3,0,3,3,1.0,100.0,0.0,3.0,3.0,,,,5.5789947509765625e-05,1.8596649169921875e-05,320.54542779922485,1.7404692961245395e-07,1.7404692961245394e-05
974490,974996,worker,/pscratch/sd/s/satt/sprints/a_star_campaign/h5/h5_tr_110.py,0,0,0,3,0,3,3,1.0,100.0,0.0,3.0,3.0,,,,5.2928924560546875e-05,1.7642974853515625e-05,320.4695563316345,1.65160538699576e-07,1.65160538699576e-05
974490,974997,worker,/pscratch/sd/s/satt/sprints/a_star_campaign/h5/h5_tr_110.py,0,0,0,3,0,3,3,1.0,100.0,0.0,3.0,3.0,,,,5.459785461425781e-05,1.819928487141927e-05,320.51923084259033,1.7034189951950583e-07,1.7034189951950582e-05
974490,974998,worker,/pscratch/sd/s/satt/sprints/a_star_campaign/h5/h5_tr_110.py,0,0,0,3,0,3,3,1.0,100.0,0.0,3.0,3.0,,,,5.0067901611328125e-05,1.6689300537109375e-05,320.48047637939453,1.5622761853379244e-07,1.5622761853379242e-05
974490,974999,worker,/pscratch/sd/s/satt/sprints/a_star_campaign/h5/h5_tr_110.py,0,0,0,3,0,3,3,1.0,100.0,0.0,3.0,3.0,,,,5.245208740234375e-05,1.7484029134114582e-05,320.4620041847229,1.6367646309828655e-07,1.6367646309828655e-05
974490,975000,worker,/pscratch/sd/s/satt/sprints/a_star_campaign/h5/h5_tr_110.py,0,0,0,3,0,3,3,1.0,100.0,0.0,3.0,3.0,,,,6.175041198730469e-05,2.0583470662434895e-05,320.4854645729065,1.9267773054729986e-07,1.9267773054729985e-05
974490,975001,worker,/pscratch/sd/s/satt/sprints/a_star_campaign/h5/h5_tr_110.py,0,0,0,3,0,3,3,1.0,100.0,0.0,3.0,3.0,,,,5.054473876953125e-05,1.6848246256510418e-05,320.44021582603455,1.5773531620941033e-07,1.577353162094103e-05
974490,975002,worker,/pscratch/sd/s/satt/sprints/a_star_campaign/h5/h5_tr_110.py,0,0,0,3,0,3,3,1.0,100.0,0.0,3.0,3.0,,,,5.626678466796875e-05,1.8755594889322918e-05,320.4786751270294,1.7557107238310337e-07,1.7557107238310335e-05
974490,975003,worker,/pscratch/sd/s/satt/sprints/a_star_campaign/h5/h5_tr_110.py,0,0,0,3,0,3,3,1.0,100.0,0.0,3.0,3.0,,,,5.14984130859375e-05,1.71661376953125e-05,320.4518427848816,1.6070562315507807e-07,1.6070562315507807e-05
974490,975004,worker,/pscratch/sd/s/satt/sprints/a_star_campaign/h5/h5_tr_110.py,0,0,0,3,0,3,3,1.0,100.0,0.0,3.0,3.0,,,,5.1021575927734375e-05,1.7007191975911457e-05,320.44682574272156,1.5922010089966774e-07,1.5922010089966776e-05
974490,975005,worker,/pscratch/sd/s/satt/sprints/a_star_campaign/h5/h5_tr_110.py,0,0,0,3,0,3,3,1.0,100.0,0.0,3.0,3.0,,,,5.2928924560546875e-05,1.7642974853515625e-05,320.46449422836304,1.651631475992149e-07,1.651631475992149e-05
974490,975006,worker,/pscratch/sd/s/satt/sprints/a_star_campaign/h5/h5_tr_110.py,0,0,0,3,0,3,3,1.0,100.0,0.0,3.0,3.0,,,,5.793571472167969e-05,1.9311904907226562e-05,320.38801622390747,1.8082984315240597e-07,1.8082984315240597e-05
974490,975007,worker,/pscratch/sd/s/satt/sprints/a_star_campaign/h5/h5_tr_110.py,0,0,0,3,0,3,3,1.0,100.0,0.0,3.0,3.0,,,,5.316734313964844e-05,1.7722447713216145e-05,320.4449634552002,1.6591723760102568e-07,1.6591723760102568e-05
974490,975008,worker,/pscratch/sd/s/satt/sprints/a_star_campaign/h5/h5_tr_110.py,0,0,0,3,0,3,3,1.0,100.0,0.0,3.0,3.0,,,,5.817413330078125e-05,1.9391377766927082e-05,320.3879141807556,1.8157405671663606e-07,1.8157405671663605e-05
974490,975009,worker,/pscratch/sd/s/satt/sprints/a_star_campaign/h5/h5_tr_110.py,0,0,0,3,0,3,3,1.0,100.0,0.0,3.0,3.0,,,,5.316734313964844e-05,1.7722447713216145e-05,320.39483284950256,1.6594319785619784e-07,1.6594319785619782e-05
974490,975010,worker,/pscratch/sd/s/satt/sprints/a_star_campaign/h5/h5_tr_110.py,0,0,0,3,0,3,3,1.0,100.0,0.0,3.0,3.0,,,,5.269050598144531e-05,1.7563501993815105e-05,320.42380142211914,1.644400501697813e-07,1.644400501697813e-05
974490,975011,worker,/pscratch/sd/s/satt/sprints/a_star_campaign/h5/h5_tr_110.py,0,0,0,3,0,3,3,1.0,100.0,0.0,3.0,3.0,,,,5.1975250244140625e-05,1.7325083414713543e-05,320.41337966918945,1.6221310825971885e-07,1.6221310825971884e-05
974490,975012,worker,/pscratch/sd/s/satt/sprints/a_star_campaign/h5/h5_tr_110.py,0,0,0,3,0,3,3,1.0,100.0,0.0,3.0,3.0,,,,5.459785461425781e-05,1.819928487141927e-05,320.36389803886414,1.7042449211188713e-07,1.7042449211188714e-05
974490,975013,worker,/pscratch/sd/s/satt/sprints/a_star_campaign/h5/h5_tr_110.py,0,0,0,3,0,3,3,1.0,100.0,0.0,3.0,3.0,,,,5.125999450683594e-05,1.708666483561198e-05,320.3516619205475,1.6001163908289404e-07,1.6001163908289405e-05
974490,975014,worker,/pscratch/sd/s/satt/sprints/a_star_campaign/h5/h5_tr_110.py,0,0,0,3,0,3,3,1.0,100.0,0.0,3.0,3.0,,,,5.2928924560546875e-05,1.7642974853515625e-05,320.32230043411255,1.6523646492553173e-07,1.6523646492553174e-05
974490,975015,worker,/pscratch/sd/s/satt/sprints/a_star_campaign/h5/h5_tr_110.py,0,0,0,3,0,3,3,1.0,100.0,0.0,3.0,3.0,,,,5.936622619628906e-05,1.9788742065429688e-05,320.3761532306671,1.8530163870700473e-07,1.8530163870700474e-05
974490,975016,worker,/pscratch/sd/s/satt/sprints/a_star_campaign/h5/h5_tr_110.py,0,0,0,3,0,3,3,1.0,100.0,0.0,3.0,3.0,,,,5.3882598876953125e-05,1.7960866292317707e-05,320.3170771598816,1.6821644151697355e-07,1.6821644151697355e-05
974490,975017,worker,/pscratch/sd/s/satt/sprints/a_star_campaign/h5/h5_tr_110.py,0,0,0,3,0,3,3,1.0,100.0,0.0,3.0,3.0,,,,5.936622619628906e-05,1.9788742065429688e-05,320.36466908454895,1.8530828123441242e-07,1.853082812344124e-05
974490,975018,worker,/pscratch/sd/s/satt/sprints/a_star_campaign/h5/h5_tr_110.py,0,0,0,3,0,3,3,1.0,100.0,0.0,3.0,3.0,,,,5.602836608886719e-05,1.8676122029622395e-05,320.3578495979309,1.7489306461254588e-07,1.748930646125459e-05
974490,975019,worker,/pscratch/sd/s/satt/sprints/a_star_campaign/h5/h5_tr_110.py,0,0,0,3,0,3,3,1.0,100.0,0.0,3.0,3.0,,,,5.269050598144531e-05,1.7563501993815105e-05,320.34384393692017,1.6448109423267317e-07,1.6448109423267318e-05
974490,975020,worker,/pscratch/sd/s/satt/sprints/a_star_campaign/h5/h5_tr_110.py,0,0,0,3,0,3,3,1.0,100.0,0.0,3.0,3.0,,,,5.602836608886719e-05,1.8676122029622395e-05,320.2829267978668,1.7493397680928258e-07,1.7493397680928258e-05
974490,975021,worker,/pscratch/sd/s/satt/sprints/a_star_campaign/h5/h5_tr_110.py,0,0,0,3,0,3,3,1.0,100.0,0.0,3.0,3.0,,,,5.364418029785156e-05,1.7881393432617188e-05,320.3111388683319,1.6747522576760188e-07,1.674752257676019e-05
974490,975022,worker,/pscratch/sd/s/satt/sprints/a_star_campaign/h5/h5_tr_110.py,0,0,0,3,0,3,3,1.0,100.0,0.0,3.0,3.0,,,,5.340576171875e-05,1.7801920572916668e-05,320.2618718147278,1.6675654025292575e-07,1.6675654025292574e-05
974490,975023,worker,/pscratch/sd/s/satt/sprints/a_star_campaign/h5/h5_tr_110.py,0,0,0,3,0,3,3,1.0,100.0,0.0,3.0,3.0,,,,5.125999450683594e-05,1.708666483561198e-05,320.29937195777893,1.6003776152765264e-07,1.6003776152765264e-05
974490,975024,worker,/pscratch/sd/s/satt/sprints/a_star_campaign/h5/h5_tr_110.py,0,0,0,3,0,3,3,1.0,100.0,0.0,3.0,3.0,,,,5.14984130859375e-05,1.71661376953125e-05,320.28467655181885,1.6078950026697757e-07,1.6078950026697756e-05
974490,975025,worker,/pscratch/sd/s/satt/sprints/a_star_campaign/h5/h5_tr_110.py,0,0,0,3,0,3,3,1.0,100.0,0.0,3.0,3.0,,,,5.316734313964844e-05,1.7722447713216145e-05,320.22839999198914,1.6602944380004546e-07,1.6602944380004547e-05
974490,975026,worker,/pscratch/sd/s/satt/sprints/a_star_campaign/h5/h5_tr_110.py,0,0,0,3,0,3,3,1.0,100.0,0.0,3.0,3.0,,,,5.53131103515625e-05,1.8437703450520832e-05,320.2726731300354,1.727063061952356e-07,1.727063061952356e-05
974490,975027,worker,/pscratch/sd/s/satt/sprints/a_star_campaign/h5/h5_tr_110.py,0,0,0,3,0,3,3,1.0,100.0,0.0,3.0,3.0,,,,5.340576171875e-05,1.7801920572916668e-05,320.2445409297943,1.6676556472654405e-07,1.6676556472654405e-05
974490,975028,worker,/pscratch/sd/s/satt/sprints/a_star_campaign/h5/h5_tr_110.py,0,0,0,3,0,3,3,1.0,100.0,0.0,3.0,3.0,,,,7.343292236328125e-05,2.4477640787760418e-05,320.2757091522217,2.292803364877722e-07,2.292803364877722e-05
974490,975029,worker,/pscratch/sd/s/satt/sprints/a_star_campaign/h5/h5_tr_110.py,0,0,0,3,0,3,3,1.0,100.0,0.0,3.0,3.0,,,,6.341934204101562e-05,2.1139780680338543e-05,320.2519419193268,1.980295315648431e-07,1.980295315648431e-05
