run_id,pid,role,file,reads,writes,opens,stats,seeks,metadata_ops,tracked_ops,metadata_ops_fraction,metadata_ops_pct,opens_per_file,stats_per_file,metadata_ops_per_file,opens_per_1000_reads,stats_per_1000_reads,metadata_ops_per_1000_reads,meta_time,meta_time_per_metadata_op,run_time,meta_time_per_runtime,metadata_time_pct_runtime
1182557,1182557,parent,/pscratch/sd/s/satt/sprints/a_star_campaign/h5/h5_tr_209.py,10,0,5,19,13,24,47,0.5106382978723404,51.06382978723404,5.0,19.0,24.0,500.0,1900.0,2400.0,0.0020751953125,8.646647135416667e-05,342.4354519844055,6.060106511969749e-06,0.0006060106511969748
1182557,1182557,parent,/pscratch/sd/s/satt/sprints/data/converted_10M/mc_normalized_rntuple_10M_29.h5,17,0,2,4,0,6,23,0.2608695652173913,26.08695652173913,2.0,4.0,6.0,117.6470588235294,235.2941176470588,352.94117647058823,0.0005791187286376953,9.651978810628255e-05,342.4354519844055,1.691176323250749e-06,0.00016911763232507488
1182557,1182580,worker,/pscratch/sd/s/satt/sprints/a_star_campaign/h5/h5_tr_209.py,0,0,0,3,0,3,3,1.0,100.0,0.0,3.0,3.0,,,,5.6743621826171875e-05,1.8914540608723957e-05,334.82116866111755,1.694744154113021e-07,1.694744154113021e-05
1182557,1182580,worker,/pscratch/sd/s/satt/sprints/data/converted_10M/mc_normalized_rntuple_10M_29.h5,19,0,1,2,0,3,22,0.13636363636363635,13.636363636363637,1.0,2.0,3.0,52.63157894736842,105.26315789473684,157.89473684210526,0.00010228157043457031,3.409385681152344e-05,334.82116866111755,3.0548119416575037e-07,3.054811941657504e-05
1182557,1182581,worker,/pscratch/sd/s/satt/sprints/a_star_campaign/h5/h5_tr_209.py,0,0,0,3,0,3,3,1.0,100.0,0.0,3.0,3.0,,,,5.745887756347656e-05,1.915295918782552e-05,334.83309149742126,1.7160453677535958e-07,1.7160453677535957e-05
1182557,1182581,worker,/pscratch/sd/s/satt/sprints/data/converted_10M/mc_normalized_rntuple_10M_29.h5,21,0,1,2,0,3,24,0.125,12.5,1.0,2.0,3.0,47.61904761904762,95.23809523809524,142.85714285714286,0.0001163482666015625,3.8782755533854164e-05,334.83309149742126,3.4748138566960774e-07,3.4748138566960776e-05
1182557,1182582,worker,/pscratch/sd/s/satt/sprints/a_star_campaign/h5/h5_tr_209.py,0,0,0,3,0,3,3,1.0,100.0,0.0,3.0,3.0,,,,5.698204040527344e-05,1.899401346842448e-05,334.80540680885315,1.7019450476737844e-07,1.7019450476737846e-05
1182557,1182582,worker,/pscratch/sd/s/satt/sprints/data/converted_10M/mc_normalized_rntuple_10M_29.h5,21,0,1,2,0,3,24,0.125,12.5,1.0,2.0,3.0,47.61904761904762,95.23809523809524,142.85714285714286,7.510185241699219e-05,2.5033950805664062e-05,334.80540680885315,2.2431493306160757e-07,2.2431493306160758e-05
1182557,1182583,worker,/pscratch/sd/s/satt/sprints/a_star_campaign/h5/h5_tr_209.py,0,0,0,3,0,3,3,1.0,100.0,0.0,3.0,3.0,,,,6.151199340820312e-05,2.0503997802734375e-05,334.8036439418793,1.8372557922004393e-07,1.8372557922004396e-05
1182557,1182583,worker,/pscratch/sd/s/satt/sprints/data/converted_10M/mc_normalized_rntuple_10M_29.h5,19,0,1,2,0,3,22,0.13636363636363635,13.636363636363637,1.0,2.0,3.0,52.63157894736842,105.26315789473684,157.89473684210526,0.00010728836059570312,3.5762786865234375e-05,334.8036439418793,3.2045159166286733e-07,3.2045159166286734e-05
1182557,1182584,worker,/pscratch/sd/s/satt/sprints/a_star_campaign/h5/h5_tr_209.py,0,0,0,3,0,3,3,1.0,100.0,0.0,3.0,3.0,,,,5.4836273193359375e-05,1.8278757731119793e-05,334.7948536872864,1.6379066938878024e-07,1.6379066938878025e-05
1182557,1182584,worker,/pscratch/sd/s/satt/sprints/data/converted_10M/mc_normalized_rntuple_10M_29.h5,21,0,1,2,0,3,24,0.125,12.5,1.0,2.0,3.0,47.61904761904762,95.23809523809524,142.85714285714286,9.799003601074219e-05,3.266334533691406e-05,334.7948536872864,2.926868048642986e-07,2.926868048642986e-05
1182557,1182585,worker,/pscratch/sd/s/satt/sprints/a_star_campaign/h5/h5_tr_209.py,0,0,0,3,0,3,3,1.0,100.0,0.0,3.0,3.0,,,,5.650520324707031e-05,1.8835067749023438e-05,334.79608702659607,1.687749810605808e-07,1.687749810605808e-05
1182557,1182585,worker,/pscratch/sd/s/satt/sprints/data/converted_10M/mc_normalized_rntuple_10M_29.h5,21,0,1,2,0,3,24,0.125,12.5,1.0,2.0,3.0,47.61904761904762,95.23809523809524,142.85714285714286,9.250640869140625e-05,3.0835469563802086e-05,334.79608702659607,2.7630672004854576e-07,2.763067200485458e-05
1182557,1182586,worker,/pscratch/sd/s/satt/sprints/a_star_campaign/h5/h5_tr_209.py,0,0,0,3,0,3,3,1.0,100.0,0.0,3.0,3.0,,,,5.412101745605469e-05,1.804033915201823e-05,334.7851445674896,1.6165895749637836e-07,1.6165895749637836e-05
1182557,1182586,worker,/pscratch/sd/s/satt/sprints/data/converted_10M/mc_normalized_rntuple_10M_29.h5,19,0,1,2,0,3,22,0.13636363636363635,13.636363636363637,1.0,2.0,3.0,52.63157894736842,105.26315789473684,157.89473684210526,9.1552734375e-05,3.0517578125e-05,334.7851445674896,2.734671351480585e-07,2.7346713514805855e-05
1182557,1182587,worker,/pscratch/sd/s/satt/sprints/a_star_campaign/h5/h5_tr_209.py,0,0,0,3,0,3,3,1.0,100.0,0.0,3.0,3.0,,,,5.4836273193359375e-05,1.8278757731119793e-05,334.7832794189453,1.6379633202869034e-07,1.637963320286903e-05
1182557,1182587,worker,/pscratch/sd/s/satt/sprints/data/converted_10M/mc_normalized_rntuple_10M_29.h5,21,0,1,2,0,3,24,0.125,12.5,1.0,2.0,3.0,47.61904761904762,95.23809523809524,142.85714285714286,0.00010013580322265625,3.337860107421875e-05,334.7832794189453,2.9910634544369535e-07,2.9910634544369536e-05
1182557,1182588,worker,/pscratch/sd/s/satt/sprints/a_star_campaign/h5/h5_tr_209.py,0,0,0,3,0,3,3,1.0,100.0,0.0,3.0,3.0,,,,5.2928924560546875e-05,1.7642974853515625e-05,334.77192902565,1.5810442863174318e-07,1.5810442863174317e-05
1182557,1182588,worker,/pscratch/sd/s/satt/sprints/data/converted_10M/mc_normalized_rntuple_10M_29.h5,21,0,1,2,0,3,24,0.125,12.5,1.0,2.0,3.0,47.61904761904762,95.23809523809524,142.85714285714286,8.940696716308594e-05,2.9802322387695312e-05,334.77192902565,2.6706829160767426e-07,2.670682916076743e-05
1182557,1182589,worker,/pscratch/sd/s/satt/sprints/a_star_campaign/h5/h5_tr_209.py,0,0,0,3,0,3,3,1.0,100.0,0.0,3.0,3.0,,,,4.887580871582031e-05,1.629193623860677e-05,334.7660837173462,1.459998819865149e-07,1.4599988198651491e-05
1182557,1182589,worker,/pscratch/sd/s/satt/sprints/data/converted_10M/mc_normalized_rntuple_10M_29.h5,19,0,1,2,0,3,22,0.13636363636363635,13.636363636363637,1.0,2.0,3.0,52.63157894736842,105.26315789473684,157.89473684210526,0.00010228157043457031,3.409385681152344e-05,334.7660837173462,3.055314603522678e-07,3.0553146035226775e-05
1182557,1182590,worker,/pscratch/sd/s/satt/sprints/a_star_campaign/h5/h5_tr_209.py,0,0,0,3,0,3,3,1.0,100.0,0.0,3.0,3.0,,,,5.3882598876953125e-05,1.7960866292317707e-05,334.7806603908539,1.6094895927992256e-07,1.6094895927992255e-05
1182557,1182590,worker,/pscratch/sd/s/satt/sprints/data/converted_10M/mc_normalized_rntuple_10M_29.h5,21,0,1,2,0,3,24,0.125,12.5,1.0,2.0,3.0,47.61904761904762,95.23809523809524,142.85714285714286,8.058547973632812e-05,2.6861826578776043e-05,334.7806603908539,2.40711275383247e-07,2.4071127538324703e-05
1182557,1182591,worker,/pscratch/sd/s/satt/sprints/a_star_campaign/h5/h5_tr_209.py,0,0,0,3,0,3,3,1.0,100.0,0.0,3.0,3.0,,,,6.389617919921875e-05,2.1298726399739582e-05,334.76005005836487,1.9087157857718852e-07,1.9087157857718852e-05
1182557,1182591,worker,/pscratch/sd/s/satt/sprints/data/converted_10M/mc_normalized_rntuple_10M_29.h5,21,0,1,2,0,3,24,0.125,12.5,1.0,2.0,3.0,47.61904761904762,95.23809523809524,142.85714285714286,0.00012087821960449219,4.029273986816406e-05,334.76005005836487,3.6108914305460665e-07,3.610891430546066e-05
1182557,1182592,worker,/pscratch/sd/s/satt/sprints/a_star_campaign/h5/h5_tr_209.py,0,0,0,3,0,3,3,1.0,100.0,0.0,3.0,3.0,,,,5.8650970458984375e-05,1.9550323486328125e-05,334.75057005882263,1.7520797783459542e-07,1.7520797783459542e-05
1182557,1182592,worker,/pscratch/sd/s/satt/sprints/data/converted_10M/mc_normalized_rntuple_10M_29.h5,19,0,1,2,0,3,22,0.13636363636363635,13.636363636363637,1.0,2.0,3.0,52.63157894736842,105.26315789473684,157.89473684210526,0.00011539459228515625,3.8464864095052086e-05,334.75057005882263,3.4471813525180563e-07,3.447181352518056e-05
1182557,1182593,worker,/pscratch/sd/s/satt/sprints/a_star_campaign/h5/h5_tr_209.py,0,0,0,3,0,3,3,1.0,100.0,0.0,3.0,3.0,,,,5.221366882324219e-05,1.7404556274414062e-05,334.753310918808,1.5597655682606896e-07,1.5597655682606896e-05
1182557,1182593,worker,/pscratch/sd/s/satt/sprints/data/converted_10M/mc_normalized_rntuple_10M_29.h5,21,0,1,2,0,3,24,0.125,12.5,1.0,2.0,3.0,47.61904761904762,95.23809523809524,142.85714285714286,8.416175842285156e-05,2.8053919474283855e-05,334.753310918808,2.514142673954445e-07,2.514142673954445e-05
1182557,1182594,worker,/pscratch/sd/s/satt/sprints/a_star_campaign/h5/h5_tr_209.py,0,0,0,3,0,3,3,1.0,100.0,0.0,3.0,3.0,,,,5.173683166503906e-05,1.724561055501302e-05,334.7400870323181,1.5455821895644078e-07,1.5455821895644076e-05
1182557,1182594,worker,/pscratch/sd/s/satt/sprints/data/converted_10M/mc_normalized_rntuple_10M_29.h5,21,0,1,2,0,3,24,0.125,12.5,1.0,2.0,3.0,47.61904761904762,95.23809523809524,142.85714285714286,9.226799011230469e-05,3.075599670410156e-05,334.7400870323181,2.756406946366017e-07,2.7564069463660175e-05
1182557,1182595,worker,/pscratch/sd/s/satt/sprints/a_star_campaign/h5/h5_tr_209.py,0,0,0,3,0,3,3,1.0,100.0,0.0,3.0,3.0,,,,5.507469177246094e-05,1.8358230590820312e-05,334.733300447464,1.6453305272836113e-07,1.6453305272836113e-05
1182557,1182595,worker,/pscratch/sd/s/satt/sprints/data/converted_10M/mc_normalized_rntuple_10M_29.h5,19,0,1,2,0,3,22,0.13636363636363635,13.636363636363637,1.0,2.0,3.0,52.63157894736842,105.26315789473684,157.89473684210526,7.748603820800781e-05,2.582867940266927e-05,334.733300447464,2.3148589669574617e-07,2.3148589669574616e-05
1182557,1182596,worker,/pscratch/sd/s/satt/sprints/a_star_campaign/h5/h5_tr_209.py,0,0,0,3,0,3,3,1.0,100.0,0.0,3.0,3.0,,,,5.245208740234375e-05,1.7484029134114582e-05,334.73102378845215,1.5669921123144274e-07,1.5669921123144274e-05
1182557,1182596,worker,/pscratch/sd/s/satt/sprints/data/converted_10M/mc_normalized_rntuple_10M_29.h5,21,0,1,2,0,3,24,0.125,12.5,1.0,2.0,3.0,47.61904761904762,95.23809523809524,142.85714285714286,0.00010395050048828125,3.4650166829427086e-05,334.73102378845215,3.1054934589504107e-07,3.1054934589504105e-05
1182557,1182597,worker,/pscratch/sd/s/satt/sprints/a_star_campaign/h5/h5_tr_209.py,0,0,0,3,0,3,3,1.0,100.0,0.0,3.0,3.0,,,,5.626678466796875e-05,1.8755594889322918e-05,334.7296657562256,1.6809619948339536e-07,1.6809619948339536e-05
1182557,1182597,worker,/pscratch/sd/s/satt/sprints/data/converted_10M/mc_normalized_rntuple_10M_29.h5,21,0,1,2,0,3,24,0.125,12.5,1.0,2.0,3.0,47.61904761904762,95.23809523809524,142.85714285714286,9.799003601074219e-05,3.266334533691406e-05,334.7296657562256,2.9274380503252326e-07,2.9274380503252327e-05
1182557,1182598,worker,/pscratch/sd/s/satt/sprints/a_star_campaign/h5/h5_tr_209.py,0,0,0,3,0,3,3,1.0,100.0,0.0,3.0,3.0,,,,5.698204040527344e-05,1.899401346842448e-05,334.71590971946716,1.7024001175513692e-07,1.702400117551369e-05
1182557,1182598,worker,/pscratch/sd/s/satt/sprints/data/converted_10M/mc_normalized_rntuple_10M_29.h5,19,0,1,2,0,3,22,0.13636363636363635,13.636363636363637,1.0,2.0,3.0,52.63157894736842,105.26315789473684,157.89473684210526,0.00012445449829101562,4.1484832763671875e-05,334.71590971946716,3.71821280904525e-07,3.71821280904525e-05
1182557,1182599,worker,/pscratch/sd/s/satt/sprints/a_star_campaign/h5/h5_tr_209.py,0,0,0,3,0,3,3,1.0,100.0,0.0,3.0,3.0,,,,5.0067901611328125e-05,1.6689300537109375e-05,334.7155408859253,1.4958343875760405e-07,1.4958343875760406e-05
1182557,1182599,worker,/pscratch/sd/s/satt/sprints/data/converted_10M/mc_normalized_rntuple_10M_29.h5,21,0,1,2,0,3,24,0.125,12.5,1.0,2.0,3.0,47.61904761904762,95.23809523809524,142.85714285714286,8.678436279296875e-05,2.8928120930989582e-05,334.7155408859253,2.5927796051318035e-07,2.592779605131804e-05
1182557,1182600,worker,/pscratch/sd/s/satt/sprints/a_star_campaign/h5/h5_tr_209.py,0,0,0,3,0,3,3,1.0,100.0,0.0,3.0,3.0,,,,5.459785461425781e-05,1.819928487141927e-05,334.70458030700684,1.6312252005687549e-07,1.6312252005687547e-05
1182557,1182600,worker,/pscratch/sd/s/satt/sprints/data/converted_10M/mc_normalized_rntuple_10M_29.h5,21,0,1,2,0,3,24,0.125,12.5,1.0,2.0,3.0,47.61904761904762,95.23809523809524,142.85714285714286,0.00010061264038085938,3.353754679361979e-05,334.70458030700684,3.0060132517031204e-07,3.0060132517031203e-05
1182557,1182601,worker,/pscratch/sd/s/satt/sprints/a_star_campaign/h5/h5_tr_209.py,0,0,0,3,0,3,3,1.0,100.0,0.0,3.0,3.0,,,,5.555152893066406e-05,1.8517176310221355e-05,334.711177110672,1.659685505880074e-07,1.6596855058800736e-05
1182557,1182601,worker,/pscratch/sd/s/satt/sprints/data/converted_10M/mc_normalized_rntuple_10M_29.h5,23,0,1,2,0,3,26,0.11538461538461539,11.538461538461538,1.0,2.0,3.0,43.47826086956522,86.95652173913044,130.43478260869566,0.00012445449829101562,4.1484832763671875e-05,334.711177110672,3.7182653822720966e-07,3.7182653822720964e-05
1182557,1182602,worker,/pscratch/sd/s/satt/sprints/a_star_campaign/h5/h5_tr_209.py,0,0,0,3,0,3,3,1.0,100.0,0.0,3.0,3.0,,,,6.127357482910156e-05,2.0424524943033855e-05,334.6937048435211,1.8307358023882975e-07,1.8307358023882974e-05
1182557,1182602,worker,/pscratch/sd/s/satt/sprints/data/converted_10M/mc_normalized_rntuple_10M_29.h5,19,0,1,2,0,3,22,0.13636363636363635,13.636363636363637,1.0,2.0,3.0,52.63157894736842,105.26315789473684,157.89473684210526,7.843971252441406e-05,2.6146570841471355e-05,334.6937048435211,2.3436267664815168e-07,2.343626766481517e-05
1182557,1182603,worker,/pscratch/sd/s/satt/sprints/a_star_campaign/h5/h5_tr_209.py,0,0,0,3,0,3,3,1.0,100.0,0.0,3.0,3.0,,,,5.7697296142578125e-05,1.9232432047526043e-05,334.6935431957245,1.723884350790642e-07,1.7238843507906423e-05
1182557,1182603,worker,/pscratch/sd/s/satt/sprints/data/converted_10M/mc_normalized_rntuple_10M_29.h5,21,0,1,2,0,3,24,0.125,12.5,1.0,2.0,3.0,47.61904761904762,95.23809523809524,142.85714285714286,8.130073547363281e-05,2.7100245157877605e-05,334.6935431957245,2.429109767023178e-07,2.4291097670231774e-05
1182557,1182604,worker,/pscratch/sd/s/satt/sprints/a_star_campaign/h5/h5_tr_209.py,0,0,0,3,0,3,3,1.0,100.0,0.0,3.0,3.0,,,,5.340576171875e-05,1.7801920572916668e-05,334.67597699165344,1.595745299641925e-07,1.595745299641925e-05
1182557,1182604,worker,/pscratch/sd/s/satt/sprints/data/converted_10M/mc_normalized_rntuple_10M_29.h5,21,0,1,2,0,3,24,0.125,12.5,1.0,2.0,3.0,47.61904761904762,95.23809523809524,142.85714285714286,0.00010633468627929688,3.544489542643229e-05,334.67597699165344,3.1772428733941897e-07,3.1772428733941896e-05
1182557,1182605,worker,/pscratch/sd/s/satt/sprints/a_star_campaign/h5/h5_tr_209.py,0,0,0,3,0,3,3,1.0,100.0,0.0,3.0,3.0,,,,4.982948303222656e-05,1.6609827677408855e-05,334.67042446136475,1.4889120576586536e-07,1.4889120576586538e-05
1182557,1182605,worker,/pscratch/sd/s/satt/sprints/data/converted_10M/mc_normalized_rntuple_10M_29.h5,19,0,1,2,0,3,22,0.13636363636363635,13.636363636363637,1.0,2.0,3.0,52.63157894736842,105.26315789473684,157.89473684210526,8.487701416015625e-05,2.8292338053385418e-05,334.67042446136475,2.536137284815697e-07,2.536137284815697e-05
1182557,1182606,worker,/pscratch/sd/s/satt/sprints/a_star_campaign/h5/h5_tr_209.py,0,0,0,3,0,3,3,1.0,100.0,0.0,3.0,3.0,,,,5.14984130859375e-05,1.71661376953125e-05,334.6788260936737,1.5387412967536685e-07,1.5387412967536686e-05
1182557,1182606,worker,/pscratch/sd/s/satt/sprints/data/converted_10M/mc_normalized_rntuple_10M_29.h5,21,0,1,2,0,3,24,0.125,12.5,1.0,2.0,3.0,47.61904761904762,95.23809523809524,142.85714285714286,0.0001270771026611328,4.23590342203776e-05,334.6788260936737,3.796986625785673e-07,3.796986625785673e-05
1182557,1182607,worker,/pscratch/sd/s/satt/sprints/a_star_campaign/h5/h5_tr_209.py,0,0,0,3,0,3,3,1.0,100.0,0.0,3.0,3.0,,,,5.650520324707031e-05,1.8835067749023438e-05,334.6628427505493,1.688421779444099e-07,1.688421779444099e-05
1182557,1182607,worker,/pscratch/sd/s/satt/sprints/data/converted_10M/mc_normalized_rntuple_10M_29.h5,21,0,1,2,0,3,24,0.125,12.5,1.0,2.0,3.0,47.61904761904762,95.23809523809524,142.85714285714286,8.416175842285156e-05,2.8053919474283855e-05,334.6628427505493,2.5148223128428985e-07,2.5148223128428982e-05
1182557,1182608,worker,/pscratch/sd/s/satt/sprints/a_star_campaign/h5/h5_tr_209.py,0,0,0,3,0,3,3,1.0,100.0,0.0,3.0,3.0,,,,5.245208740234375e-05,1.7484029134114582e-05,334.6534106731415,1.5673555305125547e-07,1.5673555305125546e-05
1182557,1182608,worker,/pscratch/sd/s/satt/sprints/data/converted_10M/mc_normalized_rntuple_10M_29.h5,19,0,1,2,0,3,22,0.13636363636363635,13.636363636363637,1.0,2.0,3.0,52.63157894736842,105.26315789473684,157.89473684210526,9.226799011230469e-05,3.075599670410156e-05,334.6534106731415,2.757120865037994e-07,2.757120865037994e-05
1182557,1182609,worker,/pscratch/sd/s/satt/sprints/a_star_campaign/h5/h5_tr_209.py,0,0,0,3,0,3,3,1.0,100.0,0.0,3.0,3.0,,,,5.459785461425781e-05,1.819928487141927e-05,334.6473195552826,1.6315043158514955e-07,1.6315043158514955e-05
1182557,1182609,worker,/pscratch/sd/s/satt/sprints/data/converted_10M/mc_normalized_rntuple_10M_29.h5,21,0,1,2,0,3,24,0.125,12.5,1.0,2.0,3.0,47.61904761904762,95.23809523809524,142.85714285714286,9.632110595703125e-05,3.2107035319010414e-05,334.6473195552826,2.8782870899738175e-07,2.8782870899738173e-05
1182557,1182610,worker,/pscratch/sd/s/satt/sprints/a_star_campaign/h5/h5_tr_209.py,0,0,0,3,0,3,3,1.0,100.0,0.0,3.0,3.0,,,,5.7220458984375e-05,1.9073486328125e-05,334.6521370410919,1.7098489043071283e-07,1.7098489043071285e-05
1182557,1182610,worker,/pscratch/sd/s/satt/sprints/data/converted_10M/mc_normalized_rntuple_10M_29.h5,21,0,1,2,0,3,24,0.125,12.5,1.0,2.0,3.0,47.61904761904762,95.23809523809524,142.85714285714286,0.00010204315185546875,3.4014383951822914e-05,334.6521370410919,3.049230546014379e-07,3.049230546014379e-05
1182557,1182611,worker,/pscratch/sd/s/satt/sprints/a_star_campaign/h5/h5_tr_209.py,0,0,0,3,0,3,3,1.0,100.0,0.0,3.0,3.0,,,,5.53131103515625e-05,1.8437703450520832e-05,334.6380515098572,1.6529235124934135e-07,1.6529235124934138e-05
1182557,1182611,worker,/pscratch/sd/s/satt/sprints/data/converted_10M/mc_normalized_rntuple_10M_29.h5,19,0,1,2,0,3,22,0.13636363636363635,13.636363636363637,1.0,2.0,3.0,52.63157894736842,105.26315789473684,157.89473684210526,7.867813110351562e-05,2.6226043701171875e-05,334.6380515098572,2.3511412031156313e-07,2.3511412031156314e-05
1182557,1182612,worker,/pscratch/sd/s/satt/sprints/a_star_campaign/h5/h5_tr_209.py,0,0,0,3,0,3,3,1.0,100.0,0.0,3.0,3.0,,,,5.435943603515625e-05,1.811981201171875e-05,334.6351697444916,1.6244388202430137e-07,1.6244388202430138e-05
1182557,1182612,worker,/pscratch/sd/s/satt/sprints/data/converted_10M/mc_normalized_rntuple_10M_29.h5,21,0,1,2,0,3,24,0.125,12.5,1.0,2.0,3.0,47.61904761904762,95.23809523809524,142.85714285714286,7.987022399902344e-05,2.662340799967448e-05,334.6351697444916,2.386785108690393e-07,2.386785108690393e-05
1182557,1182613,worker,/pscratch/sd/s/satt/sprints/a_star_campaign/h5/h5_tr_209.py,0,0,0,3,0,3,3,1.0,100.0,0.0,3.0,3.0,,,,5.6743621826171875e-05,1.8914540608723957e-05,334.6249454021454,1.695737947987666e-07,1.6957379479876657e-05
1182557,1182613,worker,/pscratch/sd/s/satt/sprints/data/converted_10M/mc_normalized_rntuple_10M_29.h5,21,0,1,2,0,3,24,0.125,12.5,1.0,2.0,3.0,47.61904761904762,95.23809523809524,142.85714285714286,8.869171142578125e-05,2.956390380859375e-05,334.6249454021454,2.6504811624008895e-07,2.6504811624008895e-05
1182557,1182614,worker,/pscratch/sd/s/satt/sprints/a_star_campaign/h5/h5_tr_209.py,0,0,0,3,0,3,3,1.0,100.0,0.0,3.0,3.0,,,,6.914138793945312e-05,2.3047129313151043e-05,334.6357979774475,2.0661683046866626e-07,2.0661683046866627e-05
1182557,1182614,worker,/pscratch/sd/s/satt/sprints/data/converted_10M/mc_normalized_rntuple_10M_29.h5,19,0,1,2,0,3,22,0.13636363636363635,13.636363636363637,1.0,2.0,3.0,52.63157894736842,105.26315789473684,157.89473684210526,7.82012939453125e-05,2.6067097981770832e-05,334.6357979774475,2.3369075997835357e-07,2.3369075997835357e-05
1182557,1182615,worker,/pscratch/sd/s/satt/sprints/a_star_campaign/h5/h5_tr_209.py,0,0,0,3,0,3,3,1.0,100.0,0.0,3.0,3.0,,,,5.626678466796875e-05,1.8755594889322918e-05,334.6144952774048,1.681540562709993e-07,1.681540562709993e-05
1182557,1182615,worker,/pscratch/sd/s/satt/sprints/data/converted_10M/mc_normalized_rntuple_10M_29.h5,21,0,1,2,0,3,24,0.125,12.5,1.0,2.0,3.0,47.61904761904762,95.23809523809524,142.85714285714286,8.797645568847656e-05,2.9325485229492188e-05,334.6144952774048,2.629188422203336e-07,2.6291884222033364e-05
1182557,1182616,worker,/pscratch/sd/s/satt/sprints/a_star_campaign/h5/h5_tr_209.py,0,0,0,3,0,3,3,1.0,100.0,0.0,3.0,3.0,,,,5.507469177246094e-05,1.8358230590820312e-05,334.61273646354675,1.645923354697554e-07,1.6459233546975537e-05
1182557,1182616,worker,/pscratch/sd/s/satt/sprints/data/converted_10M/mc_normalized_rntuple_10M_29.h5,21,0,1,2,0,3,24,0.125,12.5,1.0,2.0,3.0,47.61904761904762,95.23809523809524,142.85714285714286,7.343292236328125e-05,2.4477640787760418e-05,334.61273646354675,2.1945644729300718e-07,2.1945644729300717e-05
1182557,1182617,worker,/pscratch/sd/s/satt/sprints/a_star_campaign/h5/h5_tr_209.py,0,0,0,3,0,3,3,1.0,100.0,0.0,3.0,3.0,,,,5.793571472167969e-05,1.9311904907226562e-05,334.6043210029602,1.7314694128282682e-07,1.731469412828268e-05
1182557,1182617,worker,/pscratch/sd/s/satt/sprints/data/converted_10M/mc_normalized_rntuple_10M_29.h5,19,0,1,2,0,3,22,0.13636363636363635,13.636363636363637,1.0,2.0,3.0,52.63157894736842,105.26315789473684,157.89473684210526,7.128715515136719e-05,2.376238505045573e-05,334.6043210029602,2.1304911705170873e-07,2.1304911705170873e-05
1182557,1182618,worker,/pscratch/sd/s/satt/sprints/a_star_campaign/h5/h5_tr_209.py,0,0,0,3,0,3,3,1.0,100.0,0.0,3.0,3.0,,,,5.435943603515625e-05,1.811981201171875e-05,334.5970423221588,1.624623925480416e-07,1.624623925480416e-05
1182557,1182618,worker,/pscratch/sd/s/satt/sprints/data/converted_10M/mc_normalized_rntuple_10M_29.h5,21,0,1,2,0,3,24,0.125,12.5,1.0,2.0,3.0,47.61904761904762,95.23809523809524,142.85714285714286,8.20159912109375e-05,2.7338663736979168e-05,334.5970423221588,2.4511869752862416e-07,2.4511869752862416e-05
1182557,1182619,worker,/pscratch/sd/s/satt/sprints/a_star_campaign/h5/h5_tr_209.py,0,0,0,3,0,3,3,1.0,100.0,0.0,3.0,3.0,,,,5.078315734863281e-05,1.6927719116210938e-05,334.6025128364563,1.5177159585007091e-07,1.5177159585007092e-05
1182557,1182619,worker,/pscratch/sd/s/satt/sprints/data/converted_10M/mc_normalized_rntuple_10M_29.h5,21,0,1,2,0,3,24,0.125,12.5,1.0,2.0,3.0,47.61904761904762,95.23809523809524,142.85714285714286,7.939338684082031e-05,2.6464462280273438e-05,334.6025128364563,2.372767202726461e-07,2.3727672027264608e-05
1182557,1182620,worker,/pscratch/sd/s/satt/sprints/a_star_campaign/h5/h5_tr_209.py,0,0,0,3,0,3,3,1.0,100.0,0.0,3.0,3.0,,,,5.435943603515625e-05,1.811981201171875e-05,334.58692955970764,1.6246730291194985e-07,1.6246730291194986e-05
1182557,1182620,worker,/pscratch/sd/s/satt/sprints/data/converted_10M/mc_normalized_rntuple_10M_29.h5,19,0,1,2,0,3,22,0.13636363636363635,13.636363636363637,1.0,2.0,3.0,52.63157894736842,105.26315789473684,157.89473684210526,0.00010919570922851562,3.639856974283854e-05,334.58692955970764,3.2635975760382907e-07,3.263597576038291e-05
1182557,1182621,worker,/pscratch/sd/s/satt/sprints/a_star_campaign/h5/h5_tr_209.py,0,0,0,3,0,3,3,1.0,100.0,0.0,3.0,3.0,,,,5.3882598876953125e-05,1.7960866292317707e-05,334.5854287147522,1.610428735164383e-07,1.610428735164383e-05
1182557,1182621,worker,/pscratch/sd/s/satt/sprints/data/converted_10M/mc_normalized_rntuple_10M_29.h5,21,0,1,2,0,3,24,0.125,12.5,1.0,2.0,3.0,47.61904761904762,95.23809523809524,142.85714285714286,8.20159912109375e-05,2.7338663736979168e-05,334.5854287147522,2.4512720570643707e-07,2.4512720570643706e-05
1182557,1182622,worker,/pscratch/sd/s/satt/sprints/a_star_campaign/h5/h5_tr_209.py,0,0,0,3,0,3,3,1.0,100.0,0.0,3.0,3.0,,,,5.125999450683594e-05,1.708666483561198e-05,334.5853531360626,1.5320453817352406e-07,1.5320453817352406e-05
1182557,1182622,worker,/pscratch/sd/s/satt/sprints/data/converted_10M/mc_normalized_rntuple_10M_29.h5,23,0,1,2,0,3,26,0.11538461538461539,11.538461538461538,1.0,2.0,3.0,43.47826086956522,86.95652173913044,130.43478260869566,8.845329284667969e-05,2.948443094889323e-05,334.5853531360626,2.6436690075524386e-07,2.6436690075524385e-05
1182557,1182623,worker,/pscratch/sd/s/satt/sprints/a_star_campaign/h5/h5_tr_209.py,0,0,0,3,0,3,3,1.0,100.0,0.0,3.0,3.0,,,,5.53131103515625e-05,1.8437703450520832e-05,334.5744352340698,1.6532378008159887e-07,1.6532378008159886e-05
1182557,1182623,worker,/pscratch/sd/s/satt/sprints/data/converted_10M/mc_normalized_rntuple_10M_29.h5,21,0,1,2,0,3,24,0.125,12.5,1.0,2.0,3.0,47.61904761904762,95.23809523809524,142.85714285714286,8.749961853027344e-05,2.9166539510091145e-05,334.5744352340698,2.6152511762908095e-07,2.6152511762908096e-05
1182557,1182624,worker,/pscratch/sd/s/satt/sprints/a_star_campaign/h5/h5_tr_209.py,0,0,0,3,0,3,3,1.0,100.0,0.0,3.0,3.0,,,,5.245208740234375e-05,1.7484029134114582e-05,334.56760835647583,1.5677574903323272e-07,1.5677574903323273e-05
1182557,1182624,worker,/pscratch/sd/s/satt/sprints/data/converted_10M/mc_normalized_rntuple_10M_29.h5,19,0,1,2,0,3,22,0.13636363636363635,13.636363636363637,1.0,2.0,3.0,52.63157894736842,105.26315789473684,157.89473684210526,0.0001442432403564453,4.80810801188151e-05,334.56760835647583,4.3113330984138997e-07,4.3113330984139e-05
1182557,1182625,worker,/pscratch/sd/s/satt/sprints/a_star_campaign/h5/h5_tr_209.py,0,0,0,3,0,3,3,1.0,100.0,0.0,3.0,3.0,,,,5.626678466796875e-05,1.8755594889322918e-05,334.5595064163208,1.6818169440371906e-07,1.6818169440371907e-05
1182557,1182625,worker,/pscratch/sd/s/satt/sprints/data/converted_10M/mc_normalized_rntuple_10M_29.h5,21,0,1,2,0,3,24,0.125,12.5,1.0,2.0,3.0,47.61904761904762,95.23809523809524,142.85714285714286,8.440017700195312e-05,2.8133392333984375e-05,334.5595064163208,2.522725416055786e-07,2.522725416055786e-05
1182557,1182626,worker,/pscratch/sd/s/satt/sprints/a_star_campaign/h5/h5_tr_209.py,0,0,0,3,0,3,3,1.0,100.0,0.0,3.0,3.0,,,,5.173683166503906e-05,1.724561055501302e-05,334.56378865242004,1.546396634059782e-07,1.546396634059782e-05
1182557,1182626,worker,/pscratch/sd/s/satt/sprints/data/converted_10M/mc_normalized_rntuple_10M_29.h5,21,0,1,2,0,3,24,0.125,12.5,1.0,2.0,3.0,47.61904761904762,95.23809523809524,142.85714285714286,9.965896606445312e-05,3.321965535481771e-05,334.56378865242004,2.978773239801792e-07,2.978773239801792e-05
1182557,1182627,worker,/pscratch/sd/s/satt/sprints/a_star_campaign/h5/h5_tr_209.py,0,0,0,3,0,3,3,1.0,100.0,0.0,3.0,3.0,,,,5.626678466796875e-05,1.8755594889322918e-05,334.54749155044556,1.6818773444452632e-07,1.6818773444452633e-05
1182557,1182627,worker,/pscratch/sd/s/satt/sprints/data/converted_10M/mc_normalized_rntuple_10M_29.h5,19,0,1,2,0,3,22,0.13636363636363635,13.636363636363637,1.0,2.0,3.0,52.63157894736842,105.26315789473684,157.89473684210526,9.918212890625e-05,3.3060709635416664e-05,334.54749155044556,2.9646651495306333e-07,2.9646651495306336e-05
1182557,1182628,worker,/pscratch/sd/s/satt/sprints/a_star_campaign/h5/h5_tr_209.py,0,0,0,3,0,3,3,1.0,100.0,0.0,3.0,3.0,,,,5.245208740234375e-05,1.7484029134114582e-05,334.54697036743164,1.5678542042911293e-07,1.5678542042911293e-05
1182557,1182628,worker,/pscratch/sd/s/satt/sprints/data/converted_10M/mc_normalized_rntuple_10M_29.h5,21,0,1,2,0,3,24,0.125,12.5,1.0,2.0,3.0,47.61904761904762,95.23809523809524,142.85714285714286,8.654594421386719e-05,2.8848648071289062e-05,334.54697036743164,2.5869594370803633e-07,2.5869594370803632e-05
1182557,1182629,worker,/pscratch/sd/s/satt/sprints/a_star_campaign/h5/h5_tr_209.py,0,0,0,3,0,3,3,1.0,100.0,0.0,3.0,3.0,,,,5.6743621826171875e-05,1.8914540608723957e-05,334.5362277030945,1.696187651058606e-07,1.696187651058606e-05
1182557,1182629,worker,/pscratch/sd/s/satt/sprints/data/converted_10M/mc_normalized_rntuple_10M_29.h5,21,0,1,2,0,3,24,0.125,12.5,1.0,2.0,3.0,47.61904761904762,95.23809523809524,142.85714285714286,8.630752563476562e-05,2.8769175211588543e-05,334.5362277030945,2.5799156709378795e-07,2.5799156709378795e-05
1182557,1182630,worker,/pscratch/sd/s/satt/sprints/a_star_campaign/h5/h5_tr_209.py,0,0,0,3,0,3,3,1.0,100.0,0.0,3.0,3.0,,,,5.412101745605469e-05,1.804033915201823e-05,334.54857873916626,1.617732696997963e-07,1.6177326969979633e-05
1182557,1182630,worker,/pscratch/sd/s/satt/sprints/data/converted_10M/mc_normalized_rntuple_10M_29.h5,19,0,1,2,0,3,22,0.13636363636363635,13.636363636363637,1.0,2.0,3.0,52.63157894736842,105.26315789473684,157.89473684210526,8.916854858398438e-05,2.9722849527994793e-05,334.54857873916626,2.665339333379904e-07,2.665339333379904e-05
1182557,1182631,worker,/pscratch/sd/s/satt/sprints/a_star_campaign/h5/h5_tr_209.py,0,0,0,3,0,3,3,1.0,100.0,0.0,3.0,3.0,,,,5.221366882324219e-05,1.7404556274414062e-05,334.52510380744934,1.5608296127544455e-07,1.5608296127544456e-05
1182557,1182631,worker,/pscratch/sd/s/satt/sprints/data/converted_10M/mc_normalized_rntuple_10M_29.h5,21,0,1,2,0,3,24,0.125,12.5,1.0,2.0,3.0,47.61904761904762,95.23809523809524,142.85714285714286,8.0108642578125e-05,2.6702880859375e-05,334.52510380744934,2.3946974880616154e-07,2.3946974880616152e-05
1182557,1182632,worker,/pscratch/sd/s/satt/sprints/a_star_campaign/h5/h5_tr_209.py,0,0,0,3,0,3,3,1.0,100.0,0.0,3.0,3.0,,,,5.221366882324219e-05,1.7404556274414062e-05,334.51882314682007,1.560858917655753e-07,1.560858917655753e-05
1182557,1182632,worker,/pscratch/sd/s/satt/sprints/data/converted_10M/mc_normalized_rntuple_10M_29.h5,21,0,1,2,0,3,24,0.125,12.5,1.0,2.0,3.0,47.61904761904762,95.23809523809524,142.85714285714286,8.296966552734375e-05,2.765655517578125e-05,334.51882314682007,2.4802689650420186e-07,2.4802689650420187e-05
1182557,1182633,worker,/pscratch/sd/s/satt/sprints/a_star_campaign/h5/h5_tr_209.py,0,0,0,3,0,3,3,1.0,100.0,0.0,3.0,3.0,,,,5.53131103515625e-05,1.8437703450520832e-05,334.5171799659729,1.653520765575895e-07,1.6535207655758952e-05
1182557,1182633,worker,/pscratch/sd/s/satt/sprints/data/converted_10M/mc_normalized_rntuple_10M_29.h5,19,0,1,2,0,3,22,0.13636363636363635,13.636363636363637,1.0,2.0,3.0,52.63157894736842,105.26315789473684,157.89473684210526,8.893013000488281e-05,2.964337666829427e-05,334.5171799659729,2.658462265344004e-07,2.6584622653440036e-05
1182557,1182634,worker,/pscratch/sd/s/satt/sprints/a_star_campaign/h5/h5_tr_209.py,0,0,0,3,0,3,3,1.0,100.0,0.0,3.0,3.0,,,,5.4836273193359375e-05,1.8278757731119793e-05,334.51308608055115,1.6392863381181666e-07,1.6392863381181668e-05
1182557,1182634,worker,/pscratch/sd/s/satt/sprints/data/converted_10M/mc_normalized_rntuple_10M_29.h5,21,0,1,2,0,3,24,0.125,12.5,1.0,2.0,3.0,47.61904761904762,95.23809523809524,142.85714285714286,8.988380432128906e-05,2.9961268107096355e-05,334.51308608055115,2.687004128132821e-07,2.687004128132821e-05
1182557,1182635,worker,/pscratch/sd/s/satt/sprints/a_star_campaign/h5/h5_tr_209.py,0,0,0,3,0,3,3,1.0,100.0,0.0,3.0,3.0,,,,5.14984130859375e-05,1.71661376953125e-05,334.50242280960083,1.5395527677612803e-07,1.5395527677612804e-05
1182557,1182635,worker,/pscratch/sd/s/satt/sprints/data/converted_10M/mc_normalized_rntuple_10M_29.h5,21,0,1,2,0,3,24,0.125,12.5,1.0,2.0,3.0,47.61904761904762,95.23809523809524,142.85714285714286,7.748603820800781e-05,2.582867940266927e-05,334.50242280960083,2.3164567107519266e-07,2.3164567107519264e-05
1182557,1182636,worker,/pscratch/sd/s/satt/sprints/a_star_campaign/h5/h5_tr_209.py,0,0,0,3,0,3,3,1.0,100.0,0.0,3.0,3.0,,,,5.14984130859375e-05,1.71661376953125e-05,334.49680948257446,1.5395786036225347e-07,1.5395786036225347e-05
1182557,1182636,worker,/pscratch/sd/s/satt/sprints/data/converted_10M/mc_normalized_rntuple_10M_29.h5,19,0,1,2,0,3,22,0.13636363636363635,13.636363636363637,1.0,2.0,3.0,52.63157894736842,105.26315789473684,157.89473684210526,9.465217590332031e-05,3.155072530110677e-05,334.49680948257446,2.829688452028455e-07,2.829688452028455e-05
1182557,1182637,worker,/pscratch/sd/s/satt/sprints/a_star_campaign/h5/h5_tr_209.py,0,0,0,3,0,3,3,1.0,100.0,0.0,3.0,3.0,,,,5.1975250244140625e-05,1.7325083414713543e-05,334.4961025714874,1.5538372448758993e-07,1.5538372448758994e-05
1182557,1182637,worker,/pscratch/sd/s/satt/sprints/data/converted_10M/mc_normalized_rntuple_10M_29.h5,21,0,1,2,0,3,24,0.125,12.5,1.0,2.0,3.0,47.61904761904762,95.23809523809524,142.85714285714286,7.82012939453125e-05,2.6067097981770832e-05,334.4961025714874,2.3378835610976835e-07,2.3378835610976835e-05
1182557,1182638,worker,/pscratch/sd/s/satt/sprints/a_star_campaign/h5/h5_tr_209.py,0,0,0,3,0,3,3,1.0,100.0,0.0,3.0,3.0,,,,5.14984130859375e-05,1.71661376953125e-05,334.485787153244,1.5396293374445713e-07,1.5396293374445715e-05
1182557,1182638,worker,/pscratch/sd/s/satt/sprints/data/converted_10M/mc_normalized_rntuple_10M_29.h5,21,0,1,2,0,3,24,0.125,12.5,1.0,2.0,3.0,47.61904761904762,95.23809523809524,142.85714285714286,8.225440979003906e-05,2.7418136596679688e-05,334.485787153244,2.4591301917517457e-07,2.4591301917517458e-05
1182557,1182639,worker,/pscratch/sd/s/satt/sprints/a_star_campaign/h5/h5_tr_209.py,0,0,0,3,0,3,3,1.0,100.0,0.0,3.0,3.0,,,,4.9591064453125e-05,1.6530354817708332e-05,334.48880982398987,1.4825926308034082e-07,1.4825926308034081e-05
1182557,1182639,worker,/pscratch/sd/s/satt/sprints/data/converted_10M/mc_normalized_rntuple_10M_29.h5,19,0,1,2,0,3,22,0.13636363636363635,13.636363636363637,1.0,2.0,3.0,52.63157894736842,105.26315789473684,157.89473684210526,7.176399230957031e-05,2.392133076985677e-05,334.48880982398987,2.145482605153009e-07,2.1454826051530087e-05
1182557,1182640,worker,/pscratch/sd/s/satt/sprints/a_star_campaign/h5/h5_tr_209.py,0,0,0,3,0,3,3,1.0,100.0,0.0,3.0,3.0,,,,5.3882598876953125e-05,1.7960866292317707e-05,334.47287225723267,1.6109706749405283e-07,1.6109706749405284e-05
1182557,1182640,worker,/pscratch/sd/s/satt/sprints/data/converted_10M/mc_normalized_rntuple_10M_29.h5,21,0,1,2,0,3,24,0.125,12.5,1.0,2.0,3.0,47.61904761904762,95.23809523809524,142.85714285714286,8.630752563476562e-05,2.8769175211588543e-05,334.47287225723267,2.5804043554357137e-07,2.5804043554357138e-05
1182557,1182641,worker,/pscratch/sd/s/satt/sprints/a_star_campaign/h5/h5_tr_209.py,0,0,0,3,0,3,3,1.0,100.0,0.0,3.0,3.0,,,,5.1021575927734375e-05,1.7007191975911457e-05,334.4710133075714,1.5254408871843306e-07,1.5254408871843306e-05
1182557,1182641,worker,/pscratch/sd/s/satt/sprints/data/converted_10M/mc_normalized_rntuple_10M_29.h5,21,0,1,2,0,3,24,0.125,12.5,1.0,2.0,3.0,47.61904761904762,95.23809523809524,142.85714285714286,7.748603820800781e-05,2.582867940266927e-05,334.4710133075714,2.316674244555642e-07,2.316674244555642e-05
1182557,1182642,worker,/pscratch/sd/s/satt/sprints/a_star_campaign/h5/h5_tr_209.py,0,0,0,3,0,3,3,1.0,100.0,0.0,3.0,3.0,,,,5.269050598144531e-05,1.7563501993815105e-05,334.46256041526794,1.5753782999216683e-07,1.5753782999216683e-05
1182557,1182642,worker,/pscratch/sd/s/satt/sprints/data/converted_10M/mc_normalized_rntuple_10M_29.h5,19,0,1,2,0,3,22,0.13636363636363635,13.636363636363637,1.0,2.0,3.0,52.63157894736842,105.26315789473684,157.89473684210526,8.988380432128906e-05,2.9961268107096355e-05,334.46256041526794,2.6874100410428463e-07,2.687410041042846e-05
1182557,1182643,worker,/pscratch/sd/s/satt/sprints/a_star_campaign/h5/h5_tr_209.py,0,0,0,3,0,3,3,1.0,100.0,0.0,3.0,3.0,,,,5.626678466796875e-05,1.8755594889322918e-05,334.45568895339966,1.6823389921709034e-07,1.6823389921709034e-05
1182557,1182643,worker,/pscratch/sd/s/satt/sprints/data/converted_10M/mc_normalized_rntuple_10M_29.h5,23,0,1,2,0,3,26,0.11538461538461539,11.538461538461538,1.0,2.0,3.0,43.47826086956522,86.95652173913044,130.43478260869566,8.058547973632812e-05,2.6861826578776043e-05,334.45568895339966,2.409451607431209e-07,2.409451607431209e-05
1182557,1182644,worker,/pscratch/sd/s/satt/sprints/a_star_campaign/h5/h5_tr_209.py,0,0,0,3,0,3,3,1.0,100.0,0.0,3.0,3.0,,,,5.316734313964844e-05,1.7722447713216145e-05,334.45058846473694,1.58969201949107e-07,1.58969201949107e-05
1182557,1182644,worker,/pscratch/sd/s/satt/sprints/data/converted_10M/mc_normalized_rntuple_10M_29.h5,21,0,1,2,0,3,24,0.125,12.5,1.0,2.0,3.0,47.61904761904762,95.23809523809524,142.85714285714286,7.43865966796875e-05,2.47955322265625e-05,334.45058846473694,2.224143094534591e-07,2.224143094534591e-05
1182557,1182645,worker,/pscratch/sd/s/satt/sprints/a_star_campaign/h5/h5_tr_209.py,0,0,0,3,0,3,3,1.0,100.0,0.0,3.0,3.0,,,,5.316734313964844e-05,1.7722447713216145e-05,334.44953966140747,1.589697004620619e-07,1.589697004620619e-05
1182557,1182645,worker,/pscratch/sd/s/satt/sprints/data/converted_10M/mc_normalized_rntuple_10M_29.h5,21,0,1,2,0,3,24,0.125,12.5,1.0,2.0,3.0,47.61904761904762,95.23809523809524,142.85714285714286,7.772445678710938e-05,2.5908152262369793e-05,334.44953966140747,2.3239516749162412e-07,2.3239516749162414e-05
1182557,1182646,worker,/pscratch/sd/s/satt/sprints/a_star_campaign/h5/h5_tr_209.py,0,0,0,3,0,3,3,1.0,100.0,0.0,3.0,3.0,,,,5.245208740234375e-05,1.7484029134114582e-05,334.4395456314087,1.568357811972154e-07,1.568357811972154e-05
1182557,1182646,worker,/pscratch/sd/s/satt/sprints/data/converted_10M/mc_normalized_rntuple_10M_29.h5,19,0,1,2,0,3,22,0.13636363636363635,13.636363636363637,1.0,2.0,3.0,52.63157894736842,105.26315789473684,157.89473684210526,8.177757263183594e-05,2.7259190877278645e-05,334.4395456314087,2.4452124068474945e-07,2.4452124068474948e-05
1182557,1182647,worker,/pscratch/sd/s/satt/sprints/a_star_campaign/h5/h5_tr_209.py,0,0,0,3,0,3,3,1.0,100.0,0.0,3.0,3.0,,,,5.1021575927734375e-05,1.7007191975911457e-05,334.44179821014404,1.5255741417726544e-07,1.5255741417726543e-05
1182557,1182647,worker,/pscratch/sd/s/satt/sprints/data/converted_10M/mc_normalized_rntuple_10M_29.h5,21,0,1,2,0,3,24,0.125,12.5,1.0,2.0,3.0,47.61904761904762,95.23809523809524,142.85714285714286,8.535385131835938e-05,2.8451283772786457e-05,334.44179821014404,2.552128704460796e-07,2.5521287044607957e-05
1182557,1182648,worker,/pscratch/sd/s/satt/sprints/a_star_campaign/h5/h5_tr_209.py,0,0,0,3,0,3,3,1.0,100.0,0.0,3.0,3.0,,,,5.054473876953125e-05,1.6848246256510418e-05,334.4273633956909,1.511381672130915e-07,1.5113816721309151e-05
1182557,1182648,worker,/pscratch/sd/s/satt/sprints/data/converted_10M/mc_normalized_rntuple_10M_29.h5,21,0,1,2,0,3,24,0.125,12.5,1.0,2.0,3.0,47.61904761904762,95.23809523809524,142.85714285714286,9.107589721679688e-05,3.0358632405598957e-05,334.4273633956909,2.723338673367969e-07,2.7233386733679696e-05
1182557,1182649,worker,/pscratch/sd/s/satt/sprints/a_star_campaign/h5/h5_tr_209.py,0,0,0,3,0,3,3,1.0,100.0,0.0,3.0,3.0,,,,5.078315734863281e-05,1.6927719116210938e-05,334.42163157463074,1.518536857484946e-07,1.518536857484946e-05
1182557,1182649,worker,/pscratch/sd/s/satt/sprints/data/converted_10M/mc_normalized_rntuple_10M_29.h5,19,0,1,2,0,3,22,0.13636363636363635,13.636363636363637,1.0,2.0,3.0,52.63157894736842,105.26315789473684,157.89473684210526,9.918212890625e-05,3.3060709635416664e-05,334.42163157463074,2.965780904759331e-07,2.965780904759331e-05
1182557,1182650,worker,/pscratch/sd/s/satt/sprints/a_star_campaign/h5/h5_tr_209.py,0,0,0,3,0,3,3,1.0,100.0,0.0,3.0,3.0,,,,5.53131103515625e-05,1.8437703450520832e-05,334.4190320968628,1.654006053565197e-07,1.6540060535651972e-05
1182557,1182650,worker,/pscratch/sd/s/satt/sprints/data/converted_10M/mc_normalized_rntuple_10M_29.h5,21,0,1,2,0,3,24,0.125,12.5,1.0,2.0,3.0,47.61904761904762,95.23809523809524,142.85714285714286,8.7738037109375e-05,2.9246012369791668e-05,334.4190320968628,2.623595809103416e-07,2.623595809103416e-05
1182557,1182651,worker,/pscratch/sd/s/satt/sprints/a_star_campaign/h5/h5_tr_209.py,0,0,0,3,0,3,3,1.0,100.0,0.0,3.0,3.0,,,,5.1975250244140625e-05,1.7325083414713543e-05,334.41344141960144,1.5542213262571965e-07,1.5542213262571964e-05
1182557,1182651,worker,/pscratch/sd/s/satt/sprints/data/converted_10M/mc_normalized_rntuple_10M_29.h5,21,0,1,2,0,3,24,0.125,12.5,1.0,2.0,3.0,47.61904761904762,95.23809523809524,142.85714285714286,9.369850158691406e-05,3.123283386230469e-05,334.41344141960144,2.801876060637974e-07,2.8018760606379734e-05
1182557,1182652,worker,/pscratch/sd/s/satt/sprints/a_star_campaign/h5/h5_tr_209.py,0,0,0,3,0,3,3,1.0,100.0,0.0,3.0,3.0,,,,5.8650970458984375e-05,1.9550323486328125e-05,334.4047315120697,1.753891764443156e-07,1.753891764443156e-05
1182557,1182652,worker,/pscratch/sd/s/satt/sprints/data/converted_10M/mc_normalized_rntuple_10M_29.h5,19,0,1,2,0,3,22,0.13636363636363635,13.636363636363637,1.0,2.0,3.0,52.63157894736842,105.26315789473684,157.89473684210526,9.965896606445312e-05,3.321965535481771e-05,334.4047315120697,2.9801900712895903e-07,2.9801900712895902e-05
1182557,1182653,worker,/pscratch/sd/s/satt/sprints/a_star_campaign/h5/h5_tr_209.py,0,0,0,3,0,3,3,1.0,100.0,0.0,3.0,3.0,,,,5.555152893066406e-05,1.8517176310221355e-05,334.39928436279297,1.6612334872820985e-07,1.6612334872820984e-05
1182557,1182653,worker,/pscratch/sd/s/satt/sprints/data/converted_10M/mc_normalized_rntuple_10M_29.h5,21,0,1,2,0,3,24,0.125,12.5,1.0,2.0,3.0,47.61904761904762,95.23809523809524,142.85714285714286,0.00010037422180175781,3.345807393391927e-05,334.39928436279297,3.0016278890376114e-07,3.0016278890376113e-05
1182557,1182654,worker,/pscratch/sd/s/satt/sprints/a_star_campaign/h5/h5_tr_209.py,0,0,0,3,0,3,3,1.0,100.0,0.0,3.0,3.0,,,,5.412101745605469e-05,1.804033915201823e-05,334.39212679862976,1.6184895850926015e-07,1.6184895850926013e-05
1182557,1182654,worker,/pscratch/sd/s/satt/sprints/data/converted_10M/mc_normalized_rntuple_10M_29.h5,21,0,1,2,0,3,24,0.125,12.5,1.0,2.0,3.0,47.61904761904762,95.23809523809524,142.85714285714286,0.00010037422180175781,3.345807393391927e-05,334.39212679862976,3.0016921379911245e-07,3.0016921379911243e-05
1182557,1182655,worker,/pscratch/sd/s/satt/sprints/a_star_campaign/h5/h5_tr_209.py,0,0,0,3,0,3,3,1.0,100.0,0.0,3.0,3.0,,,,5.364418029785156e-05,1.7881393432617188e-05,334.39592266082764,1.6042115547043314e-07,1.604211554704331e-05
1182557,1182655,worker,/pscratch/sd/s/satt/sprints/data/converted_10M/mc_normalized_rntuple_10M_29.h5,19,0,1,2,0,3,22,0.13636363636363635,13.636363636363637,1.0,2.0,3.0,52.63157894736842,105.26315789473684,157.89473684210526,7.557868957519531e-05,2.5192896525065105e-05,334.39592266082764,2.2601558348501022e-07,2.2601558348501022e-05
1182557,1182656,worker,/pscratch/sd/s/satt/sprints/a_star_campaign/h5/h5_tr_209.py,0,0,0,3,0,3,3,1.0,100.0,0.0,3.0,3.0,,,,5.602836608886719e-05,1.8676122029622395e-05,334.3804681301117,1.6755872854112352e-07,1.675587285411235e-05
1182557,1182656,worker,/pscratch/sd/s/satt/sprints/data/converted_10M/mc_normalized_rntuple_10M_29.h5,21,0,1,2,0,3,24,0.125,12.5,1.0,2.0,3.0,47.61904761904762,95.23809523809524,142.85714285714286,8.988380432128906e-05,2.9961268107096355e-05,334.3804681301117,2.6880698153193006e-07,2.6880698153193006e-05
1182557,1182657,worker,/pscratch/sd/s/satt/sprints/a_star_campaign/h5/h5_tr_209.py,0,0,0,3,0,3,3,1.0,100.0,0.0,3.0,3.0,,,,5.1975250244140625e-05,1.7325083414713543e-05,334.3774104118347,1.5543888021659568e-07,1.5543888021659567e-05
1182557,1182657,worker,/pscratch/sd/s/satt/sprints/data/converted_10M/mc_normalized_rntuple_10M_29.h5,21,0,1,2,0,3,24,0.125,12.5,1.0,2.0,3.0,47.61904761904762,95.23809523809524,142.85714285714286,9.059906005859375e-05,3.0199686686197918e-05,334.3774104118347,2.709485067995704e-07,2.7094850679957044e-05
1182557,1182658,worker,/pscratch/sd/s/satt/sprints/a_star_campaign/h5/h5_tr_209.py,0,0,0,3,0,3,3,1.0,100.0,0.0,3.0,3.0,,,,5.435943603515625e-05,1.811981201171875e-05,334.38175106048584,1.6256699375117288e-07,1.625669937511729e-05
1182557,1182658,worker,/pscratch/sd/s/satt/sprints/data/converted_10M/mc_normalized_rntuple_10M_29.h5,19,0,1,2,0,3,22,0.13636363636363635,13.636363636363637,1.0,2.0,3.0,52.63157894736842,105.26315789473684,157.89473684210526,0.000110626220703125,3.6875406901041664e-05,334.38175106048584,3.308380925462466e-07,3.308380925462466e-05
1182557,1182659,worker,/pscratch/sd/s/satt/sprints/a_star_campaign/h5/h5_tr_209.py,0,0,0,3,0,3,3,1.0,100.0,0.0,3.0,3.0,,,,5.3882598876953125e-05,1.7960866292317707e-05,334.3642771244049,1.6114938874557268e-07,1.611493887455727e-05
1182557,1182659,worker,/pscratch/sd/s/satt/sprints/data/converted_10M/mc_normalized_rntuple_10M_29.h5,21,0,1,2,0,3,24,0.125,12.5,1.0,2.0,3.0,47.61904761904762,95.23809523809524,142.85714285714286,9.369850158691406e-05,3.123283386230469e-05,334.3642771244049,2.802288043230534e-07,2.802288043230534e-05
1182557,1182660,worker,/pscratch/sd/s/satt/sprints/a_star_campaign/h5/h5_tr_209.py,0,0,0,3,0,3,3,1.0,100.0,0.0,3.0,3.0,,,,5.221366882324219e-05,1.7404556274414062e-05,334.36099767684937,1.5615956761112806e-07,1.5615956761112806e-05
1182557,1182660,worker,/pscratch/sd/s/satt/sprints/data/converted_10M/mc_normalized_rntuple_10M_29.h5,21,0,1,2,0,3,24,0.125,12.5,1.0,2.0,3.0,47.61904761904762,95.23809523809524,142.85714285714286,9.036064147949219e-05,3.0120213826497395e-05,334.36099767684937,2.702487494274773e-07,2.702487494274773e-05
1182557,1182661,worker,/pscratch/sd/s/satt/sprints/a_star_campaign/h5/h5_tr_209.py,0,0,0,3,0,3,3,1.0,100.0,0.0,3.0,3.0,,,,5.364418029785156e-05,1.7881393432617188e-05,334.3512511253357,1.6044258879636247e-07,1.6044258879636248e-05
1182557,1182661,worker,/pscratch/sd/s/satt/sprints/data/converted_10M/mc_normalized_rntuple_10M_29.h5,19,0,1,2,0,3,22,0.13636363636363635,13.636363636363637,1.0,2.0,3.0,52.63157894736842,105.26315789473684,157.89473684210526,9.441375732421875e-05,3.147125244140625e-05,334.3512511253357,2.8237895628159795e-07,2.8237895628159795e-05
1182557,1182662,worker,/pscratch/sd/s/satt/sprints/a_star_campaign/h5/h5_tr_209.py,0,0,0,3,0,3,3,1.0,100.0,0.0,3.0,3.0,,,,5.364418029785156e-05,1.7881393432617188e-05,334.34558057785034,1.6044530992495306e-07,1.6044530992495305e-05
1182557,1182662,worker,/pscratch/sd/s/satt/sprints/data/converted_10M/mc_normalized_rntuple_10M_29.h5,21,0,1,2,0,3,24,0.125,12.5,1.0,2.0,3.0,47.61904761904762,95.23809523809524,142.85714285714286,8.0108642578125e-05,2.6702880859375e-05,334.34558057785034,2.395983294879299e-07,2.395983294879299e-05
1182557,1182663,worker,/pscratch/sd/s/satt/sprints/a_star_campaign/h5/h5_tr_209.py,0,0,0,3,0,3,3,1.0,100.0,0.0,3.0,3.0,,,,5.245208740234375e-05,1.7484029134114582e-05,334.3444871902466,1.5688037162849284e-07,1.5688037162849285e-05
1182557,1182663,worker,/pscratch/sd/s/satt/sprints/data/converted_10M/mc_normalized_rntuple_10M_29.h5,21,0,1,2,0,3,24,0.125,12.5,1.0,2.0,3.0,47.61904761904762,95.23809523809524,142.85714285714286,0.00012183189392089844,4.061063130696615e-05,334.3444871902466,3.643903177370902e-07,3.643903177370902e-05
1182557,1182664,worker,/pscratch/sd/s/satt/sprints/a_star_campaign/h5/h5_tr_209.py,0,0,0,3,0,3,3,1.0,100.0,0.0,3.0,3.0,,,,5.1975250244140625e-05,1.7325083414713543e-05,334.3337984085083,1.554591563627506e-07,1.5545915636275057e-05
1182557,1182664,worker,/pscratch/sd/s/satt/sprints/data/converted_10M/mc_normalized_rntuple_10M_29.h5,19,0,1,2,0,3,22,0.13636363636363635,13.636363636363637,1.0,2.0,3.0,52.63157894736842,105.26315789473684,157.89473684210526,8.249282836914062e-05,2.7497609456380207e-05,334.3337984085083,2.467379270711546e-07,2.467379270711546e-05
1182557,1182665,worker,/pscratch/sd/s/satt/sprints/a_star_campaign/h5/h5_tr_209.py,0,0,0,3,0,3,3,1.0,100.0,0.0,3.0,3.0,,,,5.14984130859375e-05,1.71661376953125e-05,334.32926058769226,1.5403501624539926e-07,1.5403501624539925e-05
1182557,1182665,worker,/pscratch/sd/s/satt/sprints/data/converted_10M/mc_normalized_rntuple_10M_29.h5,23,0,1,2,0,3,26,0.11538461538461539,11.538461538461538,1.0,2.0,3.0,43.47826086956522,86.95652173913044,130.43478260869566,9.822845458984375e-05,3.2742818196614586e-05,334.32926058769226,2.938075309865949e-07,2.9380753098659487e-05
1182557,1182666,worker,/pscratch/sd/s/satt/sprints/a_star_campaign/h5/h5_tr_209.py,0,0,0,3,0,3,3,1.0,100.0,0.0,3.0,3.0,,,,5.817413330078125e-05,1.9391377766927082e-05,334.33093523979187,1.7400164677868373e-07,1.7400164677868373e-05
1182557,1182666,worker,/pscratch/sd/s/satt/sprints/data/converted_10M/mc_normalized_rntuple_10M_29.h5,21,0,1,2,0,3,24,0.125,12.5,1.0,2.0,3.0,47.61904761904762,95.23809523809524,142.85714285714286,7.939338684082031e-05,2.6464462280273438e-05,334.33093523979187,2.374694605627118e-07,2.374694605627118e-05
1182557,1182667,worker,/pscratch/sd/s/satt/sprints/a_star_campaign/h5/h5_tr_209.py,0,0,0,3,0,3,3,1.0,100.0,0.0,3.0,3.0,,,,6.461143493652344e-05,2.1537144978841145e-05,334.32180547714233,1.932612048571296e-07,1.932612048571296e-05
1182557,1182667,worker,/pscratch/sd/s/satt/sprints/data/converted_10M/mc_normalized_rntuple_10M_29.h5,21,0,1,2,0,3,24,0.125,12.5,1.0,2.0,3.0,47.61904761904762,95.23809523809524,142.85714285714286,9.298324584960938e-05,3.0994415283203125e-05,334.32180547714233,2.781249811597068e-07,2.7812498115970682e-05
1182557,1182668,worker,/pscratch/sd/s/satt/sprints/a_star_campaign/h5/h5_tr_209.py,0,0,0,3,0,3,3,1.0,100.0,0.0,3.0,3.0,,,,5.3882598876953125e-05,1.7960866292317707e-05,334.3283898830414,1.6116668672918552e-07,1.6116668672918552e-05
1182557,1182668,worker,/pscratch/sd/s/satt/sprints/data/converted_10M/mc_normalized_rntuple_10M_29.h5,19,0,1,2,0,3,22,0.13636363636363635,13.636363636363637,1.0,2.0,3.0,52.63157894736842,105.26315789473684,157.89473684210526,9.751319885253906e-05,3.250439961751302e-05,334.3283898830414,2.9166891536387995e-07,2.9166891536387997e-05
1182557,1182669,worker,/pscratch/sd/s/satt/sprints/a_star_campaign/h5/h5_tr_209.py,0,0,0,3,0,3,3,1.0,100.0,0.0,3.0,3.0,,,,5.3882598876953125e-05,1.7960866292317707e-05,334.3052091598511,1.6117786202723713e-07,1.6117786202723714e-05
1182557,1182669,worker,/pscratch/sd/s/satt/sprints/data/converted_10M/mc_normalized_rntuple_10M_29.h5,21,0,1,2,0,3,24,0.125,12.5,1.0,2.0,3.0,47.61904761904762,95.23809523809524,142.85714285714286,0.000110626220703125,3.6875406901041664e-05,334.3052091598511,3.3091384062229213e-07,3.3091384062229216e-05
1182557,1182670,worker,/pscratch/sd/s/satt/sprints/a_star_campaign/h5/h5_tr_209.py,0,0,0,3,0,3,3,1.0,100.0,0.0,3.0,3.0,,,,5.602836608886719e-05,1.8676122029622395e-05,334.29951763153076,1.6759930282227441e-07,1.675993028222744e-05
1182557,1182670,worker,/pscratch/sd/s/satt/sprints/data/converted_10M/mc_normalized_rntuple_10M_29.h5,21,0,1,2,0,3,24,0.125,12.5,1.0,2.0,3.0,47.61904761904762,95.23809523809524,142.85714285714286,0.00010251998901367188,3.417332967122396e-05,334.29951763153076,3.0667106473862975e-07,3.066710647386298e-05
1182557,1182671,worker,/pscratch/sd/s/satt/sprints/a_star_campaign/h5/h5_tr_209.py,0,0,0,3,0,3,3,1.0,100.0,0.0,3.0,3.0,,,,5.936622619628906e-05,1.9788742065429688e-05,334.29477763175964,1.775864601201864e-07,1.775864601201864e-05
1182557,1182671,worker,/pscratch/sd/s/satt/sprints/data/converted_10M/mc_normalized_rntuple_10M_29.h5,19,0,1,2,0,3,22,0.13636363636363635,13.636363636363637,1.0,2.0,3.0,52.63157894736842,105.26315789473684,157.89473684210526,0.00011658668518066406,3.886222839355469e-05,334.29477763175964,3.487541325251853e-07,3.487541325251853e-05
1182557,1182672,worker,/pscratch/sd/s/satt/sprints/a_star_campaign/h5/h5_tr_209.py,0,0,0,3,0,3,3,1.0,100.0,0.0,3.0,3.0,,,,5.245208740234375e-05,1.7484029134114582e-05,334.29243683815,1.5690479838088226e-07,1.5690479838088226e-05
1182557,1182672,worker,/pscratch/sd/s/satt/sprints/data/converted_10M/mc_normalized_rntuple_10M_29.h5,21,0,1,2,0,3,24,0.125,12.5,1.0,2.0,3.0,47.61904761904762,95.23809523809524,142.85714285714286,0.00010275840759277344,3.425280253092448e-05,334.29243683815,3.0739076410072844e-07,3.073907641007285e-05
1182557,1182673,worker,/pscratch/sd/s/satt/sprints/a_star_campaign/h5/h5_tr_209.py,0,0,0,3,0,3,3,1.0,100.0,0.0,3.0,3.0,,,,6.389617919921875e-05,2.1298726399739582e-05,334.2820873260498,1.9114449030257527e-07,1.9114449030257526e-05
1182557,1182673,worker,/pscratch/sd/s/satt/sprints/data/converted_10M/mc_normalized_rntuple_10M_29.h5,21,0,1,2,0,3,24,0.125,12.5,1.0,2.0,3.0,47.61904761904762,95.23809523809524,142.85714285714286,9.775161743164062e-05,3.258387247721354e-05,334.2820873260498,2.924225411345368e-07,2.924225411345368e-05
1182557,1182674,worker,/pscratch/sd/s/satt/sprints/a_star_campaign/h5/h5_tr_209.py,0,0,0,3,0,3,3,1.0,100.0,0.0,3.0,3.0,,,,5.316734313964844e-05,1.7722447713216145e-05,334.27685809135437,1.590518214249769e-07,1.590518214249769e-05
1182557,1182674,worker,/pscratch/sd/s/satt/sprints/data/converted_10M/mc_normalized_rntuple_10M_29.h5,19,0,1,2,0,3,22,0.13636363636363635,13.636363636363637,1.0,2.0,3.0,52.63157894736842,105.26315789473684,157.89473684210526,9.942054748535156e-05,3.314018249511719e-05,334.27685809135437,2.97419773696033e-07,2.9741977369603302e-05
1182557,1182675,worker,/pscratch/sd/s/satt/sprints/a_star_campaign/h5/h5_tr_209.py,0,0,0,3,0,3,3,1.0,100.0,0.0,3.0,3.0,,,,5.1021575927734375e-05,1.7007191975911457e-05,334.2756316661835,1.526332496132589e-07,1.526332496132589e-05
1182557,1182675,worker,/pscratch/sd/s/satt/sprints/data/converted_10M/mc_normalized_rntuple_10M_29.h5,21,0,1,2,0,3,24,0.125,12.5,1.0,2.0,3.0,47.61904761904762,95.23809523809524,142.85714285714286,0.0001087188720703125,3.62396240234375e-05,334.2756316661835,3.252372047833928e-07,3.252372047833928e-05
1182557,1182676,worker,/pscratch/sd/s/satt/sprints/a_star_campaign/h5/h5_tr_209.py,0,0,0,3,0,3,3,1.0,100.0,0.0,3.0,3.0,,,,5.14984130859375e-05,1.71661376953125e-05,334.2740786075592,1.540604443529021e-07,1.540604443529021e-05
1182557,1182676,worker,/pscratch/sd/s/satt/sprints/data/converted_10M/mc_normalized_rntuple_10M_29.h5,21,0,1,2,0,3,24,0.125,12.5,1.0,2.0,3.0,47.61904761904762,95.23809523809524,142.85714285714286,8.916854858398438e-05,2.9722849527994793e-05,334.2740786075592,2.667528064258583e-07,2.667528064258583e-05
1182557,1182677,worker,/pscratch/sd/s/satt/sprints/a_star_campaign/h5/h5_tr_209.py,0,0,0,3,0,3,3,1.0,100.0,0.0,3.0,3.0,,,,5.7220458984375e-05,1.9073486328125e-05,334.25882506370544,1.7118608304049868e-07,1.7118608304049867e-05
1182557,1182677,worker,/pscratch/sd/s/satt/sprints/data/converted_10M/mc_normalized_rntuple_10M_29.h5,19,0,1,2,0,3,22,0.13636363636363635,13.636363636363637,1.0,2.0,3.0,52.63157894736842,105.26315789473684,157.89473684210526,0.00010752677917480469,3.58422597249349e-05,334.25882506370544,3.2168718104693707e-07,3.216871810469371e-05
1182557,1182678,worker,/pscratch/sd/s/satt/sprints/a_star_campaign/h5/h5_tr_209.py,0,0,0,3,0,3,3,1.0,100.0,0.0,3.0,3.0,,,,5.602836608886719e-05,1.8676122029622395e-05,334.25417852401733,1.6762203642830855e-07,1.6762203642830856e-05
1182557,1182678,worker,/pscratch/sd/s/satt/sprints/data/converted_10M/mc_normalized_rntuple_10M_29.h5,21,0,1,2,0,3,24,0.125,12.5,1.0,2.0,3.0,47.61904761904762,95.23809523809524,142.85714285714286,0.00010967254638671875,3.6557515462239586e-05,334.25417852401733,3.2811122024264653e-07,3.2811122024264657e-05
1182557,1182679,worker,/pscratch/sd/s/satt/sprints/a_star_campaign/h5/h5_tr_209.py,0,0,0,3,0,3,3,1.0,100.0,0.0,3.0,3.0,,,,4.9591064453125e-05,1.6530354817708332e-05,334.2523407936096,1.4836415007709978e-07,1.4836415007709979e-05
1182557,1182679,worker,/pscratch/sd/s/satt/sprints/data/converted_10M/mc_normalized_rntuple_10M_29.h5,21,0,1,2,0,3,24,0.125,12.5,1.0,2.0,3.0,47.61904761904762,95.23809523809524,142.85714285714286,0.00010824203491210938,3.608067830403646e-05,334.2523407936096,3.238332891105928e-07,3.238332891105928e-05
1182557,1182680,worker,/pscratch/sd/s/satt/sprints/a_star_campaign/h5/h5_tr_209.py,0,0,0,3,0,3,3,1.0,100.0,0.0,3.0,3.0,,,,7.724761962890625e-05,2.574920654296875e-05,334.24188804626465,2.3111292268135433e-07,2.3111292268135433e-05
1182557,1182680,worker,/pscratch/sd/s/satt/sprints/data/converted_10M/mc_normalized_rntuple_10M_29.h5,19,0,1,2,0,3,22,0.13636363636363635,13.636363636363637,1.0,2.0,3.0,52.63157894736842,105.26315789473684,157.89473684210526,9.942054748535156e-05,3.314018249511719e-05,334.24188804626465,2.974508912287801e-07,2.974508912287801e-05
1182557,1182681,worker,/pscratch/sd/s/satt/sprints/a_star_campaign/h5/h5_tr_209.py,0,0,0,3,0,3,3,1.0,100.0,0.0,3.0,3.0,,,,5.340576171875e-05,1.7801920572916668e-05,334.23985505104065,1.597827455693295e-07,1.597827455693295e-05
1182557,1182681,worker,/pscratch/sd/s/satt/sprints/data/converted_10M/mc_normalized_rntuple_10M_29.h5,21,0,1,2,0,3,24,0.125,12.5,1.0,2.0,3.0,47.61904761904762,95.23809523809524,142.85714285714286,9.107589721679688e-05,3.0358632405598957e-05,334.23985505104065,2.7248664646198155e-07,2.7248664646198156e-05
1182557,1182682,worker,/pscratch/sd/s/satt/sprints/a_star_campaign/h5/h5_tr_209.py,0,0,0,3,0,3,3,1.0,100.0,0.0,3.0,3.0,,,,5.221366882324219e-05,1.7404556274414062e-05,334.23916602134705,1.5621648846475228e-07,1.5621648846475228e-05
1182557,1182682,worker,/pscratch/sd/s/satt/sprints/data/converted_10M/mc_normalized_rntuple_10M_29.h5,21,0,1,2,0,3,24,0.125,12.5,1.0,2.0,3.0,47.61904761904762,95.23809523809524,142.85714285714286,0.00011682510375976562,3.894170125325521e-05,334.23916602134705,3.4952547647364667e-07,3.4952547647364666e-05
1182557,1182683,worker,/pscratch/sd/s/satt/sprints/a_star_campaign/h5/h5_tr_209.py,0,0,0,3,0,3,3,1.0,100.0,0.0,3.0,3.0,,,,4.9591064453125e-05,1.6530354817708332e-05,334.22556614875793,1.483760354558062e-07,1.4837603545580618e-05
1182557,1182683,worker,/pscratch/sd/s/satt/sprints/data/converted_10M/mc_normalized_rntuple_10M_29.h5,19,0,1,2,0,3,22,0.13636363636363635,13.636363636363637,1.0,2.0,3.0,52.63157894736842,105.26315789473684,157.89473684210526,0.00012111663818359375,4.0372212727864586e-05,334.22556614875793,3.6237993274783434e-07,3.623799327478343e-05
1182557,1182684,worker,/pscratch/sd/s/satt/sprints/a_star_campaign/h5/h5_tr_209.py,0,0,0,3,0,3,3,1.0,100.0,0.0,3.0,3.0,,,,5.888938903808594e-05,1.9629796346028645e-05,334.2243616580963,1.7619717708767263e-07,1.7619717708767263e-05
1182557,1182684,worker,/pscratch/sd/s/satt/sprints/data/converted_10M/mc_normalized_rntuple_10M_29.h5,21,0,1,2,0,3,24,0.125,12.5,1.0,2.0,3.0,47.61904761904762,95.23809523809524,142.85714285714286,0.00011467933654785156,3.822644551595052e-05,334.2243616580963,3.4312081853915195e-07,3.431208185391519e-05
1182557,1182685,worker,/pscratch/sd/s/satt/sprints/a_star_campaign/h5/h5_tr_209.py,0,0,0,3,0,3,3,1.0,100.0,0.0,3.0,3.0,,,,5.459785461425781e-05,1.819928487141927e-05,334.21715927124023,1.633604173206077e-07,1.633604173206077e-05
1182557,1182685,worker,/pscratch/sd/s/satt/sprints/data/converted_10M/mc_normalized_rntuple_10M_29.h5,21,0,1,2,0,3,24,0.125,12.5,1.0,2.0,3.0,47.61904761904762,95.23809523809524,142.85714285714286,9.608268737792969e-05,3.20275624593099e-05,334.21715927124023,2.874857999135585e-07,2.8748579991355852e-05
1182557,1182686,worker,/pscratch/sd/s/satt/sprints/a_star_campaign/h5/h5_tr_209.py,0,0,0,3,0,3,3,1.0,100.0,0.0,3.0,3.0,,,,5.316734313964844e-05,1.7722447713216145e-05,334.20795011520386,1.590846151963808e-07,1.590846151963808e-05
1182557,1182686,worker,/pscratch/sd/s/satt/sprints/data/converted_10M/mc_normalized_rntuple_10M_29.h5,23,0,1,2,0,3,26,0.11538461538461539,11.538461538461538,1.0,2.0,3.0,43.47826086956522,86.95652173913044,130.43478260869566,0.000118255615234375,3.9418538411458336e-05,334.20795011520386,3.53838426625134e-07,3.53838426625134e-05
1182557,1182687,worker,/pscratch/sd/s/satt/sprints/a_star_campaign/h5/h5_tr_209.py,0,0,0,3,0,3,3,1.0,100.0,0.0,3.0,3.0,,,,4.9591064453125e-05,1.6530354817708332e-05,334.202517747879,1.4838626826425134e-07,1.4838626826425135e-05
1182557,1182687,worker,/pscratch/sd/s/satt/sprints/data/converted_10M/mc_normalized_rntuple_10M_29.h5,19,0,1,2,0,3,22,0.13636363636363635,13.636363636363637,1.0,2.0,3.0,52.63157894736842,105.26315789473684,157.89473684210526,0.00011897087097167969,3.96569569905599e-05,334.202517747879,3.55984364730103e-07,3.55984364730103e-05
1182557,1182688,worker,/pscratch/sd/s/satt/sprints/a_star_campaign/h5/h5_tr_209.py,0,0,0,3,0,3,3,1.0,100.0,0.0,3.0,3.0,,,,7.510185241699219e-05,2.5033950805664062e-05,334.1956419944763,2.2472421234695062e-07,2.247242123469506e-05
1182557,1182688,worker,/pscratch/sd/s/satt/sprints/data/converted_10M/mc_normalized_rntuple_10M_29.h5,21,0,1,2,0,3,24,0.125,12.5,1.0,2.0,3.0,47.61904761904762,95.23809523809524,142.85714285714286,0.00010800361633300781,3.600120544433594e-05,334.1956419944763,3.231748196608528e-07,3.231748196608528e-05
1182557,1182689,worker,/pscratch/sd/s/satt/sprints/a_star_campaign/h5/h5_tr_209.py,0,0,0,3,0,3,3,1.0,100.0,0.0,3.0,3.0,,,,5.459785461425781e-05,1.819928487141927e-05,334.1933569908142,1.6337205235278964e-07,1.6337205235278963e-05
1182557,1182689,worker,/pscratch/sd/s/satt/sprints/data/converted_10M/mc_normalized_rntuple_10M_29.h5,21,0,1,2,0,3,24,0.125,12.5,1.0,2.0,3.0,47.61904761904762,95.23809523809524,142.85714285714286,0.0001361370086669922,4.53790028889974e-05,334.1933569908142,4.073600082683095e-07,4.073600082683095e-05
1182557,1182690,worker,/pscratch/sd/s/satt/sprints/a_star_campaign/h5/h5_tr_209.py,0,0,0,3,0,3,3,1.0,100.0,0.0,3.0,3.0,,,,5.1975250244140625e-05,1.7325083414713543e-05,334.1837885379791,1.5552893954409691e-07,1.5552893954409693e-05
1182557,1182690,worker,/pscratch/sd/s/satt/sprints/data/converted_10M/mc_normalized_rntuple_10M_29.h5,19,0,1,2,0,3,22,0.13636363636363635,13.636363636363637,1.0,2.0,3.0,52.63157894736842,105.26315789473684,157.89473684210526,0.0001285076141357422,4.283587137858073e-05,334.1837885379791,3.8454173584526717e-07,3.845417358452672e-05
1182557,1182691,worker,/pscratch/sd/s/satt/sprints/a_star_campaign/h5/h5_tr_209.py,0,0,0,3,0,3,3,1.0,100.0,0.0,3.0,3.0,,,,5.245208740234375e-05,1.7484029134114582e-05,334.19249510765076,1.5695172144858543e-07,1.5695172144858543e-05
1182557,1182691,worker,/pscratch/sd/s/satt/sprints/data/converted_10M/mc_normalized_rntuple_10M_29.h5,21,0,1,2,0,3,24,0.125,12.5,1.0,2.0,3.0,47.61904761904762,95.23809523809524,142.85714285714286,0.00011920928955078125,3.9736429850260414e-05,334.19249510765076,3.5670845783769413e-07,3.567084578376941e-05
1182557,1182692,worker,/pscratch/sd/s/satt/sprints/a_star_campaign/h5/h5_tr_209.py,0,0,0,3,0,3,3,1.0,100.0,0.0,3.0,3.0,,,,5.626678466796875e-05,1.8755594889322918e-05,334.1697313785553,1.6837786126185206e-07,1.6837786126185204e-05
1182557,1182692,worker,/pscratch/sd/s/satt/sprints/data/converted_10M/mc_normalized_rntuple_10M_29.h5,21,0,1,2,0,3,24,0.125,12.5,1.0,2.0,3.0,47.61904761904762,95.23809523809524,142.85714285714286,0.0001068115234375,3.5603841145833336e-05,334.1697313785553,3.1963255019199034e-07,3.1963255019199035e-05
1182557,1182693,worker,/pscratch/sd/s/satt/sprints/a_star_campaign/h5/h5_tr_209.py,0,0,0,3,0,3,3,1.0,100.0,0.0,3.0,3.0,,,,5.4836273193359375e-05,1.8278757731119793e-05,334.16724610328674,1.6409828860489275e-07,1.6409828860489275e-05
1182557,1182693,worker,/pscratch/sd/s/satt/sprints/data/converted_10M/mc_normalized_rntuple_10M_29.h5,19,0,1,2,0,3,22,0.13636363636363635,13.636363636363637,1.0,2.0,3.0,52.63157894736842,105.26315789473684,157.89473684210526,0.0001227855682373047,4.092852274576823e-05,334.16724610328674,3.6743747231095554e-07,3.674374723109555e-05
1182557,1182694,worker,/pscratch/sd/s/satt/sprints/a_star_campaign/h5/h5_tr_209.py,0,0,0,3,0,3,3,1.0,100.0,0.0,3.0,3.0,,,,5.1975250244140625e-05,1.7325083414713543e-05,334.16500329971313,1.555376826744599e-07,1.555376826744599e-05
1182557,1182694,worker,/pscratch/sd/s/satt/sprints/data/converted_10M/mc_normalized_rntuple_10M_29.h5,21,0,1,2,0,3,24,0.125,12.5,1.0,2.0,3.0,47.61904761904762,95.23809523809524,142.85714285714286,0.0001010894775390625,3.3696492513020836e-05,334.16500329971313,3.025136580457385e-07,3.025136580457385e-05
1182557,1182695,worker,/pscratch/sd/s/satt/sprints/a_star_campaign/h5/h5_tr_209.py,0,0,0,3,0,3,3,1.0,100.0,0.0,3.0,3.0,,,,5.125999450683594e-05,1.708666483561198e-05,334.1631488800049,1.5339810711815792e-07,1.533981071181579e-05
1182557,1182695,worker,/pscratch/sd/s/satt/sprints/data/converted_10M/mc_normalized_rntuple_10M_29.h5,21,0,1,2,0,3,24,0.125,12.5,1.0,2.0,3.0,47.61904761904762,95.23809523809524,142.85714285714286,0.00011134147644042969,3.711382548014323e-05,334.1631488800049,3.331949582519988e-07,3.331949582519988e-05
1182557,1182696,worker,/pscratch/sd/s/satt/sprints/a_star_campaign/h5/h5_tr_209.py,0,0,0,3,0,3,3,1.0,100.0,0.0,3.0,3.0,,,,4.792213439941406e-05,1.5974044799804688e-05,334.1499300003052,1.4341506640258848e-07,1.4341506640258848e-05
1182557,1182696,worker,/pscratch/sd/s/satt/sprints/data/converted_10M/mc_normalized_rntuple_10M_29.h5,19,0,1,2,0,3,22,0.13636363636363635,13.636363636363637,1.0,2.0,3.0,52.63157894736842,105.26315789473684,157.89473684210526,0.00015091896057128906,5.030632019042969e-05,334.1499300003052,4.5165043299919657e-07,4.516504329991966e-05
1182557,1182697,worker,/pscratch/sd/s/satt/sprints/a_star_campaign/h5/h5_tr_209.py,0,0,0,3,0,3,3,1.0,100.0,0.0,3.0,3.0,,,,5.054473876953125e-05,1.6848246256510418e-05,334.1439664363861,1.5126635177221998e-07,1.5126635177221999e-05
1182557,1182697,worker,/pscratch/sd/s/satt/sprints/data/converted_10M/mc_normalized_rntuple_10M_29.h5,21,0,1,2,0,3,24,0.125,12.5,1.0,2.0,3.0,47.61904761904762,95.23809523809524,142.85714285714286,0.00010895729064941406,3.631909688313802e-05,334.1439664363861,3.260788809429459e-07,3.260788809429459e-05
1182557,1182698,worker,/pscratch/sd/s/satt/sprints/a_star_campaign/h5/h5_tr_209.py,0,0,0,3,0,3,3,1.0,100.0,0.0,3.0,3.0,,,,5.3882598876953125e-05,1.7960866292317707e-05,334.14073300361633,1.6125719960149237e-07,1.6125719960149236e-05
1182557,1182698,worker,/pscratch/sd/s/satt/sprints/data/converted_10M/mc_normalized_rntuple_10M_29.h5,21,0,1,2,0,3,24,0.125,12.5,1.0,2.0,3.0,47.61904761904762,95.23809523809524,142.85714285714286,0.00010585784912109375,3.528594970703125e-05,334.14073300361633,3.1680617974806466e-07,3.168061797480646e-05
1182557,1182699,worker,/pscratch/sd/s/satt/sprints/a_star_campaign/h5/h5_tr_209.py,0,0,0,3,0,3,3,1.0,100.0,0.0,3.0,3.0,,,,5.316734313964844e-05,1.7722447713216145e-05,334.1317210197449,1.5912090889600577e-07,1.5912090889600577e-05
1182557,1182699,worker,/pscratch/sd/s/satt/sprints/data/converted_10M/mc_normalized_rntuple_10M_29.h5,19,0,1,2,0,3,22,0.13636363636363635,13.636363636363637,1.0,2.0,3.0,52.63157894736842,105.26315789473684,157.89473684210526,0.0001361370086669922,4.53790028889974e-05,334.1317210197449,4.074351523749744e-07,4.074351523749744e-05
1182557,1182700,worker,/pscratch/sd/s/satt/sprints/a_star_campaign/h5/h5_tr_209.py,0,0,0,3,0,3,3,1.0,100.0,0.0,3.0,3.0,,,,5.173683166503906e-05,1.724561055501302e-05,334.12553358078003,1.548424962036937e-07,1.548424962036937e-05
1182557,1182700,worker,/pscratch/sd/s/satt/sprints/data/converted_10M/mc_normalized_rntuple_10M_29.h5,21,0,1,2,0,3,24,0.125,12.5,1.0,2.0,3.0,47.61904761904762,95.23809523809524,142.85714285714286,0.00014209747314453125,4.7365824381510414e-05,334.12553358078003,4.25281694642403e-07,4.25281694642403e-05
1182557,1182701,worker,/pscratch/sd/s/satt/sprints/a_star_campaign/h5/h5_tr_209.py,0,0,0,3,0,3,3,1.0,100.0,0.0,3.0,3.0,,,,5.3882598876953125e-05,1.7960866292317707e-05,334.1237826347351,1.6126538030924218e-07,1.6126538030924217e-05
1182557,1182701,worker,/pscratch/sd/s/satt/sprints/data/converted_10M/mc_normalized_rntuple_10M_29.h5,21,0,1,2,0,3,24,0.125,12.5,1.0,2.0,3.0,47.61904761904762,95.23809523809524,142.85714285714286,0.00010132789611816406,3.377596537272135e-05,334.1237826347351,3.032645426169377e-07,3.0326454261693773e-05
1182557,1182702,worker,/pscratch/sd/s/satt/sprints/a_star_campaign/h5/h5_tr_209.py,0,0,0,3,0,3,3,1.0,100.0,0.0,3.0,3.0,,,,5.698204040527344e-05,1.899401346842448e-05,334.1141548156738,1.7054662181765284e-07,1.7054662181765285e-05
1182557,1182702,worker,/pscratch/sd/s/satt/sprints/data/converted_10M/mc_normalized_rntuple_10M_29.h5,19,0,1,2,0,3,22,0.13636363636363635,13.636363636363637,1.0,2.0,3.0,52.63157894736842,105.26315789473684,157.89473684210526,0.00015020370483398438,5.0067901611328125e-05,334.1141548156738,4.4955804077456604e-07,4.495580407745661e-05
1182557,1182703,worker,/pscratch/sd/s/satt/sprints/a_star_campaign/h5/h5_tr_209.py,0,0,0,3,0,3,3,1.0,100.0,0.0,3.0,3.0,,,,5.14984130859375e-05,1.71661376953125e-05,334.1131639480591,1.5413464251873475e-07,1.5413464251873476e-05
1182557,1182703,worker,/pscratch/sd/s/satt/sprints/data/converted_10M/mc_normalized_rntuple_10M_29.h5,21,0,1,2,0,3,24,0.125,12.5,1.0,2.0,3.0,47.61904761904762,95.23809523809524,142.85714285714286,9.5367431640625e-05,3.1789143880208336e-05,334.1131639480591,2.854345231828421e-07,2.854345231828421e-05
1182557,1182704,worker,/pscratch/sd/s/satt/sprints/a_star_campaign/h5/h5_tr_209.py,0,0,0,3,0,3,3,1.0,100.0,0.0,3.0,3.0,,,,5.364418029785156e-05,1.7881393432617188e-05,334.10285091400146,1.6056187533598642e-07,1.6056187533598642e-05
1182557,1182704,worker,/pscratch/sd/s/satt/sprints/data/converted_10M/mc_normalized_rntuple_10M_29.h5,21,0,1,2,0,3,24,0.125,12.5,1.0,2.0,3.0,47.61904761904762,95.23809523809524,142.85714285714286,8.273124694824219e-05,2.757708231608073e-05,334.10285091400146,2.476220921848324e-07,2.476220921848324e-05
1182557,1182705,worker,/pscratch/sd/s/satt/sprints/a_star_campaign/h5/h5_tr_209.py,0,0,0,3,0,3,3,1.0,100.0,0.0,3.0,3.0,,,,5.2928924560546875e-05,1.7642974853515625e-05,334.09601879119873,1.5842428997523036e-07,1.5842428997523034e-05
1182557,1182705,worker,/pscratch/sd/s/satt/sprints/data/converted_10M/mc_normalized_rntuple_10M_29.h5,19,0,1,2,0,3,22,0.13636363636363635,13.636363636363637,1.0,2.0,3.0,52.63157894736842,105.26315789473684,157.89473684210526,0.00011563301086425781,3.85443369547526e-05,334.09601879119873,3.461071199909312e-07,3.4610711999093116e-05
1182557,1182706,worker,/pscratch/sd/s/satt/sprints/a_star_campaign/h5/h5_tr_209.py,0,0,0,3,0,3,3,1.0,100.0,0.0,3.0,3.0,,,,5.1975250244140625e-05,1.7325083414713543e-05,334.09928703308105,1.5556827644171016e-07,1.5556827644171017e-05
1182557,1182706,worker,/pscratch/sd/s/satt/sprints/data/converted_10M/mc_normalized_rntuple_10M_29.h5,21,0,1,2,0,3,24,0.125,12.5,1.0,2.0,3.0,47.61904761904762,95.23809523809524,142.85714285714286,9.989738464355469e-05,3.329912821451823e-05,334.09928703308105,2.990050817847549e-07,2.9900508178475485e-05
1182557,1182707,worker,/pscratch/sd/s/satt/sprints/a_star_campaign/h5/h5_tr_209.py,0,0,0,3,0,3,3,1.0,100.0,0.0,3.0,3.0,,,,5.2928924560546875e-05,1.7642974853515625e-05,334.09721159935,1.5842372436205586e-07,1.5842372436205586e-05
1182557,1182707,worker,/pscratch/sd/s/satt/sprints/data/converted_10M/mc_normalized_rntuple_10M_29.h5,23,0,1,2,0,3,26,0.11538461538461539,11.538461538461538,1.0,2.0,3.0,43.47826086956522,86.95652173913044,130.43478260869566,9.1552734375e-05,3.0517578125e-05,334.09721159935,2.740302259235561e-07,2.740302259235561e-05
1182557,1182708,worker,/pscratch/sd/s/satt/sprints/a_star_campaign/h5/h5_tr_209.py,0,0,0,3,0,3,3,1.0,100.0,0.0,3.0,3.0,,,,5.5789947509765625e-05,1.8596649169921875e-05,334.07798743247986,1.6699677802339871e-07,1.6699677802339873e-05
1182557,1182708,worker,/pscratch/sd/s/satt/sprints/data/converted_10M/mc_normalized_rntuple_10M_29.h5,21,0,1,2,0,3,24,0.125,12.5,1.0,2.0,3.0,47.61904761904762,95.23809523809524,142.85714285714286,0.00010609626770019531,3.536542256673177e-05,334.07798743247986,3.1757934282227535e-07,3.175793428222753e-05
1182557,1182709,worker,/pscratch/sd/s/satt/sprints/a_star_campaign/h5/h5_tr_209.py,0,0,0,3,0,3,3,1.0,100.0,0.0,3.0,3.0,,,,5.793571472167969e-05,1.9311904907226562e-05,334.0731587409973,1.7342223763207662e-07,1.734222376320766e-05
1182557,1182709,worker,/pscratch/sd/s/satt/sprints/data/converted_10M/mc_normalized_rntuple_10M_29.h5,19,0,1,2,0,3,22,0.13636363636363635,13.636363636363637,1.0,2.0,3.0,52.63157894736842,105.26315789473684,157.89473684210526,0.00010538101196289062,3.512700398763021e-05,334.0731587409973,3.154429178328307e-07,3.154429178328307e-05
1182557,1182710,worker,/pscratch/sd/s/satt/sprints/a_star_campaign/h5/h5_tr_209.py,0,0,0,3,0,3,3,1.0,100.0,0.0,3.0,3.0,,,,5.1975250244140625e-05,1.7325083414713543e-05,334.06699895858765,1.5558331234802304e-07,1.55583312348023e-05
1182557,1182710,worker,/pscratch/sd/s/satt/sprints/data/converted_10M/mc_normalized_rntuple_10M_29.h5,21,0,1,2,0,3,24,0.125,12.5,1.0,2.0,3.0,47.61904761904762,95.23809523809524,142.85714285714286,8.249282836914062e-05,2.7497609456380207e-05,334.06699895858765,2.469349819835595e-07,2.4693498198355947e-05
1182557,1182711,worker,/pscratch/sd/s/satt/sprints/a_star_campaign/h5/h5_tr_209.py,0,0,0,3,0,3,3,1.0,100.0,0.0,3.0,3.0,,,,5.173683166503906e-05,1.724561055501302e-05,334.0641932487488,1.5487092813480645e-07,1.5487092813480645e-05
1182557,1182711,worker,/pscratch/sd/s/satt/sprints/data/converted_10M/mc_normalized_rntuple_10M_29.h5,21,0,1,2,0,3,24,0.125,12.5,1.0,2.0,3.0,47.61904761904762,95.23809523809524,142.85714285714286,9.441375732421875e-05,3.147125244140625e-05,334.0641932487488,2.8262160157319515e-07,2.8262160157319517e-05
1182557,1182712,worker,/pscratch/sd/s/satt/sprints/a_star_campaign/h5/h5_tr_209.py,0,0,0,3,0,3,3,1.0,100.0,0.0,3.0,3.0,,,,5.459785461425781e-05,1.819928487141927e-05,334.0585503578186,1.6343797982652042e-07,1.6343797982652042e-05
1182557,1182712,worker,/pscratch/sd/s/satt/sprints/data/converted_10M/mc_normalized_rntuple_10M_29.h5,19,0,1,2,0,3,22,0.13636363636363635,13.636363636363637,1.0,2.0,3.0,52.63157894736842,105.26315789473684,157.89473684210526,9.512901306152344e-05,3.170967102050781e-05,334.0585503578186,2.847674845012299e-07,2.847674845012299e-05
1182557,1182713,worker,/pscratch/sd/s/satt/sprints/a_star_campaign/h5/h5_tr_209.py,0,0,0,3,0,3,3,1.0,100.0,0.0,3.0,3.0,,,,5.221366882324219e-05,1.7404556274414062e-05,334.04878187179565,1.5630552080049564e-07,1.5630552080049565e-05
1182557,1182713,worker,/pscratch/sd/s/satt/sprints/data/converted_10M/mc_normalized_rntuple_10M_29.h5,21,0,1,2,0,3,24,0.125,12.5,1.0,2.0,3.0,47.61904761904762,95.23809523809524,142.85714285714286,9.512901306152344e-05,3.170967102050781e-05,334.04878187179565,2.847758118693962e-07,2.8477581186939617e-05
1182557,1182714,worker,/pscratch/sd/s/satt/sprints/a_star_campaign/h5/h5_tr_209.py,0,0,0,3,0,3,3,1.0,100.0,0.0,3.0,3.0,,,,5.221366882324219e-05,1.7404556274414062e-05,334.046756029129,1.5630646872286684e-07,1.5630646872286684e-05
1182557,1182714,worker,/pscratch/sd/s/satt/sprints/data/converted_10M/mc_normalized_rntuple_10M_29.h5,21,0,1,2,0,3,24,0.125,12.5,1.0,2.0,3.0,47.61904761904762,95.23809523809524,142.85714285714286,0.00011157989501953125,3.719329833984375e-05,334.046756029129,3.340247824762634e-07,3.340247824762634e-05
1182557,1182715,worker,/pscratch/sd/s/satt/sprints/a_star_campaign/h5/h5_tr_209.py,0,0,0,3,0,3,3,1.0,100.0,0.0,3.0,3.0,,,,5.340576171875e-05,1.7801920572916668e-05,334.0368356704712,1.5987985759581024e-07,1.5987985759581023e-05
1182557,1182715,worker,/pscratch/sd/s/satt/sprints/data/converted_10M/mc_normalized_rntuple_10M_29.h5,19,0,1,2,0,3,22,0.13636363636363635,13.636363636363637,1.0,2.0,3.0,52.63157894736842,105.26315789473684,157.89473684210526,9.679794311523438e-05,3.226598103841146e-05,334.0368356704712,2.8978224189240604e-07,2.8978224189240607e-05
1182557,1182716,worker,/pscratch/sd/s/satt/sprints/a_star_campaign/h5/h5_tr_209.py,0,0,0,3,0,3,3,1.0,100.0,0.0,3.0,3.0,,,,5.14984130859375e-05,1.71661376953125e-05,334.0317120552063,1.5417222744835144e-07,1.5417222744835145e-05
1182557,1182716,worker,/pscratch/sd/s/satt/sprints/data/converted_10M/mc_normalized_rntuple_10M_29.h5,21,0,1,2,0,3,24,0.125,12.5,1.0,2.0,3.0,47.61904761904762,95.23809523809524,142.85714285714286,0.00011420249938964844,3.806749979654948e-05,334.0317120552063,3.418911895729645e-07,3.4189118957296454e-05
1182557,1182717,worker,/pscratch/sd/s/satt/sprints/a_star_campaign/h5/h5_tr_209.py,0,0,0,3,0,3,3,1.0,100.0,0.0,3.0,3.0,,,,5.412101745605469e-05,1.804033915201823e-05,334.03230571746826,1.62023302925171e-07,1.62023302925171e-05
1182557,1182717,worker,/pscratch/sd/s/satt/sprints/data/converted_10M/mc_normalized_rntuple_10M_29.h5,21,0,1,2,0,3,24,0.125,12.5,1.0,2.0,3.0,47.61904761904762,95.23809523809524,142.85714285714286,8.893013000488281e-05,2.964337666829427e-05,334.03230571746826,2.6623212330876113e-07,2.6623212330876117e-05
1182557,1182718,worker,/pscratch/sd/s/satt/sprints/a_star_campaign/h5/h5_tr_209.py,0,0,0,3,0,3,3,1.0,100.0,0.0,3.0,3.0,,,,5.364418029785156e-05,1.7881393432617188e-05,334.02270793914795,1.6060039938250074e-07,1.6060039938250073e-05
1182557,1182718,worker,/pscratch/sd/s/satt/sprints/data/converted_10M/mc_normalized_rntuple_10M_29.h5,19,0,1,2,0,3,22,0.13636363636363635,13.636363636363637,1.0,2.0,3.0,52.63157894736842,105.26315789473684,157.89473684210526,8.702278137207031e-05,2.9007593790690105e-05,334.02270793914795,2.6052953677605675e-07,2.6052953677605678e-05
1182557,1182719,worker,/pscratch/sd/s/satt/sprints/a_star_campaign/h5/h5_tr_209.py,0,0,0,3,0,3,3,1.0,100.0,0.0,3.0,3.0,,,,5.4836273193359375e-05,1.8278757731119793e-05,334.01306104660034,1.6417403864847313e-07,1.6417403864847312e-05
1182557,1182719,worker,/pscratch/sd/s/satt/sprints/data/converted_10M/mc_normalized_rntuple_10M_29.h5,21,0,1,2,0,3,24,0.125,12.5,1.0,2.0,3.0,47.61904761904762,95.23809523809524,142.85714285714286,8.511543273925781e-05,2.8371810913085938e-05,334.01306104660034,2.5482665998915175e-07,2.5482665998915174e-05
1182557,1182720,worker,/pscratch/sd/s/satt/sprints/a_star_campaign/h5/h5_tr_209.py,0,0,0,3,0,3,3,1.0,100.0,0.0,3.0,3.0,,,,5.173683166503906e-05,1.724561055501302e-05,334.01565742492676,1.548934324333805e-07,1.548934324333805e-05
1182557,1182720,worker,/pscratch/sd/s/satt/sprints/data/converted_10M/mc_normalized_rntuple_10M_29.h5,21,0,1,2,0,3,24,0.125,12.5,1.0,2.0,3.0,47.61904761904762,95.23809523809524,142.85714285714286,8.106231689453125e-05,2.7020772298177082e-05,334.01565742492676,2.426901706329464e-07,2.4269017063294643e-05
1182557,1182721,worker,/pscratch/sd/s/satt/sprints/a_star_campaign/h5/h5_tr_209.py,0,0,0,3,0,3,3,1.0,100.0,0.0,3.0,3.0,,,,5.507469177246094e-05,1.8358230590820312e-05,334.0004184246063,1.6489408016982142e-07,1.6489408016982143e-05
1182557,1182721,worker,/pscratch/sd/s/satt/sprints/data/converted_10M/mc_normalized_rntuple_10M_29.h5,19,0,1,2,0,3,22,0.13636363636363635,13.636363636363637,1.0,2.0,3.0,52.63157894736842,105.26315789473684,157.89473684210526,7.939338684082031e-05,2.6464462280273438e-05,334.0004184246063,2.377044532318205e-07,2.377044532318205e-05
1182557,1182722,worker,/pscratch/sd/s/satt/sprints/a_star_campaign/h5/h5_tr_209.py,0,0,0,3,0,3,3,1.0,100.0,0.0,3.0,3.0,,,,5.340576171875e-05,1.7801920572916668e-05,333.9986653327942,1.5989812913035695e-07,1.5989812913035696e-05
1182557,1182722,worker,/pscratch/sd/s/satt/sprints/data/converted_10M/mc_normalized_rntuple_10M_29.h5,21,0,1,2,0,3,24,0.125,12.5,1.0,2.0,3.0,47.61904761904762,95.23809523809524,142.85714285714286,9.465217590332031e-05,3.155072530110677e-05,333.9986653327942,2.83390880646213e-07,2.8339088064621297e-05
1182557,1182723,worker,/pscratch/sd/s/satt/sprints/a_star_campaign/h5/h5_tr_209.py,0,0,0,3,0,3,3,1.0,100.0,0.0,3.0,3.0,,,,6.4849853515625e-05,2.1616617838541668e-05,333.9889483451843,1.9416766284314704e-07,1.9416766284314703e-05
1182557,1182723,worker,/pscratch/sd/s/satt/sprints/data/converted_10M/mc_normalized_rntuple_10M_29.h5,21,0,1,2,0,3,24,0.125,12.5,1.0,2.0,3.0,47.61904761904762,95.23809523809524,142.85714285714286,8.988380432128906e-05,2.9961268107096355e-05,333.9889483451843,2.6912209151421483e-07,2.6912209151421482e-05
1182557,1182724,worker,/pscratch/sd/s/satt/sprints/a_star_campaign/h5/h5_tr_209.py,0,0,0,3,0,3,3,1.0,100.0,0.0,3.0,3.0,,,,5.53131103515625e-05,1.8437703450520832e-05,333.9877407550812,1.6561419358240617e-07,1.6561419358240617e-05
1182557,1182724,worker,/pscratch/sd/s/satt/sprints/data/converted_10M/mc_normalized_rntuple_10M_29.h5,19,0,1,2,0,3,22,0.13636363636363635,13.636363636363637,1.0,2.0,3.0,52.63157894736842,105.26315789473684,157.89473684210526,9.965896606445312e-05,3.321965535481771e-05,333.9877407550812,2.9839109016140424e-07,2.983910901614042e-05
1182557,1182725,worker,/pscratch/sd/s/satt/sprints/a_star_campaign/h5/h5_tr_209.py,0,0,0,3,0,3,3,1.0,100.0,0.0,3.0,3.0,,,,5.340576171875e-05,1.7801920572916668e-05,333.98494720458984,1.5990469680070677e-07,1.599046968007068e-05
1182557,1182725,worker,/pscratch/sd/s/satt/sprints/data/converted_10M/mc_normalized_rntuple_10M_29.h5,21,0,1,2,0,3,24,0.125,12.5,1.0,2.0,3.0,47.61904761904762,95.23809523809524,142.85714285714286,9.274482727050781e-05,3.09149424235026e-05,333.98494720458984,2.776916386405131e-07,2.776916386405131e-05
1182557,1182726,worker,/pscratch/sd/s/satt/sprints/a_star_campaign/h5/h5_tr_209.py,0,0,0,3,0,3,3,1.0,100.0,0.0,3.0,3.0,,,,4.8160552978515625e-05,1.6053517659505207e-05,333.97552514076233,1.4420383936283102e-07,1.4420383936283103e-05
1182557,1182726,worker,/pscratch/sd/s/satt/sprints/data/converted_10M/mc_normalized_rntuple_10M_29.h5,21,0,1,2,0,3,24,0.125,12.5,1.0,2.0,3.0,47.61904761904762,95.23809523809524,142.85714285714286,0.00011157989501953125,3.719329833984375e-05,333.97552514076233,3.3409602387032136e-07,3.340960238703214e-05
1182557,1182727,worker,/pscratch/sd/s/satt/sprints/a_star_campaign/h5/h5_tr_209.py,0,0,0,3,0,3,3,1.0,100.0,0.0,3.0,3.0,,,,5.4836273193359375e-05,1.8278757731119793e-05,333.97375226020813,1.6419336197005964e-07,1.6419336197005964e-05
1182557,1182727,worker,/pscratch/sd/s/satt/sprints/data/converted_10M/mc_normalized_rntuple_10M_29.h5,19,0,1,2,0,3,22,0.13636363636363635,13.636363636363637,1.0,2.0,3.0,52.63157894736842,105.26315789473684,157.89473684210526,8.988380432128906e-05,2.9961268107096355e-05,333.97375226020813,2.691343367944021e-07,2.691343367944021e-05
1182557,1182728,worker,/pscratch/sd/s/satt/sprints/a_star_campaign/h5/h5_tr_209.py,0,0,0,3,0,3,3,1.0,100.0,0.0,3.0,3.0,,,,5.0067901611328125e-05,1.6689300537109375e-05,333.9599027633667,1.4992189540432535e-07,1.4992189540432535e-05
1182557,1182728,worker,/pscratch/sd/s/satt/sprints/data/converted_10M/mc_normalized_rntuple_10M_29.h5,23,0,1,2,0,3,26,0.11538461538461539,11.538461538461538,1.0,2.0,3.0,43.47826086956522,86.95652173913044,130.43478260869566,8.7738037109375e-05,2.9246012369791668e-05,333.9599027633667,2.627202738513892e-07,2.6272027385138918e-05
1182557,1182729,worker,/pscratch/sd/s/satt/sprints/a_star_campaign/h5/h5_tr_209.py,0,0,0,3,0,3,3,1.0,100.0,0.0,3.0,3.0,,,,5.364418029785156e-05,1.7881393432617188e-05,333.95659255981445,1.6063219440186207e-07,1.606321944018621e-05
1182557,1182729,worker,/pscratch/sd/s/satt/sprints/data/converted_10M/mc_normalized_rntuple_10M_29.h5,21,0,1,2,0,3,24,0.125,12.5,1.0,2.0,3.0,47.61904761904762,95.23809523809524,142.85714285714286,0.00010275840759277344,3.425280253092448e-05,333.95659255981445,3.0769989238756693e-07,3.076998923875669e-05
1182557,1182730,worker,/pscratch/sd/s/satt/sprints/a_star_campaign/h5/h5_tr_209.py,0,0,0,3,0,3,3,1.0,100.0,0.0,3.0,3.0,,,,6.198883056640625e-05,2.0662943522135418e-05,333.95126366615295,1.8562238658984605e-07,1.8562238658984603e-05
1182557,1182730,worker,/pscratch/sd/s/satt/sprints/data/converted_10M/mc_normalized_rntuple_10M_29.h5,21,0,1,2,0,3,24,0.125,12.5,1.0,2.0,3.0,47.61904761904762,95.23809523809524,142.85714285714286,9.179115295410156e-05,3.059705098470052e-05,333.95126366615295,2.748639186041951e-07,2.748639186041951e-05
1182557,1182731,worker,/pscratch/sd/s/satt/sprints/a_star_campaign/h5/h5_tr_209.py,0,0,0,3,0,3,3,1.0,100.0,0.0,3.0,3.0,,,,5.8650970458984375e-05,1.9550323486328125e-05,333.9442174434662,1.756310407408491e-07,1.756310407408491e-05
1182557,1182731,worker,/pscratch/sd/s/satt/sprints/data/converted_10M/mc_normalized_rntuple_10M_29.h5,19,0,1,2,0,3,22,0.13636363636363635,13.636363636363637,1.0,2.0,3.0,52.63157894736842,105.26315789473684,157.89473684210526,7.43865966796875e-05,2.47955322265625e-05,333.9442174434662,2.2275156386644275e-07,2.2275156386644275e-05
1182557,1182732,worker,/pscratch/sd/s/satt/sprints/a_star_campaign/h5/h5_tr_209.py,0,0,0,3,0,3,3,1.0,100.0,0.0,3.0,3.0,,,,5.626678466796875e-05,1.8755594889322918e-05,333.9404032230377,1.6849349202704395e-07,1.6849349202704395e-05
1182557,1182732,worker,/pscratch/sd/s/satt/sprints/data/converted_10M/mc_normalized_rntuple_10M_29.h5,21,0,1,2,0,3,24,0.125,12.5,1.0,2.0,3.0,47.61904761904762,95.23809523809524,142.85714285714286,0.00010132789611816406,3.377596537272135e-05,333.9404032230377,3.034310767436173e-07,3.034310767436173e-05
1182557,1182733,worker,/pscratch/sd/s/satt/sprints/a_star_campaign/h5/h5_tr_209.py,0,0,0,3,0,3,3,1.0,100.0,0.0,3.0,3.0,,,,5.054473876953125e-05,1.6848246256510418e-05,333.9371612071991,1.513600300931156e-07,1.513600300931156e-05
1182557,1182733,worker,/pscratch/sd/s/satt/sprints/data/converted_10M/mc_normalized_rntuple_10M_29.h5,21,0,1,2,0,3,24,0.125,12.5,1.0,2.0,3.0,47.61904761904762,95.23809523809524,142.85714285714286,8.606910705566406e-05,2.868970235188802e-05,333.9371612071991,2.577404286019563e-07,2.5774042860195628e-05
1182557,1182734,worker,/pscratch/sd/s/satt/sprints/a_star_campaign/h5/h5_tr_209.py,0,0,0,3,0,3,3,1.0,100.0,0.0,3.0,3.0,,,,6.031990051269531e-05,2.010663350423177e-05,333.9352054595947,1.8063354664770097e-07,1.8063354664770097e-05
1182557,1182734,worker,/pscratch/sd/s/satt/sprints/data/converted_10M/mc_normalized_rntuple_10M_29.h5,19,0,1,2,0,3,22,0.13636363636363635,13.636363636363637,1.0,2.0,3.0,52.63157894736842,105.26315789473684,157.89473684210526,8.416175842285156e-05,2.8053919474283855e-05,333.9352054595947,2.5203020540173297e-07,2.5203020540173297e-05
1182557,1182735,worker,/pscratch/sd/s/satt/sprints/a_star_campaign/h5/h5_tr_209.py,0,0,0,3,0,3,3,1.0,100.0,0.0,3.0,3.0,,,,7.605552673339844e-05,2.5351842244466145e-05,333.9298050403595,2.2775902475733245e-07,2.2775902475733245e-05
1182557,1182735,worker,/pscratch/sd/s/satt/sprints/data/converted_10M/mc_normalized_rntuple_10M_29.h5,21,0,1,2,0,3,24,0.125,12.5,1.0,2.0,3.0,47.61904761904762,95.23809523809524,142.85714285714286,7.987022399902344e-05,2.662340799967448e-05,333.9298050403595,2.3918267490190084e-07,2.3918267490190087e-05
1182557,1182736,worker,/pscratch/sd/s/satt/sprints/a_star_campaign/h5/h5_tr_209.py,0,0,0,3,0,3,3,1.0,100.0,0.0,3.0,3.0,,,,6.103515625e-05,2.0345052083333332e-05,333.9144425392151,1.8278681145345187e-07,1.827868114534519e-05
1182557,1182736,worker,/pscratch/sd/s/satt/sprints/data/converted_10M/mc_normalized_rntuple_10M_29.h5,21,0,1,2,0,3,24,0.125,12.5,1.0,2.0,3.0,47.61904761904762,95.23809523809524,142.85714285714286,9.250640869140625e-05,3.0835469563802086e-05,333.9144425392151,2.77036261109138e-07,2.77036261109138e-05
1182557,1182737,worker,/pscratch/sd/s/satt/sprints/a_star_campaign/h5/h5_tr_209.py,0,0,0,3,0,3,3,1.0,100.0,0.0,3.0,3.0,,,,5.221366882324219e-05,1.7404556274414062e-05,333.90877962112427,1.5637105703685714e-07,1.5637105703685716e-05
1182557,1182737,worker,/pscratch/sd/s/satt/sprints/data/converted_10M/mc_normalized_rntuple_10M_29.h5,19,0,1,2,0,3,22,0.13636363636363635,13.636363636363637,1.0,2.0,3.0,52.63157894736842,105.26315789473684,157.89473684210526,7.915496826171875e-05,2.6384989420572918e-05,333.90877962112427,2.3705566637550946e-07,2.3705566637550948e-05
1182557,1182738,worker,/pscratch/sd/s/satt/sprints/a_star_campaign/h5/h5_tr_209.py,0,0,0,3,0,3,3,1.0,100.0,0.0,3.0,3.0,,,,5.173683166503906e-05,1.724561055501302e-05,333.9031846523285,1.549456071193488e-07,1.5494560711934878e-05
1182557,1182738,worker,/pscratch/sd/s/satt/sprints/data/converted_10M/mc_normalized_rntuple_10M_29.h5,21,0,1,2,0,3,24,0.125,12.5,1.0,2.0,3.0,47.61904761904762,95.23809523809524,142.85714285714286,8.988380432128906e-05,2.9961268107096355e-05,333.9031846523285,2.6919121605527415e-07,2.6919121605527417e-05
1182557,1182739,worker,/pscratch/sd/s/satt/sprints/a_star_campaign/h5/h5_tr_209.py,0,0,0,3,0,3,3,1.0,100.0,0.0,3.0,3.0,,,,6.580352783203125e-05,2.193450927734375e-05,333.89433884620667,1.9707889645394879e-07,1.970788964539488e-05
1182557,1182739,worker,/pscratch/sd/s/satt/sprints/data/converted_10M/mc_normalized_rntuple_10M_29.h5,21,0,1,2,0,3,24,0.125,12.5,1.0,2.0,3.0,47.61904761904762,95.23809523809524,142.85714285714286,0.00010180473327636719,3.39349110921224e-05,333.89433884620667,3.0490104632549323e-07,3.0490104632549323e-05
1182557,1182740,worker,/pscratch/sd/s/satt/sprints/a_star_campaign/h5/h5_tr_209.py,0,0,0,3,0,3,3,1.0,100.0,0.0,3.0,3.0,,,,5.3882598876953125e-05,1.7960866292317707e-05,333.89116644859314,1.613777311034344e-07,1.6137773110343442e-05
1182557,1182740,worker,/pscratch/sd/s/satt/sprints/data/converted_10M/mc_normalized_rntuple_10M_29.h5,19,0,1,2,0,3,22,0.13636363636363635,13.636363636363637,1.0,2.0,3.0,52.63157894736842,105.26315789473684,157.89473684210526,9.250640869140625e-05,3.0835469563802086e-05,333.89116644859314,2.770555737527989e-07,2.770555737527989e-05
1182557,1182741,worker,/pscratch/sd/s/satt/sprints/a_star_campaign/h5/h5_tr_209.py,0,0,0,3,0,3,3,1.0,100.0,0.0,3.0,3.0,,,,5.2928924560546875e-05,1.7642974853515625e-05,333.8846821784973,1.5852456667134753e-07,1.585245666713475e-05
1182557,1182741,worker,/pscratch/sd/s/satt/sprints/data/converted_10M/mc_normalized_rntuple_10M_29.h5,21,0,1,2,0,3,24,0.125,12.5,1.0,2.0,3.0,47.61904761904762,95.23809523809524,142.85714285714286,0.00011014938354492188,3.6716461181640625e-05,333.8846821784973,3.2990247658631784e-07,3.299024765863178e-05
1182557,1182742,worker,/pscratch/sd/s/satt/sprints/a_star_campaign/h5/h5_tr_209.py,0,0,0,3,0,3,3,1.0,100.0,0.0,3.0,3.0,,,,5.316734313964844e-05,1.7722447713216145e-05,333.88325572013855,1.592393216154972e-07,1.592393216154972e-05
1182557,1182742,worker,/pscratch/sd/s/satt/sprints/data/converted_10M/mc_normalized_rntuple_10M_29.h5,21,0,1,2,0,3,24,0.125,12.5,1.0,2.0,3.0,47.61904761904762,95.23809523809524,142.85714285714286,8.988380432128906e-05,2.9961268107096355e-05,333.88325572013855,2.6920728362799304e-07,2.6920728362799303e-05
1182557,1182743,worker,/pscratch/sd/s/satt/sprints/a_star_campaign/h5/h5_tr_209.py,0,0,0,3,0,3,3,1.0,100.0,0.0,3.0,3.0,,,,5.173683166503906e-05,1.724561055501302e-05,333.87206292152405,1.5496005030286018e-07,1.5496005030286018e-05
1182557,1182743,worker,/pscratch/sd/s/satt/sprints/data/converted_10M/mc_normalized_rntuple_10M_29.h5,19,0,1,2,0,3,22,0.13636363636363635,13.636363636363637,1.0,2.0,3.0,52.63157894736842,105.26315789473684,157.89473684210526,8.702278137207031e-05,2.9007593790690105e-05,333.87206292152405,2.606470892190966e-07,2.606470892190966e-05
1182557,1182744,worker,/pscratch/sd/s/satt/sprints/a_star_campaign/h5/h5_tr_209.py,0,0,0,3,0,3,3,1.0,100.0,0.0,3.0,3.0,,,,5.14984130859375e-05,1.71661376953125e-05,333.8723647594452,1.5424580924222965e-07,1.5424580924222965e-05
1182557,1182744,worker,/pscratch/sd/s/satt/sprints/data/converted_10M/mc_normalized_rntuple_10M_29.h5,21,0,1,2,0,3,24,0.125,12.5,1.0,2.0,3.0,47.61904761904762,95.23809523809524,142.85714285714286,9.465217590332031e-05,3.155072530110677e-05,333.8723647594452,2.8349808457946837e-07,2.8349808457946838e-05
1182557,1182745,worker,/pscratch/sd/s/satt/sprints/a_star_campaign/h5/h5_tr_209.py,0,0,0,3,0,3,3,1.0,100.0,0.0,3.0,3.0,,,,5.1975250244140625e-05,1.7325083414713543e-05,333.8650815486908,1.556774071821002e-07,1.556774071821002e-05
1182557,1182745,worker,/pscratch/sd/s/satt/sprints/data/converted_10M/mc_normalized_rntuple_10M_29.h5,21,0,1,2,0,3,24,0.125,12.5,1.0,2.0,3.0,47.61904761904762,95.23809523809524,142.85714285714286,9.465217590332031e-05,3.155072530110677e-05,333.8650815486908,2.83504269042632e-07,2.8350426904263203e-05
1182557,1182746,worker,/pscratch/sd/s/satt/sprints/a_star_campaign/h5/h5_tr_209.py,0,0,0,3,0,3,3,1.0,100.0,0.0,3.0,3.0,,,,5.53131103515625e-05,1.8437703450520832e-05,333.8494236469269,1.6568280917585363e-07,1.656828091758536e-05
1182557,1182746,worker,/pscratch/sd/s/satt/sprints/data/converted_10M/mc_normalized_rntuple_10M_29.h5,19,0,1,2,0,3,22,0.13636363636363635,13.636363636363637,1.0,2.0,3.0,52.63157894736842,105.26315789473684,157.89473684210526,0.00010085105895996094,3.361701965332031e-05,333.8494236469269,3.0208546673011243e-07,3.020854667301124e-05
1182557,1182747,worker,/pscratch/sd/s/satt/sprints/a_star_campaign/h5/h5_tr_209.py,0,0,0,3,0,3,3,1.0,100.0,0.0,3.0,3.0,,,,6.222724914550781e-05,2.0742416381835938e-05,333.84882712364197,1.8639349337136284e-07,1.863934933713628e-05
1182557,1182747,worker,/pscratch/sd/s/satt/sprints/data/converted_10M/mc_normalized_rntuple_10M_29.h5,21,0,1,2,0,3,24,0.125,12.5,1.0,2.0,3.0,47.61904761904762,95.23809523809524,142.85714285714286,8.678436279296875e-05,2.8928120930989582e-05,333.84882712364197,2.5995107887806923e-07,2.599510788780692e-05
1182557,1182748,worker,/pscratch/sd/s/satt/sprints/a_star_campaign/h5/h5_tr_209.py,0,0,0,3,0,3,3,1.0,100.0,0.0,3.0,3.0,,,,6.103515625e-05,2.0345052083333332e-05,333.84284949302673,1.8282601032997382e-07,1.828260103299738e-05
1182557,1182748,worker,/pscratch/sd/s/satt/sprints/data/converted_10M/mc_normalized_rntuple_10M_29.h5,21,0,1,2,0,3,24,0.125,12.5,1.0,2.0,3.0,47.61904761904762,95.23809523809524,142.85714285714286,7.534027099609375e-05,2.5113423665364582e-05,333.84284949302673,2.2567585650106144e-07,2.256758565010614e-05
1182557,1182749,worker,/pscratch/sd/s/satt/sprints/a_star_campaign/h5/h5_tr_209.py,0,0,0,3,0,3,3,1.0,100.0,0.0,3.0,3.0,,,,5.245208740234375e-05,1.7484029134114582e-05,333.8367099761963,1.5711899211468915e-07,1.5711899211468912e-05
1182557,1182749,worker,/pscratch/sd/s/satt/sprints/data/converted_10M/mc_normalized_rntuple_10M_29.h5,19,0,1,2,0,3,22,0.13636363636363635,13.636363636363637,1.0,2.0,3.0,52.63157894736842,105.26315789473684,157.89473684210526,9.393692016601562e-05,3.131230672200521e-05,333.8367099761963,2.813858313326706e-07,2.8138583133267053e-05
1182557,1182750,worker,/pscratch/sd/s/satt/sprints/a_star_campaign/h5/h5_tr_209.py,0,0,0,3,0,3,3,1.0,100.0,0.0,3.0,3.0,,,,5.1021575927734375e-05,1.7007191975911457e-05,333.8331022262573,1.528355803767902e-07,1.5283558037679023e-05
1182557,1182750,worker,/pscratch/sd/s/satt/sprints/data/converted_10M/mc_normalized_rntuple_10M_29.h5,23,0,1,2,0,3,26,0.11538461538461539,11.538461538461538,1.0,2.0,3.0,43.47826086956522,86.95652173913044,130.43478260869566,8.416175842285156e-05,2.8053919474283855e-05,333.8331022262573,2.5210728912620067e-07,2.521072891262007e-05
1182557,1182751,worker,/pscratch/sd/s/satt/sprints/a_star_campaign/h5/h5_tr_209.py,0,0,0,3,0,3,3,1.0,100.0,0.0,3.0,3.0,,,,6.175041198730469e-05,2.0583470662434895e-05,333.8282949924469,1.8497656703636172e-07,1.8497656703636172e-05
1182557,1182751,worker,/pscratch/sd/s/satt/sprints/data/converted_10M/mc_normalized_rntuple_10M_29.h5,21,0,1,2,0,3,24,0.125,12.5,1.0,2.0,3.0,47.61904761904762,95.23809523809524,142.85714285714286,0.00010395050048828125,3.4650166829427086e-05,333.8282949924469,3.113891244318676e-07,3.113891244318676e-05
1182557,1182752,worker,/pscratch/sd/s/satt/sprints/a_star_campaign/h5/h5_tr_209.py,0,0,0,3,0,3,3,1.0,100.0,0.0,3.0,3.0,,,,5.888938903808594e-05,1.9629796346028645e-05,333.8169364929199,1.7641222658376098e-07,1.7641222658376097e-05
1182557,1182752,worker,/pscratch/sd/s/satt/sprints/data/converted_10M/mc_normalized_rntuple_10M_29.h5,21,0,1,2,0,3,24,0.125,12.5,1.0,2.0,3.0,47.61904761904762,95.23809523809524,142.85714285714286,8.845329284667969e-05,2.948443094889323e-05,333.8169364929199,2.6497544964605394e-07,2.6497544964605395e-05
1182557,1182753,worker,/pscratch/sd/s/satt/sprints/a_star_campaign/h5/h5_tr_209.py,0,0,0,3,0,3,3,1.0,100.0,0.0,3.0,3.0,,,,4.863739013671875e-05,1.621246337890625e-05,333.8197810649872,1.4569954477098572e-07,1.4569954477098572e-05
1182557,1182753,worker,/pscratch/sd/s/satt/sprints/data/converted_10M/mc_normalized_rntuple_10M_29.h5,19,0,1,2,0,3,22,0.13636363636363635,13.636363636363637,1.0,2.0,3.0,52.63157894736842,105.26315789473684,157.89473684210526,8.20159912109375e-05,2.7338663736979168e-05,333.8197810649872,2.456894284373485e-07,2.4568942843734848e-05
1182557,1182754,worker,/pscratch/sd/s/satt/sprints/a_star_campaign/h5/h5_tr_209.py,0,0,0,3,0,3,3,1.0,100.0,0.0,3.0,3.0,,,,5.4836273193359375e-05,1.8278757731119793e-05,333.814284324646,1.6427179952559846e-07,1.6427179952559846e-05
1182557,1182754,worker,/pscratch/sd/s/satt/sprints/data/converted_10M/mc_normalized_rntuple_10M_29.h5,21,0,1,2,0,3,24,0.125,12.5,1.0,2.0,3.0,47.61904761904762,95.23809523809524,142.85714285714286,8.20159912109375e-05,2.7338663736979168e-05,333.814284324646,2.45693474073069e-07,2.4569347407306903e-05
1182557,1182755,worker,/pscratch/sd/s/satt/sprints/a_star_campaign/h5/h5_tr_209.py,0,0,0,3,0,3,3,1.0,100.0,0.0,3.0,3.0,,,,5.054473876953125e-05,1.6848246256510418e-05,333.79539012908936,1.5142431640528044e-07,1.5142431640528043e-05
1182557,1182755,worker,/pscratch/sd/s/satt/sprints/data/converted_10M/mc_normalized_rntuple_10M_29.h5,21,0,1,2,0,3,24,0.125,12.5,1.0,2.0,3.0,47.61904761904762,95.23809523809524,142.85714285714286,0.00013971328735351562,4.657109578450521e-05,333.79539012908936,4.185596670447846e-07,4.185596670447846e-05
1182557,1182756,worker,/pscratch/sd/s/satt/sprints/a_star_campaign/h5/h5_tr_209.py,0,0,0,3,0,3,3,1.0,100.0,0.0,3.0,3.0,,,,5.340576171875e-05,1.7801920572916668e-05,333.7924406528473,1.5999691788794391e-07,1.599969178879439e-05
1182557,1182756,worker,/pscratch/sd/s/satt/sprints/data/converted_10M/mc_normalized_rntuple_10M_29.h5,19,0,1,2,0,3,22,0.13636363636363635,13.636363636363637,1.0,2.0,3.0,52.63157894736842,105.26315789473684,157.89473684210526,8.916854858398438e-05,2.9722849527994793e-05,333.7924406528473,2.671377111164778e-07,2.6713771111647778e-05
1182557,1182757,worker,/pscratch/sd/s/satt/sprints/a_star_campaign/h5/h5_tr_209.py,0,0,0,3,0,3,3,1.0,100.0,0.0,3.0,3.0,,,,5.3882598876953125e-05,1.7960866292317707e-05,333.7878062725067,1.6142770306283446e-07,1.6142770306283446e-05
1182557,1182757,worker,/pscratch/sd/s/satt/sprints/data/converted_10M/mc_normalized_rntuple_10M_29.h5,21,0,1,2,0,3,24,0.125,12.5,1.0,2.0,3.0,47.61904761904762,95.23809523809524,142.85714285714286,8.559226989746094e-05,2.853075663248698e-05,333.7878062725067,2.5642719203344055e-07,2.564271920334406e-05
1182557,1182758,worker,/pscratch/sd/s/satt/sprints/a_star_campaign/h5/h5_tr_209.py,0,0,0,3,0,3,3,1.0,100.0,0.0,3.0,3.0,,,,5.245208740234375e-05,1.7484029134114582e-05,333.78035712242126,1.571455188512061e-07,1.571455188512061e-05
1182557,1182758,worker,/pscratch/sd/s/satt/sprints/data/converted_10M/mc_normalized_rntuple_10M_29.h5,21,0,1,2,0,3,24,0.125,12.5,1.0,2.0,3.0,47.61904761904762,95.23809523809524,142.85714285714286,9.5367431640625e-05,3.1789143880208336e-05,333.78035712242126,2.857191251840111e-07,2.8571912518401107e-05
1182557,1182759,worker,/pscratch/sd/s/satt/sprints/a_star_campaign/h5/h5_tr_209.py,0,0,0,3,0,3,3,1.0,100.0,0.0,3.0,3.0,,,,5.2928924560546875e-05,1.7642974853515625e-05,333.7750403881073,1.5857664041925401e-07,1.58576640419254e-05
1182557,1182759,worker,/pscratch/sd/s/satt/sprints/data/converted_10M/mc_normalized_rntuple_10M_29.h5,19,0,1,2,0,3,22,0.13636363636363635,13.636363636363637,1.0,2.0,3.0,52.63157894736842,105.26315789473684,157.89473684210526,9.298324584960938e-05,3.0994415283203125e-05,333.7750403881073,2.785805845203111e-07,2.7858058452031108e-05
1182557,1182760,worker,/pscratch/sd/s/satt/sprints/a_star_campaign/h5/h5_tr_209.py,0,0,0,3,0,3,3,1.0,100.0,0.0,3.0,3.0,,,,5.14984130859375e-05,1.71661376953125e-05,333.7688400745392,1.5429365148177577e-07,1.5429365148177575e-05
1182557,1182760,worker,/pscratch/sd/s/satt/sprints/data/converted_10M/mc_normalized_rntuple_10M_29.h5,21,0,1,2,0,3,24,0.125,12.5,1.0,2.0,3.0,47.61904761904762,95.23809523809524,142.85714285714286,8.916854858398438e-05,2.9722849527994793e-05,333.7688400745392,2.671566002508525e-07,2.6715660025085246e-05
1182557,1182761,worker,/pscratch/sd/s/satt/sprints/a_star_campaign/h5/h5_tr_209.py,0,0,0,3,0,3,3,1.0,100.0,0.0,3.0,3.0,,,,5.1975250244140625e-05,1.7325083414713543e-05,333.7626554965973,1.5572518191649668e-07,1.5572518191649668e-05
1182557,1182761,worker,/pscratch/sd/s/satt/sprints/data/converted_10M/mc_normalized_rntuple_10M_29.h5,21,0,1,2,0,3,24,0.125,12.5,1.0,2.0,3.0,47.61904761904762,95.23809523809524,142.85714285714286,8.082389831542969e-05,2.6941299438476562e-05,333.7626554965973,2.42159801237121e-07,2.4215980123712098e-05
1182557,1182762,worker,/pscratch/sd/s/satt/sprints/a_star_campaign/h5/h5_tr_209.py,0,0,0,3,0,3,3,1.0,100.0,0.0,3.0,3.0,,,,5.555152893066406e-05,1.8517176310221355e-05,333.75627088546753,1.6644340129785077e-07,1.6644340129785077e-05
1182557,1182762,worker,/pscratch/sd/s/satt/sprints/data/converted_10M/mc_normalized_rntuple_10M_29.h5,19,0,1,2,0,3,22,0.13636363636363635,13.636363636363637,1.0,2.0,3.0,52.63157894736842,105.26315789473684,157.89473684210526,0.00012302398681640625,4.100799560546875e-05,333.75627088546753,3.686042706853691e-07,3.686042706853691e-05
1182557,1182763,worker,/pscratch/sd/s/satt/sprints/a_star_campaign/h5/h5_tr_209.py,0,0,0,3,0,3,3,1.0,100.0,0.0,3.0,3.0,,,,5.316734313964844e-05,1.7722447713216145e-05,333.7528192996979,1.5930155511856845e-07,1.5930155511856845e-05
1182557,1182763,worker,/pscratch/sd/s/satt/sprints/data/converted_10M/mc_normalized_rntuple_10M_29.h5,21,0,1,2,0,3,24,0.125,12.5,1.0,2.0,3.0,47.61904761904762,95.23809523809524,142.85714285714286,9.131431579589844e-05,3.043810526529948e-05,333.7528192996979,2.735986350242678e-07,2.735986350242678e-05
1182557,1182764,worker,/pscratch/sd/s/satt/sprints/a_star_campaign/h5/h5_tr_209.py,0,0,0,3,0,3,3,1.0,100.0,0.0,3.0,3.0,,,,5.6743621826171875e-05,1.8914540608723957e-05,333.7467768192291,1.7001998451330824e-07,1.7001998451330822e-05
1182557,1182764,worker,/pscratch/sd/s/satt/sprints/data/converted_10M/mc_normalized_rntuple_10M_29.h5,21,0,1,2,0,3,24,0.125,12.5,1.0,2.0,3.0,47.61904761904762,95.23809523809524,142.85714285714286,8.654594421386719e-05,2.8848648071289062e-05,333.7467768192291,2.593161948669365e-07,2.5931619486693652e-05
1182557,1182765,worker,/pscratch/sd/s/satt/sprints/a_star_campaign/h5/h5_tr_209.py,0,0,0,3,0,3,3,1.0,100.0,0.0,3.0,3.0,,,,5.53131103515625e-05,1.8437703450520832e-05,333.7408564090729,1.6573670645755194e-07,1.6573670645755193e-05
1182557,1182765,worker,/pscratch/sd/s/satt/sprints/data/converted_10M/mc_normalized_rntuple_10M_29.h5,19,0,1,2,0,3,22,0.13636363636363635,13.636363636363637,1.0,2.0,3.0,52.63157894736842,105.26315789473684,157.89473684210526,8.58306884765625e-05,2.86102294921875e-05,333.7408564090729,2.5717764795137366e-07,2.5717764795137368e-05
1182557,1182766,worker,/pscratch/sd/s/satt/sprints/a_star_campaign/h5/h5_tr_209.py,0,0,0,3,0,3,3,1.0,100.0,0.0,3.0,3.0,,,,5.245208740234375e-05,1.7484029134114582e-05,333.72500705718994,1.5717158227029453e-07,1.5717158227029452e-05
1182557,1182766,worker,/pscratch/sd/s/satt/sprints/data/converted_10M/mc_normalized_rntuple_10M_29.h5,21,0,1,2,0,3,24,0.125,12.5,1.0,2.0,3.0,47.61904761904762,95.23809523809524,142.85714285714286,7.581710815429688e-05,2.5272369384765625e-05,333.72500705718994,2.2718437800888027e-07,2.2718437800888026e-05
1182557,1182767,worker,/pscratch/sd/s/satt/sprints/a_star_campaign/h5/h5_tr_209.py,0,0,0,3,0,3,3,1.0,100.0,0.0,3.0,3.0,,,,5.2928924560546875e-05,1.7642974853515625e-05,333.72493529319763,1.5860044894171783e-07,1.5860044894171782e-05
1182557,1182767,worker,/pscratch/sd/s/satt/sprints/data/converted_10M/mc_normalized_rntuple_10M_29.h5,21,0,1,2,0,3,24,0.125,12.5,1.0,2.0,3.0,47.61904761904762,95.23809523809524,142.85714285714286,9.679794311523438e-05,3.226598103841146e-05,333.72493529319763,2.9005307328980826e-07,2.9005307328980828e-05
1182557,1182768,worker,/pscratch/sd/s/satt/sprints/a_star_campaign/h5/h5_tr_209.py,0,0,0,3,0,3,3,1.0,100.0,0.0,3.0,3.0,,,,5.459785461425781e-05,1.819928487141927e-05,333.72436594963074,1.636016431071692e-07,1.6360164310716918e-05
1182557,1182768,worker,/pscratch/sd/s/satt/sprints/data/converted_10M/mc_normalized_rntuple_10M_29.h5,19,0,1,2,0,3,22,0.13636363636363635,13.636363636363637,1.0,2.0,3.0,52.63157894736842,105.26315789473684,157.89473684210526,8.869171142578125e-05,2.956390380859375e-05,333.72436594963074,2.657633678422137e-07,2.6576336784221368e-05
1182557,1182769,worker,/pscratch/sd/s/satt/sprints/a_star_campaign/h5/h5_tr_209.py,0,0,0,3,0,3,3,1.0,100.0,0.0,3.0,3.0,,,,5.3882598876953125e-05,1.7960866292317707e-05,333.7102828025818,1.614652039620526e-07,1.6146520396205262e-05
1182557,1182769,worker,/pscratch/sd/s/satt/sprints/data/converted_10M/mc_normalized_rntuple_10M_29.h5,21,0,1,2,0,3,24,0.125,12.5,1.0,2.0,3.0,47.61904761904762,95.23809523809524,142.85714285714286,7.772445678710938e-05,2.5908152262369793e-05,333.7102828025818,2.3290998447623518e-07,2.3290998447623518e-05
1182557,1182770,worker,/pscratch/sd/s/satt/sprints/a_star_campaign/h5/h5_tr_209.py,0,0,0,3,0,3,3,1.0,100.0,0.0,3.0,3.0,,,,5.984306335449219e-05,1.994768778483073e-05,333.714154958725,1.793243183283424e-07,1.7932431832834242e-05
1182557,1182770,worker,/pscratch/sd/s/satt/sprints/data/converted_10M/mc_normalized_rntuple_10M_29.h5,21,0,1,2,0,3,24,0.125,12.5,1.0,2.0,3.0,47.61904761904762,95.23809523809524,142.85714285714286,8.7738037109375e-05,2.9246012369791668e-05,333.714154958725,2.6291374161286855e-07,2.6291374161286856e-05
1182557,1182771,worker,/pscratch/sd/s/satt/sprints/a_star_campaign/h5/h5_tr_209.py,0,0,0,3,0,3,3,1.0,100.0,0.0,3.0,3.0,,,,5.8650970458984375e-05,1.9550323486328125e-05,333.70535254478455,1.7575675670684123e-07,1.7575675670684123e-05
1182557,1182771,worker,/pscratch/sd/s/satt/sprints/data/converted_10M/mc_normalized_rntuple_10M_29.h5,23,0,1,2,0,3,26,0.11538461538461539,11.538461538461538,1.0,2.0,3.0,43.47826086956522,86.95652173913044,130.43478260869566,9.202957153320312e-05,3.067652384440104e-05,333.70535254478455,2.757809271904094e-07,2.757809271904094e-05
1182557,1182772,worker,/pscratch/sd/s/satt/sprints/a_star_campaign/h5/h5_tr_209.py,0,0,0,3,0,3,3,1.0,100.0,0.0,3.0,3.0,,,,5.2928924560546875e-05,1.7642974853515625e-05,333.69411993026733,1.5861509508051124e-07,1.5861509508051126e-05
1182557,1182772,worker,/pscratch/sd/s/satt/sprints/data/converted_10M/mc_normalized_rntuple_10M_29.h5,19,0,1,2,0,3,22,0.13636363636363635,13.636363636363637,1.0,2.0,3.0,52.63157894736842,105.26315789473684,157.89473684210526,8.058547973632812e-05,2.6861826578776043e-05,333.69411993026733,2.4149505467212974e-07,2.4149505467212972e-05
1182557,1182773,worker,/pscratch/sd/s/satt/sprints/a_star_campaign/h5/h5_tr_209.py,0,0,0,3,0,3,3,1.0,100.0,0.0,3.0,3.0,,,,5.340576171875e-05,1.7801920572916668e-05,333.6878297328949,1.6004707681877218e-07,1.600470768187722e-05
1182557,1182773,worker,/pscratch/sd/s/satt/sprints/data/converted_10M/mc_normalized_rntuple_10M_29.h5,21,0,1,2,0,3,24,0.125,12.5,1.0,2.0,3.0,47.61904761904762,95.23809523809524,142.85714285714286,7.534027099609375e-05,2.5113423665364582e-05,333.6878297328949,2.257806976550536e-07,2.257806976550536e-05
1182557,1182774,worker,/pscratch/sd/s/satt/sprints/a_star_campaign/h5/h5_tr_209.py,0,0,0,3,0,3,3,1.0,100.0,0.0,3.0,3.0,,,,5.5789947509765625e-05,1.8596649169921875e-05,333.67297172546387,1.6719948044119057e-07,1.6719948044119056e-05
1182557,1182774,worker,/pscratch/sd/s/satt/sprints/data/converted_10M/mc_normalized_rntuple_10M_29.h5,21,0,1,2,0,3,24,0.125,12.5,1.0,2.0,3.0,47.61904761904762,95.23809523809524,142.85714285714286,8.0108642578125e-05,2.6702880859375e-05,333.67297172546387,2.40081305248889e-07,2.40081305248889e-05
1182557,1182775,worker,/pscratch/sd/s/satt/sprints/a_star_campaign/h5/h5_tr_209.py,0,0,0,3,0,3,3,1.0,100.0,0.0,3.0,3.0,,,,5.3882598876953125e-05,1.7960866292317707e-05,333.6709246635437,1.6148424958298514e-07,1.6148424958298516e-05
1182557,1182775,worker,/pscratch/sd/s/satt/sprints/data/converted_10M/mc_normalized_rntuple_10M_29.h5,19,0,1,2,0,3,22,0.13636363636363635,13.636363636363637,1.0,2.0,3.0,52.63157894736842,105.26315789473684,157.89473684210526,8.893013000488281e-05,2.964337666829427e-05,333.6709246635437,2.6652046501970556e-07,2.6652046501970557e-05
1182557,1182776,worker,/pscratch/sd/s/satt/sprints/a_star_campaign/h5/h5_tr_209.py,0,0,0,3,0,3,3,1.0,100.0,0.0,3.0,3.0,,,,5.078315734863281e-05,1.6927719116210938e-05,333.6717917919159,1.5219493705449982e-07,1.5219493705449984e-05
1182557,1182776,worker,/pscratch/sd/s/satt/sprints/data/converted_10M/mc_normalized_rntuple_10M_29.h5,21,0,1,2,0,3,24,0.125,12.5,1.0,2.0,3.0,47.61904761904762,95.23809523809524,142.85714285714286,9.894371032714844e-05,3.298123677571615e-05,333.6717917919159,2.9653004167895505e-07,2.9653004167895506e-05
1182557,1182777,worker,/pscratch/sd/s/satt/sprints/a_star_campaign/h5/h5_tr_209.py,0,0,0,3,0,3,3,1.0,100.0,0.0,3.0,3.0,,,,5.888938903808594e-05,1.9629796346028645e-05,333.669540643692,1.7649015527303042e-07,1.7649015527303042e-05
1182557,1182777,worker,/pscratch/sd/s/satt/sprints/data/converted_10M/mc_normalized_rntuple_10M_29.h5,21,0,1,2,0,3,24,0.125,12.5,1.0,2.0,3.0,47.61904761904762,95.23809523809524,142.85714285714286,9.393692016601562e-05,3.131230672200521e-05,333.669540643692,2.815268063869392e-07,2.815268063869392e-05
1182557,1182778,worker,/pscratch/sd/s/satt/sprints/a_star_campaign/h5/h5_tr_209.py,0,0,0,3,0,3,3,1.0,100.0,0.0,3.0,3.0,,,,5.1021575927734375e-05,1.7007191975911457e-05,333.66142988204956,1.5291421590374014e-07,1.5291421590374014e-05
1182557,1182778,worker,/pscratch/sd/s/satt/sprints/data/converted_10M/mc_normalized_rntuple_10M_29.h5,19,0,1,2,0,3,22,0.13636363636363635,13.636363636363637,1.0,2.0,3.0,52.63157894736842,105.26315789473684,157.89473684210526,9.417533874511719e-05,3.139177958170573e-05,333.66142988204956,2.822482022522306e-07,2.822482022522306e-05
1182557,1182779,worker,/pscratch/sd/s/satt/sprints/a_star_campaign/h5/h5_tr_209.py,0,0,0,3,0,3,3,1.0,100.0,0.0,3.0,3.0,,,,5.269050598144531e-05,1.7563501993815105e-05,333.65180826187134,1.5792063665391685e-07,1.5792063665391685e-05
1182557,1182779,worker,/pscratch/sd/s/satt/sprints/data/converted_10M/mc_normalized_rntuple_10M_29.h5,21,0,1,2,0,3,24,0.125,12.5,1.0,2.0,3.0,47.61904761904762,95.23809523809524,142.85714285714286,9.870529174804688e-05,3.2901763916015625e-05,333.65180826187134,2.95833228844894e-07,2.95833228844894e-05
1182557,1182780,worker,/pscratch/sd/s/satt/sprints/a_star_campaign/h5/h5_tr_209.py,0,0,0,3,0,3,3,1.0,100.0,0.0,3.0,3.0,,,,5.2928924560546875e-05,1.7642974853515625e-05,333.643878698349,1.5863897988190122e-07,1.586389798819012e-05
1182557,1182780,worker,/pscratch/sd/s/satt/sprints/data/converted_10M/mc_normalized_rntuple_10M_29.h5,21,0,1,2,0,3,24,0.125,12.5,1.0,2.0,3.0,47.61904761904762,95.23809523809524,142.85714285714286,8.893013000488281e-05,2.964337666829427e-05,333.643878698349,2.6654206980157273e-07,2.6654206980157276e-05
1182557,1182781,worker,/pscratch/sd/s/satt/sprints/a_star_campaign/h5/h5_tr_209.py,0,0,0,3,0,3,3,1.0,100.0,0.0,3.0,3.0,,,,5.125999450683594e-05,1.708666483561198e-05,333.63794350624084,1.5363958298069624e-07,1.5363958298069626e-05
1182557,1182781,worker,/pscratch/sd/s/satt/sprints/data/converted_10M/mc_normalized_rntuple_10M_29.h5,19,0,1,2,0,3,22,0.13636363636363635,13.636363636363637,1.0,2.0,3.0,52.63157894736842,105.26315789473684,157.89473684210526,8.678436279296875e-05,2.8928120930989582e-05,333.63794350624084,2.6011538699987646e-07,2.6011538699987645e-05
1182557,1182782,worker,/pscratch/sd/s/satt/sprints/a_star_campaign/h5/h5_tr_209.py,0,0,0,3,0,3,3,1.0,100.0,0.0,3.0,3.0,,,,5.2928924560546875e-05,1.7642974853515625e-05,333.63344526290894,1.5864394086401609e-07,1.586439408640161e-05
1182557,1182782,worker,/pscratch/sd/s/satt/sprints/data/converted_10M/mc_normalized_rntuple_10M_29.h5,21,0,1,2,0,3,24,0.125,12.5,1.0,2.0,3.0,47.61904761904762,95.23809523809524,142.85714285714286,8.58306884765625e-05,2.86102294921875e-05,333.63344526290894,2.5726044464435044e-07,2.572604446443504e-05
1182557,1182783,worker,/pscratch/sd/s/satt/sprints/a_star_campaign/h5/h5_tr_209.py,0,0,0,3,0,3,3,1.0,100.0,0.0,3.0,3.0,,,,5.435943603515625e-05,1.811981201171875e-05,333.6246168613434,1.6293592645098005e-07,1.6293592645098006e-05
1182557,1182783,worker,/pscratch/sd/s/satt/sprints/data/converted_10M/mc_normalized_rntuple_10M_29.h5,21,0,1,2,0,3,24,0.125,12.5,1.0,2.0,3.0,47.61904761904762,95.23809523809524,142.85714285714286,9.393692016601562e-05,3.131230672200521e-05,333.6246168613434,2.815647150073954e-07,2.8156471500739537e-05
1182557,1182784,worker,/pscratch/sd/s/satt/sprints/a_star_campaign/h5/h5_tr_209.py,0,0,0,3,0,3,3,1.0,100.0,0.0,3.0,3.0,,,,5.340576171875e-05,1.7801920572916668e-05,333.6198925971985,1.6007966822059478e-07,1.600796682205948e-05
1182557,1182784,worker,/pscratch/sd/s/satt/sprints/data/converted_10M/mc_normalized_rntuple_10M_29.h5,19,0,1,2,0,3,22,0.13636363636363635,13.636363636363637,1.0,2.0,3.0,52.63157894736842,105.26315789473684,157.89473684210526,9.298324584960938e-05,3.0994415283203125e-05,333.6198925971985,2.787101366340713e-07,2.7871013663407128e-05
1182557,1182785,worker,/pscratch/sd/s/satt/sprints/a_star_campaign/h5/h5_tr_209.py,0,0,0,3,0,3,3,1.0,100.0,0.0,3.0,3.0,,,,5.555152893066406e-05,1.8517176310221355e-05,333.6161057949066,1.6651333063882368e-07,1.6651333063882366e-05
1182557,1182785,worker,/pscratch/sd/s/satt/sprints/data/converted_10M/mc_normalized_rntuple_10M_29.h5,21,0,1,2,0,3,24,0.125,12.5,1.0,2.0,3.0,47.61904761904762,95.23809523809524,142.85714285714286,8.893013000488281e-05,2.964337666829427e-05,333.6161057949066,2.665642589196619e-07,2.665642589196619e-05
1182557,1182786,worker,/pscratch/sd/s/satt/sprints/a_star_campaign/h5/h5_tr_209.py,0,0,0,3,0,3,3,1.0,100.0,0.0,3.0,3.0,,,,5.245208740234375e-05,1.7484029134114582e-05,333.5959029197693,1.572324088613241e-07,1.572324088613241e-05
1182557,1182786,worker,/pscratch/sd/s/satt/sprints/data/converted_10M/mc_normalized_rntuple_10M_29.h5,21,0,1,2,0,3,24,0.125,12.5,1.0,2.0,3.0,47.61904761904762,95.23809523809524,142.85714285714286,9.560585021972656e-05,3.186861673990885e-05,333.5959029197693,2.8659179978814075e-07,2.8659179978814077e-05
1182557,1182787,worker,/pscratch/sd/s/satt/sprints/a_star_campaign/h5/h5_tr_209.py,0,0,0,3,0,3,3,1.0,100.0,0.0,3.0,3.0,,,,5.221366882324219e-05,1.7404556274414062e-05,333.60322618484497,1.5651428021355917e-07,1.5651428021355917e-05
1182557,1182787,worker,/pscratch/sd/s/satt/sprints/data/converted_10M/mc_normalized_rntuple_10M_29.h5,19,0,1,2,0,3,22,0.13636363636363635,13.636363636363637,1.0,2.0,3.0,52.63157894736842,105.26315789473684,157.89473684210526,8.273124694824219e-05,2.757708231608073e-05,333.60322618484497,2.479929462744522e-07,2.479929462744522e-05
1182557,1182788,worker,/pscratch/sd/s/satt/sprints/a_star_campaign/h5/h5_tr_209.py,0,0,0,3,0,3,3,1.0,100.0,0.0,3.0,3.0,,,,5.2928924560546875e-05,1.7642974853515625e-05,333.6000814437866,1.5865980707041788e-07,1.5865980707041788e-05
1182557,1182788,worker,/pscratch/sd/s/satt/sprints/data/converted_10M/mc_normalized_rntuple_10M_29.h5,21,0,1,2,0,3,24,0.125,12.5,1.0,2.0,3.0,47.61904761904762,95.23809523809524,142.85714285714286,8.392333984375e-05,2.7974446614583332e-05,333.6000814437866,2.5156870310264454e-07,2.5156870310264456e-05
1182557,1182789,worker,/pscratch/sd/s/satt/sprints/a_star_campaign/h5/h5_tr_209.py,0,0,0,3,0,3,3,1.0,100.0,0.0,3.0,3.0,,,,4.935264587402344e-05,1.6450881958007812e-05,333.59221482276917,1.479430384796105e-07,1.4794303847961051e-05
1182557,1182789,worker,/pscratch/sd/s/satt/sprints/data/converted_10M/mc_normalized_rntuple_10M_29.h5,21,0,1,2,0,3,24,0.125,12.5,1.0,2.0,3.0,47.61904761904762,95.23809523809524,142.85714285714286,9.560585021972656e-05,3.186861673990885e-05,333.59221482276917,2.865949682624339e-07,2.8659496826243392e-05
1182557,1182790,worker,/pscratch/sd/s/satt/sprints/a_star_campaign/h5/h5_tr_209.py,0,0,0,3,0,3,3,1.0,100.0,0.0,3.0,3.0,,,,5.221366882324219e-05,1.7404556274414062e-05,333.5803003311157,1.5652503691439298e-07,1.5652503691439298e-05
1182557,1182790,worker,/pscratch/sd/s/satt/sprints/data/converted_10M/mc_normalized_rntuple_10M_29.h5,19,0,1,2,0,3,22,0.13636363636363635,13.636363636363637,1.0,2.0,3.0,52.63157894736842,105.26315789473684,157.89473684210526,9.441375732421875e-05,3.147125244140625e-05,333.5803003311157,2.830315735986284e-07,2.830315735986284e-05
1182557,1182791,worker,/pscratch/sd/s/satt/sprints/a_star_campaign/h5/h5_tr_209.py,0,0,0,3,0,3,3,1.0,100.0,0.0,3.0,3.0,,,,5.459785461425781e-05,1.819928487141927e-05,333.5803790092468,1.6367226027027315e-07,1.6367226027027316e-05
1182557,1182791,worker,/pscratch/sd/s/satt/sprints/data/converted_10M/mc_normalized_rntuple_10M_29.h5,21,0,1,2,0,3,24,0.125,12.5,1.0,2.0,3.0,47.61904761904762,95.23809523809524,142.85714285714286,8.392333984375e-05,2.7974446614583332e-05,333.5803790092468,2.5158356163814915e-07,2.5158356163814914e-05
1182557,1182792,worker,/pscratch/sd/s/satt/sprints/a_star_campaign/h5/h5_tr_209.py,0,0,0,3,0,3,3,1.0,100.0,0.0,3.0,3.0,,,,5.340576171875e-05,1.7801920572916668e-05,333.57213258743286,1.6010258802045394e-07,1.6010258802045394e-05
1182557,1182792,worker,/pscratch/sd/s/satt/sprints/data/converted_10M/mc_normalized_rntuple_10M_29.h5,23,0,1,2,0,3,26,0.11538461538461539,11.538461538461538,1.0,2.0,3.0,43.47826086956522,86.95652173913044,130.43478260869566,6.651878356933594e-05,2.2172927856445312e-05,333.57213258743286,1.9941349132904755e-07,1.9941349132904754e-05
1182557,1182793,worker,/pscratch/sd/s/satt/sprints/a_star_campaign/h5/h5_tr_209.py,0,0,0,3,0,3,3,1.0,100.0,0.0,3.0,3.0,,,,5.2928924560546875e-05,1.7642974853515625e-05,333.5613474845886,1.5867823103512413e-07,1.5867823103512414e-05
1182557,1182793,worker,/pscratch/sd/s/satt/sprints/data/converted_10M/mc_normalized_rntuple_10M_29.h5,21,0,1,2,0,3,24,0.125,12.5,1.0,2.0,3.0,47.61904761904762,95.23809523809524,142.85714285714286,0.00011229515075683594,3.743171691894531e-05,333.5613474845886,3.366551658447904e-07,3.366551658447904e-05
1182557,1182794,worker,/pscratch/sd/s/satt/sprints/a_star_campaign/h5/h5_tr_209.py,0,0,0,3,0,3,3,1.0,100.0,0.0,3.0,3.0,,,,5.245208740234375e-05,1.7484029134114582e-05,333.5563507080078,1.5725105305597923e-07,1.5725105305597924e-05
1182557,1182794,worker,/pscratch/sd/s/satt/sprints/data/converted_10M/mc_normalized_rntuple_10M_29.h5,19,0,1,2,0,3,22,0.13636363636363635,13.636363636363637,1.0,2.0,3.0,52.63157894736842,105.26315789473684,157.89473684210526,9.059906005859375e-05,3.0199686686197918e-05,333.5563507080078,2.716154552785096e-07,2.7161545527850957e-05
1182557,1182795,worker,/pscratch/sd/s/satt/sprints/a_star_campaign/h5/h5_tr_209.py,0,0,0,3,0,3,3,1.0,100.0,0.0,3.0,3.0,,,,5.1021575927734375e-05,1.7007191975911457e-05,333.5456418991089,1.5296729897963235e-07,1.5296729897963234e-05
1182557,1182795,worker,/pscratch/sd/s/satt/sprints/data/converted_10M/mc_normalized_rntuple_10M_29.h5,21,0,1,2,0,3,24,0.125,12.5,1.0,2.0,3.0,47.61904761904762,95.23809523809524,142.85714285714286,9.489059448242188e-05,3.163019816080729e-05,333.5456418991089,2.844905840836153e-07,2.844905840836153e-05
1182557,1182796,worker,/pscratch/sd/s/satt/sprints/a_star_campaign/h5/h5_tr_209.py,0,0,0,3,0,3,3,1.0,100.0,0.0,3.0,3.0,,,,5.5789947509765625e-05,1.8596649169921875e-05,333.5438108444214,1.672642264550619e-07,1.6726422645506187e-05
1182557,1182796,worker,/pscratch/sd/s/satt/sprints/data/converted_10M/mc_normalized_rntuple_10M_29.h5,21,0,1,2,0,3,24,0.125,12.5,1.0,2.0,3.0,47.61904761904762,95.23809523809524,142.85714285714286,9.059906005859375e-05,3.0199686686197918e-05,333.5438108444214,2.716256668928355e-07,2.7162566689283554e-05
1182557,1182797,worker,/pscratch/sd/s/satt/sprints/a_star_campaign/h5/h5_tr_209.py,0,0,0,3,0,3,3,1.0,100.0,0.0,3.0,3.0,,,,5.364418029785156e-05,1.7881393432617188e-05,333.5368421077728,1.608343472908399e-07,1.6083434729083988e-05
1182557,1182797,worker,/pscratch/sd/s/satt/sprints/data/converted_10M/mc_normalized_rntuple_10M_29.h5,19,0,1,2,0,3,22,0.13636363636363635,13.636363636363637,1.0,2.0,3.0,52.63157894736842,105.26315789473684,157.89473684210526,7.390975952148438e-05,2.4636586507161457e-05,333.5368421077728,2.2159398960071273e-07,2.2159398960071274e-05
1182557,1182798,worker,/pscratch/sd/s/satt/sprints/a_star_campaign/h5/h5_tr_209.py,0,0,0,3,0,3,3,1.0,100.0,0.0,3.0,3.0,,,,5.5789947509765625e-05,1.8596649169921875e-05,333.5384724140167,1.6726690359280152e-07,1.672669035928015e-05
1182557,1182798,worker,/pscratch/sd/s/satt/sprints/data/converted_10M/mc_normalized_rntuple_10M_29.h5,21,0,1,2,0,3,24,0.125,12.5,1.0,2.0,3.0,47.61904761904762,95.23809523809524,142.85714285714286,8.511543273925781e-05,2.8371810913085938e-05,333.5384724140167,2.551892503531203e-07,2.5518925035312027e-05
1182557,1182799,worker,/pscratch/sd/s/satt/sprints/a_star_campaign/h5/h5_tr_209.py,0,0,0,3,0,3,3,1.0,100.0,0.0,3.0,3.0,,,,5.936622619628906e-05,1.9788742065429688e-05,333.5134632587433,1.7800248786428185e-07,1.7800248786428184e-05
1182557,1182799,worker,/pscratch/sd/s/satt/sprints/data/converted_10M/mc_normalized_rntuple_10M_29.h5,21,0,1,2,0,3,24,0.125,12.5,1.0,2.0,3.0,47.61904761904762,95.23809523809524,142.85714285714286,0.0006339550018310547,0.0002113183339436849,333.5134632587433,1.9008378121731945e-06,0.00019008378121731945
1182557,1182800,worker,/pscratch/sd/s/satt/sprints/a_star_campaign/h5/h5_tr_209.py,0,0,0,3,0,3,3,1.0,100.0,0.0,3.0,3.0,,,,5.221366882324219e-05,1.7404556274414062e-05,333.5206813812256,1.5655301676347973e-07,1.5655301676347973e-05
1182557,1182800,worker,/pscratch/sd/s/satt/sprints/data/converted_10M/mc_normalized_rntuple_10M_29.h5,19,0,1,2,0,3,22,0.13636363636363635,13.636363636363637,1.0,2.0,3.0,52.63157894736842,105.26315789473684,157.89473684210526,0.00845956802368164,0.0028198560078938804,333.5206813812256,2.536444813151501e-05,0.002536444813151501
1182557,1182801,worker,/pscratch/sd/s/satt/sprints/a_star_campaign/h5/h5_tr_209.py,0,0,0,3,0,3,3,1.0,100.0,0.0,3.0,3.0,,,,5.030632019042969e-05,1.6768773396809895e-05,333.51932525634766,1.5083479840864855e-07,1.5083479840864855e-05
1182557,1182801,worker,/pscratch/sd/s/satt/sprints/data/converted_10M/mc_normalized_rntuple_10M_29.h5,21,0,1,2,0,3,24,0.125,12.5,1.0,2.0,3.0,47.61904761904762,95.23809523809524,142.85714285714286,0.013350963592529297,0.004450321197509766,333.51932525634766,4.003055469804503e-05,0.004003055469804504
1182557,1182802,worker,/pscratch/sd/s/satt/sprints/a_star_campaign/h5/h5_tr_209.py,0,0,0,3,0,3,3,1.0,100.0,0.0,3.0,3.0,,,,5.340576171875e-05,1.7801920572916668e-05,333.50529527664185,1.6013467394708096e-07,1.6013467394708095e-05
1182557,1182802,worker,/pscratch/sd/s/satt/sprints/data/converted_10M/mc_normalized_rntuple_10M_29.h5,21,0,1,2,0,3,24,0.125,12.5,1.0,2.0,3.0,47.61904761904762,95.23809523809524,142.85714285714286,0.03615736961364746,0.012052456537882486,333.50529527664185,0.00010841617847073465,0.010841617847073465
1182557,1182803,worker,/pscratch/sd/s/satt/sprints/a_star_campaign/h5/h5_tr_209.py,0,0,0,3,0,3,3,1.0,100.0,0.0,3.0,3.0,,,,5.2928924560546875e-05,1.7642974853515625e-05,333.50549936294556,1.5870480295422556e-07,1.5870480295422556e-05
1182557,1182803,worker,/pscratch/sd/s/satt/sprints/data/converted_10M/mc_normalized_rntuple_10M_29.h5,19,0,1,2,0,3,22,0.13636363636363635,13.636363636363637,1.0,2.0,3.0,52.63157894736842,105.26315789473684,157.89473684210526,0.021519899368286133,0.007173299789428711,333.50549936294556,6.452637035788898e-05,0.0064526370357888985
1182557,1182804,worker,/pscratch/sd/s/satt/sprints/a_star_campaign/h5/h5_tr_209.py,0,0,0,3,0,3,3,1.0,100.0,0.0,3.0,3.0,,,,5.340576171875e-05,1.7801920572916668e-05,333.4965968132019,1.6013885067817837e-07,1.6013885067817837e-05
1182557,1182804,worker,/pscratch/sd/s/satt/sprints/data/converted_10M/mc_normalized_rntuple_10M_29.h5,21,0,1,2,0,3,24,0.125,12.5,1.0,2.0,3.0,47.61904761904762,95.23809523809524,142.85714285714286,0.025864601135253906,0.008621533711751303,333.4965968132019,7.75558173079085e-05,0.00775558173079085
1182557,1182805,worker,/pscratch/sd/s/satt/sprints/a_star_campaign/h5/h5_tr_209.py,0,0,0,3,0,3,3,1.0,100.0,0.0,3.0,3.0,,,,5.650520324707031e-05,1.8835067749023438e-05,333.49076533317566,1.694355859917695e-07,1.694355859917695e-05
1182557,1182805,worker,/pscratch/sd/s/satt/sprints/data/converted_10M/mc_normalized_rntuple_10M_29.h5,21,0,1,2,0,3,24,0.125,12.5,1.0,2.0,3.0,47.61904761904762,95.23809523809524,142.85714285714286,0.021629810333251953,0.007209936777750651,333.49076533317566,6.485879844871441e-05,0.00648587984487144
1182557,1182806,worker,/pscratch/sd/s/satt/sprints/a_star_campaign/h5/h5_tr_209.py,0,0,0,3,0,3,3,1.0,100.0,0.0,3.0,3.0,,,,5.7697296142578125e-05,1.9232432047526043e-05,333.4829077720642,1.730142528984252e-07,1.730142528984252e-05
1182557,1182806,worker,/pscratch/sd/s/satt/sprints/data/converted_10M/mc_normalized_rntuple_10M_29.h5,19,0,1,2,0,3,22,0.13636363636363635,13.636363636363637,1.0,2.0,3.0,52.63157894736842,105.26315789473684,157.89473684210526,0.02965092658996582,0.009883642196655273,333.4829077720642,8.891288248641591e-05,0.00889128824864159
1182557,1182807,worker,/pscratch/sd/s/satt/sprints/a_star_campaign/h5/h5_tr_209.py,0,0,0,3,0,3,3,1.0,100.0,0.0,3.0,3.0,,,,5.91278076171875e-05,1.9709269205729168e-05,333.46210765838623,1.773149220233464e-07,1.7731492202334642e-05
1182557,1182807,worker,/pscratch/sd/s/satt/sprints/data/converted_10M/mc_normalized_rntuple_10M_29.h5,21,0,1,2,0,3,24,0.125,12.5,1.0,2.0,3.0,47.61904761904762,95.23809523809524,142.85714285714286,0.019768476486206055,0.006589492162068685,333.46210765838623,5.928252725631358e-05,0.005928252725631358
1182557,1182808,worker,/pscratch/sd/s/satt/sprints/a_star_campaign/h5/h5_tr_209.py,0,0,0,3,0,3,3,1.0,100.0,0.0,3.0,3.0,,,,5.221366882324219e-05,1.7404556274414062e-05,333.473185300827,1.565753143723988e-07,1.565753143723988e-05
1182557,1182808,worker,/pscratch/sd/s/satt/sprints/data/converted_10M/mc_normalized_rntuple_10M_29.h5,21,0,1,2,0,3,24,0.125,12.5,1.0,2.0,3.0,47.61904761904762,95.23809523809524,142.85714285714286,0.04271960258483887,0.014239867528279623,333.473185300827,0.00012810506052023763,0.012810506052023765
1182557,1182809,worker,/pscratch/sd/s/satt/sprints/a_star_campaign/h5/h5_tr_209.py,0,0,0,3,0,3,3,1.0,100.0,0.0,3.0,3.0,,,,5.2928924560546875e-05,1.7642974853515625e-05,333.4632360935211,1.5872491726704993e-07,1.587249172670499e-05
1182557,1182809,worker,/pscratch/sd/s/satt/sprints/data/converted_10M/mc_normalized_rntuple_10M_29.h5,19,0,1,2,0,3,22,0.13636363636363635,13.636363636363637,1.0,2.0,3.0,52.63157894736842,105.26315789473684,157.89473684210526,0.026719093322753906,0.008906364440917969,333.4632360935211,8.012605418145834e-05,0.008012605418145833
1182557,1182810,worker,/pscratch/sd/s/satt/sprints/a_star_campaign/h5/h5_tr_209.py,0,0,0,3,0,3,3,1.0,100.0,0.0,3.0,3.0,,,,5.435943603515625e-05,1.811981201171875e-05,333.4485776424408,1.630219460508428e-07,1.630219460508428e-05
1182557,1182810,worker,/pscratch/sd/s/satt/sprints/data/converted_10M/mc_normalized_rntuple_10M_29.h5,21,0,1,2,0,3,24,0.125,12.5,1.0,2.0,3.0,47.61904761904762,95.23809523809524,142.85714285714286,0.026580810546875,0.008860270182291666,333.4485776424408,7.971487158472089e-05,0.007971487158472089
1182557,1182811,worker,/pscratch/sd/s/satt/sprints/a_star_campaign/h5/h5_tr_209.py,0,0,0,3,0,3,3,1.0,100.0,0.0,3.0,3.0,,,,5.2928924560546875e-05,1.7642974853515625e-05,333.4499201774597,1.587312557531232e-07,1.587312557531232e-05
1182557,1182811,worker,/pscratch/sd/s/satt/sprints/data/converted_10M/mc_normalized_rntuple_10M_29.h5,21,0,1,2,0,3,24,0.125,12.5,1.0,2.0,3.0,47.61904761904762,95.23809523809524,142.85714285714286,0.01330256462097168,0.00443418820699056,333.4499201774597,3.989374060696175e-05,0.003989374060696175
1182557,1182812,worker,/pscratch/sd/s/satt/sprints/a_star_campaign/h5/h5_tr_209.py,0,0,0,3,0,3,3,1.0,100.0,0.0,3.0,3.0,,,,5.91278076171875e-05,1.9709269205729168e-05,333.44198083877563,1.7732562489117622e-07,1.7732562489117623e-05
1182557,1182812,worker,/pscratch/sd/s/satt/sprints/data/converted_10M/mc_normalized_rntuple_10M_29.h5,19,0,1,2,0,3,22,0.13636363636363635,13.636363636363637,1.0,2.0,3.0,52.63157894736842,105.26315789473684,157.89473684210526,0.026697635650634766,0.008899211883544922,333.44198083877563,8.006680977445214e-05,0.008006680977445214
1182557,1182813,worker,/pscratch/sd/s/satt/sprints/a_star_campaign/h5/h5_tr_209.py,0,0,0,3,0,3,3,1.0,100.0,0.0,3.0,3.0,,,,5.2928924560546875e-05,1.7642974853515625e-05,333.4372570514679,1.5873728397536873e-07,1.5873728397536872e-05
1182557,1182813,worker,/pscratch/sd/s/satt/sprints/data/converted_10M/mc_normalized_rntuple_10M_29.h5,23,0,1,2,0,3,26,0.11538461538461539,11.538461538461538,1.0,2.0,3.0,43.47826086956522,86.95652173913044,130.43478260869566,0.034261226654052734,0.011420408884684244,333.4372570514679,0.00010275164496319115,0.010275164496319116
1182557,1182814,worker,/pscratch/sd/s/satt/sprints/a_star_campaign/h5/h5_tr_209.py,0,0,0,3,0,3,3,1.0,100.0,0.0,3.0,3.0,,,,5.2928924560546875e-05,1.7642974853515625e-05,333.4319040775299,1.5873983237140915e-07,1.5873983237140915e-05
1182557,1182814,worker,/pscratch/sd/s/satt/sprints/data/converted_10M/mc_normalized_rntuple_10M_29.h5,21,0,1,2,0,3,24,0.125,12.5,1.0,2.0,3.0,47.61904761904762,95.23809523809524,142.85714285714286,0.026853561401367188,0.008951187133789062,333.4319040775299,8.053686846692143e-05,0.008053686846692143
1182557,1182815,worker,/pscratch/sd/s/satt/sprints/a_star_campaign/h5/h5_tr_209.py,0,0,0,3,0,3,3,1.0,100.0,0.0,3.0,3.0,,,,5.6743621826171875e-05,1.8914540608723957e-05,333.41564774513245,1.7018883849610888e-07,1.701888384961089e-05
1182557,1182815,worker,/pscratch/sd/s/satt/sprints/data/converted_10M/mc_normalized_rntuple_10M_29.h5,21,0,1,2,0,3,24,0.125,12.5,1.0,2.0,3.0,47.61904761904762,95.23809523809524,142.85714285714286,0.03361678123474121,0.011205593744913736,333.41564774513245,0.00010082544554249099,0.010082544554249099
1182557,1182816,worker,/pscratch/sd/s/satt/sprints/a_star_campaign/h5/h5_tr_209.py,0,0,0,3,0,3,3,1.0,100.0,0.0,3.0,3.0,,,,5.340576171875e-05,1.7801920572916668e-05,333.40452098846436,1.6018307598353718e-07,1.6018307598353718e-05
1182557,1182816,worker,/pscratch/sd/s/satt/sprints/data/converted_10M/mc_normalized_rntuple_10M_29.h5,19,0,1,2,0,3,22,0.13636363636363635,13.636363636363637,1.0,2.0,3.0,52.63157894736842,105.26315789473684,157.89473684210526,0.029657602310180664,0.009885867436726889,333.40452098846436,8.895380969116134e-05,0.008895380969116134
1182557,1182817,worker,/pscratch/sd/s/satt/sprints/a_star_campaign/h5/h5_tr_209.py,0,0,0,3,0,3,3,1.0,100.0,0.0,3.0,3.0,,,,5.3882598876953125e-05,1.7960866292317707e-05,333.411563873291,1.61609868149116e-07,1.61609868149116e-05
1182557,1182817,worker,/pscratch/sd/s/satt/sprints/data/converted_10M/mc_normalized_rntuple_10M_29.h5,21,0,1,2,0,3,24,0.125,12.5,1.0,2.0,3.0,47.61904761904762,95.23809523809524,142.85714285714286,0.035569190979003906,0.011856396993001303,333.411563873291,0.00010668253543995715,0.010668253543995716
1182557,1182818,worker,/pscratch/sd/s/satt/sprints/a_star_campaign/h5/h5_tr_209.py,0,0,0,3,0,3,3,1.0,100.0,0.0,3.0,3.0,,,,5.1975250244140625e-05,1.7325083414713543e-05,333.4091818332672,1.5589027860106337e-07,1.5589027860106338e-05
1182557,1182818,worker,/pscratch/sd/s/satt/sprints/data/converted_10M/mc_normalized_rntuple_10M_29.h5,21,0,1,2,0,3,24,0.125,12.5,1.0,2.0,3.0,47.61904761904762,95.23809523809524,142.85714285714286,0.03538250923156738,0.011794169743855795,333.4091818332672,0.00010612337979720555,0.010612337979720556
1182557,1182819,worker,/pscratch/sd/s/satt/sprints/a_star_campaign/h5/h5_tr_209.py,0,0,0,3,0,3,3,1.0,100.0,0.0,3.0,3.0,,,,5.14984130859375e-05,1.71661376953125e-05,333.3994915485382,1.5446458195464903e-07,1.5446458195464905e-05
1182557,1182819,worker,/pscratch/sd/s/satt/sprints/data/converted_10M/mc_normalized_rntuple_10M_29.h5,19,0,1,2,0,3,22,0.13636363636363635,13.636363636363637,1.0,2.0,3.0,52.63157894736842,105.26315789473684,157.89473684210526,0.024060964584350586,0.008020321528116861,333.3994915485382,7.216857012167234e-05,0.007216857012167234
1182557,1182820,worker,/pscratch/sd/s/satt/sprints/a_star_campaign/h5/h5_tr_209.py,0,0,0,3,0,3,3,1.0,100.0,0.0,3.0,3.0,,,,5.245208740234375e-05,1.7484029134114582e-05,333.3925428390503,1.5732831621151675e-07,1.5732831621151674e-05
1182557,1182820,worker,/pscratch/sd/s/satt/sprints/data/converted_10M/mc_normalized_rntuple_10M_29.h5,21,0,1,2,0,3,24,0.125,12.5,1.0,2.0,3.0,47.61904761904762,95.23809523809524,142.85714285714286,0.04536271095275879,0.015120903650919596,333.3925428390503,0.00013606396401811017,0.013606396401811017
1182557,1182821,worker,/pscratch/sd/s/satt/sprints/a_star_campaign/h5/h5_tr_209.py,0,0,0,3,0,3,3,1.0,100.0,0.0,3.0,3.0,,,,5.2928924560546875e-05,1.7642974853515625e-05,333.3884971141815,1.587605001933206e-07,1.587605001933206e-05
1182557,1182821,worker,/pscratch/sd/s/satt/sprints/data/converted_10M/mc_normalized_rntuple_10M_29.h5,21,0,1,2,0,3,24,0.125,12.5,1.0,2.0,3.0,47.61904761904762,95.23809523809524,142.85714285714286,0.03760862350463867,0.012536207834879557,333.3884971141815,0.00011280720189862512,0.011280720189862512
1182557,1182822,worker,/pscratch/sd/s/satt/sprints/a_star_campaign/h5/h5_tr_209.py,0,0,0,3,0,3,3,1.0,100.0,0.0,3.0,3.0,,,,5.459785461425781e-05,1.819928487141927e-05,333.37903928756714,1.6377110789848616e-07,1.6377110789848615e-05
1182557,1182822,worker,/pscratch/sd/s/satt/sprints/data/converted_10M/mc_normalized_rntuple_10M_29.h5,19,0,1,2,0,3,22,0.13636363636363635,13.636363636363637,1.0,2.0,3.0,52.63157894736842,105.26315789473684,157.89473684210526,0.02747035026550293,0.00915678342183431,333.37903928756714,8.239975231858374e-05,0.008239975231858375
1182557,1182823,worker,/pscratch/sd/s/satt/sprints/a_star_campaign/h5/h5_tr_209.py,0,0,0,3,0,3,3,1.0,100.0,0.0,3.0,3.0,,,,5.555152893066406e-05,1.8517176310221355e-05,333.37305092811584,1.6663473179972924e-07,1.6663473179972926e-05
1182557,1182823,worker,/pscratch/sd/s/satt/sprints/data/converted_10M/mc_normalized_rntuple_10M_29.h5,21,0,1,2,0,3,24,0.125,12.5,1.0,2.0,3.0,47.61904761904762,95.23809523809524,142.85714285714286,0.03757357597351074,0.01252452532450358,333.37305092811584,0.00011270729853209584,0.011270729853209583
1182557,1182824,worker,/pscratch/sd/s/satt/sprints/a_star_campaign/h5/h5_tr_209.py,0,0,0,3,0,3,3,1.0,100.0,0.0,3.0,3.0,,,,5.698204040527344e-05,1.899401346842448e-05,333.3699629306793,1.7092733821709736e-07,1.709273382170974e-05
1182557,1182824,worker,/pscratch/sd/s/satt/sprints/data/converted_10M/mc_normalized_rntuple_10M_29.h5,21,0,1,2,0,3,24,0.125,12.5,1.0,2.0,3.0,47.61904761904762,95.23809523809524,142.85714285714286,0.030924081802368164,0.010308027267456055,333.3699629306793,9.276205189727454e-05,0.009276205189727453
1182557,1182825,worker,/pscratch/sd/s/satt/sprints/a_star_campaign/h5/h5_tr_209.py,0,0,0,3,0,3,3,1.0,100.0,0.0,3.0,3.0,,,,5.173683166503906e-05,1.724561055501302e-05,333.3464639186859,1.5520438122199299e-07,1.55204381221993e-05
1182557,1182825,worker,/pscratch/sd/s/satt/sprints/data/converted_10M/mc_normalized_rntuple_10M_29.h5,19,0,1,2,0,3,22,0.13636363636363635,13.636363636363637,1.0,2.0,3.0,52.63157894736842,105.26315789473684,157.89473684210526,0.0234982967376709,0.007832765579223633,333.3464639186859,7.049211340487745e-05,0.007049211340487745
1182557,1182826,worker,/pscratch/sd/s/satt/sprints/a_star_campaign/h5/h5_tr_209.py,0,0,0,3,0,3,3,1.0,100.0,0.0,3.0,3.0,,,,5.221366882324219e-05,1.7404556274414062e-05,333.34401750564575,1.5663598589213578e-07,1.566359858921358e-05
1182557,1182826,worker,/pscratch/sd/s/satt/sprints/data/converted_10M/mc_normalized_rntuple_10M_29.h5,21,0,1,2,0,3,24,0.125,12.5,1.0,2.0,3.0,47.61904761904762,95.23809523809524,142.85714285714286,0.033830881118774414,0.011276960372924805,333.34401750564575,0.00010148939036591959,0.010148939036591958
1182557,1182827,worker,/pscratch/sd/s/satt/sprints/a_star_campaign/h5/h5_tr_209.py,0,0,0,3,0,3,3,1.0,100.0,0.0,3.0,3.0,,,,5.435943603515625e-05,1.811981201171875e-05,333.3483033180237,1.6307098459504026e-07,1.6307098459504027e-05
1182557,1182827,worker,/pscratch/sd/s/satt/sprints/data/converted_10M/mc_normalized_rntuple_10M_29.h5,21,0,1,2,0,3,24,0.125,12.5,1.0,2.0,3.0,47.61904761904762,95.23809523809524,142.85714285714286,0.042562007904052734,0.014187335968017578,333.3483033180237,0.00012768028959621666,0.012768028959621666
1182557,1182828,worker,/pscratch/sd/s/satt/sprints/a_star_campaign/h5/h5_tr_209.py,0,0,0,3,0,3,3,1.0,100.0,0.0,3.0,3.0,,,,5.507469177246094e-05,1.8358230590820312e-05,333.34351682662964,1.6521902779679684e-07,1.6521902779679683e-05
1182557,1182828,worker,/pscratch/sd/s/satt/sprints/data/converted_10M/mc_normalized_rntuple_10M_29.h5,19,0,1,2,0,3,22,0.13636363636363635,13.636363636363637,1.0,2.0,3.0,52.63157894736842,105.26315789473684,157.89473684210526,0.008402824401855469,0.0028009414672851562,333.34351682662964,2.520770309813986e-05,0.002520770309813986
1182557,1182829,worker,/pscratch/sd/s/satt/sprints/a_star_campaign/h5/h5_tr_209.py,0,0,0,3,0,3,3,1.0,100.0,0.0,3.0,3.0,,,,5.125999450683594e-05,1.708666483561198e-05,333.3334515094757,1.5377992900115146e-07,1.5377992900115146e-05
1182557,1182829,worker,/pscratch/sd/s/satt/sprints/data/converted_10M/mc_normalized_rntuple_10M_29.h5,21,0,1,2,0,3,24,0.125,12.5,1.0,2.0,3.0,47.61904761904762,95.23809523809524,142.85714285714286,0.00895071029663086,0.002983570098876953,333.3334515094757,2.6852121370052222e-05,0.0026852121370052225
1182557,1182830,worker,/pscratch/sd/s/satt/sprints/a_star_campaign/h5/h5_tr_209.py,0,0,0,3,0,3,3,1.0,100.0,0.0,3.0,3.0,,,,5.0067901611328125e-05,1.6689300537109375e-05,333.3309338092804,1.5020478609397566e-07,1.5020478609397567e-05
1182557,1182830,worker,/pscratch/sd/s/satt/sprints/data/converted_10M/mc_normalized_rntuple_10M_29.h5,21,0,1,2,0,3,24,0.125,12.5,1.0,2.0,3.0,47.61904761904762,95.23809523809524,142.85714285714286,0.033197641372680664,0.01106588045756022,333.3309338092804,9.959364105005365e-05,0.009959364105005366
1182557,1182831,worker,/pscratch/sd/s/satt/sprints/a_star_campaign/h5/h5_tr_209.py,0,0,0,3,0,3,3,1.0,100.0,0.0,3.0,3.0,,,,5.316734313964844e-05,1.7722447713216145e-05,333.3241226673126,1.5950643690050065e-07,1.5950643690050065e-05
1182557,1182831,worker,/pscratch/sd/s/satt/sprints/data/converted_10M/mc_normalized_rntuple_10M_29.h5,19,0,1,2,0,3,22,0.13636363636363635,13.636363636363637,1.0,2.0,3.0,52.63157894736842,105.26315789473684,157.89473684210526,0.03026580810546875,0.010088602701822916,333.3241226673126,9.079993329998724e-05,0.009079993329998724
1182557,1182832,worker,/pscratch/sd/s/satt/sprints/a_star_campaign/h5/h5_tr_209.py,0,0,0,3,0,3,3,1.0,100.0,0.0,3.0,3.0,,,,5.4836273193359375e-05,1.8278757731119793e-05,333.31334805488586,1.6451868343517292e-07,1.645186834351729e-05
1182557,1182832,worker,/pscratch/sd/s/satt/sprints/data/converted_10M/mc_normalized_rntuple_10M_29.h5,21,0,1,2,0,3,24,0.125,12.5,1.0,2.0,3.0,47.61904761904762,95.23809523809524,142.85714285714286,0.03838634490966797,0.012795448303222656,333.31334805488586,0.00011516593959911557,0.011516593959911557
1182557,1182833,worker,/pscratch/sd/s/satt/sprints/a_star_campaign/h5/h5_tr_209.py,0,0,0,3,0,3,3,1.0,100.0,0.0,3.0,3.0,,,,5.888938903808594e-05,1.9629796346028645e-05,333.30821323394775,1.766814818834113e-07,1.7668148188341133e-05
1182557,1182833,worker,/pscratch/sd/s/satt/sprints/data/converted_10M/mc_normalized_rntuple_10M_29.h5,21,0,1,2,0,3,24,0.125,12.5,1.0,2.0,3.0,47.61904761904762,95.23809523809524,142.85714285714286,0.024875879287719727,0.008291959762573242,333.30821323394775,7.46332622480546e-05,0.00746332622480546
1182557,1182834,worker,/pscratch/sd/s/satt/sprints/a_star_campaign/h5/h5_tr_209.py,0,0,0,3,0,3,3,1.0,100.0,0.0,3.0,3.0,,,,6.079673767089844e-05,2.0265579223632812e-05,333.3026876449585,1.8240698297536827e-07,1.8240698297536827e-05
1182557,1182834,worker,/pscratch/sd/s/satt/sprints/data/converted_10M/mc_normalized_rntuple_10M_29.h5,19,0,1,2,0,3,22,0.13636363636363635,13.636363636363637,1.0,2.0,3.0,52.63157894736842,105.26315789473684,157.89473684210526,0.03953719139099121,0.01317906379699707,333.3026876449585,0.00011862247997564039,0.011862247997564038
1182557,1182835,worker,/pscratch/sd/s/satt/sprints/a_star_campaign/h5/h5_tr_209.py,0,0,0,3,0,3,3,1.0,100.0,0.0,3.0,3.0,,,,5.316734313964844e-05,1.7722447713216145e-05,333.2941265106201,1.595207923292171e-07,1.595207923292171e-05
1182557,1182835,worker,/pscratch/sd/s/satt/sprints/data/converted_10M/mc_normalized_rntuple_10M_29.h5,21,0,1,2,0,3,24,0.125,12.5,1.0,2.0,3.0,47.61904761904762,95.23809523809524,142.85714285714286,0.028916358947753906,0.009638786315917969,333.2941265106201,8.675928151056845e-05,0.008675928151056845
