run_id,pid,role,run_time,any_partial,fmt,script,script_variant,strategy,model,workers,epochs,batch,data_path,batches_in_memory,block_rows,prefetch_factor,log_every,seed,device,tree_name,target_col,torch_num_threads,torch_interop_threads,shuffle,persistent_workers,n_files,reads,writes,opens,stats,seeks,metadata_ops,tracked_ops,metadata_ops_fraction,metadata_ops_pct,opens_per_file,stats_per_file,metadata_ops_per_file,opens_per_1000_reads,stats_per_1000_reads,metadata_ops_per_1000_reads,meta_time,meta_time_per_metadata_op,meta_time_per_runtime,metadata_time_pct_runtime,n_records
1182557,1182557,parent,342.4354519844055,False,hdf5,h5_tr_209.py,209,stream,M2,256,1,64,/pscratch/sd/s/satt/sprints/data/converted_10M/mc_normalized_rntuple_10M_29.h5,,auto,,5000,,,,,,,false,true,2,27,0,7,23,13,30,70,0.42857142857142855,42.857142857142854,3.5,11.5,15.0,259.25925925925924,851.8518518518518,1111.111111111111,0.0026543140411376953,8.847713470458985e-05,7.751282835220497e-06,0.0007751282835220497,2
1182557,1182580,worker,334.82116866111755,False,hdf5,h5_tr_209.py,209,stream,M2,256,1,64,/pscratch/sd/s/satt/sprints/data/converted_10M/mc_normalized_rntuple_10M_29.h5,,auto,,5000,,,,,,,false,true,2,19,0,1,5,0,6,25,0.24,24.0,0.5,2.5,3.0,52.63157894736842,263.1578947368421,315.7894736842105,0.0001590251922607422,2.65041987101237e-05,4.749556095770525e-07,4.7495560957705246e-05,2
1182557,1182581,worker,334.83309149742126,False,hdf5,h5_tr_209.py,209,stream,M2,256,1,64,/pscratch/sd/s/satt/sprints/data/converted_10M/mc_normalized_rntuple_10M_29.h5,,auto,,5000,,,,,,,false,true,2,21,0,1,5,0,6,27,0.2222222222222222,22.22222222222222,0.5,2.5,3.0,47.61904761904762,238.0952380952381,285.7142857142857,0.00017380714416503906,2.8967857360839844e-05,5.190859224449674e-07,5.1908592244496736e-05,2
1182557,1182582,worker,334.80540680885315,False,hdf5,h5_tr_209.py,209,stream,M2,256,1,64,/pscratch/sd/s/satt/sprints/data/converted_10M/mc_normalized_rntuple_10M_29.h5,,auto,,5000,,,,,,,false,true,2,21,0,1,5,0,6,27,0.2222222222222222,22.22222222222222,0.5,2.5,3.0,47.61904761904762,238.0952380952381,285.7142857142857,0.00013208389282226562,2.201398213704427e-05,3.9450943782898604e-07,3.9450943782898604e-05,2
1182557,1182583,worker,334.8036439418793,False,hdf5,h5_tr_209.py,209,stream,M2,256,1,64,/pscratch/sd/s/satt/sprints/data/converted_10M/mc_normalized_rntuple_10M_29.h5,,auto,,5000,,,,,,,false,true,2,19,0,1,5,0,6,25,0.24,24.0,0.5,2.5,3.0,52.63157894736842,263.1578947368421,315.7894736842105,0.00016880035400390625,2.8133392333984375e-05,5.041771708829113e-07,5.0417717088291126e-05,2
1182557,1182584,worker,334.7948536872864,False,hdf5,h5_tr_209.py,209,stream,M2,256,1,64,/pscratch/sd/s/satt/sprints/data/converted_10M/mc_normalized_rntuple_10M_29.h5,,auto,,5000,,,,,,,false,true,2,21,0,1,5,0,6,27,0.2222222222222222,22.22222222222222,0.5,2.5,3.0,47.61904761904762,238.0952380952381,285.7142857142857,0.00015282630920410156,2.5471051534016926e-05,4.5647747425307885e-07,4.564774742530788e-05,2
1182557,1182585,worker,334.79608702659607,False,hdf5,h5_tr_209.py,209,stream,M2,256,1,64,/pscratch/sd/s/satt/sprints/data/converted_10M/mc_normalized_rntuple_10M_29.h5,,auto,,5000,,,,,,,false,true,2,21,0,1,5,0,6,27,0.2222222222222222,22.22222222222222,0.5,2.5,3.0,47.61904761904762,238.0952380952381,285.7142857142857,0.00014901161193847656,2.483526865641276e-05,4.450817011091266e-07,4.4508170110912656e-05,2
1182557,1182586,worker,334.7851445674896,False,hdf5,h5_tr_209.py,209,stream,M2,256,1,64,/pscratch/sd/s/satt/sprints/data/converted_10M/mc_normalized_rntuple_10M_29.h5,,auto,,5000,,,,,,,false,true,2,19,0,1,5,0,6,25,0.24,24.0,0.5,2.5,3.0,52.63157894736842,263.1578947368421,315.7894736842105,0.0001456737518310547,2.4278958638509113e-05,4.3512609264443687e-07,4.351260926444369e-05,2
1182557,1182587,worker,334.7832794189453,False,hdf5,h5_tr_209.py,209,stream,M2,256,1,64,/pscratch/sd/s/satt/sprints/data/converted_10M/mc_normalized_rntuple_10M_29.h5,,auto,,5000,,,,,,,false,true,2,21,0,1,5,0,6,27,0.2222222222222222,22.22222222222222,0.5,2.5,3.0,47.61904761904762,238.0952380952381,285.7142857142857,0.00015497207641601562,2.582867940266927e-05,4.629026774723857e-07,4.629026774723857e-05,2
1182557,1182588,worker,334.77192902565,False,hdf5,h5_tr_209.py,209,stream,M2,256,1,64,/pscratch/sd/s/satt/sprints/data/converted_10M/mc_normalized_rntuple_10M_29.h5,,auto,,5000,,,,,,,false,true,2,21,0,1,5,0,6,27,0.2222222222222222,22.22222222222222,0.5,2.5,3.0,47.61904761904762,238.0952380952381,285.7142857142857,0.0001423358917236328,2.372264862060547e-05,4.2517272023941747e-07,4.251727202394174e-05,2
1182557,1182589,worker,334.7660837173462,False,hdf5,h5_tr_209.py,209,stream,M2,256,1,64,/pscratch/sd/s/satt/sprints/data/converted_10M/mc_normalized_rntuple_10M_29.h5,,auto,,5000,,,,,,,false,true,2,19,0,1,5,0,6,25,0.24,24.0,0.5,2.5,3.0,52.63157894736842,263.1578947368421,315.7894736842105,0.00015115737915039062,2.5192896525065105e-05,4.515313423387827e-07,4.515313423387827e-05,2
1182557,1182590,worker,334.7806603908539,False,hdf5,h5_tr_209.py,209,stream,M2,256,1,64,/pscratch/sd/s/satt/sprints/data/converted_10M/mc_normalized_rntuple_10M_29.h5,,auto,,5000,,,,,,,false,true,2,21,0,1,5,0,6,27,0.2222222222222222,22.22222222222222,0.5,2.5,3.0,47.61904761904762,238.0952380952381,285.7142857142857,0.00013446807861328125,2.2411346435546875e-05,4.016602346631696e-07,4.016602346631696e-05,2
1182557,1182591,worker,334.76005005836487,False,hdf5,h5_tr_209.py,209,stream,M2,256,1,64,/pscratch/sd/s/satt/sprints/data/converted_10M/mc_normalized_rntuple_10M_29.h5,,auto,,5000,,,,,,,false,true,2,21,0,1,5,0,6,27,0.2222222222222222,22.22222222222222,0.5,2.5,3.0,47.61904761904762,238.0952380952381,285.7142857142857,0.00018477439880371094,3.079573313395182e-05,5.519607216317951e-07,5.519607216317952e-05,2
1182557,1182592,worker,334.75057005882263,False,hdf5,h5_tr_209.py,209,stream,M2,256,1,64,/pscratch/sd/s/satt/sprints/data/converted_10M/mc_normalized_rntuple_10M_29.h5,,auto,,5000,,,,,,,false,true,2,19,0,1,5,0,6,25,0.24,24.0,0.5,2.5,3.0,52.63157894736842,263.1578947368421,315.7894736842105,0.00017404556274414062,2.9007593790690105e-05,5.19926113086401e-07,5.19926113086401e-05,2
1182557,1182593,worker,334.753310918808,False,hdf5,h5_tr_209.py,209,stream,M2,256,1,64,/pscratch/sd/s/satt/sprints/data/converted_10M/mc_normalized_rntuple_10M_29.h5,,auto,,5000,,,,,,,false,true,2,21,0,1,5,0,6,27,0.2222222222222222,22.22222222222222,0.5,2.5,3.0,47.61904761904762,238.0952380952381,285.7142857142857,0.00013637542724609375,2.2729237874348957e-05,4.073908242215135e-07,4.073908242215135e-05,2
1182557,1182594,worker,334.7400870323181,False,hdf5,h5_tr_209.py,209,stream,M2,256,1,64,/pscratch/sd/s/satt/sprints/data/converted_10M/mc_normalized_rntuple_10M_29.h5,,auto,,5000,,,,,,,false,true,2,21,0,1,5,0,6,27,0.2222222222222222,22.22222222222222,0.5,2.5,3.0,47.61904761904762,238.0952380952381,285.7142857142857,0.00014400482177734375,2.4000803629557293e-05,4.301989135930425e-07,4.301989135930425e-05,2
1182557,1182595,worker,334.733300447464,False,hdf5,h5_tr_209.py,209,stream,M2,256,1,64,/pscratch/sd/s/satt/sprints/data/converted_10M/mc_normalized_rntuple_10M_29.h5,,auto,,5000,,,,,,,false,true,2,19,0,1,5,0,6,25,0.24,24.0,0.5,2.5,3.0,52.63157894736842,263.1578947368421,315.7894736842105,0.00013256072998046875,2.2093454996744793e-05,3.960189494241073e-07,3.960189494241073e-05,2
1182557,1182596,worker,334.73102378845215,False,hdf5,h5_tr_209.py,209,stream,M2,256,1,64,/pscratch/sd/s/satt/sprints/data/converted_10M/mc_normalized_rntuple_10M_29.h5,,auto,,5000,,,,,,,false,true,2,21,0,1,5,0,6,27,0.2222222222222222,22.22222222222222,0.5,2.5,3.0,47.61904761904762,238.0952380952381,285.7142857142857,0.000156402587890625,2.6067097981770832e-05,4.6724855712648384e-07,4.6724855712648386e-05,2
1182557,1182597,worker,334.7296657562256,False,hdf5,h5_tr_209.py,209,stream,M2,256,1,64,/pscratch/sd/s/satt/sprints/data/converted_10M/mc_normalized_rntuple_10M_29.h5,,auto,,5000,,,,,,,false,true,2,21,0,1,5,0,6,27,0.2222222222222222,22.22222222222222,0.5,2.5,3.0,47.61904761904762,238.0952380952381,285.7142857142857,0.00015425682067871094,2.570947011311849e-05,4.6084000451591867e-07,4.608400045159186e-05,2
1182557,1182598,worker,334.71590971946716,False,hdf5,h5_tr_209.py,209,stream,M2,256,1,64,/pscratch/sd/s/satt/sprints/data/converted_10M/mc_normalized_rntuple_10M_29.h5,,auto,,5000,,,,,,,false,true,2,19,0,1,5,0,6,25,0.24,24.0,0.5,2.5,3.0,52.63157894736842,263.1578947368421,315.7894736842105,0.00018143653869628906,3.0239423116048176e-05,5.420612926596619e-07,5.420612926596619e-05,2
1182557,1182599,worker,334.7155408859253,False,hdf5,h5_tr_209.py,209,stream,M2,256,1,64,/pscratch/sd/s/satt/sprints/data/converted_10M/mc_normalized_rntuple_10M_29.h5,,auto,,5000,,,,,,,false,true,2,21,0,1,5,0,6,27,0.2222222222222222,22.22222222222222,0.5,2.5,3.0,47.61904761904762,238.0952380952381,285.7142857142857,0.00013685226440429688,2.280871073404948e-05,4.0886139927078443e-07,4.088613992707844e-05,2
1182557,1182600,worker,334.70458030700684,False,hdf5,h5_tr_209.py,209,stream,M2,256,1,64,/pscratch/sd/s/satt/sprints/data/converted_10M/mc_normalized_rntuple_10M_29.h5,,auto,,5000,,,,,,,false,true,2,21,0,1,5,0,6,27,0.2222222222222222,22.22222222222222,0.5,2.5,3.0,47.61904761904762,238.0952380952381,285.7142857142857,0.0001552104949951172,2.586841583251953e-05,4.637238452271875e-07,4.637238452271875e-05,2
1182557,1182601,worker,334.711177110672,False,hdf5,h5_tr_209.py,209,stream,M2,256,1,64,/pscratch/sd/s/satt/sprints/data/converted_10M/mc_normalized_rntuple_10M_29.h5,,auto,,5000,,,,,,,false,true,2,23,0,1,5,0,6,29,0.20689655172413793,20.689655172413794,0.5,2.5,3.0,43.47826086956522,217.3913043478261,260.8695652173913,0.0001800060272216797,3.0001004536946613e-05,5.37795088815217e-07,5.377950888152171e-05,2
1182557,1182602,worker,334.6937048435211,False,hdf5,h5_tr_209.py,209,stream,M2,256,1,64,/pscratch/sd/s/satt/sprints/data/converted_10M/mc_normalized_rntuple_10M_29.h5,,auto,,5000,,,,,,,false,true,2,19,0,1,5,0,6,25,0.24,24.0,0.5,2.5,3.0,52.63157894736842,263.1578947368421,315.7894736842105,0.00013971328735351562,2.3285547892252605e-05,4.1743625688698144e-07,4.174362568869814e-05,2
1182557,1182603,worker,334.6935431957245,False,hdf5,h5_tr_209.py,209,stream,M2,256,1,64,/pscratch/sd/s/satt/sprints/data/converted_10M/mc_normalized_rntuple_10M_29.h5,,auto,,5000,,,,,,,false,true,2,21,0,1,5,0,6,27,0.2222222222222222,22.22222222222222,0.5,2.5,3.0,47.61904761904762,238.0952380952381,285.7142857142857,0.00013899803161621094,2.3166338602701824e-05,4.1529941178138197e-07,4.1529941178138194e-05,2
1182557,1182604,worker,334.67597699165344,False,hdf5,h5_tr_209.py,209,stream,M2,256,1,64,/pscratch/sd/s/satt/sprints/data/converted_10M/mc_normalized_rntuple_10M_29.h5,,auto,,5000,,,,,,,false,true,2,21,0,1,5,0,6,27,0.2222222222222222,22.22222222222222,0.5,2.5,3.0,47.61904761904762,238.0952380952381,285.7142857142857,0.00015974044799804688,2.662340799967448e-05,4.772988173036115e-07,4.7729881730361145e-05,2
1182557,1182605,worker,334.67042446136475,False,hdf5,h5_tr_209.py,209,stream,M2,256,1,64,/pscratch/sd/s/satt/sprints/data/converted_10M/mc_normalized_rntuple_10M_29.h5,,auto,,5000,,,,,,,false,true,2,19,0,1,5,0,6,25,0.24,24.0,0.5,2.5,3.0,52.63157894736842,263.1578947368421,315.7894736842105,0.0001347064971923828,2.2451082865397137e-05,4.025049342474351e-07,4.025049342474351e-05,2
1182557,1182606,worker,334.6788260936737,False,hdf5,h5_tr_209.py,209,stream,M2,256,1,64,/pscratch/sd/s/satt/sprints/data/converted_10M/mc_normalized_rntuple_10M_29.h5,,auto,,5000,,,,,,,false,true,2,21,0,1,5,0,6,27,0.2222222222222222,22.22222222222222,0.5,2.5,3.0,47.61904761904762,238.0952380952381,285.7142857142857,0.0001785755157470703,2.976258595784505e-05,5.335727922539342e-07,5.3357279225393415e-05,2
1182557,1182607,worker,334.6628427505493,False,hdf5,h5_tr_209.py,209,stream,M2,256,1,64,/pscratch/sd/s/satt/sprints/data/converted_10M/mc_normalized_rntuple_10M_29.h5,,auto,,5000,,,,,,,false,true,2,21,0,1,5,0,6,27,0.2222222222222222,22.22222222222222,0.5,2.5,3.0,47.61904761904762,238.0952380952381,285.7142857142857,0.00014066696166992188,2.3444493611653645e-05,4.2032440922869974e-07,4.203244092286997e-05,2
1182557,1182608,worker,334.6534106731415,False,hdf5,h5_tr_209.py,209,stream,M2,256,1,64,/pscratch/sd/s/satt/sprints/data/converted_10M/mc_normalized_rntuple_10M_29.h5,,auto,,5000,,,,,,,false,true,2,19,0,1,5,0,6,25,0.24,24.0,0.5,2.5,3.0,52.63157894736842,263.1578947368421,315.7894736842105,0.00014472007751464844,2.4120012919108074e-05,4.3244763955505486e-07,4.3244763955505486e-05,2
1182557,1182609,worker,334.6473195552826,False,hdf5,h5_tr_209.py,209,stream,M2,256,1,64,/pscratch/sd/s/satt/sprints/data/converted_10M/mc_normalized_rntuple_10M_29.h5,,auto,,5000,,,,,,,false,true,2,21,0,1,5,0,6,27,0.2222222222222222,22.22222222222222,0.5,2.5,3.0,47.61904761904762,238.0952380952381,285.7142857142857,0.00015091896057128906,2.5153160095214844e-05,4.509791405825313e-07,4.509791405825313e-05,2
1182557,1182610,worker,334.6521370410919,False,hdf5,h5_tr_209.py,209,stream,M2,256,1,64,/pscratch/sd/s/satt/sprints/data/converted_10M/mc_normalized_rntuple_10M_29.h5,,auto,,5000,,,,,,,false,true,2,21,0,1,5,0,6,27,0.2222222222222222,22.22222222222222,0.5,2.5,3.0,47.61904761904762,238.0952380952381,285.7142857142857,0.00015926361083984375,2.6543935139973957e-05,4.7590794503215076e-07,4.759079450321507e-05,2
1182557,1182611,worker,334.6380515098572,False,hdf5,h5_tr_209.py,209,stream,M2,256,1,64,/pscratch/sd/s/satt/sprints/data/converted_10M/mc_normalized_rntuple_10M_29.h5,,auto,,5000,,,,,,,false,true,2,19,0,1,5,0,6,25,0.24,24.0,0.5,2.5,3.0,52.63157894736842,263.1578947368421,315.7894736842105,0.00013399124145507812,2.2331873575846355e-05,4.004064715609045e-07,4.004064715609045e-05,2
1182557,1182612,worker,334.6351697444916,False,hdf5,h5_tr_209.py,209,stream,M2,256,1,64,/pscratch/sd/s/satt/sprints/data/converted_10M/mc_normalized_rntuple_10M_29.h5,,auto,,5000,,,,,,,false,true,2,21,0,1,5,0,6,27,0.2222222222222222,22.22222222222222,0.5,2.5,3.0,47.61904761904762,238.0952380952381,285.7142857142857,0.0001342296600341797,2.2371610005696613e-05,4.0112239289334064e-07,4.0112239289334066e-05,2
1182557,1182613,worker,334.6249454021454,False,hdf5,h5_tr_209.py,209,stream,M2,256,1,64,/pscratch/sd/s/satt/sprints/data/converted_10M/mc_normalized_rntuple_10M_29.h5,,auto,,5000,,,,,,,false,true,2,21,0,1,5,0,6,27,0.2222222222222222,22.22222222222222,0.5,2.5,3.0,47.61904761904762,238.0952380952381,285.7142857142857,0.00014543533325195312,2.4239222208658855e-05,4.346219110388555e-07,4.3462191103885556e-05,2
1182557,1182614,worker,334.6357979774475,False,hdf5,h5_tr_209.py,209,stream,M2,256,1,64,/pscratch/sd/s/satt/sprints/data/converted_10M/mc_normalized_rntuple_10M_29.h5,,auto,,5000,,,,,,,false,true,2,19,0,1,5,0,6,25,0.24,24.0,0.5,2.5,3.0,52.63157894736842,263.1578947368421,315.7894736842105,0.00014734268188476562,2.4557113647460938e-05,4.4030759044701983e-07,4.403075904470198e-05,2
1182557,1182615,worker,334.6144952774048,False,hdf5,h5_tr_209.py,209,stream,M2,256,1,64,/pscratch/sd/s/satt/sprints/data/converted_10M/mc_normalized_rntuple_10M_29.h5,,auto,,5000,,,,,,,false,true,2,21,0,1,5,0,6,27,0.2222222222222222,22.22222222222222,0.5,2.5,3.0,47.61904761904762,238.0952380952381,285.7142857142857,0.0001442432403564453,2.404054005940755e-05,4.3107289849133293e-07,4.3107289849133294e-05,2
1182557,1182616,worker,334.61273646354675,False,hdf5,h5_tr_209.py,209,stream,M2,256,1,64,/pscratch/sd/s/satt/sprints/data/converted_10M/mc_normalized_rntuple_10M_29.h5,,auto,,5000,,,,,,,false,true,2,21,0,1,5,0,6,27,0.2222222222222222,22.22222222222222,0.5,2.5,3.0,47.61904761904762,238.0952380952381,285.7142857142857,0.0001285076141357422,2.1417935689290363e-05,3.8404878276276257e-07,3.840487827627626e-05,2
1182557,1182617,worker,334.6043210029602,False,hdf5,h5_tr_209.py,209,stream,M2,256,1,64,/pscratch/sd/s/satt/sprints/data/converted_10M/mc_normalized_rntuple_10M_29.h5,,auto,,5000,,,,,,,false,true,2,19,0,1,5,0,6,25,0.24,24.0,0.5,2.5,3.0,52.63157894736842,263.1578947368421,315.7894736842105,0.00012922286987304688,2.1537144978841145e-05,3.8619605833453555e-07,3.861960583345355e-05,2
1182557,1182618,worker,334.5970423221588,False,hdf5,h5_tr_209.py,209,stream,M2,256,1,64,/pscratch/sd/s/satt/sprints/data/converted_10M/mc_normalized_rntuple_10M_29.h5,,auto,,5000,,,,,,,false,true,2,21,0,1,5,0,6,27,0.2222222222222222,22.22222222222222,0.5,2.5,3.0,47.61904761904762,238.0952380952381,285.7142857142857,0.00013637542724609375,2.2729237874348957e-05,4.0758109007666573e-07,4.075810900766657e-05,2
1182557,1182619,worker,334.6025128364563,False,hdf5,h5_tr_209.py,209,stream,M2,256,1,64,/pscratch/sd/s/satt/sprints/data/converted_10M/mc_normalized_rntuple_10M_29.h5,,auto,,5000,,,,,,,false,true,2,21,0,1,5,0,6,27,0.2222222222222222,22.22222222222222,0.5,2.5,3.0,47.61904761904762,238.0952380952381,285.7142857142857,0.00013017654418945312,2.1696090698242188e-05,3.89048316122717e-07,3.89048316122717e-05,2
1182557,1182620,worker,334.58692955970764,False,hdf5,h5_tr_209.py,209,stream,M2,256,1,64,/pscratch/sd/s/satt/sprints/data/converted_10M/mc_normalized_rntuple_10M_29.h5,,auto,,5000,,,,,,,false,true,2,19,0,1,5,0,6,25,0.24,24.0,0.5,2.5,3.0,52.63157894736842,263.1578947368421,315.7894736842105,0.00016355514526367188,2.7259190877278645e-05,4.888270605157789e-07,4.88827060515779e-05,2
1182557,1182621,worker,334.5854287147522,False,hdf5,h5_tr_209.py,209,stream,M2,256,1,64,/pscratch/sd/s/satt/sprints/data/converted_10M/mc_normalized_rntuple_10M_29.h5,,auto,,5000,,,,,,,false,true,2,21,0,1,5,0,6,27,0.2222222222222222,22.22222222222222,0.5,2.5,3.0,47.61904761904762,238.0952380952381,285.7142857142857,0.00013589859008789062,2.2649765014648438e-05,4.061700792228754e-07,4.0617007922287535e-05,2
1182557,1182622,worker,334.5853531360626,False,hdf5,h5_tr_209.py,209,stream,M2,256,1,64,/pscratch/sd/s/satt/sprints/data/converted_10M/mc_normalized_rntuple_10M_29.h5,,auto,,5000,,,,,,,false,true,2,23,0,1,5,0,6,29,0.20689655172413793,20.689655172413794,0.5,2.5,3.0,43.47826086956522,217.3913043478261,260.8695652173913,0.00013971328735351562,2.3285547892252605e-05,4.1757143892876795e-07,4.1757143892876794e-05,2
1182557,1182623,worker,334.5744352340698,False,hdf5,h5_tr_209.py,209,stream,M2,256,1,64,/pscratch/sd/s/satt/sprints/data/converted_10M/mc_normalized_rntuple_10M_29.h5,,auto,,5000,,,,,,,false,true,2,21,0,1,5,0,6,27,0.2222222222222222,22.22222222222222,0.5,2.5,3.0,47.61904761904762,238.0952380952381,285.7142857142857,0.00014281272888183594,2.380212148030599e-05,4.268488977106798e-07,4.268488977106798e-05,2
1182557,1182624,worker,334.56760835647583,False,hdf5,h5_tr_209.py,209,stream,M2,256,1,64,/pscratch/sd/s/satt/sprints/data/converted_10M/mc_normalized_rntuple_10M_29.h5,,auto,,5000,,,,,,,false,true,2,19,0,1,5,0,6,25,0.24,24.0,0.5,2.5,3.0,52.63157894736842,263.1578947368421,315.7894736842105,0.00019669532775878906,3.2782554626464844e-05,5.879090588746227e-07,5.879090588746227e-05,2
1182557,1182625,worker,334.5595064163208,False,hdf5,h5_tr_209.py,209,stream,M2,256,1,64,/pscratch/sd/s/satt/sprints/data/converted_10M/mc_normalized_rntuple_10M_29.h5,,auto,,5000,,,,,,,false,true,2,21,0,1,5,0,6,27,0.2222222222222222,22.22222222222222,0.5,2.5,3.0,47.61904761904762,238.0952380952381,285.7142857142857,0.00014066696166992188,2.3444493611653645e-05,4.2045423600929767e-07,4.2045423600929766e-05,2
1182557,1182626,worker,334.56378865242004,False,hdf5,h5_tr_209.py,209,stream,M2,256,1,64,/pscratch/sd/s/satt/sprints/data/converted_10M/mc_normalized_rntuple_10M_29.h5,,auto,,5000,,,,,,,false,true,2,21,0,1,5,0,6,27,0.2222222222222222,22.22222222222222,0.5,2.5,3.0,47.61904761904762,238.0952380952381,285.7142857142857,0.0001513957977294922,2.5232632954915363e-05,4.525169873861574e-07,4.525169873861574e-05,2
1182557,1182627,worker,334.54749155044556,False,hdf5,h5_tr_209.py,209,stream,M2,256,1,64,/pscratch/sd/s/satt/sprints/data/converted_10M/mc_normalized_rntuple_10M_29.h5,,auto,,5000,,,,,,,false,true,2,19,0,1,5,0,6,25,0.24,24.0,0.5,2.5,3.0,52.63157894736842,263.1578947368421,315.7894736842105,0.00015544891357421875,2.5908152262369793e-05,4.6465424939758967e-07,4.646542493975897e-05,2
1182557,1182628,worker,334.54697036743164,False,hdf5,h5_tr_209.py,209,stream,M2,256,1,64,/pscratch/sd/s/satt/sprints/data/converted_10M/mc_normalized_rntuple_10M_29.h5,,auto,,5000,,,,,,,false,true,2,21,0,1,5,0,6,27,0.2222222222222222,22.22222222222222,0.5,2.5,3.0,47.61904761904762,238.0952380952381,285.7142857142857,0.00013899803161621094,2.3166338602701824e-05,4.1548136413714923e-07,4.154813641371492e-05,2
1182557,1182629,worker,334.5362277030945,False,hdf5,h5_tr_209.py,209,stream,M2,256,1,64,/pscratch/sd/s/satt/sprints/data/converted_10M/mc_normalized_rntuple_10M_29.h5,,auto,,5000,,,,,,,false,true,2,21,0,1,5,0,6,27,0.2222222222222222,22.22222222222222,0.5,2.5,3.0,47.61904761904762,238.0952380952381,285.7142857142857,0.0001430511474609375,2.384185791015625e-05,4.2761033219964857e-07,4.276103321996486e-05,2
1182557,1182630,worker,334.54857873916626,False,hdf5,h5_tr_209.py,209,stream,M2,256,1,64,/pscratch/sd/s/satt/sprints/data/converted_10M/mc_normalized_rntuple_10M_29.h5,,auto,,5000,,,,,,,false,true,2,19,0,1,5,0,6,25,0.24,24.0,0.5,2.5,3.0,52.63157894736842,263.1578947368421,315.7894736842105,0.00014328956604003906,2.388159434000651e-05,4.2830720303778674e-07,4.2830720303778674e-05,2
1182557,1182631,worker,334.52510380744934,False,hdf5,h5_tr_209.py,209,stream,M2,256,1,64,/pscratch/sd/s/satt/sprints/data/converted_10M/mc_normalized_rntuple_10M_29.h5,,auto,,5000,,,,,,,false,true,2,21,0,1,5,0,6,27,0.2222222222222222,22.22222222222222,0.5,2.5,3.0,47.61904761904762,238.0952380952381,285.7142857142857,0.0001323223114013672,2.205371856689453e-05,3.9555271008160607e-07,3.955527100816061e-05,2
1182557,1182632,worker,334.51882314682007,False,hdf5,h5_tr_209.py,209,stream,M2,256,1,64,/pscratch/sd/s/satt/sprints/data/converted_10M/mc_normalized_rntuple_10M_29.h5,,auto,,5000,,,,,,,false,true,2,21,0,1,5,0,6,27,0.2222222222222222,22.22222222222222,0.5,2.5,3.0,47.61904761904762,238.0952380952381,285.7142857142857,0.00013518333435058594,2.2530555725097656e-05,4.041127882697772e-07,4.041127882697772e-05,2
1182557,1182633,worker,334.5171799659729,False,hdf5,h5_tr_209.py,209,stream,M2,256,1,64,/pscratch/sd/s/satt/sprints/data/converted_10M/mc_normalized_rntuple_10M_29.h5,,auto,,5000,,,,,,,false,true,2,19,0,1,5,0,6,25,0.24,24.0,0.5,2.5,3.0,52.63157894736842,263.1578947368421,315.7894736842105,0.0001442432403564453,2.404054005940755e-05,4.311983030919899e-07,4.311983030919899e-05,2
1182557,1182634,worker,334.51308608055115,False,hdf5,h5_tr_209.py,209,stream,M2,256,1,64,/pscratch/sd/s/satt/sprints/data/converted_10M/mc_normalized_rntuple_10M_29.h5,,auto,,5000,,,,,,,false,true,2,21,0,1,5,0,6,27,0.2222222222222222,22.22222222222222,0.5,2.5,3.0,47.61904761904762,238.0952380952381,285.7142857142857,0.00014472007751464844,2.4120012919108074e-05,4.326290466250988e-07,4.3262904662509875e-05,2
1182557,1182635,worker,334.50242280960083,False,hdf5,h5_tr_209.py,209,stream,M2,256,1,64,/pscratch/sd/s/satt/sprints/data/converted_10M/mc_normalized_rntuple_10M_29.h5,,auto,,5000,,,,,,,false,true,2,21,0,1,5,0,6,27,0.2222222222222222,22.22222222222222,0.5,2.5,3.0,47.61904761904762,238.0952380952381,285.7142857142857,0.0001289844512939453,2.1497408548990887e-05,3.856009478513207e-07,3.856009478513207e-05,2
1182557,1182636,worker,334.49680948257446,False,hdf5,h5_tr_209.py,209,stream,M2,256,1,64,/pscratch/sd/s/satt/sprints/data/converted_10M/mc_normalized_rntuple_10M_29.h5,,auto,,5000,,,,,,,false,true,2,19,0,1,5,0,6,25,0.24,24.0,0.5,2.5,3.0,52.63157894736842,263.1578947368421,315.7894736842105,0.0001461505889892578,2.4358431498209637e-05,4.36926705565099e-07,4.3692670556509897e-05,2
1182557,1182637,worker,334.4961025714874,False,hdf5,h5_tr_209.py,209,stream,M2,256,1,64,/pscratch/sd/s/satt/sprints/data/converted_10M/mc_normalized_rntuple_10M_29.h5,,auto,,5000,,,,,,,false,true,2,21,0,1,5,0,6,27,0.2222222222222222,22.22222222222222,0.5,2.5,3.0,47.61904761904762,238.0952380952381,285.7142857142857,0.00013017654418945312,2.1696090698242188e-05,3.891720805973583e-07,3.891720805973583e-05,2
1182557,1182638,worker,334.485787153244,False,hdf5,h5_tr_209.py,209,stream,M2,256,1,64,/pscratch/sd/s/satt/sprints/data/converted_10M/mc_normalized_rntuple_10M_29.h5,,auto,,5000,,,,,,,false,true,2,21,0,1,5,0,6,27,0.2222222222222222,22.22222222222222,0.5,2.5,3.0,47.61904761904762,238.0952380952381,285.7142857142857,0.00013375282287597656,2.2292137145996094e-05,3.998759529196317e-07,3.998759529196317e-05,2
1182557,1182639,worker,334.48880982398987,False,hdf5,h5_tr_209.py,209,stream,M2,256,1,64,/pscratch/sd/s/satt/sprints/data/converted_10M/mc_normalized_rntuple_10M_29.h5,,auto,,5000,,,,,,,false,true,2,19,0,1,5,0,6,25,0.24,24.0,0.5,2.5,3.0,52.63157894736842,263.1578947368421,315.7894736842105,0.00012135505676269531,2.022584279378255e-05,3.628075235956417e-07,3.628075235956417e-05,2
1182557,1182640,worker,334.47287225723267,False,hdf5,h5_tr_209.py,209,stream,M2,256,1,64,/pscratch/sd/s/satt/sprints/data/converted_10M/mc_normalized_rntuple_10M_29.h5,,auto,,5000,,,,,,,false,true,2,21,0,1,5,0,6,27,0.2222222222222222,22.22222222222222,0.5,2.5,3.0,47.61904761904762,238.0952380952381,285.7142857142857,0.00014019012451171875,2.3365020751953125e-05,4.191375030376242e-07,4.191375030376242e-05,2
1182557,1182641,worker,334.4710133075714,False,hdf5,h5_tr_209.py,209,stream,M2,256,1,64,/pscratch/sd/s/satt/sprints/data/converted_10M/mc_normalized_rntuple_10M_29.h5,,auto,,5000,,,,,,,false,true,2,21,0,1,5,0,6,27,0.2222222222222222,22.22222222222222,0.5,2.5,3.0,47.61904761904762,238.0952380952381,285.7142857142857,0.0001285076141357422,2.1417935689290363e-05,3.8421151317399725e-07,3.842115131739973e-05,2
1182557,1182642,worker,334.46256041526794,False,hdf5,h5_tr_209.py,209,stream,M2,256,1,64,/pscratch/sd/s/satt/sprints/data/converted_10M/mc_normalized_rntuple_10M_29.h5,,auto,,5000,,,,,,,false,true,2,19,0,1,5,0,6,25,0.24,24.0,0.5,2.5,3.0,52.63157894736842,263.1578947368421,315.7894736842105,0.00014257431030273438,2.376238505045573e-05,4.2627883409645146e-07,4.262788340964514e-05,2
1182557,1182643,worker,334.45568895339966,False,hdf5,h5_tr_209.py,209,stream,M2,256,1,64,/pscratch/sd/s/satt/sprints/data/converted_10M/mc_normalized_rntuple_10M_29.h5,,auto,,5000,,,,,,,false,true,2,23,0,1,5,0,6,29,0.20689655172413793,20.689655172413794,0.5,2.5,3.0,43.47826086956522,217.3913043478261,260.8695652173913,0.00013685226440429688,2.280871073404948e-05,4.091790599602112e-07,4.091790599602112e-05,2
1182557,1182644,worker,334.45058846473694,False,hdf5,h5_tr_209.py,209,stream,M2,256,1,64,/pscratch/sd/s/satt/sprints/data/converted_10M/mc_normalized_rntuple_10M_29.h5,,auto,,5000,,,,,,,false,true,2,21,0,1,5,0,6,27,0.2222222222222222,22.22222222222222,0.5,2.5,3.0,47.61904761904762,238.0952380952381,285.7142857142857,0.00012755393981933594,2.1258989969889324e-05,3.813835114025661e-07,3.813835114025661e-05,2
1182557,1182645,worker,334.44953966140747,False,hdf5,h5_tr_209.py,209,stream,M2,256,1,64,/pscratch/sd/s/satt/sprints/data/converted_10M/mc_normalized_rntuple_10M_29.h5,,auto,,5000,,,,,,,false,true,2,21,0,1,5,0,6,27,0.2222222222222222,22.22222222222222,0.5,2.5,3.0,47.61904761904762,238.0952380952381,285.7142857142857,0.0001308917999267578,2.181529998779297e-05,3.9136486795368605e-07,3.91364867953686e-05,2
1182557,1182646,worker,334.4395456314087,False,hdf5,h5_tr_209.py,209,stream,M2,256,1,64,/pscratch/sd/s/satt/sprints/data/converted_10M/mc_normalized_rntuple_10M_29.h5,,auto,,5000,,,,,,,false,true,2,19,0,1,5,0,6,25,0.24,24.0,0.5,2.5,3.0,52.63157894736842,263.1578947368421,315.7894736842105,0.0001342296600341797,2.2371610005696613e-05,4.013570218819649e-07,4.0135702188196485e-05,2
1182557,1182647,worker,334.44179821014404,False,hdf5,h5_tr_209.py,209,stream,M2,256,1,64,/pscratch/sd/s/satt/sprints/data/converted_10M/mc_normalized_rntuple_10M_29.h5,,auto,,5000,,,,,,,false,true,2,21,0,1,5,0,6,27,0.2222222222222222,22.22222222222222,0.5,2.5,3.0,47.61904761904762,238.0952380952381,285.7142857142857,0.00013637542724609375,2.2729237874348957e-05,4.07770284623345e-07,4.07770284623345e-05,2
1182557,1182648,worker,334.4273633956909,False,hdf5,h5_tr_209.py,209,stream,M2,256,1,64,/pscratch/sd/s/satt/sprints/data/converted_10M/mc_normalized_rntuple_10M_29.h5,,auto,,5000,,,,,,,false,true,2,21,0,1,5,0,6,27,0.2222222222222222,22.22222222222222,0.5,2.5,3.0,47.61904761904762,238.0952380952381,285.7142857142857,0.00014162063598632812,2.3603439331054688e-05,4.2347203454988843e-07,4.2347203454988845e-05,2
1182557,1182649,worker,334.42163157463074,False,hdf5,h5_tr_209.py,209,stream,M2,256,1,64,/pscratch/sd/s/satt/sprints/data/converted_10M/mc_normalized_rntuple_10M_29.h5,,auto,,5000,,,,,,,false,true,2,19,0,1,5,0,6,25,0.24,24.0,0.5,2.5,3.0,52.63157894736842,263.1578947368421,315.7894736842105,0.0001499652862548828,2.49942143758138e-05,4.484317762244277e-07,4.4843177622442766e-05,2
1182557,1182650,worker,334.4190320968628,False,hdf5,h5_tr_209.py,209,stream,M2,256,1,64,/pscratch/sd/s/satt/sprints/data/converted_10M/mc_normalized_rntuple_10M_29.h5,,auto,,5000,,,,,,,false,true,2,21,0,1,5,0,6,27,0.2222222222222222,22.22222222222222,0.5,2.5,3.0,47.61904761904762,238.0952380952381,285.7142857142857,0.0001430511474609375,2.384185791015625e-05,4.2776018626686133e-07,4.277601862668613e-05,2
1182557,1182651,worker,334.41344141960144,False,hdf5,h5_tr_209.py,209,stream,M2,256,1,64,/pscratch/sd/s/satt/sprints/data/converted_10M/mc_normalized_rntuple_10M_29.h5,,auto,,5000,,,,,,,false,true,2,21,0,1,5,0,6,27,0.2222222222222222,22.22222222222222,0.5,2.5,3.0,47.61904761904762,238.0952380952381,285.7142857142857,0.0001456737518310547,2.4278958638509113e-05,4.3560973868951703e-07,4.35609738689517e-05,2
1182557,1182652,worker,334.4047315120697,False,hdf5,h5_tr_209.py,209,stream,M2,256,1,64,/pscratch/sd/s/satt/sprints/data/converted_10M/mc_normalized_rntuple_10M_29.h5,,auto,,5000,,,,,,,false,true,2,19,0,1,5,0,6,25,0.24,24.0,0.5,2.5,3.0,52.63157894736842,263.1578947368421,315.7894736842105,0.0001583099365234375,2.6384989420572918e-05,4.7340818357327463e-07,4.734081835732746e-05,2
1182557,1182653,worker,334.39928436279297,False,hdf5,h5_tr_209.py,209,stream,M2,256,1,64,/pscratch/sd/s/satt/sprints/data/converted_10M/mc_normalized_rntuple_10M_29.h5,,auto,,5000,,,,,,,false,true,2,21,0,1,5,0,6,27,0.2222222222222222,22.22222222222222,0.5,2.5,3.0,47.61904761904762,238.0952380952381,285.7142857142857,0.00015592575073242188,2.5987625122070312e-05,4.6628613763197096e-07,4.6628613763197094e-05,2
1182557,1182654,worker,334.39212679862976,False,hdf5,h5_tr_209.py,209,stream,M2,256,1,64,/pscratch/sd/s/satt/sprints/data/converted_10M/mc_normalized_rntuple_10M_29.h5,,auto,,5000,,,,,,,false,true,2,21,0,1,5,0,6,27,0.2222222222222222,22.22222222222222,0.5,2.5,3.0,47.61904761904762,238.0952380952381,285.7142857142857,0.0001544952392578125,2.574920654296875e-05,4.620181723083726e-07,4.6201817230837256e-05,2
1182557,1182655,worker,334.39592266082764,False,hdf5,h5_tr_209.py,209,stream,M2,256,1,64,/pscratch/sd/s/satt/sprints/data/converted_10M/mc_normalized_rntuple_10M_29.h5,,auto,,5000,,,,,,,false,true,2,19,0,1,5,0,6,25,0.24,24.0,0.5,2.5,3.0,52.63157894736842,263.1578947368421,315.7894736842105,0.00012922286987304688,2.1537144978841145e-05,3.8643673895544335e-07,3.864367389554434e-05,2
1182557,1182656,worker,334.3804681301117,False,hdf5,h5_tr_209.py,209,stream,M2,256,1,64,/pscratch/sd/s/satt/sprints/data/converted_10M/mc_normalized_rntuple_10M_29.h5,,auto,,5000,,,,,,,false,true,2,21,0,1,5,0,6,27,0.2222222222222222,22.22222222222222,0.5,2.5,3.0,47.61904761904762,238.0952380952381,285.7142857142857,0.00014591217041015625,2.4318695068359375e-05,4.3636571007305356e-07,4.3636571007305357e-05,2
1182557,1182657,worker,334.3774104118347,False,hdf5,h5_tr_209.py,209,stream,M2,256,1,64,/pscratch/sd/s/satt/sprints/data/converted_10M/mc_normalized_rntuple_10M_29.h5,,auto,,5000,,,,,,,false,true,2,21,0,1,5,0,6,27,0.2222222222222222,22.22222222222222,0.5,2.5,3.0,47.61904761904762,238.0952380952381,285.7142857142857,0.00014257431030273438,2.376238505045573e-05,4.263873870161661e-07,4.263873870161661e-05,2
1182557,1182658,worker,334.38175106048584,False,hdf5,h5_tr_209.py,209,stream,M2,256,1,64,/pscratch/sd/s/satt/sprints/data/converted_10M/mc_normalized_rntuple_10M_29.h5,,auto,,5000,,,,,,,false,true,2,19,0,1,5,0,6,25,0.24,24.0,0.5,2.5,3.0,52.63157894736842,263.1578947368421,315.7894736842105,0.00016498565673828125,2.7497609456380207e-05,4.934050862974195e-07,4.934050862974195e-05,2
1182557,1182659,worker,334.3642771244049,False,hdf5,h5_tr_209.py,209,stream,M2,256,1,64,/pscratch/sd/s/satt/sprints/data/converted_10M/mc_normalized_rntuple_10M_29.h5,,auto,,5000,,,,,,,false,true,2,21,0,1,5,0,6,27,0.2222222222222222,22.22222222222222,0.5,2.5,3.0,47.61904761904762,238.0952380952381,285.7142857142857,0.0001475811004638672,2.45968500773112e-05,4.413781930686261e-07,4.413781930686261e-05,2
1182557,1182660,worker,334.36099767684937,False,hdf5,h5_tr_209.py,209,stream,M2,256,1,64,/pscratch/sd/s/satt/sprints/data/converted_10M/mc_normalized_rntuple_10M_29.h5,,auto,,5000,,,,,,,false,true,2,21,0,1,5,0,6,27,0.2222222222222222,22.22222222222222,0.5,2.5,3.0,47.61904761904762,238.0952380952381,285.7142857142857,0.00014257431030273438,2.376238505045573e-05,4.264083170386054e-07,4.264083170386054e-05,2
1182557,1182661,worker,334.3512511253357,False,hdf5,h5_tr_209.py,209,stream,M2,256,1,64,/pscratch/sd/s/satt/sprints/data/converted_10M/mc_normalized_rntuple_10M_29.h5,,auto,,5000,,,,,,,false,true,2,19,0,1,5,0,6,25,0.24,24.0,0.5,2.5,3.0,52.63157894736842,263.1578947368421,315.7894736842105,0.0001480579376220703,2.467632293701172e-05,4.428215450779604e-07,4.4282154507796044e-05,2
1182557,1182662,worker,334.34558057785034,False,hdf5,h5_tr_209.py,209,stream,M2,256,1,64,/pscratch/sd/s/satt/sprints/data/converted_10M/mc_normalized_rntuple_10M_29.h5,,auto,,5000,,,,,,,false,true,2,21,0,1,5,0,6,27,0.2222222222222222,22.22222222222222,0.5,2.5,3.0,47.61904761904762,238.0952380952381,285.7142857142857,0.00013375282287597656,2.2292137145996094e-05,4.00043639412883e-07,4.000436394128829e-05,2
1182557,1182663,worker,334.3444871902466,False,hdf5,h5_tr_209.py,209,stream,M2,256,1,64,/pscratch/sd/s/satt/sprints/data/converted_10M/mc_normalized_rntuple_10M_29.h5,,auto,,5000,,,,,,,false,true,2,21,0,1,5,0,6,27,0.2222222222222222,22.22222222222222,0.5,2.5,3.0,47.61904761904762,238.0952380952381,285.7142857142857,0.0001742839813232422,2.9047330220540363e-05,5.212706893655831e-07,5.21270689365583e-05,2
1182557,1182664,worker,334.3337984085083,False,hdf5,h5_tr_209.py,209,stream,M2,256,1,64,/pscratch/sd/s/satt/sprints/data/converted_10M/mc_normalized_rntuple_10M_29.h5,,auto,,5000,,,,,,,false,true,2,19,0,1,5,0,6,25,0.24,24.0,0.5,2.5,3.0,52.63157894736842,263.1578947368421,315.7894736842105,0.00013446807861328125,2.2411346435546875e-05,4.0219708343390517e-07,4.021970834339052e-05,2
1182557,1182665,worker,334.32926058769226,False,hdf5,h5_tr_209.py,209,stream,M2,256,1,64,/pscratch/sd/s/satt/sprints/data/converted_10M/mc_normalized_rntuple_10M_29.h5,,auto,,5000,,,,,,,false,true,2,23,0,1,5,0,6,29,0.20689655172413793,20.689655172413794,0.5,2.5,3.0,43.47826086956522,217.3913043478261,260.8695652173913,0.00014972686767578125,2.4954477945963543e-05,4.4784254723199416e-07,4.478425472319941e-05,2
1182557,1182666,worker,334.33093523979187,False,hdf5,h5_tr_209.py,209,stream,M2,256,1,64,/pscratch/sd/s/satt/sprints/data/converted_10M/mc_normalized_rntuple_10M_29.h5,,auto,,5000,,,,,,,false,true,2,21,0,1,5,0,6,27,0.2222222222222222,22.22222222222222,0.5,2.5,3.0,47.61904761904762,238.0952380952381,285.7142857142857,0.00013756752014160156,2.292792002360026e-05,4.1147110734139553e-07,4.1147110734139554e-05,2
1182557,1182667,worker,334.32180547714233,False,hdf5,h5_tr_209.py,209,stream,M2,256,1,64,/pscratch/sd/s/satt/sprints/data/converted_10M/mc_normalized_rntuple_10M_29.h5,,auto,,5000,,,,,,,false,true,2,21,0,1,5,0,6,27,0.2222222222222222,22.22222222222222,0.5,2.5,3.0,47.61904761904762,238.0952380952381,285.7142857142857,0.0001575946807861328,2.6265780131022137e-05,4.713861860168364e-07,4.713861860168364e-05,2
1182557,1182668,worker,334.3283898830414,False,hdf5,h5_tr_209.py,209,stream,M2,256,1,64,/pscratch/sd/s/satt/sprints/data/converted_10M/mc_normalized_rntuple_10M_29.h5,,auto,,5000,,,,,,,false,true,2,19,0,1,5,0,6,25,0.24,24.0,0.5,2.5,3.0,52.63157894736842,263.1578947368421,315.7894736842105,0.0001513957977294922,2.5232632954915363e-05,4.5283560209306547e-07,4.528356020930655e-05,2
1182557,1182669,worker,334.3052091598511,False,hdf5,h5_tr_209.py,209,stream,M2,256,1,64,/pscratch/sd/s/satt/sprints/data/converted_10M/mc_normalized_rntuple_10M_29.h5,,auto,,5000,,,,,,,false,true,2,21,0,1,5,0,6,27,0.2222222222222222,22.22222222222222,0.5,2.5,3.0,47.61904761904762,238.0952380952381,285.7142857142857,0.00016450881958007812,2.7418136596679688e-05,4.920917026495293e-07,4.920917026495293e-05,2
1182557,1182670,worker,334.29951763153076,False,hdf5,h5_tr_209.py,209,stream,M2,256,1,64,/pscratch/sd/s/satt/sprints/data/converted_10M/mc_normalized_rntuple_10M_29.h5,,auto,,5000,,,,,,,false,true,2,21,0,1,5,0,6,27,0.2222222222222222,22.22222222222222,0.5,2.5,3.0,47.61904761904762,238.0952380952381,285.7142857142857,0.00015854835510253906,2.6424725850423176e-05,4.742703675609042e-07,4.742703675609042e-05,2
1182557,1182671,worker,334.29477763175964,False,hdf5,h5_tr_209.py,209,stream,M2,256,1,64,/pscratch/sd/s/satt/sprints/data/converted_10M/mc_normalized_rntuple_10M_29.h5,,auto,,5000,,,,,,,false,true,2,19,0,1,5,0,6,25,0.24,24.0,0.5,2.5,3.0,52.63157894736842,263.1578947368421,315.7894736842105,0.00017595291137695312,2.9325485229492188e-05,5.263405926453717e-07,5.263405926453717e-05,2
1182557,1182672,worker,334.29243683815,False,hdf5,h5_tr_209.py,209,stream,M2,256,1,64,/pscratch/sd/s/satt/sprints/data/converted_10M/mc_normalized_rntuple_10M_29.h5,,auto,,5000,,,,,,,false,true,2,21,0,1,5,0,6,27,0.2222222222222222,22.22222222222222,0.5,2.5,3.0,47.61904761904762,238.0952380952381,285.7142857142857,0.0001552104949951172,2.586841583251953e-05,4.642955624816107e-07,4.642955624816107e-05,2
1182557,1182673,worker,334.2820873260498,False,hdf5,h5_tr_209.py,209,stream,M2,256,1,64,/pscratch/sd/s/satt/sprints/data/converted_10M/mc_normalized_rntuple_10M_29.h5,,auto,,5000,,,,,,,false,true,2,21,0,1,5,0,6,27,0.2222222222222222,22.22222222222222,0.5,2.5,3.0,47.61904761904762,238.0952380952381,285.7142857142857,0.00016164779663085938,2.6941299438476562e-05,4.83567031437112e-07,4.835670314371121e-05,2
1182557,1182674,worker,334.27685809135437,False,hdf5,h5_tr_209.py,209,stream,M2,256,1,64,/pscratch/sd/s/satt/sprints/data/converted_10M/mc_normalized_rntuple_10M_29.h5,,auto,,5000,,,,,,,false,true,2,19,0,1,5,0,6,25,0.24,24.0,0.5,2.5,3.0,52.63157894736842,263.1578947368421,315.7894736842105,0.000152587890625,2.5431315104166668e-05,4.564715951210099e-07,4.564715951210099e-05,2
1182557,1182675,worker,334.2756316661835,False,hdf5,h5_tr_209.py,209,stream,M2,256,1,64,/pscratch/sd/s/satt/sprints/data/converted_10M/mc_normalized_rntuple_10M_29.h5,,auto,,5000,,,,,,,false,true,2,21,0,1,5,0,6,27,0.2222222222222222,22.22222222222222,0.5,2.5,3.0,47.61904761904762,238.0952380952381,285.7142857142857,0.00015974044799804688,2.662340799967448e-05,4.778704543966517e-07,4.778704543966517e-05,2
1182557,1182676,worker,334.2740786075592,False,hdf5,h5_tr_209.py,209,stream,M2,256,1,64,/pscratch/sd/s/satt/sprints/data/converted_10M/mc_normalized_rntuple_10M_29.h5,,auto,,5000,,,,,,,false,true,2,21,0,1,5,0,6,27,0.2222222222222222,22.22222222222222,0.5,2.5,3.0,47.61904761904762,238.0952380952381,285.7142857142857,0.00014066696166992188,2.3444493611653645e-05,4.208132507787604e-07,4.208132507787604e-05,2
1182557,1182677,worker,334.25882506370544,False,hdf5,h5_tr_209.py,209,stream,M2,256,1,64,/pscratch/sd/s/satt/sprints/data/converted_10M/mc_normalized_rntuple_10M_29.h5,,auto,,5000,,,,,,,false,true,2,19,0,1,5,0,6,25,0.24,24.0,0.5,2.5,3.0,52.63157894736842,263.1578947368421,315.7894736842105,0.0001647472381591797,2.745787302652995e-05,4.928732640874358e-07,4.928732640874358e-05,2
1182557,1182678,worker,334.25417852401733,False,hdf5,h5_tr_209.py,209,stream,M2,256,1,64,/pscratch/sd/s/satt/sprints/data/converted_10M/mc_normalized_rntuple_10M_29.h5,,auto,,5000,,,,,,,false,true,2,21,0,1,5,0,6,27,0.2222222222222222,22.22222222222222,0.5,2.5,3.0,47.61904761904762,238.0952380952381,285.7142857142857,0.00016570091247558594,2.761681874593099e-05,4.957332566709551e-07,4.957332566709551e-05,2
1182557,1182679,worker,334.2523407936096,False,hdf5,h5_tr_209.py,209,stream,M2,256,1,64,/pscratch/sd/s/satt/sprints/data/converted_10M/mc_normalized_rntuple_10M_29.h5,,auto,,5000,,,,,,,false,true,2,21,0,1,5,0,6,27,0.2222222222222222,22.22222222222222,0.5,2.5,3.0,47.61904761904762,238.0952380952381,285.7142857142857,0.00015783309936523438,2.6305516560872395e-05,4.721974391876926e-07,4.721974391876926e-05,2
1182557,1182680,worker,334.24188804626465,False,hdf5,h5_tr_209.py,209,stream,M2,256,1,64,/pscratch/sd/s/satt/sprints/data/converted_10M/mc_normalized_rntuple_10M_29.h5,,auto,,5000,,,,,,,false,true,2,19,0,1,5,0,6,25,0.24,24.0,0.5,2.5,3.0,52.63157894736842,263.1578947368421,315.7894736842105,0.0001766681671142578,2.944469451904297e-05,5.285638139101344e-07,5.285638139101344e-05,2
1182557,1182681,worker,334.23985505104065,False,hdf5,h5_tr_209.py,209,stream,M2,256,1,64,/pscratch/sd/s/satt/sprints/data/converted_10M/mc_normalized_rntuple_10M_29.h5,,auto,,5000,,,,,,,false,true,2,21,0,1,5,0,6,27,0.2222222222222222,22.22222222222222,0.5,2.5,3.0,47.61904761904762,238.0952380952381,285.7142857142857,0.00014448165893554688,2.4080276489257812e-05,4.3226939203131106e-07,4.322693920313111e-05,2
1182557,1182682,worker,334.23916602134705,False,hdf5,h5_tr_209.py,209,stream,M2,256,1,64,/pscratch/sd/s/satt/sprints/data/converted_10M/mc_normalized_rntuple_10M_29.h5,,auto,,5000,,,,,,,false,true,2,21,0,1,5,0,6,27,0.2222222222222222,22.22222222222222,0.5,2.5,3.0,47.61904761904762,238.0952380952381,285.7142857142857,0.0001690387725830078,2.8173128763834637e-05,5.05741964938399e-07,5.05741964938399e-05,2
1182557,1182683,worker,334.22556614875793,False,hdf5,h5_tr_209.py,209,stream,M2,256,1,64,/pscratch/sd/s/satt/sprints/data/converted_10M/mc_normalized_rntuple_10M_29.h5,,auto,,5000,,,,,,,false,true,2,19,0,1,5,0,6,25,0.24,24.0,0.5,2.5,3.0,52.63157894736842,263.1578947368421,315.7894736842105,0.00017070770263671875,2.8451283772786457e-05,5.107559682036405e-07,5.107559682036405e-05,2
1182557,1182684,worker,334.2243616580963,False,hdf5,h5_tr_209.py,209,stream,M2,256,1,64,/pscratch/sd/s/satt/sprints/data/converted_10M/mc_normalized_rntuple_10M_29.h5,,auto,,5000,,,,,,,false,true,2,21,0,1,5,0,6,27,0.2222222222222222,22.22222222222222,0.5,2.5,3.0,47.61904761904762,238.0952380952381,285.7142857142857,0.0001735687255859375,2.8928120930989582e-05,5.193179956268246e-07,5.1931799562682456e-05,2
1182557,1182685,worker,334.21715927124023,False,hdf5,h5_tr_209.py,209,stream,M2,256,1,64,/pscratch/sd/s/satt/sprints/data/converted_10M/mc_normalized_rntuple_10M_29.h5,,auto,,5000,,,,,,,false,true,2,21,0,1,5,0,6,27,0.2222222222222222,22.22222222222222,0.5,2.5,3.0,47.61904761904762,238.0952380952381,285.7142857142857,0.0001506805419921875,2.5113423665364582e-05,4.508462172341662e-07,4.508462172341662e-05,2
1182557,1182686,worker,334.20795011520386,False,hdf5,h5_tr_209.py,209,stream,M2,256,1,64,/pscratch/sd/s/satt/sprints/data/converted_10M/mc_normalized_rntuple_10M_29.h5,,auto,,5000,,,,,,,false,true,2,23,0,1,5,0,6,29,0.20689655172413793,20.689655172413794,0.5,2.5,3.0,43.47826086956522,217.3913043478261,260.8695652173913,0.00017142295837402344,2.857049306233724e-05,5.129230418215147e-07,5.129230418215148e-05,2
1182557,1182687,worker,334.202517747879,False,hdf5,h5_tr_209.py,209,stream,M2,256,1,64,/pscratch/sd/s/satt/sprints/data/converted_10M/mc_normalized_rntuple_10M_29.h5,,auto,,5000,,,,,,,false,true,2,19,0,1,5,0,6,25,0.24,24.0,0.5,2.5,3.0,52.63157894736842,263.1578947368421,315.7894736842105,0.0001685619354248047,2.8093655904134113e-05,5.043706329943544e-07,5.0437063299435434e-05,2
1182557,1182688,worker,334.1956419944763,False,hdf5,h5_tr_209.py,209,stream,M2,256,1,64,/pscratch/sd/s/satt/sprints/data/converted_10M/mc_normalized_rntuple_10M_29.h5,,auto,,5000,,,,,,,false,true,2,21,0,1,5,0,6,27,0.2222222222222222,22.22222222222222,0.5,2.5,3.0,47.61904761904762,238.0952380952381,285.7142857142857,0.00018310546875,3.0517578125e-05,5.478990320078035e-07,5.478990320078034e-05,2
1182557,1182689,worker,334.1933569908142,False,hdf5,h5_tr_209.py,209,stream,M2,256,1,64,/pscratch/sd/s/satt/sprints/data/converted_10M/mc_normalized_rntuple_10M_29.h5,,auto,,5000,,,,,,,false,true,2,21,0,1,5,0,6,27,0.2222222222222222,22.22222222222222,0.5,2.5,3.0,47.61904761904762,238.0952380952381,285.7142857142857,0.00019073486328125,3.1789143880208336e-05,5.707320606210991e-07,5.7073206062109915e-05,2
1182557,1182690,worker,334.1837885379791,False,hdf5,h5_tr_209.py,209,stream,M2,256,1,64,/pscratch/sd/s/satt/sprints/data/converted_10M/mc_normalized_rntuple_10M_29.h5,,auto,,5000,,,,,,,false,true,2,19,0,1,5,0,6,25,0.24,24.0,0.5,2.5,3.0,52.63157894736842,263.1578947368421,315.7894736842105,0.0001804828643798828,3.0080477396647137e-05,5.400706753893641e-07,5.4007067538936405e-05,2
1182557,1182691,worker,334.19249510765076,False,hdf5,h5_tr_209.py,209,stream,M2,256,1,64,/pscratch/sd/s/satt/sprints/data/converted_10M/mc_normalized_rntuple_10M_29.h5,,auto,,5000,,,,,,,false,true,2,21,0,1,5,0,6,27,0.2222222222222222,22.22222222222222,0.5,2.5,3.0,47.61904761904762,238.0952380952381,285.7142857142857,0.000171661376953125,2.86102294921875e-05,5.136601792862796e-07,5.136601792862796e-05,2
1182557,1182692,worker,334.1697313785553,False,hdf5,h5_tr_209.py,209,stream,M2,256,1,64,/pscratch/sd/s/satt/sprints/data/converted_10M/mc_normalized_rntuple_10M_29.h5,,auto,,5000,,,,,,,false,true,2,21,0,1,5,0,6,27,0.2222222222222222,22.22222222222222,0.5,2.5,3.0,47.61904761904762,238.0952380952381,285.7142857142857,0.00016307830810546875,2.7179718017578125e-05,4.880104114538424e-07,4.8801041145384235e-05,2
1182557,1182693,worker,334.16724610328674,False,hdf5,h5_tr_209.py,209,stream,M2,256,1,64,/pscratch/sd/s/satt/sprints/data/converted_10M/mc_normalized_rntuple_10M_29.h5,,auto,,5000,,,,,,,false,true,2,19,0,1,5,0,6,25,0.24,24.0,0.5,2.5,3.0,52.63157894736842,263.1578947368421,315.7894736842105,0.00017762184143066406,2.960364023844401e-05,5.315357609158483e-07,5.315357609158483e-05,2
1182557,1182694,worker,334.16500329971313,False,hdf5,h5_tr_209.py,209,stream,M2,256,1,64,/pscratch/sd/s/satt/sprints/data/converted_10M/mc_normalized_rntuple_10M_29.h5,,auto,,5000,,,,,,,false,true,2,21,0,1,5,0,6,27,0.2222222222222222,22.22222222222222,0.5,2.5,3.0,47.61904761904762,238.0952380952381,285.7142857142857,0.00015306472778320312,2.5510787963867188e-05,4.580513407201984e-07,4.580513407201984e-05,2
1182557,1182695,worker,334.1631488800049,False,hdf5,h5_tr_209.py,209,stream,M2,256,1,64,/pscratch/sd/s/satt/sprints/data/converted_10M/mc_normalized_rntuple_10M_29.h5,,auto,,5000,,,,,,,false,true,2,21,0,1,5,0,6,27,0.2222222222222222,22.22222222222222,0.5,2.5,3.0,47.61904761904762,238.0952380952381,285.7142857142857,0.00016260147094726562,2.7100245157877605e-05,4.865930653701568e-07,4.865930653701567e-05,2
1182557,1182696,worker,334.1499300003052,False,hdf5,h5_tr_209.py,209,stream,M2,256,1,64,/pscratch/sd/s/satt/sprints/data/converted_10M/mc_normalized_rntuple_10M_29.h5,,auto,,5000,,,,,,,false,true,2,19,0,1,5,0,6,25,0.24,24.0,0.5,2.5,3.0,52.63157894736842,263.1578947368421,315.7894736842105,0.00019884109497070312,3.314018249511719e-05,5.950654994017851e-07,5.950654994017851e-05,2
1182557,1182697,worker,334.1439664363861,False,hdf5,h5_tr_209.py,209,stream,M2,256,1,64,/pscratch/sd/s/satt/sprints/data/converted_10M/mc_normalized_rntuple_10M_29.h5,,auto,,5000,,,,,,,false,true,2,21,0,1,5,0,6,27,0.2222222222222222,22.22222222222222,0.5,2.5,3.0,47.61904761904762,238.0952380952381,285.7142857142857,0.0001595020294189453,2.658367156982422e-05,4.773452327151659e-07,4.773452327151659e-05,2
1182557,1182698,worker,334.14073300361633,False,hdf5,h5_tr_209.py,209,stream,M2,256,1,64,/pscratch/sd/s/satt/sprints/data/converted_10M/mc_normalized_rntuple_10M_29.h5,,auto,,5000,,,,,,,false,true,2,21,0,1,5,0,6,27,0.2222222222222222,22.22222222222222,0.5,2.5,3.0,47.61904761904762,238.0952380952381,285.7142857142857,0.00015974044799804688,2.662340799967448e-05,4.78063379349557e-07,4.78063379349557e-05,2
1182557,1182699,worker,334.1317210197449,False,hdf5,h5_tr_209.py,209,stream,M2,256,1,64,/pscratch/sd/s/satt/sprints/data/converted_10M/mc_normalized_rntuple_10M_29.h5,,auto,,5000,,,,,,,false,true,2,19,0,1,5,0,6,25,0.24,24.0,0.5,2.5,3.0,52.63157894736842,263.1578947368421,315.7894736842105,0.00018930435180664062,3.155072530110677e-05,5.665560612709802e-07,5.6655606127098015e-05,2
1182557,1182700,worker,334.12553358078003,False,hdf5,h5_tr_209.py,209,stream,M2,256,1,64,/pscratch/sd/s/satt/sprints/data/converted_10M/mc_normalized_rntuple_10M_29.h5,,auto,,5000,,,,,,,false,true,2,21,0,1,5,0,6,27,0.2222222222222222,22.22222222222222,0.5,2.5,3.0,47.61904761904762,238.0952380952381,285.7142857142857,0.0001938343048095703,3.230571746826172e-05,5.801241908460967e-07,5.8012419084609666e-05,2
1182557,1182701,worker,334.1237826347351,False,hdf5,h5_tr_209.py,209,stream,M2,256,1,64,/pscratch/sd/s/satt/sprints/data/converted_10M/mc_normalized_rntuple_10M_29.h5,,auto,,5000,,,,,,,false,true,2,21,0,1,5,0,6,27,0.2222222222222222,22.22222222222222,0.5,2.5,3.0,47.61904761904762,238.0952380952381,285.7142857142857,0.0001552104949951172,2.586841583251953e-05,4.645299229261799e-07,4.645299229261799e-05,2
1182557,1182702,worker,334.1141548156738,False,hdf5,h5_tr_209.py,209,stream,M2,256,1,64,/pscratch/sd/s/satt/sprints/data/converted_10M/mc_normalized_rntuple_10M_29.h5,,auto,,5000,,,,,,,false,true,2,19,0,1,5,0,6,25,0.24,24.0,0.5,2.5,3.0,52.63157894736842,263.1578947368421,315.7894736842105,0.0002071857452392578,3.4530957539876304e-05,6.201046625922189e-07,6.201046625922189e-05,2
1182557,1182703,worker,334.1131639480591,False,hdf5,h5_tr_209.py,209,stream,M2,256,1,64,/pscratch/sd/s/satt/sprints/data/converted_10M/mc_normalized_rntuple_10M_29.h5,,auto,,5000,,,,,,,false,true,2,21,0,1,5,0,6,27,0.2222222222222222,22.22222222222222,0.5,2.5,3.0,47.61904761904762,238.0952380952381,285.7142857142857,0.0001468658447265625,2.4477640787760418e-05,4.3956916570157685e-07,4.395691657015769e-05,2
1182557,1182704,worker,334.10285091400146,False,hdf5,h5_tr_209.py,209,stream,M2,256,1,64,/pscratch/sd/s/satt/sprints/data/converted_10M/mc_normalized_rntuple_10M_29.h5,,auto,,5000,,,,,,,false,true,2,21,0,1,5,0,6,27,0.2222222222222222,22.22222222222222,0.5,2.5,3.0,47.61904761904762,238.0952380952381,285.7142857142857,0.00013637542724609375,2.2729237874348957e-05,4.0818396752081884e-07,4.081839675208188e-05,2
1182557,1182705,worker,334.09601879119873,False,hdf5,h5_tr_209.py,209,stream,M2,256,1,64,/pscratch/sd/s/satt/sprints/data/converted_10M/mc_normalized_rntuple_10M_29.h5,,auto,,5000,,,,,,,false,true,2,19,0,1,5,0,6,25,0.24,24.0,0.5,2.5,3.0,52.63157894736842,263.1578947368421,315.7894736842105,0.0001685619354248047,2.8093655904134113e-05,5.045314099661615e-07,5.045314099661615e-05,2
1182557,1182706,worker,334.09928703308105,False,hdf5,h5_tr_209.py,209,stream,M2,256,1,64,/pscratch/sd/s/satt/sprints/data/converted_10M/mc_normalized_rntuple_10M_29.h5,,auto,,5000,,,,,,,false,true,2,21,0,1,5,0,6,27,0.2222222222222222,22.22222222222222,0.5,2.5,3.0,47.61904761904762,238.0952380952381,285.7142857142857,0.0001518726348876953,2.5312105814615887e-05,4.5457335822646504e-07,4.54573358226465e-05,2
1182557,1182707,worker,334.09721159935,False,hdf5,h5_tr_209.py,209,stream,M2,256,1,64,/pscratch/sd/s/satt/sprints/data/converted_10M/mc_normalized_rntuple_10M_29.h5,,auto,,5000,,,,,,,false,true,2,23,0,1,5,0,6,29,0.20689655172413793,20.689655172413794,0.5,2.5,3.0,43.47826086956522,217.3913043478261,260.8695652173913,0.00014448165893554688,2.4080276489257812e-05,4.3245395028561196e-07,4.3245395028561196e-05,2
1182557,1182708,worker,334.07798743247986,False,hdf5,h5_tr_209.py,209,stream,M2,256,1,64,/pscratch/sd/s/satt/sprints/data/converted_10M/mc_normalized_rntuple_10M_29.h5,,auto,,5000,,,,,,,false,true,2,21,0,1,5,0,6,27,0.2222222222222222,22.22222222222222,0.5,2.5,3.0,47.61904761904762,238.0952380952381,285.7142857142857,0.00016188621520996094,2.6981035868326824e-05,4.845761208456741e-07,4.8457612084567405e-05,2
1182557,1182709,worker,334.0731587409973,False,hdf5,h5_tr_209.py,209,stream,M2,256,1,64,/pscratch/sd/s/satt/sprints/data/converted_10M/mc_normalized_rntuple_10M_29.h5,,auto,,5000,,,,,,,false,true,2,19,0,1,5,0,6,25,0.24,24.0,0.5,2.5,3.0,52.63157894736842,263.1578947368421,315.7894736842105,0.0001633167266845703,2.7219454447428387e-05,4.888651554649073e-07,4.888651554649073e-05,2
1182557,1182710,worker,334.06699895858765,False,hdf5,h5_tr_209.py,209,stream,M2,256,1,64,/pscratch/sd/s/satt/sprints/data/converted_10M/mc_normalized_rntuple_10M_29.h5,,auto,,5000,,,,,,,false,true,2,21,0,1,5,0,6,27,0.2222222222222222,22.22222222222222,0.5,2.5,3.0,47.61904761904762,238.0952380952381,285.7142857142857,0.00013446807861328125,2.2411346435546875e-05,4.025182943315825e-07,4.025182943315825e-05,2
1182557,1182711,worker,334.0641932487488,False,hdf5,h5_tr_209.py,209,stream,M2,256,1,64,/pscratch/sd/s/satt/sprints/data/converted_10M/mc_normalized_rntuple_10M_29.h5,,auto,,5000,,,,,,,false,true,2,21,0,1,5,0,6,27,0.2222222222222222,22.22222222222222,0.5,2.5,3.0,47.61904761904762,238.0952380952381,285.7142857142857,0.0001461505889892578,2.4358431498209637e-05,4.374925297080016e-07,4.374925297080016e-05,2
1182557,1182712,worker,334.0585503578186,False,hdf5,h5_tr_209.py,209,stream,M2,256,1,64,/pscratch/sd/s/satt/sprints/data/converted_10M/mc_normalized_rntuple_10M_29.h5,,auto,,5000,,,,,,,false,true,2,19,0,1,5,0,6,25,0.24,24.0,0.5,2.5,3.0,52.63157894736842,263.1578947368421,315.7894736842105,0.00014972686767578125,2.4954477945963543e-05,4.482054643277503e-07,4.482054643277503e-05,2
1182557,1182713,worker,334.04878187179565,False,hdf5,h5_tr_209.py,209,stream,M2,256,1,64,/pscratch/sd/s/satt/sprints/data/converted_10M/mc_normalized_rntuple_10M_29.h5,,auto,,5000,,,,,,,false,true,2,21,0,1,5,0,6,27,0.2222222222222222,22.22222222222222,0.5,2.5,3.0,47.61904761904762,238.0952380952381,285.7142857142857,0.00014734268188476562,2.4557113647460938e-05,4.410813326698918e-07,4.410813326698918e-05,2
1182557,1182714,worker,334.046756029129,False,hdf5,h5_tr_209.py,209,stream,M2,256,1,64,/pscratch/sd/s/satt/sprints/data/converted_10M/mc_normalized_rntuple_10M_29.h5,,auto,,5000,,,,,,,false,true,2,21,0,1,5,0,6,27,0.2222222222222222,22.22222222222222,0.5,2.5,3.0,47.61904761904762,238.0952380952381,285.7142857142857,0.00016379356384277344,2.7298927307128906e-05,4.903312511991302e-07,4.903312511991302e-05,2
1182557,1182715,worker,334.0368356704712,False,hdf5,h5_tr_209.py,209,stream,M2,256,1,64,/pscratch/sd/s/satt/sprints/data/converted_10M/mc_normalized_rntuple_10M_29.h5,,auto,,5000,,,,,,,false,true,2,19,0,1,5,0,6,25,0.24,24.0,0.5,2.5,3.0,52.63157894736842,263.1578947368421,315.7894736842105,0.00015020370483398438,2.5033950805664062e-05,4.496620994882163e-07,4.496620994882163e-05,2
1182557,1182716,worker,334.0317120552063,False,hdf5,h5_tr_209.py,209,stream,M2,256,1,64,/pscratch/sd/s/satt/sprints/data/converted_10M/mc_normalized_rntuple_10M_29.h5,,auto,,5000,,,,,,,false,true,2,21,0,1,5,0,6,27,0.2222222222222222,22.22222222222222,0.5,2.5,3.0,47.61904761904762,238.0952380952381,285.7142857142857,0.00016570091247558594,2.761681874593099e-05,4.96063417021316e-07,4.9606341702131595e-05,2
1182557,1182717,worker,334.03230571746826,False,hdf5,h5_tr_209.py,209,stream,M2,256,1,64,/pscratch/sd/s/satt/sprints/data/converted_10M/mc_normalized_rntuple_10M_29.h5,,auto,,5000,,,,,,,false,true,2,21,0,1,5,0,6,27,0.2222222222222222,22.22222222222222,0.5,2.5,3.0,47.61904761904762,238.0952380952381,285.7142857142857,0.0001430511474609375,2.384185791015625e-05,4.2825542623393216e-07,4.282554262339322e-05,2
1182557,1182718,worker,334.02270793914795,False,hdf5,h5_tr_209.py,209,stream,M2,256,1,64,/pscratch/sd/s/satt/sprints/data/converted_10M/mc_normalized_rntuple_10M_29.h5,,auto,,5000,,,,,,,false,true,2,19,0,1,5,0,6,25,0.24,24.0,0.5,2.5,3.0,52.63157894736842,263.1578947368421,315.7894736842105,0.00014066696166992188,2.3444493611653645e-05,4.211299361585575e-07,4.211299361585575e-05,2
1182557,1182719,worker,334.01306104660034,False,hdf5,h5_tr_209.py,209,stream,M2,256,1,64,/pscratch/sd/s/satt/sprints/data/converted_10M/mc_normalized_rntuple_10M_29.h5,,auto,,5000,,,,,,,false,true,2,21,0,1,5,0,6,27,0.2222222222222222,22.22222222222222,0.5,2.5,3.0,47.61904761904762,238.0952380952381,285.7142857142857,0.0001399517059326172,2.3325284322102863e-05,4.190006986376249e-07,4.190006986376249e-05,2
1182557,1182720,worker,334.01565742492676,False,hdf5,h5_tr_209.py,209,stream,M2,256,1,64,/pscratch/sd/s/satt/sprints/data/converted_10M/mc_normalized_rntuple_10M_29.h5,,auto,,5000,,,,,,,false,true,2,21,0,1,5,0,6,27,0.2222222222222222,22.22222222222222,0.5,2.5,3.0,47.61904761904762,238.0952380952381,285.7142857142857,0.0001327991485595703,2.213319142659505e-05,3.975836030663269e-07,3.975836030663269e-05,2
1182557,1182721,worker,334.0004184246063,False,hdf5,h5_tr_209.py,209,stream,M2,256,1,64,/pscratch/sd/s/satt/sprints/data/converted_10M/mc_normalized_rntuple_10M_29.h5,,auto,,5000,,,,,,,false,true,2,19,0,1,5,0,6,25,0.24,24.0,0.5,2.5,3.0,52.63157894736842,263.1578947368421,315.7894736842105,0.00013446807861328125,2.2411346435546875e-05,4.0259853340164194e-07,4.025985334016419e-05,2
1182557,1182722,worker,333.9986653327942,False,hdf5,h5_tr_209.py,209,stream,M2,256,1,64,/pscratch/sd/s/satt/sprints/data/converted_10M/mc_normalized_rntuple_10M_29.h5,,auto,,5000,,,,,,,false,true,2,21,0,1,5,0,6,27,0.2222222222222222,22.22222222222222,0.5,2.5,3.0,47.61904761904762,238.0952380952381,285.7142857142857,0.0001480579376220703,2.467632293701172e-05,4.432890097765699e-07,4.4328900977656997e-05,2
1182557,1182723,worker,333.9889483451843,False,hdf5,h5_tr_209.py,209,stream,M2,256,1,64,/pscratch/sd/s/satt/sprints/data/converted_10M/mc_normalized_rntuple_10M_29.h5,,auto,,5000,,,,,,,false,true,2,21,0,1,5,0,6,27,0.2222222222222222,22.22222222222222,0.5,2.5,3.0,47.61904761904762,238.0952380952381,285.7142857142857,0.00015473365783691406,2.578894297281901e-05,4.6328975435736185e-07,4.6328975435736186e-05,2
1182557,1182724,worker,333.9877407550812,False,hdf5,h5_tr_209.py,209,stream,M2,256,1,64,/pscratch/sd/s/satt/sprints/data/converted_10M/mc_normalized_rntuple_10M_29.h5,,auto,,5000,,,,,,,false,true,2,19,0,1,5,0,6,25,0.24,24.0,0.5,2.5,3.0,52.63157894736842,263.1578947368421,315.7894736842105,0.00015497207641601562,2.582867940266927e-05,4.6400528374381036e-07,4.640052837438104e-05,2
1182557,1182725,worker,333.98494720458984,False,hdf5,h5_tr_209.py,209,stream,M2,256,1,64,/pscratch/sd/s/satt/sprints/data/converted_10M/mc_normalized_rntuple_10M_29.h5,,auto,,5000,,,,,,,false,true,2,21,0,1,5,0,6,27,0.2222222222222222,22.22222222222222,0.5,2.5,3.0,47.61904761904762,238.0952380952381,285.7142857142857,0.0001461505889892578,2.4358431498209637e-05,4.375963354412199e-07,4.375963354412199e-05,2
1182557,1182726,worker,333.97552514076233,False,hdf5,h5_tr_209.py,209,stream,M2,256,1,64,/pscratch/sd/s/satt/sprints/data/converted_10M/mc_normalized_rntuple_10M_29.h5,,auto,,5000,,,,,,,false,true,2,21,0,1,5,0,6,27,0.2222222222222222,22.22222222222222,0.5,2.5,3.0,47.61904761904762,238.0952380952381,285.7142857142857,0.00015974044799804688,2.662340799967448e-05,4.782998632331525e-07,4.7829986323315244e-05,2
1182557,1182727,worker,333.97375226020813,False,hdf5,h5_tr_209.py,209,stream,M2,256,1,64,/pscratch/sd/s/satt/sprints/data/converted_10M/mc_normalized_rntuple_10M_29.h5,,auto,,5000,,,,,,,false,true,2,19,0,1,5,0,6,25,0.24,24.0,0.5,2.5,3.0,52.63157894736842,263.1578947368421,315.7894736842105,0.00014472007751464844,2.4120012919108074e-05,4.3332769876446173e-07,4.3332769876446175e-05,2
1182557,1182728,worker,333.9599027633667,False,hdf5,h5_tr_209.py,209,stream,M2,256,1,64,/pscratch/sd/s/satt/sprints/data/converted_10M/mc_normalized_rntuple_10M_29.h5,,auto,,5000,,,,,,,false,true,2,23,0,1,5,0,6,29,0.20689655172413793,20.689655172413794,0.5,2.5,3.0,43.47826086956522,217.3913043478261,260.8695652173913,0.00013780593872070312,2.296765645345052e-05,4.1264216925571454e-07,4.126421692557145e-05,2
1182557,1182729,worker,333.95659255981445,False,hdf5,h5_tr_209.py,209,stream,M2,256,1,64,/pscratch/sd/s/satt/sprints/data/converted_10M/mc_normalized_rntuple_10M_29.h5,,auto,,5000,,,,,,,false,true,2,21,0,1,5,0,6,27,0.2222222222222222,22.22222222222222,0.5,2.5,3.0,47.61904761904762,238.0952380952381,285.7142857142857,0.000156402587890625,2.6067097981770832e-05,4.68332086789429e-07,4.68332086789429e-05,2
1182557,1182730,worker,333.95126366615295,False,hdf5,h5_tr_209.py,209,stream,M2,256,1,64,/pscratch/sd/s/satt/sprints/data/converted_10M/mc_normalized_rntuple_10M_29.h5,,auto,,5000,,,,,,,false,true,2,21,0,1,5,0,6,27,0.2222222222222222,22.22222222222222,0.5,2.5,3.0,47.61904761904762,238.0952380952381,285.7142857142857,0.0001537799835205078,2.562999725341797e-05,4.604863051940411e-07,4.6048630519404114e-05,2
1182557,1182731,worker,333.9442174434662,False,hdf5,h5_tr_209.py,209,stream,M2,256,1,64,/pscratch/sd/s/satt/sprints/data/converted_10M/mc_normalized_rntuple_10M_29.h5,,auto,,5000,,,,,,,false,true,2,19,0,1,5,0,6,25,0.24,24.0,0.5,2.5,3.0,52.63157894736842,263.1578947368421,315.7894736842105,0.00013303756713867188,2.2172927856445312e-05,3.9838260460729183e-07,3.9838260460729184e-05,2
1182557,1182732,worker,333.9404032230377,False,hdf5,h5_tr_209.py,209,stream,M2,256,1,64,/pscratch/sd/s/satt/sprints/data/converted_10M/mc_normalized_rntuple_10M_29.h5,,auto,,5000,,,,,,,false,true,2,21,0,1,5,0,6,27,0.2222222222222222,22.22222222222222,0.5,2.5,3.0,47.61904761904762,238.0952380952381,285.7142857142857,0.0001575946807861328,2.6265780131022137e-05,4.7192456877066123e-07,4.7192456877066126e-05,2
1182557,1182733,worker,333.9371612071991,False,hdf5,h5_tr_209.py,209,stream,M2,256,1,64,/pscratch/sd/s/satt/sprints/data/converted_10M/mc_normalized_rntuple_10M_29.h5,,auto,,5000,,,,,,,false,true,2,21,0,1,5,0,6,27,0.2222222222222222,22.22222222222222,0.5,2.5,3.0,47.61904761904762,238.0952380952381,285.7142857142857,0.0001366138458251953,2.276897430419922e-05,4.091004586950719e-07,4.091004586950719e-05,2
1182557,1182734,worker,333.9352054595947,False,hdf5,h5_tr_209.py,209,stream,M2,256,1,64,/pscratch/sd/s/satt/sprints/data/converted_10M/mc_normalized_rntuple_10M_29.h5,,auto,,5000,,,,,,,false,true,2,19,0,1,5,0,6,25,0.24,24.0,0.5,2.5,3.0,52.63157894736842,263.1578947368421,315.7894736842105,0.00014448165893554688,2.4080276489257812e-05,4.3266375204943397e-07,4.32663752049434e-05,2
1182557,1182735,worker,333.9298050403595,False,hdf5,h5_tr_209.py,209,stream,M2,256,1,64,/pscratch/sd/s/satt/sprints/data/converted_10M/mc_normalized_rntuple_10M_29.h5,,auto,,5000,,,,,,,false,true,2,21,0,1,5,0,6,27,0.2222222222222222,22.22222222222222,0.5,2.5,3.0,47.61904761904762,238.0952380952381,285.7142857142857,0.00015592575073242188,2.5987625122070312e-05,4.669416996592333e-07,4.669416996592333e-05,2
1182557,1182736,worker,333.9144425392151,False,hdf5,h5_tr_209.py,209,stream,M2,256,1,64,/pscratch/sd/s/satt/sprints/data/converted_10M/mc_normalized_rntuple_10M_29.h5,,auto,,5000,,,,,,,false,true,2,21,0,1,5,0,6,27,0.2222222222222222,22.22222222222222,0.5,2.5,3.0,47.61904761904762,238.0952380952381,285.7142857142857,0.00015354156494140625,2.5590260823567707e-05,4.598230725625899e-07,4.598230725625899e-05,2
1182557,1182737,worker,333.90877962112427,False,hdf5,h5_tr_209.py,209,stream,M2,256,1,64,/pscratch/sd/s/satt/sprints/data/converted_10M/mc_normalized_rntuple_10M_29.h5,,auto,,5000,,,,,,,false,true,2,19,0,1,5,0,6,25,0.24,24.0,0.5,2.5,3.0,52.63157894736842,263.1578947368421,315.7894736842105,0.00013136863708496094,2.189477284749349e-05,3.9342672341236663e-07,3.9342672341236664e-05,2
1182557,1182738,worker,333.9031846523285,False,hdf5,h5_tr_209.py,209,stream,M2,256,1,64,/pscratch/sd/s/satt/sprints/data/converted_10M/mc_normalized_rntuple_10M_29.h5,,auto,,5000,,,,,,,false,true,2,21,0,1,5,0,6,27,0.2222222222222222,22.22222222222222,0.5,2.5,3.0,47.61904761904762,238.0952380952381,285.7142857142857,0.00014162063598632812,2.3603439331054688e-05,4.2413682317462294e-07,4.24136823174623e-05,2
1182557,1182739,worker,333.89433884620667,False,hdf5,h5_tr_209.py,209,stream,M2,256,1,64,/pscratch/sd/s/satt/sprints/data/converted_10M/mc_normalized_rntuple_10M_29.h5,,auto,,5000,,,,,,,false,true,2,21,0,1,5,0,6,27,0.2222222222222222,22.22222222222222,0.5,2.5,3.0,47.61904761904762,238.0952380952381,285.7142857142857,0.00016760826110839844,2.7934710184733074e-05,5.019799427794419e-07,5.01979942779442e-05,2
1182557,1182740,worker,333.89116644859314,False,hdf5,h5_tr_209.py,209,stream,M2,256,1,64,/pscratch/sd/s/satt/sprints/data/converted_10M/mc_normalized_rntuple_10M_29.h5,,auto,,5000,,,,,,,false,true,2,19,0,1,5,0,6,25,0.24,24.0,0.5,2.5,3.0,52.63157894736842,263.1578947368421,315.7894736842105,0.00014638900756835938,2.4398167928059895e-05,4.384333048562333e-07,4.384333048562333e-05,2
1182557,1182741,worker,333.8846821784973,False,hdf5,h5_tr_209.py,209,stream,M2,256,1,64,/pscratch/sd/s/satt/sprints/data/converted_10M/mc_normalized_rntuple_10M_29.h5,,auto,,5000,,,,,,,false,true,2,21,0,1,5,0,6,27,0.2222222222222222,22.22222222222222,0.5,2.5,3.0,47.61904761904762,238.0952380952381,285.7142857142857,0.00016307830810546875,2.7179718017578125e-05,4.884270432576653e-07,4.884270432576653e-05,2
1182557,1182742,worker,333.88325572013855,False,hdf5,h5_tr_209.py,209,stream,M2,256,1,64,/pscratch/sd/s/satt/sprints/data/converted_10M/mc_normalized_rntuple_10M_29.h5,,auto,,5000,,,,,,,false,true,2,21,0,1,5,0,6,27,0.2222222222222222,22.22222222222222,0.5,2.5,3.0,47.61904761904762,238.0952380952381,285.7142857142857,0.0001430511474609375,2.384185791015625e-05,4.2844660524349023e-07,4.284466052434902e-05,2
1182557,1182743,worker,333.87206292152405,False,hdf5,h5_tr_209.py,209,stream,M2,256,1,64,/pscratch/sd/s/satt/sprints/data/converted_10M/mc_normalized_rntuple_10M_29.h5,,auto,,5000,,,,,,,false,true,2,19,0,1,5,0,6,25,0.24,24.0,0.5,2.5,3.0,52.63157894736842,263.1578947368421,315.7894736842105,0.00013875961303710938,2.3126602172851562e-05,4.156071395219568e-07,4.156071395219568e-05,2
1182557,1182744,worker,333.8723647594452,False,hdf5,h5_tr_209.py,209,stream,M2,256,1,64,/pscratch/sd/s/satt/sprints/data/converted_10M/mc_normalized_rntuple_10M_29.h5,,auto,,5000,,,,,,,false,true,2,21,0,1,5,0,6,27,0.2222222222222222,22.22222222222222,0.5,2.5,3.0,47.61904761904762,238.0952380952381,285.7142857142857,0.0001461505889892578,2.4358431498209637e-05,4.37743893821698e-07,4.37743893821698e-05,2
1182557,1182745,worker,333.8650815486908,False,hdf5,h5_tr_209.py,209,stream,M2,256,1,64,/pscratch/sd/s/satt/sprints/data/converted_10M/mc_normalized_rntuple_10M_29.h5,,auto,,5000,,,,,,,false,true,2,21,0,1,5,0,6,27,0.2222222222222222,22.22222222222222,0.5,2.5,3.0,47.61904761904762,238.0952380952381,285.7142857142857,0.00014662742614746094,2.4437904357910156e-05,4.391816762247322e-07,4.391816762247322e-05,2
1182557,1182746,worker,333.8494236469269,False,hdf5,h5_tr_209.py,209,stream,M2,256,1,64,/pscratch/sd/s/satt/sprints/data/converted_10M/mc_normalized_rntuple_10M_29.h5,,auto,,5000,,,,,,,false,true,2,19,0,1,5,0,6,25,0.24,24.0,0.5,2.5,3.0,52.63157894736842,263.1578947368421,315.7894736842105,0.00015616416931152344,2.6027361551920574e-05,4.6776827590596606e-07,4.6776827590596605e-05,2
1182557,1182747,worker,333.84882712364197,False,hdf5,h5_tr_209.py,209,stream,M2,256,1,64,/pscratch/sd/s/satt/sprints/data/converted_10M/mc_normalized_rntuple_10M_29.h5,,auto,,5000,,,,,,,false,true,2,21,0,1,5,0,6,27,0.2222222222222222,22.22222222222222,0.5,2.5,3.0,47.61904761904762,238.0952380952381,285.7142857142857,0.00014901161193847656,2.483526865641276e-05,4.4634457224943207e-07,4.46344572249432e-05,2
1182557,1182748,worker,333.84284949302673,False,hdf5,h5_tr_209.py,209,stream,M2,256,1,64,/pscratch/sd/s/satt/sprints/data/converted_10M/mc_normalized_rntuple_10M_29.h5,,auto,,5000,,,,,,,false,true,2,21,0,1,5,0,6,27,0.2222222222222222,22.22222222222222,0.5,2.5,3.0,47.61904761904762,238.0952380952381,285.7142857142857,0.00013637542724609375,2.2729237874348957e-05,4.085018668310352e-07,4.085018668310352e-05,2
1182557,1182749,worker,333.8367099761963,False,hdf5,h5_tr_209.py,209,stream,M2,256,1,64,/pscratch/sd/s/satt/sprints/data/converted_10M/mc_normalized_rntuple_10M_29.h5,,auto,,5000,,,,,,,false,true,2,19,0,1,5,0,6,25,0.24,24.0,0.5,2.5,3.0,52.63157894736842,263.1578947368421,315.7894736842105,0.00014638900756835938,2.4398167928059895e-05,4.385048234473597e-07,4.3850482344735966e-05,2
1182557,1182750,worker,333.8331022262573,False,hdf5,h5_tr_209.py,209,stream,M2,256,1,64,/pscratch/sd/s/satt/sprints/data/converted_10M/mc_normalized_rntuple_10M_29.h5,,auto,,5000,,,,,,,false,true,2,23,0,1,5,0,6,29,0.20689655172413793,20.689655172413794,0.5,2.5,3.0,43.47826086956522,217.3913043478261,260.8695652173913,0.00013518333435058594,2.2530555725097656e-05,4.049428695029909e-07,4.049428695029909e-05,2
1182557,1182751,worker,333.8282949924469,False,hdf5,h5_tr_209.py,209,stream,M2,256,1,64,/pscratch/sd/s/satt/sprints/data/converted_10M/mc_normalized_rntuple_10M_29.h5,,auto,,5000,,,,,,,false,true,2,21,0,1,5,0,6,27,0.2222222222222222,22.22222222222222,0.5,2.5,3.0,47.61904761904762,238.0952380952381,285.7142857142857,0.00016570091247558594,2.761681874593099e-05,4.963656914682293e-07,4.963656914682293e-05,2
1182557,1182752,worker,333.8169364929199,False,hdf5,h5_tr_209.py,209,stream,M2,256,1,64,/pscratch/sd/s/satt/sprints/data/converted_10M/mc_normalized_rntuple_10M_29.h5,,auto,,5000,,,,,,,false,true,2,21,0,1,5,0,6,27,0.2222222222222222,22.22222222222222,0.5,2.5,3.0,47.61904761904762,238.0952380952381,285.7142857142857,0.00014734268188476562,2.4557113647460938e-05,4.413876762298149e-07,4.413876762298149e-05,2
1182557,1182753,worker,333.8197810649872,False,hdf5,h5_tr_209.py,209,stream,M2,256,1,64,/pscratch/sd/s/satt/sprints/data/converted_10M/mc_normalized_rntuple_10M_29.h5,,auto,,5000,,,,,,,false,true,2,19,0,1,5,0,6,25,0.24,24.0,0.5,2.5,3.0,52.63157894736842,263.1578947368421,315.7894736842105,0.00013065338134765625,2.1775563557942707e-05,3.913889732083342e-07,3.913889732083342e-05,2
1182557,1182754,worker,333.814284324646,False,hdf5,h5_tr_209.py,209,stream,M2,256,1,64,/pscratch/sd/s/satt/sprints/data/converted_10M/mc_normalized_rntuple_10M_29.h5,,auto,,5000,,,,,,,false,true,2,21,0,1,5,0,6,27,0.2222222222222222,22.22222222222222,0.5,2.5,3.0,47.61904761904762,238.0952380952381,285.7142857142857,0.00013685226440429688,2.280871073404948e-05,4.099652735986675e-07,4.0996527359866745e-05,2
1182557,1182755,worker,333.79539012908936,False,hdf5,h5_tr_209.py,209,stream,M2,256,1,64,/pscratch/sd/s/satt/sprints/data/converted_10M/mc_normalized_rntuple_10M_29.h5,,auto,,5000,,,,,,,false,true,2,21,0,1,5,0,6,27,0.2222222222222222,22.22222222222222,0.5,2.5,3.0,47.61904761904762,238.0952380952381,285.7142857142857,0.00019025802612304688,3.170967102050781e-05,5.699839834500651e-07,5.699839834500651e-05,2
1182557,1182756,worker,333.7924406528473,False,hdf5,h5_tr_209.py,209,stream,M2,256,1,64,/pscratch/sd/s/satt/sprints/data/converted_10M/mc_normalized_rntuple_10M_29.h5,,auto,,5000,,,,,,,false,true,2,19,0,1,5,0,6,25,0.24,24.0,0.5,2.5,3.0,52.63157894736842,263.1578947368421,315.7894736842105,0.00014257431030273438,2.376238505045573e-05,4.271346290044217e-07,4.271346290044217e-05,2
1182557,1182757,worker,333.7878062725067,False,hdf5,h5_tr_209.py,209,stream,M2,256,1,64,/pscratch/sd/s/satt/sprints/data/converted_10M/mc_normalized_rntuple_10M_29.h5,,auto,,5000,,,,,,,false,true,2,21,0,1,5,0,6,27,0.2222222222222222,22.22222222222222,0.5,2.5,3.0,47.61904761904762,238.0952380952381,285.7142857142857,0.00013947486877441406,2.3245811462402344e-05,4.17854895096275e-07,4.17854895096275e-05,2
1182557,1182758,worker,333.78035712242126,False,hdf5,h5_tr_209.py,209,stream,M2,256,1,64,/pscratch/sd/s/satt/sprints/data/converted_10M/mc_normalized_rntuple_10M_29.h5,,auto,,5000,,,,,,,false,true,2,21,0,1,5,0,6,27,0.2222222222222222,22.22222222222222,0.5,2.5,3.0,47.61904761904762,238.0952380952381,285.7142857142857,0.00014781951904296875,2.4636586507161457e-05,4.4286464403521714e-07,4.428646440352172e-05,2
1182557,1182759,worker,333.7750403881073,False,hdf5,h5_tr_209.py,209,stream,M2,256,1,64,/pscratch/sd/s/satt/sprints/data/converted_10M/mc_normalized_rntuple_10M_29.h5,,auto,,5000,,,,,,,false,true,2,19,0,1,5,0,6,25,0.24,24.0,0.5,2.5,3.0,52.63157894736842,263.1578947368421,315.7894736842105,0.00014591217041015625,2.4318695068359375e-05,4.371572249395651e-07,4.371572249395651e-05,2
1182557,1182760,worker,333.7688400745392,False,hdf5,h5_tr_209.py,209,stream,M2,256,1,64,/pscratch/sd/s/satt/sprints/data/converted_10M/mc_normalized_rntuple_10M_29.h5,,auto,,5000,,,,,,,false,true,2,21,0,1,5,0,6,27,0.2222222222222222,22.22222222222222,0.5,2.5,3.0,47.61904761904762,238.0952380952381,285.7142857142857,0.00014066696166992188,2.3444493611653645e-05,4.2145025173262825e-07,4.2145025173262824e-05,2
1182557,1182761,worker,333.7626554965973,False,hdf5,h5_tr_209.py,209,stream,M2,256,1,64,/pscratch/sd/s/satt/sprints/data/converted_10M/mc_normalized_rntuple_10M_29.h5,,auto,,5000,,,,,,,false,true,2,21,0,1,5,0,6,27,0.2222222222222222,22.22222222222222,0.5,2.5,3.0,47.61904761904762,238.0952380952381,285.7142857142857,0.0001327991485595703,2.213319142659505e-05,3.9788498315361767e-07,3.9788498315361765e-05,2
1182557,1182762,worker,333.75627088546753,False,hdf5,h5_tr_209.py,209,stream,M2,256,1,64,/pscratch/sd/s/satt/sprints/data/converted_10M/mc_normalized_rntuple_10M_29.h5,,auto,,5000,,,,,,,false,true,2,19,0,1,5,0,6,25,0.24,24.0,0.5,2.5,3.0,52.63157894736842,263.1578947368421,315.7894736842105,0.0001785755157470703,2.976258595784505e-05,5.350476719832198e-07,5.350476719832199e-05,2
1182557,1182763,worker,333.7528192996979,False,hdf5,h5_tr_209.py,209,stream,M2,256,1,64,/pscratch/sd/s/satt/sprints/data/converted_10M/mc_normalized_rntuple_10M_29.h5,,auto,,5000,,,,,,,false,true,2,21,0,1,5,0,6,27,0.2222222222222222,22.22222222222222,0.5,2.5,3.0,47.61904761904762,238.0952380952381,285.7142857142857,0.00014448165893554688,2.4080276489257812e-05,4.3290019014283624e-07,4.3290019014283624e-05,2
1182557,1182764,worker,333.7467768192291,False,hdf5,h5_tr_209.py,209,stream,M2,256,1,64,/pscratch/sd/s/satt/sprints/data/converted_10M/mc_normalized_rntuple_10M_29.h5,,auto,,5000,,,,,,,false,true,2,21,0,1,5,0,6,27,0.2222222222222222,22.22222222222222,0.5,2.5,3.0,47.61904761904762,238.0952380952381,285.7142857142857,0.00014328956604003906,2.388159434000651e-05,4.2933617938024475e-07,4.293361793802447e-05,2
1182557,1182765,worker,333.7408564090729,False,hdf5,h5_tr_209.py,209,stream,M2,256,1,64,/pscratch/sd/s/satt/sprints/data/converted_10M/mc_normalized_rntuple_10M_29.h5,,auto,,5000,,,,,,,false,true,2,19,0,1,5,0,6,25,0.24,24.0,0.5,2.5,3.0,52.63157894736842,263.1578947368421,315.7894736842105,0.000141143798828125,2.3523966471354168e-05,4.2291435440892563e-07,4.2291435440892564e-05,2
1182557,1182766,worker,333.72500705718994,False,hdf5,h5_tr_209.py,209,stream,M2,256,1,64,/pscratch/sd/s/satt/sprints/data/converted_10M/mc_normalized_rntuple_10M_29.h5,,auto,,5000,,,,,,,false,true,2,21,0,1,5,0,6,27,0.2222222222222222,22.22222222222222,0.5,2.5,3.0,47.61904761904762,238.0952380952381,285.7142857142857,0.00012826919555664062,2.1378199259440105e-05,3.843559602791748e-07,3.843559602791748e-05,2
1182557,1182767,worker,333.72493529319763,False,hdf5,h5_tr_209.py,209,stream,M2,256,1,64,/pscratch/sd/s/satt/sprints/data/converted_10M/mc_normalized_rntuple_10M_29.h5,,auto,,5000,,,,,,,false,true,2,21,0,1,5,0,6,27,0.2222222222222222,22.22222222222222,0.5,2.5,3.0,47.61904761904762,238.0952380952381,285.7142857142857,0.00014972686767578125,2.4954477945963543e-05,4.486535222315261e-07,4.4865352223152606e-05,2
1182557,1182768,worker,333.72436594963074,False,hdf5,h5_tr_209.py,209,stream,M2,256,1,64,/pscratch/sd/s/satt/sprints/data/converted_10M/mc_normalized_rntuple_10M_29.h5,,auto,,5000,,,,,,,false,true,2,19,0,1,5,0,6,25,0.24,24.0,0.5,2.5,3.0,52.63157894736842,263.1578947368421,315.7894736842105,0.00014328956604003906,2.388159434000651e-05,4.293650109493829e-07,4.2936501094938286e-05,2
1182557,1182769,worker,333.7102828025818,False,hdf5,h5_tr_209.py,209,stream,M2,256,1,64,/pscratch/sd/s/satt/sprints/data/converted_10M/mc_normalized_rntuple_10M_29.h5,,auto,,5000,,,,,,,false,true,2,21,0,1,5,0,6,27,0.2222222222222222,22.22222222222222,0.5,2.5,3.0,47.61904761904762,238.0952380952381,285.7142857142857,0.0001316070556640625,2.193450927734375e-05,3.943751884382878e-07,3.9437518843828776e-05,2
1182557,1182770,worker,333.714154958725,False,hdf5,h5_tr_209.py,209,stream,M2,256,1,64,/pscratch/sd/s/satt/sprints/data/converted_10M/mc_normalized_rntuple_10M_29.h5,,auto,,5000,,,,,,,false,true,2,21,0,1,5,0,6,27,0.2222222222222222,22.22222222222222,0.5,2.5,3.0,47.61904761904762,238.0952380952381,285.7142857142857,0.0001475811004638672,2.45968500773112e-05,4.4223805994121096e-07,4.42238059941211e-05,2
1182557,1182771,worker,333.70535254478455,False,hdf5,h5_tr_209.py,209,stream,M2,256,1,64,/pscratch/sd/s/satt/sprints/data/converted_10M/mc_normalized_rntuple_10M_29.h5,,auto,,5000,,,,,,,false,true,2,23,0,1,5,0,6,29,0.20689655172413793,20.689655172413794,0.5,2.5,3.0,43.47826086956522,217.3913043478261,260.8695652173913,0.0001506805419921875,2.5113423665364582e-05,4.515376838972506e-07,4.5153768389725064e-05,2
1182557,1182772,worker,333.69411993026733,False,hdf5,h5_tr_209.py,209,stream,M2,256,1,64,/pscratch/sd/s/satt/sprints/data/converted_10M/mc_normalized_rntuple_10M_29.h5,,auto,,5000,,,,,,,false,true,2,19,0,1,5,0,6,25,0.24,24.0,0.5,2.5,3.0,52.63157894736842,263.1578947368421,315.7894736842105,0.000133514404296875,2.2252400716145832e-05,4.00110149752641e-07,4.00110149752641e-05,2
1182557,1182773,worker,333.6878297328949,False,hdf5,h5_tr_209.py,209,stream,M2,256,1,64,/pscratch/sd/s/satt/sprints/data/converted_10M/mc_normalized_rntuple_10M_29.h5,,auto,,5000,,,,,,,false,true,2,21,0,1,5,0,6,27,0.2222222222222222,22.22222222222222,0.5,2.5,3.0,47.61904761904762,238.0952380952381,285.7142857142857,0.00012874603271484375,2.1457672119140625e-05,3.8582777447382576e-07,3.858277744738258e-05,2
1182557,1182774,worker,333.67297172546387,False,hdf5,h5_tr_209.py,209,stream,M2,256,1,64,/pscratch/sd/s/satt/sprints/data/converted_10M/mc_normalized_rntuple_10M_29.h5,,auto,,5000,,,,,,,false,true,2,21,0,1,5,0,6,27,0.2222222222222222,22.22222222222222,0.5,2.5,3.0,47.61904761904762,238.0952380952381,285.7142857142857,0.00013589859008789062,2.2649765014648438e-05,4.0728078569007956e-07,4.0728078569007956e-05,2
1182557,1182775,worker,333.6709246635437,False,hdf5,h5_tr_209.py,209,stream,M2,256,1,64,/pscratch/sd/s/satt/sprints/data/converted_10M/mc_normalized_rntuple_10M_29.h5,,auto,,5000,,,,,,,false,true,2,19,0,1,5,0,6,25,0.24,24.0,0.5,2.5,3.0,52.63157894736842,263.1578947368421,315.7894736842105,0.00014281272888183594,2.380212148030599e-05,4.280047146026907e-07,4.280047146026907e-05,2
1182557,1182776,worker,333.6717917919159,False,hdf5,h5_tr_209.py,209,stream,M2,256,1,64,/pscratch/sd/s/satt/sprints/data/converted_10M/mc_normalized_rntuple_10M_29.h5,,auto,,5000,,,,,,,false,true,2,21,0,1,5,0,6,27,0.2222222222222222,22.22222222222222,0.5,2.5,3.0,47.61904761904762,238.0952380952381,285.7142857142857,0.00014972686767578125,2.4954477945963543e-05,4.487249787334549e-07,4.487249787334549e-05,2
1182557,1182777,worker,333.669540643692,False,hdf5,h5_tr_209.py,209,stream,M2,256,1,64,/pscratch/sd/s/satt/sprints/data/converted_10M/mc_normalized_rntuple_10M_29.h5,,auto,,5000,,,,,,,false,true,2,21,0,1,5,0,6,27,0.2222222222222222,22.22222222222222,0.5,2.5,3.0,47.61904761904762,238.0952380952381,285.7142857142857,0.00015282630920410156,2.5471051534016926e-05,4.5801696165996965e-07,4.5801696165996965e-05,2
1182557,1182778,worker,333.66142988204956,False,hdf5,h5_tr_209.py,209,stream,M2,256,1,64,/pscratch/sd/s/satt/sprints/data/converted_10M/mc_normalized_rntuple_10M_29.h5,,auto,,5000,,,,,,,false,true,2,19,0,1,5,0,6,25,0.24,24.0,0.5,2.5,3.0,52.63157894736842,263.1578947368421,315.7894736842105,0.00014519691467285156,2.4199485778808594e-05,4.3516241815597076e-07,4.3516241815597075e-05,2
1182557,1182779,worker,333.65180826187134,False,hdf5,h5_tr_209.py,209,stream,M2,256,1,64,/pscratch/sd/s/satt/sprints/data/converted_10M/mc_normalized_rntuple_10M_29.h5,,auto,,5000,,,,,,,false,true,2,21,0,1,5,0,6,27,0.2222222222222222,22.22222222222222,0.5,2.5,3.0,47.61904761904762,238.0952380952381,285.7142857142857,0.0001513957977294922,2.5232632954915363e-05,4.537538654988108e-07,4.5375386549881085e-05,2
1182557,1182780,worker,333.643878698349,False,hdf5,h5_tr_209.py,209,stream,M2,256,1,64,/pscratch/sd/s/satt/sprints/data/converted_10M/mc_normalized_rntuple_10M_29.h5,,auto,,5000,,,,,,,false,true,2,21,0,1,5,0,6,27,0.2222222222222222,22.22222222222222,0.5,2.5,3.0,47.61904761904762,238.0952380952381,285.7142857142857,0.0001418590545654297,2.364317576090495e-05,4.2518104968347395e-07,4.25181049683474e-05,2
1182557,1182781,worker,333.63794350624084,False,hdf5,h5_tr_209.py,209,stream,M2,256,1,64,/pscratch/sd/s/satt/sprints/data/converted_10M/mc_normalized_rntuple_10M_29.h5,,auto,,5000,,,,,,,false,true,2,19,0,1,5,0,6,25,0.24,24.0,0.5,2.5,3.0,52.63157894736842,263.1578947368421,315.7894736842105,0.0001380443572998047,2.300739288330078e-05,4.137549699805727e-07,4.137549699805727e-05,2
1182557,1182782,worker,333.63344526290894,False,hdf5,h5_tr_209.py,209,stream,M2,256,1,64,/pscratch/sd/s/satt/sprints/data/converted_10M/mc_normalized_rntuple_10M_29.h5,,auto,,5000,,,,,,,false,true,2,21,0,1,5,0,6,27,0.2222222222222222,22.22222222222222,0.5,2.5,3.0,47.61904761904762,238.0952380952381,285.7142857142857,0.00013875961303710938,2.3126602172851562e-05,4.159043855083665e-07,4.159043855083665e-05,2
1182557,1182783,worker,333.6246168613434,False,hdf5,h5_tr_209.py,209,stream,M2,256,1,64,/pscratch/sd/s/satt/sprints/data/converted_10M/mc_normalized_rntuple_10M_29.h5,,auto,,5000,,,,,,,false,true,2,21,0,1,5,0,6,27,0.2222222222222222,22.22222222222222,0.5,2.5,3.0,47.61904761904762,238.0952380952381,285.7142857142857,0.00014829635620117188,2.471605936686198e-05,4.4450064145837547e-07,4.445006414583754e-05,2
1182557,1182784,worker,333.6198925971985,False,hdf5,h5_tr_209.py,209,stream,M2,256,1,64,/pscratch/sd/s/satt/sprints/data/converted_10M/mc_normalized_rntuple_10M_29.h5,,auto,,5000,,,,,,,false,true,2,19,0,1,5,0,6,25,0.24,24.0,0.5,2.5,3.0,52.63157894736842,263.1578947368421,315.7894736842105,0.00014638900756835938,2.4398167928059895e-05,4.3878980485466604e-07,4.38789804854666e-05,2
1182557,1182785,worker,333.6161057949066,False,hdf5,h5_tr_209.py,209,stream,M2,256,1,64,/pscratch/sd/s/satt/sprints/data/converted_10M/mc_normalized_rntuple_10M_29.h5,,auto,,5000,,,,,,,false,true,2,21,0,1,5,0,6,27,0.2222222222222222,22.22222222222222,0.5,2.5,3.0,47.61904761904762,238.0952380952381,285.7142857142857,0.00014448165893554688,2.4080276489257812e-05,4.330775895584856e-07,4.330775895584856e-05,2
1182557,1182786,worker,333.5959029197693,False,hdf5,h5_tr_209.py,209,stream,M2,256,1,64,/pscratch/sd/s/satt/sprints/data/converted_10M/mc_normalized_rntuple_10M_29.h5,,auto,,5000,,,,,,,false,true,2,21,0,1,5,0,6,27,0.2222222222222222,22.22222222222222,0.5,2.5,3.0,47.61904761904762,238.0952380952381,285.7142857142857,0.0001480579376220703,2.467632293701172e-05,4.4382420864946487e-07,4.4382420864946486e-05,2
1182557,1182787,worker,333.60322618484497,False,hdf5,h5_tr_209.py,209,stream,M2,256,1,64,/pscratch/sd/s/satt/sprints/data/converted_10M/mc_normalized_rntuple_10M_29.h5,,auto,,5000,,,,,,,false,true,2,19,0,1,5,0,6,25,0.24,24.0,0.5,2.5,3.0,52.63157894736842,263.1578947368421,315.7894736842105,0.00013494491577148438,2.2490819295247395e-05,4.0450722648801137e-07,4.045072264880114e-05,2
1182557,1182788,worker,333.6000814437866,False,hdf5,h5_tr_209.py,209,stream,M2,256,1,64,/pscratch/sd/s/satt/sprints/data/converted_10M/mc_normalized_rntuple_10M_29.h5,,auto,,5000,,,,,,,false,true,2,21,0,1,5,0,6,27,0.2222222222222222,22.22222222222222,0.5,2.5,3.0,47.61904761904762,238.0952380952381,285.7142857142857,0.00013685226440429688,2.280871073404948e-05,4.102285101730624e-07,4.102285101730624e-05,2
1182557,1182789,worker,333.59221482276917,False,hdf5,h5_tr_209.py,209,stream,M2,256,1,64,/pscratch/sd/s/satt/sprints/data/converted_10M/mc_normalized_rntuple_10M_29.h5,,auto,,5000,,,,,,,false,true,2,21,0,1,5,0,6,27,0.2222222222222222,22.22222222222222,0.5,2.5,3.0,47.61904761904762,238.0952380952381,285.7142857142857,0.00014495849609375,2.4159749348958332e-05,4.345380067420444e-07,4.345380067420444e-05,2
1182557,1182790,worker,333.5803003311157,False,hdf5,h5_tr_209.py,209,stream,M2,256,1,64,/pscratch/sd/s/satt/sprints/data/converted_10M/mc_normalized_rntuple_10M_29.h5,,auto,,5000,,,,,,,false,true,2,19,0,1,5,0,6,25,0.24,24.0,0.5,2.5,3.0,52.63157894736842,263.1578947368421,315.7894736842105,0.00014662742614746094,2.4437904357910156e-05,4.395566105130214e-07,4.395566105130214e-05,2
1182557,1182791,worker,333.5803790092468,False,hdf5,h5_tr_209.py,209,stream,M2,256,1,64,/pscratch/sd/s/satt/sprints/data/converted_10M/mc_normalized_rntuple_10M_29.h5,,auto,,5000,,,,,,,false,true,2,21,0,1,5,0,6,27,0.2222222222222222,22.22222222222222,0.5,2.5,3.0,47.61904761904762,238.0952380952381,285.7142857142857,0.0001385211944580078,2.30868657430013e-05,4.152558219084223e-07,4.152558219084223e-05,2
1182557,1182792,worker,333.57213258743286,False,hdf5,h5_tr_209.py,209,stream,M2,256,1,64,/pscratch/sd/s/satt/sprints/data/converted_10M/mc_normalized_rntuple_10M_29.h5,,auto,,5000,,,,,,,false,true,2,23,0,1,5,0,6,29,0.20689655172413793,20.689655172413794,0.5,2.5,3.0,43.47826086956522,217.3913043478261,260.8695652173913,0.00011992454528808594,1.998742421468099e-05,3.5951607934950146e-07,3.5951607934950145e-05,2
1182557,1182793,worker,333.5613474845886,False,hdf5,h5_tr_209.py,209,stream,M2,256,1,64,/pscratch/sd/s/satt/sprints/data/converted_10M/mc_normalized_rntuple_10M_29.h5,,auto,,5000,,,,,,,false,true,2,21,0,1,5,0,6,27,0.2222222222222222,22.22222222222222,0.5,2.5,3.0,47.61904761904762,238.0952380952381,285.7142857142857,0.0001652240753173828,2.753734588623047e-05,4.953333968799145e-07,4.9533339687991455e-05,2
1182557,1182794,worker,333.5563507080078,False,hdf5,h5_tr_209.py,209,stream,M2,256,1,64,/pscratch/sd/s/satt/sprints/data/converted_10M/mc_normalized_rntuple_10M_29.h5,,auto,,5000,,,,,,,false,true,2,19,0,1,5,0,6,25,0.24,24.0,0.5,2.5,3.0,52.63157894736842,263.1578947368421,315.7894736842105,0.0001430511474609375,2.384185791015625e-05,4.288665083344888e-07,4.288665083344888e-05,2
1182557,1182795,worker,333.5456418991089,False,hdf5,h5_tr_209.py,209,stream,M2,256,1,64,/pscratch/sd/s/satt/sprints/data/converted_10M/mc_normalized_rntuple_10M_29.h5,,auto,,5000,,,,,,,false,true,2,21,0,1,5,0,6,27,0.2222222222222222,22.22222222222222,0.5,2.5,3.0,47.61904761904762,238.0952380952381,285.7142857142857,0.00014591217041015625,2.4318695068359375e-05,4.3745788306324763e-07,4.374578830632477e-05,2
1182557,1182796,worker,333.5438108444214,False,hdf5,h5_tr_209.py,209,stream,M2,256,1,64,/pscratch/sd/s/satt/sprints/data/converted_10M/mc_normalized_rntuple_10M_29.h5,,auto,,5000,,,,,,,false,true,2,21,0,1,5,0,6,27,0.2222222222222222,22.22222222222222,0.5,2.5,3.0,47.61904761904762,238.0952380952381,285.7142857142857,0.00014638900756835938,2.4398167928059895e-05,4.388898933478974e-07,4.388898933478974e-05,2
1182557,1182797,worker,333.5368421077728,False,hdf5,h5_tr_209.py,209,stream,M2,256,1,64,/pscratch/sd/s/satt/sprints/data/converted_10M/mc_normalized_rntuple_10M_29.h5,,auto,,5000,,,,,,,false,true,2,19,0,1,5,0,6,25,0.24,24.0,0.5,2.5,3.0,52.63157894736842,263.1578947368421,315.7894736842105,0.00012755393981933594,2.1258989969889324e-05,3.824283368915526e-07,3.824283368915526e-05,2
1182557,1182798,worker,333.5384724140167,False,hdf5,h5_tr_209.py,209,stream,M2,256,1,64,/pscratch/sd/s/satt/sprints/data/converted_10M/mc_normalized_rntuple_10M_29.h5,,auto,,5000,,,,,,,false,true,2,21,0,1,5,0,6,27,0.2222222222222222,22.22222222222222,0.5,2.5,3.0,47.61904761904762,238.0952380952381,285.7142857142857,0.00014090538024902344,2.3484230041503906e-05,4.224561539459218e-07,4.224561539459218e-05,2
1182557,1182799,worker,333.5134632587433,False,hdf5,h5_tr_209.py,209,stream,M2,256,1,64,/pscratch/sd/s/satt/sprints/data/converted_10M/mc_normalized_rntuple_10M_29.h5,,auto,,5000,,,,,,,false,true,2,21,0,1,5,0,6,27,0.2222222222222222,22.22222222222222,0.5,2.5,3.0,47.61904761904762,238.0952380952381,285.7142857142857,0.0006933212280273438,0.0001155535380045573,2.0788403000374765e-06,0.00020788403000374765,2
1182557,1182800,worker,333.5206813812256,False,hdf5,h5_tr_209.py,209,stream,M2,256,1,64,/pscratch/sd/s/satt/sprints/data/converted_10M/mc_normalized_rntuple_10M_29.h5,,auto,,5000,,,,,,,false,true,2,19,0,1,5,0,6,25,0.24,24.0,0.5,2.5,3.0,52.63157894736842,263.1578947368421,315.7894736842105,0.008511781692504883,0.0014186302820841472,2.5521001148278492e-05,0.002552100114827849,2
1182557,1182801,worker,333.51932525634766,False,hdf5,h5_tr_209.py,209,stream,M2,256,1,64,/pscratch/sd/s/satt/sprints/data/converted_10M/mc_normalized_rntuple_10M_29.h5,,auto,,5000,,,,,,,false,true,2,21,0,1,5,0,6,27,0.2222222222222222,22.22222222222222,0.5,2.5,3.0,47.61904761904762,238.0952380952381,285.7142857142857,0.013401269912719727,0.0022335449854532876,4.018138949645368e-05,0.0040181389496453685,2
1182557,1182802,worker,333.50529527664185,False,hdf5,h5_tr_209.py,209,stream,M2,256,1,64,/pscratch/sd/s/satt/sprints/data/converted_10M/mc_normalized_rntuple_10M_29.h5,,auto,,5000,,,,,,,false,true,2,21,0,1,5,0,6,27,0.2222222222222222,22.22222222222222,0.5,2.5,3.0,47.61904761904762,238.0952380952381,285.7142857142857,0.03621077537536621,0.006035129229227702,0.00010857631314468173,0.010857631314468173,2
1182557,1182803,worker,333.50549936294556,False,hdf5,h5_tr_209.py,209,stream,M2,256,1,64,/pscratch/sd/s/satt/sprints/data/converted_10M/mc_normalized_rntuple_10M_29.h5,,auto,,5000,,,,,,,false,true,2,19,0,1,5,0,6,25,0.24,24.0,0.5,2.5,3.0,52.63157894736842,263.1578947368421,315.7894736842105,0.02157282829284668,0.0035954713821411133,6.46850751608432e-05,0.00646850751608432,2
1182557,1182804,worker,333.4965968132019,False,hdf5,h5_tr_209.py,209,stream,M2,256,1,64,/pscratch/sd/s/satt/sprints/data/converted_10M/mc_normalized_rntuple_10M_29.h5,,auto,,5000,,,,,,,false,true,2,21,0,1,5,0,6,27,0.2222222222222222,22.22222222222222,0.5,2.5,3.0,47.61904761904762,238.0952380952381,285.7142857142857,0.025918006896972656,0.004319667816162109,7.771595615858667e-05,0.007771595615858668,2
1182557,1182805,worker,333.49076533317566,False,hdf5,h5_tr_209.py,209,stream,M2,256,1,64,/pscratch/sd/s/satt/sprints/data/converted_10M/mc_normalized_rntuple_10M_29.h5,,auto,,5000,,,,,,,false,true,2,21,0,1,5,0,6,27,0.2222222222222222,22.22222222222222,0.5,2.5,3.0,47.61904761904762,238.0952380952381,285.7142857142857,0.021686315536499023,0.0036143859227498374,6.502823403470618e-05,0.006502823403470618,2
1182557,1182806,worker,333.4829077720642,False,hdf5,h5_tr_209.py,209,stream,M2,256,1,64,/pscratch/sd/s/satt/sprints/data/converted_10M/mc_normalized_rntuple_10M_29.h5,,auto,,5000,,,,,,,false,true,2,19,0,1,5,0,6,25,0.24,24.0,0.5,2.5,3.0,52.63157894736842,263.1578947368421,315.7894736842105,0.0297086238861084,0.0049514373143513995,8.908589673931433e-05,0.008908589673931433,2
1182557,1182807,worker,333.46210765838623,False,hdf5,h5_tr_209.py,209,stream,M2,256,1,64,/pscratch/sd/s/satt/sprints/data/converted_10M/mc_normalized_rntuple_10M_29.h5,,auto,,5000,,,,,,,false,true,2,21,0,1,5,0,6,27,0.2222222222222222,22.22222222222222,0.5,2.5,3.0,47.61904761904762,238.0952380952381,285.7142857142857,0.019827604293823242,0.003304600715637207,5.945984217833692e-05,0.005945984217833693,2
1182557,1182808,worker,333.473185300827,False,hdf5,h5_tr_209.py,209,stream,M2,256,1,64,/pscratch/sd/s/satt/sprints/data/converted_10M/mc_normalized_rntuple_10M_29.h5,,auto,,5000,,,,,,,false,true,2,21,0,1,5,0,6,27,0.2222222222222222,22.22222222222222,0.5,2.5,3.0,47.61904761904762,238.0952380952381,285.7142857142857,0.04277181625366211,0.0071286360422770185,0.00012826163583461004,0.012826163583461003,2
1182557,1182809,worker,333.4632360935211,False,hdf5,h5_tr_209.py,209,stream,M2,256,1,64,/pscratch/sd/s/satt/sprints/data/converted_10M/mc_normalized_rntuple_10M_29.h5,,auto,,5000,,,,,,,false,true,2,19,0,1,5,0,6,25,0.24,24.0,0.5,2.5,3.0,52.63157894736842,263.1578947368421,315.7894736842105,0.026772022247314453,0.004462003707885742,8.028477909872539e-05,0.00802847790987254,2
1182557,1182810,worker,333.4485776424408,False,hdf5,h5_tr_209.py,209,stream,M2,256,1,64,/pscratch/sd/s/satt/sprints/data/converted_10M/mc_normalized_rntuple_10M_29.h5,,auto,,5000,,,,,,,false,true,2,21,0,1,5,0,6,27,0.2222222222222222,22.22222222222222,0.5,2.5,3.0,47.61904761904762,238.0952380952381,285.7142857142857,0.026635169982910156,0.004439194997151692,7.987789353077173e-05,0.007987789353077174,2
1182557,1182811,worker,333.4499201774597,False,hdf5,h5_tr_209.py,209,stream,M2,256,1,64,/pscratch/sd/s/satt/sprints/data/converted_10M/mc_normalized_rntuple_10M_29.h5,,auto,,5000,,,,,,,false,true,2,21,0,1,5,0,6,27,0.2222222222222222,22.22222222222222,0.5,2.5,3.0,47.61904761904762,238.0952380952381,285.7142857142857,0.013355493545532227,0.0022259155909220376,4.005247186271488e-05,0.004005247186271488,2
1182557,1182812,worker,333.44198083877563,False,hdf5,h5_tr_209.py,209,stream,M2,256,1,64,/pscratch/sd/s/satt/sprints/data/converted_10M/mc_normalized_rntuple_10M_29.h5,,auto,,5000,,,,,,,false,true,2,19,0,1,5,0,6,25,0.24,24.0,0.5,2.5,3.0,52.63157894736842,263.1578947368421,315.7894736842105,0.026756763458251953,0.004459460576375325,8.024413539934332e-05,0.008024413539934333,2
1182557,1182813,worker,333.4372570514679,False,hdf5,h5_tr_209.py,209,stream,M2,256,1,64,/pscratch/sd/s/satt/sprints/data/converted_10M/mc_normalized_rntuple_10M_29.h5,,auto,,5000,,,,,,,false,true,2,23,0,1,5,0,6,29,0.20689655172413793,20.689655172413794,0.5,2.5,3.0,43.47826086956522,217.3913043478261,260.8695652173913,0.03431415557861328,0.00571902592976888,0.00010291038224716653,0.010291038224716652,2
1182557,1182814,worker,333.4319040775299,False,hdf5,h5_tr_209.py,209,stream,M2,256,1,64,/pscratch/sd/s/satt/sprints/data/converted_10M/mc_normalized_rntuple_10M_29.h5,,auto,,5000,,,,,,,false,true,2,21,0,1,5,0,6,27,0.2222222222222222,22.22222222222222,0.5,2.5,3.0,47.61904761904762,238.0952380952381,285.7142857142857,0.026906490325927734,0.004484415054321289,8.069560829929284e-05,0.008069560829929283,2
1182557,1182815,worker,333.41564774513245,False,hdf5,h5_tr_209.py,209,stream,M2,256,1,64,/pscratch/sd/s/satt/sprints/data/converted_10M/mc_normalized_rntuple_10M_29.h5,,auto,,5000,,,,,,,false,true,2,21,0,1,5,0,6,27,0.2222222222222222,22.22222222222222,0.5,2.5,3.0,47.61904761904762,238.0952380952381,285.7142857142857,0.03367352485656738,0.0056122541427612305,0.0001009956343809871,0.01009956343809871,2
1182557,1182816,worker,333.40452098846436,False,hdf5,h5_tr_209.py,209,stream,M2,256,1,64,/pscratch/sd/s/satt/sprints/data/converted_10M/mc_normalized_rntuple_10M_29.h5,,auto,,5000,,,,,,,false,true,2,19,0,1,5,0,6,25,0.24,24.0,0.5,2.5,3.0,52.63157894736842,263.1578947368421,315.7894736842105,0.029711008071899414,0.004951834678649902,8.911399276714487e-05,0.008911399276714487,2
1182557,1182817,worker,333.411563873291,False,hdf5,h5_tr_209.py,209,stream,M2,256,1,64,/pscratch/sd/s/satt/sprints/data/converted_10M/mc_normalized_rntuple_10M_29.h5,,auto,,5000,,,,,,,false,true,2,21,0,1,5,0,6,27,0.2222222222222222,22.22222222222222,0.5,2.5,3.0,47.61904761904762,238.0952380952381,285.7142857142857,0.03562307357788086,0.00593717892964681,0.00010684414530810627,0.010684414530810626,2
1182557,1182818,worker,333.4091818332672,False,hdf5,h5_tr_209.py,209,stream,M2,256,1,64,/pscratch/sd/s/satt/sprints/data/converted_10M/mc_normalized_rntuple_10M_29.h5,,auto,,5000,,,,,,,false,true,2,21,0,1,5,0,6,27,0.2222222222222222,22.22222222222222,0.5,2.5,3.0,47.61904761904762,238.0952380952381,285.7142857142857,0.03543448448181152,0.005905747413635254,0.00010627927007580661,0.010627927007580662,2
1182557,1182819,worker,333.3994915485382,False,hdf5,h5_tr_209.py,209,stream,M2,256,1,64,/pscratch/sd/s/satt/sprints/data/converted_10M/mc_normalized_rntuple_10M_29.h5,,auto,,5000,,,,,,,false,true,2,19,0,1,5,0,6,25,0.24,24.0,0.5,2.5,3.0,52.63157894736842,263.1578947368421,315.7894736842105,0.024112462997436523,0.004018743832906087,7.2323034703627e-05,0.007232303470362699,2
1182557,1182820,worker,333.3925428390503,False,hdf5,h5_tr_209.py,209,stream,M2,256,1,64,/pscratch/sd/s/satt/sprints/data/converted_10M/mc_normalized_rntuple_10M_29.h5,,auto,,5000,,,,,,,false,true,2,21,0,1,5,0,6,27,0.2222222222222222,22.22222222222222,0.5,2.5,3.0,47.61904761904762,238.0952380952381,285.7142857142857,0.04541516304016113,0.0075691938400268555,0.0001362212923343217,0.013622129233432168,2
1182557,1182821,worker,333.3884971141815,False,hdf5,h5_tr_209.py,209,stream,M2,256,1,64,/pscratch/sd/s/satt/sprints/data/converted_10M/mc_normalized_rntuple_10M_29.h5,,auto,,5000,,,,,,,false,true,2,21,0,1,5,0,6,27,0.2222222222222222,22.22222222222222,0.5,2.5,3.0,47.61904761904762,238.0952380952381,285.7142857142857,0.03766155242919922,0.006276925404866536,0.00011296596239881843,0.011296596239881844,2
1182557,1182822,worker,333.37903928756714,False,hdf5,h5_tr_209.py,209,stream,M2,256,1,64,/pscratch/sd/s/satt/sprints/data/converted_10M/mc_normalized_rntuple_10M_29.h5,,auto,,5000,,,,,,,false,true,2,19,0,1,5,0,6,25,0.24,24.0,0.5,2.5,3.0,52.63157894736842,263.1578947368421,315.7894736842105,0.027524948120117188,0.004587491353352864,8.256352342648223e-05,0.008256352342648222,2
1182557,1182823,worker,333.37305092811584,False,hdf5,h5_tr_209.py,209,stream,M2,256,1,64,/pscratch/sd/s/satt/sprints/data/converted_10M/mc_normalized_rntuple_10M_29.h5,,auto,,5000,,,,,,,false,true,2,21,0,1,5,0,6,27,0.2222222222222222,22.22222222222222,0.5,2.5,3.0,47.61904761904762,238.0952380952381,285.7142857142857,0.037629127502441406,0.006271521250406901,0.00011287393326389557,0.011287393326389557,2
1182557,1182824,worker,333.3699629306793,False,hdf5,h5_tr_209.py,209,stream,M2,256,1,64,/pscratch/sd/s/satt/sprints/data/converted_10M/mc_normalized_rntuple_10M_29.h5,,auto,,5000,,,,,,,false,true,2,21,0,1,5,0,6,27,0.2222222222222222,22.22222222222222,0.5,2.5,3.0,47.61904761904762,238.0952380952381,285.7142857142857,0.030981063842773438,0.005163510640462239,9.293297923549164e-05,0.009293297923549163,2
1182557,1182825,worker,333.3464639186859,False,hdf5,h5_tr_209.py,209,stream,M2,256,1,64,/pscratch/sd/s/satt/sprints/data/converted_10M/mc_normalized_rntuple_10M_29.h5,,auto,,5000,,,,,,,false,true,2,19,0,1,5,0,6,25,0.24,24.0,0.5,2.5,3.0,52.63157894736842,263.1578947368421,315.7894736842105,0.023550033569335938,0.003925005594889323,7.064731778609945e-05,0.007064731778609945,2
1182557,1182826,worker,333.34401750564575,False,hdf5,h5_tr_209.py,209,stream,M2,256,1,64,/pscratch/sd/s/satt/sprints/data/converted_10M/mc_normalized_rntuple_10M_29.h5,,auto,,5000,,,,,,,false,true,2,21,0,1,5,0,6,27,0.2222222222222222,22.22222222222222,0.5,2.5,3.0,47.61904761904762,238.0952380952381,285.7142857142857,0.033883094787597656,0.005647182464599609,0.00010164602635181172,0.010164602635181172,2
1182557,1182827,worker,333.3483033180237,False,hdf5,h5_tr_209.py,209,stream,M2,256,1,64,/pscratch/sd/s/satt/sprints/data/converted_10M/mc_normalized_rntuple_10M_29.h5,,auto,,5000,,,,,,,false,true,2,21,0,1,5,0,6,27,0.2222222222222222,22.22222222222222,0.5,2.5,3.0,47.61904761904762,238.0952380952381,285.7142857142857,0.04261636734008789,0.0071027278900146484,0.0001278433605808117,0.01278433605808117,2
1182557,1182828,worker,333.34351682662964,False,hdf5,h5_tr_209.py,209,stream,M2,256,1,64,/pscratch/sd/s/satt/sprints/data/converted_10M/mc_normalized_rntuple_10M_29.h5,,auto,,5000,,,,,,,false,true,2,19,0,1,5,0,6,25,0.24,24.0,0.5,2.5,3.0,52.63157894736842,263.1578947368421,315.7894736842105,0.00845789909362793,0.0014096498489379883,2.5372922125936658e-05,0.0025372922125936658,2
1182557,1182829,worker,333.3334515094757,False,hdf5,h5_tr_209.py,209,stream,M2,256,1,64,/pscratch/sd/s/satt/sprints/data/converted_10M/mc_normalized_rntuple_10M_29.h5,,auto,,5000,,,,,,,false,true,2,21,0,1,5,0,6,27,0.2222222222222222,22.22222222222222,0.5,2.5,3.0,47.61904761904762,238.0952380952381,285.7142857142857,0.009001970291137695,0.0015003283818562825,2.7005901299053376e-05,0.0027005901299053375,2
1182557,1182830,worker,333.3309338092804,False,hdf5,h5_tr_209.py,209,stream,M2,256,1,64,/pscratch/sd/s/satt/sprints/data/converted_10M/mc_normalized_rntuple_10M_29.h5,,auto,,5000,,,,,,,false,true,2,21,0,1,5,0,6,27,0.2222222222222222,22.22222222222222,0.5,2.5,3.0,47.61904761904762,238.0952380952381,285.7142857142857,0.03324770927429199,0.005541284879048665,9.974384583614762e-05,0.009974384583614762,2
1182557,1182831,worker,333.3241226673126,False,hdf5,h5_tr_209.py,209,stream,M2,256,1,64,/pscratch/sd/s/satt/sprints/data/converted_10M/mc_normalized_rntuple_10M_29.h5,,auto,,5000,,,,,,,false,true,2,19,0,1,5,0,6,25,0.24,24.0,0.5,2.5,3.0,52.63157894736842,263.1578947368421,315.7894736842105,0.0303189754486084,0.005053162574768066,9.095943973688774e-05,0.009095943973688774,2
1182557,1182832,worker,333.31334805488586,False,hdf5,h5_tr_209.py,209,stream,M2,256,1,64,/pscratch/sd/s/satt/sprints/data/converted_10M/mc_normalized_rntuple_10M_29.h5,,auto,,5000,,,,,,,false,true,2,21,0,1,5,0,6,27,0.2222222222222222,22.22222222222222,0.5,2.5,3.0,47.61904761904762,238.0952380952381,285.7142857142857,0.03844118118286133,0.006406863530476888,0.00011533045828255074,0.011533045828255074,2
1182557,1182833,worker,333.30821323394775,False,hdf5,h5_tr_209.py,209,stream,M2,256,1,64,/pscratch/sd/s/satt/sprints/data/converted_10M/mc_normalized_rntuple_10M_29.h5,,auto,,5000,,,,,,,false,true,2,21,0,1,5,0,6,27,0.2222222222222222,22.22222222222222,0.5,2.5,3.0,47.61904761904762,238.0952380952381,285.7142857142857,0.024934768676757812,0.004155794779459636,7.480994372993801e-05,0.007480994372993801,2
1182557,1182834,worker,333.3026876449585,False,hdf5,h5_tr_209.py,209,stream,M2,256,1,64,/pscratch/sd/s/satt/sprints/data/converted_10M/mc_normalized_rntuple_10M_29.h5,,auto,,5000,,,,,,,false,true,2,19,0,1,5,0,6,25,0.24,24.0,0.5,2.5,3.0,52.63157894736842,263.1578947368421,315.7894736842105,0.03959798812866211,0.0065996646881103516,0.00011880488695861575,0.011880488695861575,2
1182557,1182835,worker,333.2941265106201,False,hdf5,h5_tr_209.py,209,stream,M2,256,1,64,/pscratch/sd/s/satt/sprints/data/converted_10M/mc_normalized_rntuple_10M_29.h5,,auto,,5000,,,,,,,false,true,2,21,0,1,5,0,6,27,0.2222222222222222,22.22222222222222,0.5,2.5,3.0,47.61904761904762,238.0952380952381,285.7142857142857,0.028969526290893555,0.004828254381815593,8.691880230289767e-05,0.008691880230289767,2
