run_id,pid,role,file,reads,writes,opens,stats,seeks,metadata_ops,tracked_ops,metadata_ops_fraction,metadata_ops_pct,opens_per_file,stats_per_file,metadata_ops_per_file,opens_per_1000_reads,stats_per_1000_reads,metadata_ops_per_1000_reads,meta_time,meta_time_per_metadata_op,run_time,meta_time_per_runtime,metadata_time_pct_runtime
1320285,1320285,parent,/pscratch/sd/s/satt/sprints/a_star_campaign/npz/npz_tr_103.py,10,0,5,19,13,24,47,0.5106382978723404,51.06382978723404,5.0,19.0,24.0,500.0,1900.0,2400.0,0.0014896392822265625,6.206830342610677e-05,333.81740975379944,4.4624373645617136e-06,0.00044624373645617136
1320285,1320285,parent,/pscratch/sd/s/satt/sprints/data/converted_10M/mc_normalized_rntuple_10M_103.npz,8,0,2,2,22,4,34,0.11764705882352941,11.764705882352942,2.0,2.0,4.0,250.0,250.0,500.0,0.0008249282836914062,0.00020623207092285156,333.81740975379944,2.471196107775853e-06,0.0002471196107775853
1320285,1320363,worker,/pscratch/sd/s/satt/sprints/a_star_campaign/npz/npz_tr_103.py,0,0,0,3,0,3,3,1.0,100.0,0.0,3.0,3.0,,,,6.508827209472656e-05,2.1696090698242188e-05,321.4325439929962,2.0249434387124407e-07,2.0249434387124407e-05
1320285,1320363,worker,/pscratch/sd/s/satt/sprints/data/converted_10M/mc_normalized_rntuple_10M_103.npz,8,0,2,2,100,4,112,0.03571428571428571,3.5714285714285716,2.0,2.0,4.0,250.0,250.0,500.0,0.0005519390106201172,0.0001379847526550293,321.4325439929962,1.7171223665272162e-06,0.00017171223665272161
1320285,1320364,worker,/pscratch/sd/s/satt/sprints/a_star_campaign/npz/npz_tr_103.py,0,0,0,3,0,3,3,1.0,100.0,0.0,3.0,3.0,,,,8.320808410644531e-05,2.773602803548177e-05,321.43183279037476,2.5886696841476297e-07,2.5886696841476296e-05
1320285,1320364,worker,/pscratch/sd/s/satt/sprints/data/converted_10M/mc_normalized_rntuple_10M_103.npz,9,0,2,2,102,4,115,0.034782608695652174,3.4782608695652173,2.0,2.0,4.0,222.22222222222223,222.22222222222223,444.44444444444446,0.0005321502685546875,0.00013303756713867188,321.43183279037476,1.6555618151912634e-06,0.00016555618151912633
1320285,1320365,worker,/pscratch/sd/s/satt/sprints/a_star_campaign/npz/npz_tr_103.py,0,0,0,3,0,3,3,1.0,100.0,0.0,3.0,3.0,,,,8.0108642578125e-05,2.6702880859375e-05,321.4113380908966,2.4924025099410125e-07,2.4924025099410123e-05
1320285,1320365,worker,/pscratch/sd/s/satt/sprints/data/converted_10M/mc_normalized_rntuple_10M_103.npz,9,0,2,2,104,4,117,0.03418803418803419,3.4188034188034186,2.0,2.0,4.0,222.22222222222223,222.22222222222223,444.44444444444446,0.00039386749267578125,9.846687316894531e-05,321.4113380908966,1.225431234054331e-06,0.0001225431234054331
1320285,1320366,worker,/pscratch/sd/s/satt/sprints/a_star_campaign/npz/npz_tr_103.py,0,0,0,3,0,3,3,1.0,100.0,0.0,3.0,3.0,,,,8.702278137207031e-05,2.9007593790690105e-05,321.41111874580383,2.707522431446888e-07,2.7075224314468876e-05
1320285,1320366,worker,/pscratch/sd/s/satt/sprints/data/converted_10M/mc_normalized_rntuple_10M_103.npz,9,0,2,2,104,4,117,0.03418803418803419,3.4188034188034186,2.0,2.0,4.0,222.22222222222223,222.22222222222223,444.44444444444446,0.0004096031188964844,0.0001024007797241211,321.41111874580383,1.2743900101988365e-06,0.00012743900101988364
1320285,1320367,worker,/pscratch/sd/s/satt/sprints/a_star_campaign/npz/npz_tr_103.py,0,0,0,3,0,3,3,1.0,100.0,0.0,3.0,3.0,,,,5.841255187988281e-05,1.9470850626627605e-05,321.4158227443695,1.8173514726541593e-07,1.8173514726541592e-05
1320285,1320367,worker,/pscratch/sd/s/satt/sprints/data/converted_10M/mc_normalized_rntuple_10M_103.npz,9,0,2,2,104,4,117,0.03418803418803419,3.4188034188034186,2.0,2.0,4.0,222.22222222222223,222.22222222222223,444.44444444444446,0.00036978721618652344,9.244680404663086e-05,321.4158227443695,1.150494748606776e-06,0.00011504947486067758
1320285,1320368,worker,/pscratch/sd/s/satt/sprints/a_star_campaign/npz/npz_tr_103.py,0,0,0,3,0,3,3,1.0,100.0,0.0,3.0,3.0,,,,7.152557373046875e-05,2.384185791015625e-05,321.40812253952026,2.2253816476487455e-07,2.2253816476487455e-05
1320285,1320368,worker,/pscratch/sd/s/satt/sprints/data/converted_10M/mc_normalized_rntuple_10M_103.npz,9,0,2,2,104,4,117,0.03418803418803419,3.4188034188034186,2.0,2.0,4.0,222.22222222222223,222.22222222222223,444.44444444444446,0.0003540515899658203,8.851289749145508e-05,321.40812253952026,1.101563915586129e-06,0.0001101563915586129
1320285,1320369,worker,/pscratch/sd/s/satt/sprints/a_star_campaign/npz/npz_tr_103.py,0,0,0,3,0,3,3,1.0,100.0,0.0,3.0,3.0,,,,5.6743621826171875e-05,1.8914540608723957e-05,321.4042332172394,1.7654908044667372e-07,1.7654908044667372e-05
1320285,1320369,worker,/pscratch/sd/s/satt/sprints/data/converted_10M/mc_normalized_rntuple_10M_103.npz,9,0,2,2,104,4,117,0.03418803418803419,3.4188034188034186,2.0,2.0,4.0,222.22222222222223,222.22222222222223,444.44444444444446,0.0003921985626220703,9.804964065551758e-05,321.4042332172394,1.2202657030873037e-06,0.00012202657030873036
1320285,1320370,worker,/pscratch/sd/s/satt/sprints/a_star_campaign/npz/npz_tr_103.py,0,0,0,3,0,3,3,1.0,100.0,0.0,3.0,3.0,,,,5.8650970458984375e-05,1.9550323486328125e-05,321.4071431159973,1.8248185118218413e-07,1.824818511821841e-05
1320285,1320370,worker,/pscratch/sd/s/satt/sprints/data/converted_10M/mc_normalized_rntuple_10M_103.npz,9,0,2,2,104,4,117,0.03418803418803419,3.4188034188034186,2.0,2.0,4.0,222.22222222222223,222.22222222222223,444.44444444444446,0.0004978179931640625,0.00012445449829101562,321.4071431159973,1.548870346619514e-06,0.0001548870346619514
1320285,1320371,worker,/pscratch/sd/s/satt/sprints/a_star_campaign/npz/npz_tr_103.py,0,0,0,3,0,3,3,1.0,100.0,0.0,3.0,3.0,,,,6.175041198730469e-05,2.0583470662434895e-05,321.3992021083832,1.9212994799682493e-07,1.9212994799682495e-05
1320285,1320371,worker,/pscratch/sd/s/satt/sprints/data/converted_10M/mc_normalized_rntuple_10M_103.npz,9,0,2,2,104,4,117,0.03418803418803419,3.4188034188034186,2.0,2.0,4.0,222.22222222222223,222.22222222222223,444.44444444444446,0.0003960132598876953,9.900331497192383e-05,321.3992021083832,1.2321538363811823e-06,0.00012321538363811824
1320285,1320372,worker,/pscratch/sd/s/satt/sprints/a_star_campaign/npz/npz_tr_103.py,0,0,0,3,0,3,3,1.0,100.0,0.0,3.0,3.0,,,,6.4849853515625e-05,2.1616617838541668e-05,321.3910331726074,2.017786646860073e-07,2.017786646860073e-05
1320285,1320372,worker,/pscratch/sd/s/satt/sprints/data/converted_10M/mc_normalized_rntuple_10M_103.npz,9,0,2,2,104,4,117,0.03418803418803419,3.4188034188034186,2.0,2.0,4.0,222.22222222222223,222.22222222222223,444.44444444444446,0.00036835670471191406,9.208917617797852e-05,321.3910331726074,1.1461324887495634e-06,0.00011461324887495635
1320285,1320373,worker,/pscratch/sd/s/satt/sprints/a_star_campaign/npz/npz_tr_103.py,0,0,0,3,0,3,3,1.0,100.0,0.0,3.0,3.0,,,,5.91278076171875e-05,1.9709269205729168e-05,321.4048869609833,1.8396673484421935e-07,1.8396673484421933e-05
1320285,1320373,worker,/pscratch/sd/s/satt/sprints/data/converted_10M/mc_normalized_rntuple_10M_103.npz,9,0,2,2,104,4,117,0.03418803418803419,3.4188034188034186,2.0,2.0,4.0,222.22222222222223,222.22222222222223,444.44444444444446,0.0004630088806152344,0.0001157522201538086,321.4048869609833,1.440578222046266e-06,0.0001440578222046266
1320285,1320374,worker,/pscratch/sd/s/satt/sprints/a_star_campaign/npz/npz_tr_103.py,0,0,0,3,0,3,3,1.0,100.0,0.0,3.0,3.0,,,,6.079673767089844e-05,2.0265579223632812e-05,321.3819348812103,1.8917285345665187e-07,1.891728534566519e-05
1320285,1320374,worker,/pscratch/sd/s/satt/sprints/data/converted_10M/mc_normalized_rntuple_10M_103.npz,9,0,2,2,104,4,117,0.03418803418803419,3.4188034188034186,2.0,2.0,4.0,222.22222222222223,222.22222222222223,444.44444444444446,0.00033926963806152344,8.481740951538086e-05,321.3819348812103,1.0556587077208455e-06,0.00010556587077208456
1320285,1320375,worker,/pscratch/sd/s/satt/sprints/a_star_campaign/npz/npz_tr_103.py,0,0,0,3,0,3,3,1.0,100.0,0.0,3.0,3.0,,,,5.698204040527344e-05,1.899401346842448e-05,321.37361884117126,1.7730777221460422e-07,1.7730777221460423e-05
1320285,1320375,worker,/pscratch/sd/s/satt/sprints/data/converted_10M/mc_normalized_rntuple_10M_103.npz,9,0,2,2,104,4,117,0.03418803418803419,3.4188034188034186,2.0,2.0,4.0,222.22222222222223,222.22222222222223,444.44444444444446,0.00037479400634765625,9.369850158691406e-05,321.37361884117126,1.1662251795872714e-06,0.00011662251795872713
1320285,1320376,worker,/pscratch/sd/s/satt/sprints/a_star_campaign/npz/npz_tr_103.py,0,0,0,3,0,3,3,1.0,100.0,0.0,3.0,3.0,,,,6.389617919921875e-05,2.1298726399739582e-05,321.36893248558044,1.988250037270971e-07,1.988250037270971e-05
1320285,1320376,worker,/pscratch/sd/s/satt/sprints/data/converted_10M/mc_normalized_rntuple_10M_103.npz,10,0,2,2,104,4,118,0.03389830508474576,3.389830508474576,2.0,2.0,4.0,200.0,200.0,400.0,0.00035309791564941406,8.827447891235352e-05,321.36893248558044,1.0987307108948911e-06,0.00010987307108948911
1320285,1320377,worker,/pscratch/sd/s/satt/sprints/a_star_campaign/npz/npz_tr_103.py,0,0,0,3,0,3,3,1.0,100.0,0.0,3.0,3.0,,,,5.53131103515625e-05,1.8437703450520832e-05,321.3693058490753,1.7211696744162367e-07,1.7211696744162367e-05
1320285,1320377,worker,/pscratch/sd/s/satt/sprints/data/converted_10M/mc_normalized_rntuple_10M_103.npz,10,0,2,2,106,4,120,0.03333333333333333,3.3333333333333335,2.0,2.0,4.0,200.0,200.0,400.0,0.00040411949157714844,0.00010102987289428711,321.3693058490753,1.2574924991963454e-06,0.00012574924991963455
1320285,1320378,worker,/pscratch/sd/s/satt/sprints/a_star_campaign/npz/npz_tr_103.py,0,0,0,3,0,3,3,1.0,100.0,0.0,3.0,3.0,,,,5.2928924560546875e-05,1.7642974853515625e-05,321.36890482902527,1.646983381565996e-07,1.6469833815659958e-05
1320285,1320378,worker,/pscratch/sd/s/satt/sprints/data/converted_10M/mc_normalized_rntuple_10M_103.npz,10,0,2,2,106,4,120,0.03333333333333333,3.3333333333333335,2.0,2.0,4.0,200.0,200.0,400.0,0.0003719329833984375,9.298324584960938e-05,321.36890482902527,1.157339673532862e-06,0.0001157339673532862
1320285,1320379,worker,/pscratch/sd/s/satt/sprints/a_star_campaign/npz/npz_tr_103.py,0,0,0,3,0,3,3,1.0,100.0,0.0,3.0,3.0,,,,6.222724914550781e-05,2.0742416381835938e-05,321.35283851623535,1.9364151078554725e-07,1.9364151078554726e-05
1320285,1320379,worker,/pscratch/sd/s/satt/sprints/data/converted_10M/mc_normalized_rntuple_10M_103.npz,10,0,2,2,106,4,120,0.03333333333333333,3.3333333333333335,2.0,2.0,4.0,200.0,200.0,400.0,0.00036597251892089844,9.149312973022461e-05,321.35283851623535,1.1388494982981418e-06,0.00011388494982981419
1320285,1320380,worker,/pscratch/sd/s/satt/sprints/a_star_campaign/npz/npz_tr_103.py,0,0,0,3,0,3,3,1.0,100.0,0.0,3.0,3.0,,,,6.175041198730469e-05,2.0583470662434895e-05,321.35346937179565,1.9215729056237896e-07,1.9215729056237898e-05
1320285,1320380,worker,/pscratch/sd/s/satt/sprints/data/converted_10M/mc_normalized_rntuple_10M_103.npz,10,0,2,2,106,4,120,0.03333333333333333,3.3333333333333335,2.0,2.0,4.0,200.0,200.0,400.0,0.0004076957702636719,0.00010192394256591797,321.35346937179565,1.26868326973617e-06,0.000126868326973617
1320285,1320381,worker,/pscratch/sd/s/satt/sprints/a_star_campaign/npz/npz_tr_103.py,0,0,0,3,0,3,3,1.0,100.0,0.0,3.0,3.0,,,,5.698204040527344e-05,1.899401346842448e-05,321.3433482646942,1.7732447462499417e-07,1.773244746249942e-05
1320285,1320381,worker,/pscratch/sd/s/satt/sprints/data/converted_10M/mc_normalized_rntuple_10M_103.npz,10,0,2,2,106,4,120,0.03333333333333333,3.3333333333333335,2.0,2.0,4.0,200.0,200.0,400.0,0.00046539306640625,0.0001163482666015625,321.3433482646942,1.4482735333388646e-06,0.00014482735333388647
1320285,1320382,worker,/pscratch/sd/s/satt/sprints/a_star_campaign/npz/npz_tr_103.py,0,0,0,3,0,3,3,1.0,100.0,0.0,3.0,3.0,,,,5.602836608886719e-05,1.8676122029622395e-05,321.339581489563,1.743587448180173e-07,1.7435874481801728e-05
1320285,1320382,worker,/pscratch/sd/s/satt/sprints/data/converted_10M/mc_normalized_rntuple_10M_103.npz,10,0,2,2,106,4,120,0.03333333333333333,3.3333333333333335,2.0,2.0,4.0,200.0,200.0,400.0,0.0008344650268554688,0.0002086162567138672,321.339581489563,2.596832369630045e-06,0.0002596832369630045
1320285,1320383,worker,/pscratch/sd/s/satt/sprints/a_star_campaign/npz/npz_tr_103.py,0,0,0,3,0,3,3,1.0,100.0,0.0,3.0,3.0,,,,5.7697296142578125e-05,1.9232432047526043e-05,321.34847235679626,1.7954744181424417e-07,1.7954744181424415e-05
1320285,1320383,worker,/pscratch/sd/s/satt/sprints/data/converted_10M/mc_normalized_rntuple_10M_103.npz,10,0,2,2,106,4,120,0.03333333333333333,3.3333333333333335,2.0,2.0,4.0,200.0,200.0,400.0,0.00041413307189941406,0.00010353326797485352,321.34847235679626,1.288735150542736e-06,0.0001288735150542736
1320285,1320384,worker,/pscratch/sd/s/satt/sprints/a_star_campaign/npz/npz_tr_103.py,0,0,0,3,0,3,3,1.0,100.0,0.0,3.0,3.0,,,,5.626678466796875e-05,1.8755594889322918e-05,321.3342230319977,1.751036168418508e-07,1.751036168418508e-05
1320285,1320384,worker,/pscratch/sd/s/satt/sprints/data/converted_10M/mc_normalized_rntuple_10M_103.npz,10,0,2,2,106,4,120,0.03333333333333333,3.3333333333333335,2.0,2.0,4.0,200.0,200.0,400.0,0.0004706382751464844,0.0001176595687866211,321.3342230319977,1.4646378798551418e-06,0.00014646378798551418
1320285,1320385,worker,/pscratch/sd/s/satt/sprints/a_star_campaign/npz/npz_tr_103.py,0,0,0,3,0,3,3,1.0,100.0,0.0,3.0,3.0,,,,5.698204040527344e-05,1.899401346842448e-05,321.32204008102417,1.7733623373891474e-07,1.7733623373891475e-05
1320285,1320385,worker,/pscratch/sd/s/satt/sprints/data/converted_10M/mc_normalized_rntuple_10M_103.npz,10,0,2,2,106,4,120,0.03333333333333333,3.3333333333333335,2.0,2.0,4.0,200.0,200.0,400.0,0.00032782554626464844,8.195638656616211e-05,321.32204008102417,1.0202398384560996e-06,0.00010202398384560996
1320285,1320386,worker,/pscratch/sd/s/satt/sprints/a_star_campaign/npz/npz_tr_103.py,0,0,0,3,0,3,3,1.0,100.0,0.0,3.0,3.0,,,,6.031990051269531e-05,2.010663350423177e-05,321.31125664711,1.8773043043102441e-07,1.8773043043102443e-05
1320285,1320386,worker,/pscratch/sd/s/satt/sprints/data/converted_10M/mc_normalized_rntuple_10M_103.npz,10,0,2,2,106,4,120,0.03333333333333333,3.3333333333333335,2.0,2.0,4.0,200.0,200.0,400.0,0.0005788803100585938,0.00014472007751464844,321.31125664711,1.8016185181285663e-06,0.00018016185181285663
1320285,1320387,worker,/pscratch/sd/s/satt/sprints/a_star_campaign/npz/npz_tr_103.py,0,0,0,3,0,3,3,1.0,100.0,0.0,3.0,3.0,,,,5.221366882324219e-05,1.7404556274414062e-05,321.3001482486725,1.6250745325779015e-07,1.6250745325779015e-05
1320285,1320387,worker,/pscratch/sd/s/satt/sprints/data/converted_10M/mc_normalized_rntuple_10M_103.npz,10,0,2,2,106,4,120,0.03333333333333333,3.3333333333333335,2.0,2.0,4.0,200.0,200.0,400.0,0.0004961490631103516,0.0001240372657775879,321.3001482486725,1.5441918275317866e-06,0.00015441918275317868
1320285,1320388,worker,/pscratch/sd/s/satt/sprints/a_star_campaign/npz/npz_tr_103.py,0,0,0,3,0,3,3,1.0,100.0,0.0,3.0,3.0,,,,5.245208740234375e-05,1.7484029134114582e-05,321.3062381744385,1.6324640224964227e-07,1.6324640224964228e-05
1320285,1320388,worker,/pscratch/sd/s/satt/sprints/data/converted_10M/mc_normalized_rntuple_10M_103.npz,10,0,2,2,106,4,120,0.03333333333333333,3.3333333333333335,2.0,2.0,4.0,200.0,200.0,400.0,0.0004317760467529297,0.00010794401168823242,321.3062381744385,1.34381470215501e-06,0.000134381470215501
1320285,1320389,worker,/pscratch/sd/s/satt/sprints/a_star_campaign/npz/npz_tr_103.py,0,0,0,3,0,3,3,1.0,100.0,0.0,3.0,3.0,,,,5.841255187988281e-05,1.9470850626627605e-05,321.2903871536255,1.818060988296944e-07,1.818060988296944e-05
1320285,1320389,worker,/pscratch/sd/s/satt/sprints/data/converted_10M/mc_normalized_rntuple_10M_103.npz,10,0,2,2,106,4,120,0.03333333333333333,3.3333333333333335,2.0,2.0,4.0,200.0,200.0,400.0,0.00046181678771972656,0.00011545419692993164,321.2903871536255,1.4373812793188492e-06,0.00014373812793188492
1320285,1320390,worker,/pscratch/sd/s/satt/sprints/a_star_campaign/npz/npz_tr_103.py,0,0,0,3,0,3,3,1.0,100.0,0.0,3.0,3.0,,,,5.9604644775390625e-05,1.9868214925130207e-05,321.2860035896301,1.855189585274372e-07,1.855189585274372e-05
1320285,1320390,worker,/pscratch/sd/s/satt/sprints/data/converted_10M/mc_normalized_rntuple_10M_103.npz,10,0,2,2,106,4,120,0.03333333333333333,3.3333333333333335,2.0,2.0,4.0,200.0,200.0,400.0,0.0007772445678710938,0.00019431114196777344,321.2860035896301,2.4191672191977808e-06,0.0002419167219197781
1320285,1320391,worker,/pscratch/sd/s/satt/sprints/a_star_campaign/npz/npz_tr_103.py,0,0,0,3,0,3,3,1.0,100.0,0.0,3.0,3.0,,,,5.435943603515625e-05,1.811981201171875e-05,321.28539061546326,1.691936129776203e-07,1.6919361297762028e-05
1320285,1320391,worker,/pscratch/sd/s/satt/sprints/data/converted_10M/mc_normalized_rntuple_10M_103.npz,10,0,2,2,106,4,120,0.03333333333333333,3.3333333333333335,2.0,2.0,4.0,200.0,200.0,400.0,0.0005812644958496094,0.00014531612396240234,321.28539061546326,1.8091843352606943e-06,0.00018091843352606942
1320285,1320392,worker,/pscratch/sd/s/satt/sprints/a_star_campaign/npz/npz_tr_103.py,0,0,0,3,0,3,3,1.0,100.0,0.0,3.0,3.0,,,,5.340576171875e-05,1.7801920572916668e-05,321.2904403209686,1.6622269142336674e-07,1.6622269142336677e-05
1320285,1320392,worker,/pscratch/sd/s/satt/sprints/data/converted_10M/mc_normalized_rntuple_10M_103.npz,10,0,2,2,106,4,120,0.03333333333333333,3.3333333333333335,2.0,2.0,4.0,200.0,200.0,400.0,0.0004096031188964844,0.0001024007797241211,321.2904403209686,1.274868677970286e-06,0.0001274868677970286
1320285,1320393,worker,/pscratch/sd/s/satt/sprints/a_star_campaign/npz/npz_tr_103.py,0,0,0,3,0,3,3,1.0,100.0,0.0,3.0,3.0,,,,5.459785461425781e-05,1.819928487141927e-05,321.2702171802521,1.6994371620704916e-07,1.699437162070492e-05
1320285,1320393,worker,/pscratch/sd/s/satt/sprints/data/converted_10M/mc_normalized_rntuple_10M_103.npz,10,0,2,2,106,4,120,0.03333333333333333,3.3333333333333335,2.0,2.0,4.0,200.0,200.0,400.0,0.0006232261657714844,0.0001558065414428711,321.2702171802521,1.9398815465730415e-06,0.00019398815465730416
1320285,1320394,worker,/pscratch/sd/s/satt/sprints/a_star_campaign/npz/npz_tr_103.py,0,0,0,3,0,3,3,1.0,100.0,0.0,3.0,3.0,,,,5.412101745605469e-05,1.804033915201823e-05,321.2680299282074,1.6846063851466614e-07,1.6846063851466612e-05
1320285,1320394,worker,/pscratch/sd/s/satt/sprints/data/converted_10M/mc_normalized_rntuple_10M_103.npz,10,0,2,2,106,4,120,0.03333333333333333,3.3333333333333335,2.0,2.0,4.0,200.0,200.0,400.0,0.0004248619079589844,0.0001062154769897461,321.2680299282074,1.3224531182076434e-06,0.00013224531182076435
1320285,1320395,worker,/pscratch/sd/s/satt/sprints/a_star_campaign/npz/npz_tr_103.py,0,0,0,3,0,3,3,1.0,100.0,0.0,3.0,3.0,,,,5.412101745605469e-05,1.804033915201823e-05,321.2599997520447,1.6846484933644538e-07,1.6846484933644538e-05
1320285,1320395,worker,/pscratch/sd/s/satt/sprints/data/converted_10M/mc_normalized_rntuple_10M_103.npz,10,0,2,2,106,4,120,0.03333333333333333,3.3333333333333335,2.0,2.0,4.0,200.0,200.0,400.0,0.0003643035888671875,9.107589721679688e-05,321.2599997520447,1.133983655445324e-06,0.0001133983655445324
1320285,1320396,worker,/pscratch/sd/s/satt/sprints/a_star_campaign/npz/npz_tr_103.py,0,0,0,3,0,3,3,1.0,100.0,0.0,3.0,3.0,,,,6.365776062011719e-05,2.1219253540039062e-05,321.26314973831177,1.9814834247865115e-07,1.9814834247865115e-05
1320285,1320396,worker,/pscratch/sd/s/satt/sprints/data/converted_10M/mc_normalized_rntuple_10M_103.npz,10,0,2,2,106,4,120,0.03333333333333333,3.3333333333333335,2.0,2.0,4.0,200.0,200.0,400.0,0.0004980564117431641,0.00012451410293579102,321.26314973831177,1.5503066945239785e-06,0.00015503066945239785
1320285,1320397,worker,/pscratch/sd/s/satt/sprints/a_star_campaign/npz/npz_tr_103.py,0,0,0,3,0,3,3,1.0,100.0,0.0,3.0,3.0,,,,5.507469177246094e-05,1.8358230590820312e-05,321.2532114982605,1.7143701541722689e-07,1.714370154172269e-05
1320285,1320397,worker,/pscratch/sd/s/satt/sprints/data/converted_10M/mc_normalized_rntuple_10M_103.npz,10,0,2,2,106,4,120,0.03333333333333333,3.3333333333333335,2.0,2.0,4.0,200.0,200.0,400.0,0.0004534721374511719,0.00011336803436279297,321.2532114982605,1.4115723087600241e-06,0.00014115723087600242
1320285,1320398,worker,/pscratch/sd/s/satt/sprints/a_star_campaign/npz/npz_tr_103.py,0,0,0,3,0,3,3,1.0,100.0,0.0,3.0,3.0,,,,6.556510925292969e-05,2.185503641764323e-05,321.2424998283386,2.040984903553095e-07,2.040984903553095e-05
1320285,1320398,worker,/pscratch/sd/s/satt/sprints/data/converted_10M/mc_normalized_rntuple_10M_103.npz,10,0,2,2,106,4,120,0.03333333333333333,3.3333333333333335,2.0,2.0,4.0,200.0,200.0,400.0,0.0004684925079345703,0.00011712312698364258,321.2424998283386,1.458376485629757e-06,0.0001458376485629757
1320285,1320399,worker,/pscratch/sd/s/satt/sprints/a_star_campaign/npz/npz_tr_103.py,0,0,0,3,0,3,3,1.0,100.0,0.0,3.0,3.0,,,,5.7697296142578125e-05,1.9232432047526043e-05,321.23703837394714,1.7960972506356375e-07,1.7960972506356374e-05
1320285,1320399,worker,/pscratch/sd/s/satt/sprints/data/converted_10M/mc_normalized_rntuple_10M_103.npz,10,0,2,2,106,4,120,0.03333333333333333,3.3333333333333335,2.0,2.0,4.0,200.0,200.0,400.0,0.00044846534729003906,0.00011211633682250977,321.23703837394714,1.3960574084486091e-06,0.0001396057408448609
1320285,1320400,worker,/pscratch/sd/s/satt/sprints/a_star_campaign/npz/npz_tr_103.py,0,0,0,3,0,3,3,1.0,100.0,0.0,3.0,3.0,,,,5.817413330078125e-05,1.9391377766927082e-05,321.2368450164795,1.8109421196001633e-07,1.8109421196001632e-05
1320285,1320400,worker,/pscratch/sd/s/satt/sprints/data/converted_10M/mc_normalized_rntuple_10M_103.npz,10,0,2,2,106,4,120,0.03333333333333333,3.3333333333333335,2.0,2.0,4.0,200.0,200.0,400.0,0.000396728515625,9.918212890625e-05,321.2368450164795,1.235003150415849e-06,0.0001235003150415849
1320285,1320401,worker,/pscratch/sd/s/satt/sprints/a_star_campaign/npz/npz_tr_103.py,0,0,0,3,0,3,3,1.0,100.0,0.0,3.0,3.0,,,,5.817413330078125e-05,1.9391377766927082e-05,321.2271807193756,1.810996602793779e-07,1.8109966027937787e-05
1320285,1320401,worker,/pscratch/sd/s/satt/sprints/data/converted_10M/mc_normalized_rntuple_10M_103.npz,10,0,2,2,106,4,120,0.03333333333333333,3.3333333333333335,2.0,2.0,4.0,200.0,200.0,400.0,0.0003905296325683594,9.763240814208984e-05,321.2271807193756,1.2157428013836926e-06,0.00012157428013836926
1320285,1320402,worker,/pscratch/sd/s/satt/sprints/a_star_campaign/npz/npz_tr_103.py,0,0,0,3,0,3,3,1.0,100.0,0.0,3.0,3.0,,,,5.7697296142578125e-05,1.9232432047526043e-05,321.22035098075867,1.7961905578651906e-07,1.7961905578651905e-05
1320285,1320402,worker,/pscratch/sd/s/satt/sprints/data/converted_10M/mc_normalized_rntuple_10M_103.npz,10,0,2,2,106,4,120,0.03333333333333333,3.3333333333333335,2.0,2.0,4.0,200.0,200.0,400.0,0.00040602684020996094,0.00010150671005249023,321.22035098075867,1.2640134380348841e-06,0.00012640134380348842
1320285,1320403,worker,/pscratch/sd/s/satt/sprints/a_star_campaign/npz/npz_tr_103.py,0,0,0,3,0,3,3,1.0,100.0,0.0,3.0,3.0,,,,5.507469177246094e-05,1.8358230590820312e-05,321.2256193161011,1.7145174127056427e-07,1.7145174127056428e-05
1320285,1320403,worker,/pscratch/sd/s/satt/sprints/data/converted_10M/mc_normalized_rntuple_10M_103.npz,10,0,2,2,106,4,120,0.03333333333333333,3.3333333333333335,2.0,2.0,4.0,200.0,200.0,400.0,0.0003998279571533203,9.995698928833008e-05,321.2256193161011,1.2446951087044862e-06,0.0001244695108704486
1320285,1320404,worker,/pscratch/sd/s/satt/sprints/a_star_campaign/npz/npz_tr_103.py,0,0,0,3,0,3,3,1.0,100.0,0.0,3.0,3.0,,,,7.677078247070312e-05,2.5590260823567707e-05,321.2102208137512,2.390047934222413e-07,2.390047934222413e-05
1320285,1320404,worker,/pscratch/sd/s/satt/sprints/data/converted_10M/mc_normalized_rntuple_10M_103.npz,10,0,2,2,106,4,120,0.03333333333333333,3.3333333333333335,2.0,2.0,4.0,200.0,200.0,400.0,0.00043201446533203125,0.00010800361633300781,321.2102208137512,1.3449586511835443e-06,0.00013449586511835441
1320285,1320405,worker,/pscratch/sd/s/satt/sprints/a_star_campaign/npz/npz_tr_103.py,0,0,0,3,0,3,3,1.0,100.0,0.0,3.0,3.0,,,,5.698204040527344e-05,1.899401346842448e-05,321.2104980945587,1.77397814652057e-07,1.77397814652057e-05
1320285,1320405,worker,/pscratch/sd/s/satt/sprints/data/converted_10M/mc_normalized_rntuple_10M_103.npz,10,0,2,2,106,4,120,0.03333333333333333,3.3333333333333335,2.0,2.0,4.0,200.0,200.0,400.0,0.00039649009704589844,9.912252426147461e-05,321.2104980945587,1.234362199859292e-06,0.0001234362199859292
1320285,1320406,worker,/pscratch/sd/s/satt/sprints/a_star_campaign/npz/npz_tr_103.py,0,0,0,3,0,3,3,1.0,100.0,0.0,3.0,3.0,,,,5.2928924560546875e-05,1.7642974853515625e-05,321.2163121700287,1.647765775124463e-07,1.647765775124463e-05
1320285,1320406,worker,/pscratch/sd/s/satt/sprints/data/converted_10M/mc_normalized_rntuple_10M_103.npz,10,0,2,2,106,4,120,0.03333333333333333,3.3333333333333335,2.0,2.0,4.0,200.0,200.0,400.0,0.00044846534729003906,0.00011211633682250977,321.2163121700287,1.3961474878419436e-06,0.00013961474878419435
1320285,1320407,worker,/pscratch/sd/s/satt/sprints/a_star_campaign/npz/npz_tr_103.py,0,0,0,3,0,3,3,1.0,100.0,0.0,3.0,3.0,,,,5.602836608886719e-05,1.8676122029622395e-05,321.19448828697205,1.7443750790271502e-07,1.74437507902715e-05
1320285,1320407,worker,/pscratch/sd/s/satt/sprints/data/converted_10M/mc_normalized_rntuple_10M_103.npz,10,0,2,2,106,4,120,0.03333333333333333,3.3333333333333335,2.0,2.0,4.0,200.0,200.0,400.0,0.0003592967987060547,8.982419967651367e-05,321.19448828697205,1.1186269123803893e-06,0.00011186269123803894
1320285,1320408,worker,/pscratch/sd/s/satt/sprints/a_star_campaign/npz/npz_tr_103.py,0,0,0,3,0,3,3,1.0,100.0,0.0,3.0,3.0,,,,5.3882598876953125e-05,1.7960866292317707e-05,321.19397044181824,1.6775719295986453e-07,1.6775719295986452e-05
1320285,1320408,worker,/pscratch/sd/s/satt/sprints/data/converted_10M/mc_normalized_rntuple_10M_103.npz,10,0,2,2,106,4,120,0.03333333333333333,3.3333333333333335,2.0,2.0,4.0,200.0,200.0,400.0,0.00036978721618652344,9.244680404663086e-05,321.19397044181824,1.1512894083219022e-06,0.00011512894083219022
1320285,1320409,worker,/pscratch/sd/s/satt/sprints/a_star_campaign/npz/npz_tr_103.py,0,0,0,3,0,3,3,1.0,100.0,0.0,3.0,3.0,,,,5.1021575927734375e-05,1.7007191975911457e-05,321.18321323394775,1.5885505165106682e-07,1.588550516510668e-05
1320285,1320409,worker,/pscratch/sd/s/satt/sprints/data/converted_10M/mc_normalized_rntuple_10M_103.npz,10,0,2,2,106,4,120,0.03333333333333333,3.3333333333333335,2.0,2.0,4.0,200.0,200.0,400.0,0.0003764629364013672,9.41157341003418e-05,321.18321323394775,1.1721127409207219e-06,0.00011721127409207219
1320285,1320410,worker,/pscratch/sd/s/satt/sprints/a_star_campaign/npz/npz_tr_103.py,0,0,0,3,0,3,3,1.0,100.0,0.0,3.0,3.0,,,,5.125999450683594e-05,1.708666483561198e-05,321.1772541999817,1.5960032610191878e-07,1.5960032610191877e-05
1320285,1320410,worker,/pscratch/sd/s/satt/sprints/data/converted_10M/mc_normalized_rntuple_10M_103.npz,10,0,2,2,106,4,120,0.03333333333333333,3.3333333333333335,2.0,2.0,4.0,200.0,200.0,400.0,0.0004363059997558594,0.00010907649993896484,321.1772541999817,1.3584585896116806e-06,0.00013584585896116806
1320285,1320411,worker,/pscratch/sd/s/satt/sprints/a_star_campaign/npz/npz_tr_103.py,0,0,0,3,0,3,3,1.0,100.0,0.0,3.0,3.0,,,,5.817413330078125e-05,1.9391377766927082e-05,321.18111968040466,1.811256320379858e-07,1.811256320379858e-05
1320285,1320411,worker,/pscratch/sd/s/satt/sprints/data/converted_10M/mc_normalized_rntuple_10M_103.npz,10,0,2,2,106,4,120,0.03333333333333333,3.3333333333333335,2.0,2.0,4.0,200.0,200.0,400.0,0.0003726482391357422,9.316205978393555e-05,321.18111968040466,1.1602432904728352e-06,0.00011602432904728352
1320285,1320412,worker,/pscratch/sd/s/satt/sprints/a_star_campaign/npz/npz_tr_103.py,0,0,0,3,0,3,3,1.0,100.0,0.0,3.0,3.0,,,,6.008148193359375e-05,2.002716064453125e-05,321.1712062358856,1.870699513749892e-07,1.870699513749892e-05
1320285,1320412,worker,/pscratch/sd/s/satt/sprints/data/converted_10M/mc_normalized_rntuple_10M_103.npz,10,0,2,2,106,4,120,0.03333333333333333,3.3333333333333335,2.0,2.0,4.0,200.0,200.0,400.0,0.0003631114959716797,9.077787399291992e-05,321.1712062358856,1.1305854600956688e-06,0.00011305854600956688
1320285,1320413,worker,/pscratch/sd/s/satt/sprints/a_star_campaign/npz/npz_tr_103.py,0,0,0,3,0,3,3,1.0,100.0,0.0,3.0,3.0,,,,5.793571472167969e-05,1.9311904907226562e-05,321.16126465797424,1.803944656382495e-07,1.803944656382495e-05
1320285,1320413,worker,/pscratch/sd/s/satt/sprints/data/converted_10M/mc_normalized_rntuple_10M_103.npz,10,0,2,2,106,4,120,0.03333333333333333,3.3333333333333335,2.0,2.0,4.0,200.0,200.0,400.0,0.0004291534423828125,0.00010728836059570312,321.16126465797424,1.3362553010240703e-06,0.00013362553010240705
1320285,1320414,worker,/pscratch/sd/s/satt/sprints/a_star_campaign/npz/npz_tr_103.py,0,0,0,3,0,3,3,1.0,100.0,0.0,3.0,3.0,,,,5.650520324707031e-05,1.8835067749023438e-05,321.15711307525635,1.7594255567314656e-07,1.7594255567314654e-05
1320285,1320414,worker,/pscratch/sd/s/satt/sprints/data/converted_10M/mc_normalized_rntuple_10M_103.npz,10,0,2,2,106,4,120,0.03333333333333333,3.3333333333333335,2.0,2.0,4.0,200.0,200.0,400.0,0.0011017322540283203,0.0002754330635070801,321.15711307525635,3.430508648800043e-06,0.00034305086488000433
1320285,1320415,worker,/pscratch/sd/s/satt/sprints/a_star_campaign/npz/npz_tr_103.py,0,0,0,3,0,3,3,1.0,100.0,0.0,3.0,3.0,,,,5.459785461425781e-05,1.819928487141927e-05,321.16806411743164,1.6999776974803663e-07,1.6999776974803663e-05
1320285,1320415,worker,/pscratch/sd/s/satt/sprints/data/converted_10M/mc_normalized_rntuple_10M_103.npz,10,0,2,2,106,4,120,0.03333333333333333,3.3333333333333335,2.0,2.0,4.0,200.0,200.0,400.0,0.0004012584686279297,0.00010031461715698242,321.16806411743164,1.2493722553971427e-06,0.00012493722553971425
1320285,1320416,worker,/pscratch/sd/s/satt/sprints/a_star_campaign/npz/npz_tr_103.py,0,0,0,3,0,3,3,1.0,100.0,0.0,3.0,3.0,,,,5.2928924560546875e-05,1.7642974853515625e-05,321.1457772254944,1.6481276826312595e-07,1.6481276826312595e-05
1320285,1320416,worker,/pscratch/sd/s/satt/sprints/data/converted_10M/mc_normalized_rntuple_10M_103.npz,10,0,2,2,106,4,120,0.03333333333333333,3.3333333333333335,2.0,2.0,4.0,200.0,200.0,400.0,0.0004379749298095703,0.00010949373245239258,321.1457772254944,1.363788537384515e-06,0.0001363788537384515
1320285,1320417,worker,/pscratch/sd/s/satt/sprints/a_star_campaign/npz/npz_tr_103.py,0,0,0,3,0,3,3,1.0,100.0,0.0,3.0,3.0,,,,6.079673767089844e-05,2.0265579223632812e-05,321.1446032524109,1.8931265559245242e-07,1.8931265559245244e-05
1320285,1320417,worker,/pscratch/sd/s/satt/sprints/data/converted_10M/mc_normalized_rntuple_10M_103.npz,10,0,2,2,106,4,120,0.03333333333333333,3.3333333333333335,2.0,2.0,4.0,200.0,200.0,400.0,0.0003581047058105469,8.952617645263672e-05,321.1446032524109,1.1150886615680923e-06,0.00011150886615680923
1320285,1320418,worker,/pscratch/sd/s/satt/sprints/a_star_campaign/npz/npz_tr_103.py,0,0,0,3,0,3,3,1.0,100.0,0.0,3.0,3.0,,,,5.3882598876953125e-05,1.7960866292317707e-05,321.1349983215332,1.6778799931050715e-07,1.6778799931050714e-05
1320285,1320418,worker,/pscratch/sd/s/satt/sprints/data/converted_10M/mc_normalized_rntuple_10M_103.npz,10,0,2,2,106,4,120,0.03333333333333333,3.3333333333333335,2.0,2.0,4.0,200.0,200.0,400.0,0.0003871917724609375,9.679794311523438e-05,321.1349983215332,1.2056978357533787e-06,0.00012056978357533788
1320285,1320419,worker,/pscratch/sd/s/satt/sprints/a_star_campaign/npz/npz_tr_103.py,0,0,0,3,0,3,3,1.0,100.0,0.0,3.0,3.0,,,,5.4836273193359375e-05,1.8278757731119793e-05,321.13356733322144,1.7075845931876375e-07,1.7075845931876375e-05
1320285,1320419,worker,/pscratch/sd/s/satt/sprints/data/converted_10M/mc_normalized_rntuple_10M_103.npz,10,0,2,2,106,4,120,0.03333333333333333,3.3333333333333335,2.0,2.0,4.0,200.0,200.0,400.0,0.0004112720489501953,0.00010281801223754883,321.13356733322144,1.2806884448907283e-06,0.0001280688444890728
1320285,1320420,worker,/pscratch/sd/s/satt/sprints/a_star_campaign/npz/npz_tr_103.py,0,0,0,3,0,3,3,1.0,100.0,0.0,3.0,3.0,,,,5.435943603515625e-05,1.811981201171875e-05,321.133131980896,1.6927383263085435e-07,1.6927383263085435e-05
1320285,1320420,worker,/pscratch/sd/s/satt/sprints/data/converted_10M/mc_normalized_rntuple_10M_103.npz,10,0,2,2,106,4,120,0.03333333333333333,3.3333333333333335,2.0,2.0,4.0,200.0,200.0,400.0,0.000385284423828125,9.632110595703125e-05,321.133131980896,1.1997654102257045e-06,0.00011997654102257046
1320285,1320421,worker,/pscratch/sd/s/satt/sprints/a_star_campaign/npz/npz_tr_103.py,0,0,0,3,0,3,3,1.0,100.0,0.0,3.0,3.0,,,,5.435943603515625e-05,1.811981201171875e-05,321.1188225746155,1.6928137565814984e-07,1.6928137565814982e-05
1320285,1320421,worker,/pscratch/sd/s/satt/sprints/data/converted_10M/mc_normalized_rntuple_10M_103.npz,10,0,2,2,106,4,120,0.03333333333333333,3.3333333333333335,2.0,2.0,4.0,200.0,200.0,400.0,0.0004107952117919922,0.00010269880294799805,321.1188225746155,1.279262325697334e-06,0.0001279262325697334
1320285,1320422,worker,/pscratch/sd/s/satt/sprints/a_star_campaign/npz/npz_tr_103.py,0,0,0,3,0,3,3,1.0,100.0,0.0,3.0,3.0,,,,5.173683166503906e-05,1.724561055501302e-05,321.1120285987854,1.6111770054457175e-07,1.6111770054457173e-05
1320285,1320422,worker,/pscratch/sd/s/satt/sprints/data/converted_10M/mc_normalized_rntuple_10M_103.npz,10,0,2,2,106,4,120,0.03333333333333333,3.3333333333333335,2.0,2.0,4.0,200.0,200.0,400.0,0.00041747093200683594,0.00010436773300170898,321.1120285987854,1.3000787725969822e-06,0.0001300078772596982
1320285,1320423,worker,/pscratch/sd/s/satt/sprints/a_star_campaign/npz/npz_tr_103.py,0,0,0,3,0,3,3,1.0,100.0,0.0,3.0,3.0,,,,7.224082946777344e-05,2.4080276489257812e-05,321.1127014160156,2.2497032708208658e-07,2.2497032708208658e-05
1320285,1320423,worker,/pscratch/sd/s/satt/sprints/data/converted_10M/mc_normalized_rntuple_10M_103.npz,10,0,2,2,106,4,120,0.03333333333333333,3.3333333333333335,2.0,2.0,4.0,200.0,200.0,400.0,0.00038623809814453125,9.655952453613281e-05,321.1127014160156,1.2028116497458093e-06,0.00012028116497458093
1320285,1320424,worker,/pscratch/sd/s/satt/sprints/a_star_campaign/npz/npz_tr_103.py,0,0,0,3,0,3,3,1.0,100.0,0.0,3.0,3.0,,,,5.412101745605469e-05,1.804033915201823e-05,321.1022882461548,1.685475919578807e-07,1.685475919578807e-05
1320285,1320424,worker,/pscratch/sd/s/satt/sprints/data/converted_10M/mc_normalized_rntuple_10M_103.npz,10,0,2,2,106,4,120,0.03333333333333333,3.3333333333333335,2.0,2.0,4.0,200.0,200.0,400.0,0.0005030632019042969,0.00012576580047607422,321.1022882461548,1.5666758547626795e-06,0.00015666758547626795
1320285,1320425,worker,/pscratch/sd/s/satt/sprints/a_star_campaign/npz/npz_tr_103.py,0,0,0,3,0,3,3,1.0,100.0,0.0,3.0,3.0,,,,5.4836273193359375e-05,1.8278757731119793e-05,321.1008608341217,1.707758523316055e-07,1.707758523316055e-05
1320285,1320425,worker,/pscratch/sd/s/satt/sprints/data/converted_10M/mc_normalized_rntuple_10M_103.npz,10,0,2,2,106,4,120,0.03333333333333333,3.3333333333333335,2.0,2.0,4.0,200.0,200.0,400.0,0.00037598609924316406,9.399652481079102e-05,321.1008608341217,1.170928344030182e-06,0.0001170928344030182
1320285,1320426,worker,/pscratch/sd/s/satt/sprints/a_star_campaign/npz/npz_tr_103.py,0,0,0,3,0,3,3,1.0,100.0,0.0,3.0,3.0,,,,5.340576171875e-05,1.7801920572916668e-05,321.09126567840576,1.6632580025468342e-07,1.6632580025468342e-05
1320285,1320426,worker,/pscratch/sd/s/satt/sprints/data/converted_10M/mc_normalized_rntuple_10M_103.npz,10,0,2,2,106,4,120,0.03333333333333333,3.3333333333333335,2.0,2.0,4.0,200.0,200.0,400.0,0.0004074573516845703,0.00010186433792114258,321.09126567840576,1.2689767528359552e-06,0.0001268976752835955
1320285,1320427,worker,/pscratch/sd/s/satt/sprints/a_star_campaign/npz/npz_tr_103.py,0,0,0,3,0,3,3,1.0,100.0,0.0,3.0,3.0,,,,5.4836273193359375e-05,1.8278757731119793e-05,321.0912296772003,1.7078097476685184e-07,1.7078097476685182e-05
1320285,1320427,worker,/pscratch/sd/s/satt/sprints/data/converted_10M/mc_normalized_rntuple_10M_103.npz,10,0,2,2,106,4,120,0.03333333333333333,3.3333333333333335,2.0,2.0,4.0,200.0,200.0,400.0,0.00040721893310546875,0.00010180473327636719,321.0912296772003,1.2682343691381867e-06,0.00012682343691381866
1320285,1320428,worker,/pscratch/sd/s/satt/sprints/a_star_campaign/npz/npz_tr_103.py,0,0,0,3,0,3,3,1.0,100.0,0.0,3.0,3.0,,,,5.364418029785156e-05,1.7881393432617188e-05,321.08077454566956,1.6707378501175684e-07,1.6707378501175685e-05
1320285,1320428,worker,/pscratch/sd/s/satt/sprints/data/converted_10M/mc_normalized_rntuple_10M_103.npz,10,0,2,2,106,4,120,0.03333333333333333,3.3333333333333335,2.0,2.0,4.0,200.0,200.0,400.0,0.0004429817199707031,0.00011074542999267578,321.08077454566956,1.3796581891193075e-06,0.00013796581891193076
1320285,1320429,worker,/pscratch/sd/s/satt/sprints/a_star_campaign/npz/npz_tr_103.py,0,0,0,3,0,3,3,1.0,100.0,0.0,3.0,3.0,,,,5.2928924560546875e-05,1.7642974853515625e-05,321.0846834182739,1.6484412771442253e-07,1.6484412771442254e-05
1320285,1320429,worker,/pscratch/sd/s/satt/sprints/data/converted_10M/mc_normalized_rntuple_10M_103.npz,10,0,2,2,106,4,120,0.03333333333333333,3.3333333333333335,2.0,2.0,4.0,200.0,200.0,400.0,0.0005180835723876953,0.00012952089309692383,321.0846834182739,1.613541844700181e-06,0.0001613541844700181
1320285,1320430,worker,/pscratch/sd/s/satt/sprints/a_star_campaign/npz/npz_tr_103.py,0,0,0,3,0,3,3,1.0,100.0,0.0,3.0,3.0,,,,5.459785461425781e-05,1.819928487141927e-05,321.0694086551666,1.700500052089881e-07,1.700500052089881e-05
1320285,1320430,worker,/pscratch/sd/s/satt/sprints/data/converted_10M/mc_normalized_rntuple_10M_103.npz,10,0,2,2,106,4,120,0.03333333333333333,3.3333333333333335,2.0,2.0,4.0,200.0,200.0,400.0,0.0004012584686279297,0.00010031461715698242,321.0694086551666,1.2497561518197684e-06,0.00012497561518197685
1320285,1320431,worker,/pscratch/sd/s/satt/sprints/a_star_campaign/npz/npz_tr_103.py,0,0,0,3,0,3,3,1.0,100.0,0.0,3.0,3.0,,,,5.3882598876953125e-05,1.7960866292317707e-05,321.0781800746918,1.6781769120660432e-07,1.6781769120660434e-05
1320285,1320431,worker,/pscratch/sd/s/satt/sprints/data/converted_10M/mc_normalized_rntuple_10M_103.npz,10,0,2,2,106,4,120,0.03333333333333333,3.3333333333333335,2.0,2.0,4.0,200.0,200.0,400.0,0.00040268898010253906,0.00010067224502563477,321.0781800746918,1.254177347114844e-06,0.0001254177347114844
1320285,1320432,worker,/pscratch/sd/s/satt/sprints/a_star_campaign/npz/npz_tr_103.py,0,0,0,3,0,3,3,1.0,100.0,0.0,3.0,3.0,,,,5.435943603515625e-05,1.811981201171875e-05,321.05740571022034,1.693137584380157e-07,1.693137584380157e-05
1320285,1320432,worker,/pscratch/sd/s/satt/sprints/data/converted_10M/mc_normalized_rntuple_10M_103.npz,10,0,2,2,106,4,120,0.03333333333333333,3.3333333333333335,2.0,2.0,4.0,200.0,200.0,400.0,0.0003743171691894531,9.357929229736328e-05,321.05740571022034,1.1658885997705467e-06,0.00011658885997705467
1320285,1320433,worker,/pscratch/sd/s/satt/sprints/a_star_campaign/npz/npz_tr_103.py,0,0,0,3,0,3,3,1.0,100.0,0.0,3.0,3.0,,,,6.747245788574219e-05,2.2490819295247395e-05,321.0570237636566,2.1015723965413526e-07,2.101572396541353e-05
1320285,1320433,worker,/pscratch/sd/s/satt/sprints/data/converted_10M/mc_normalized_rntuple_10M_103.npz,10,0,2,2,106,4,120,0.03333333333333333,3.3333333333333335,2.0,2.0,4.0,200.0,200.0,400.0,0.0004467964172363281,0.00011169910430908203,321.0570237636566,1.3916419332574187e-06,0.0001391641933257419
1320285,1320434,worker,/pscratch/sd/s/satt/sprints/a_star_campaign/npz/npz_tr_103.py,0,0,0,3,0,3,3,1.0,100.0,0.0,3.0,3.0,,,,5.91278076171875e-05,1.9709269205729168e-05,321.0474851131439,1.8417153336787426e-07,1.8417153336787427e-05
1320285,1320434,worker,/pscratch/sd/s/satt/sprints/data/converted_10M/mc_normalized_rntuple_10M_103.npz,10,0,2,2,106,4,120,0.03333333333333333,3.3333333333333335,2.0,2.0,4.0,200.0,200.0,400.0,0.00038909912109375,9.72747802734375e-05,321.0474851131439,1.211967509904721e-06,0.00012119675099047209
1320285,1320435,worker,/pscratch/sd/s/satt/sprints/a_star_campaign/npz/npz_tr_103.py,0,0,0,3,0,3,3,1.0,100.0,0.0,3.0,3.0,,,,6.461143493652344e-05,2.1537144978841145e-05,321.05154395103455,2.0124941354082915e-07,2.0124941354082916e-05
1320285,1320435,worker,/pscratch/sd/s/satt/sprints/data/converted_10M/mc_normalized_rntuple_10M_103.npz,10,0,2,2,106,4,120,0.03333333333333333,3.3333333333333335,2.0,2.0,4.0,200.0,200.0,400.0,0.0003833770751953125,9.584426879882812e-05,321.05154395103455,1.1941293615263958e-06,0.00011941293615263958
1320285,1320436,worker,/pscratch/sd/s/satt/sprints/a_star_campaign/npz/npz_tr_103.py,0,0,0,3,0,3,3,1.0,100.0,0.0,3.0,3.0,,,,6.389617919921875e-05,2.1298726399739582e-05,321.0353317260742,1.9903161080643497e-07,1.9903161080643496e-05
1320285,1320436,worker,/pscratch/sd/s/satt/sprints/data/converted_10M/mc_normalized_rntuple_10M_103.npz,10,0,2,2,106,4,120,0.03333333333333333,3.3333333333333335,2.0,2.0,4.0,200.0,200.0,400.0,0.00037550926208496094,9.387731552124023e-05,321.0353317260742,1.169682041119907e-06,0.0001169682041119907
1320285,1320437,worker,/pscratch/sd/s/satt/sprints/a_star_campaign/npz/npz_tr_103.py,0,0,0,3,0,3,3,1.0,100.0,0.0,3.0,3.0,,,,6.198883056640625e-05,2.0662943522135418e-05,321.0307648181915,1.9309311555081712e-07,1.9309311555081712e-05
1320285,1320437,worker,/pscratch/sd/s/satt/sprints/data/converted_10M/mc_normalized_rntuple_10M_103.npz,10,0,2,2,106,4,120,0.03333333333333333,3.3333333333333335,2.0,2.0,4.0,200.0,200.0,400.0,0.0003578662872314453,8.946657180786133e-05,321.0307648181915,1.114741409391448e-06,0.0001114741409391448
1320285,1320438,worker,/pscratch/sd/s/satt/sprints/a_star_campaign/npz/npz_tr_103.py,0,0,0,3,0,3,3,1.0,100.0,0.0,3.0,3.0,,,,5.793571472167969e-05,1.9311904907226562e-05,321.0286328792572,1.8046899493687848e-07,1.8046899493687846e-05
1320285,1320438,worker,/pscratch/sd/s/satt/sprints/data/converted_10M/mc_normalized_rntuple_10M_103.npz,10,0,2,2,106,4,120,0.03333333333333333,3.3333333333333335,2.0,2.0,4.0,200.0,200.0,400.0,0.000431060791015625,0.00010776519775390625,321.0286328792572,1.3427487359912604e-06,0.00013427487359912604
1320285,1320439,worker,/pscratch/sd/s/satt/sprints/a_star_campaign/npz/npz_tr_103.py,0,0,0,3,0,3,3,1.0,100.0,0.0,3.0,3.0,,,,6.341934204101562e-05,2.1139780680338543e-05,321.01996636390686,1.9755575567260428e-07,1.9755575567260427e-05
1320285,1320439,worker,/pscratch/sd/s/satt/sprints/data/converted_10M/mc_normalized_rntuple_10M_103.npz,10,0,2,2,106,4,120,0.03333333333333333,3.3333333333333335,2.0,2.0,4.0,200.0,200.0,400.0,0.00037360191345214844,9.340047836303711e-05,321.01996636390686,1.163796500522447e-06,0.00011637965005224469
1320285,1320440,worker,/pscratch/sd/s/satt/sprints/a_star_campaign/npz/npz_tr_103.py,0,0,0,3,0,3,3,1.0,100.0,0.0,3.0,3.0,,,,6.794929504394531e-05,2.2649765014648438e-05,321.0129642486572,2.1167149807479944e-07,2.1167149807479944e-05
1320285,1320440,worker,/pscratch/sd/s/satt/sprints/data/converted_10M/mc_normalized_rntuple_10M_103.npz,10,0,2,2,106,4,120,0.03333333333333333,3.3333333333333335,2.0,2.0,4.0,200.0,200.0,400.0,0.0003483295440673828,8.70823860168457e-05,321.0129642486572,1.085094942762393e-06,0.0001085094942762393
1320285,1320441,worker,/pscratch/sd/s/satt/sprints/a_star_campaign/npz/npz_tr_103.py,0,0,0,3,0,3,3,1.0,100.0,0.0,3.0,3.0,,,,6.961822509765625e-05,2.3206075032552082e-05,321.00718545913696,2.1687435126438438e-07,2.168743512643844e-05
1320285,1320441,worker,/pscratch/sd/s/satt/sprints/data/converted_10M/mc_normalized_rntuple_10M_103.npz,10,0,2,2,106,4,120,0.03333333333333333,3.3333333333333335,2.0,2.0,4.0,200.0,200.0,400.0,0.0003571510314941406,8.928775787353516e-05,321.00718545913696,1.1125951308015336e-06,0.00011125951308015336
1320285,1320442,worker,/pscratch/sd/s/satt/sprints/a_star_campaign/npz/npz_tr_103.py,0,0,0,3,0,3,3,1.0,100.0,0.0,3.0,3.0,,,,5.841255187988281e-05,1.9470850626627605e-05,321.0074670314789,1.819663337431173e-07,1.819663337431173e-05
1320285,1320442,worker,/pscratch/sd/s/satt/sprints/data/converted_10M/mc_normalized_rntuple_10M_103.npz,10,0,2,2,106,4,120,0.03333333333333333,3.3333333333333335,2.0,2.0,4.0,200.0,200.0,400.0,0.00039458274841308594,9.864568710327148e-05,321.0074670314789,1.2292011524279966e-06,0.00012292011524279965
1320285,1320443,worker,/pscratch/sd/s/satt/sprints/a_star_campaign/npz/npz_tr_103.py,0,0,0,3,0,3,3,1.0,100.0,0.0,3.0,3.0,,,,7.152557373046875e-05,2.384185791015625e-05,321.0017821788788,2.228198648772953e-07,2.228198648772953e-05
1320285,1320443,worker,/pscratch/sd/s/satt/sprints/data/converted_10M/mc_normalized_rntuple_10M_103.npz,10,0,2,2,106,4,120,0.03333333333333333,3.3333333333333335,2.0,2.0,4.0,200.0,200.0,400.0,0.0004189014434814453,0.00010472536087036133,321.0017821788788,1.3049816752980261e-06,0.0001304981675298026
1320285,1320444,worker,/pscratch/sd/s/satt/sprints/a_star_campaign/npz/npz_tr_103.py,0,0,0,3,0,3,3,1.0,100.0,0.0,3.0,3.0,,,,7.033348083496094e-05,2.3444493611653645e-05,321.0011410713196,2.1910663806436234e-07,2.1910663806436236e-05
1320285,1320444,worker,/pscratch/sd/s/satt/sprints/data/converted_10M/mc_normalized_rntuple_10M_103.npz,10,0,2,2,106,4,120,0.03333333333333333,3.3333333333333335,2.0,2.0,4.0,200.0,200.0,400.0,0.0004360675811767578,0.00010901689529418945,321.0011410713196,1.3584611559990466e-06,0.00013584611559990466
1320285,1320445,worker,/pscratch/sd/s/satt/sprints/a_star_campaign/npz/npz_tr_103.py,0,0,0,3,0,3,3,1.0,100.0,0.0,3.0,3.0,,,,5.817413330078125e-05,1.9391377766927082e-05,320.9845790863037,1.8123653624225937e-07,1.8123653624225937e-05
1320285,1320445,worker,/pscratch/sd/s/satt/sprints/data/converted_10M/mc_normalized_rntuple_10M_103.npz,10,0,2,2,106,4,120,0.03333333333333333,3.3333333333333335,2.0,2.0,4.0,200.0,200.0,400.0,0.00040078163146972656,0.00010019540786743164,320.9845790863037,1.2486008910788443e-06,0.00012486008910788442
1320285,1320446,worker,/pscratch/sd/s/satt/sprints/a_star_campaign/npz/npz_tr_103.py,0,0,0,3,0,3,3,1.0,100.0,0.0,3.0,3.0,,,,7.033348083496094e-05,2.3444493611653645e-05,320.9788520336151,2.1912185301103617e-07,2.1912185301103617e-05
1320285,1320446,worker,/pscratch/sd/s/satt/sprints/data/converted_10M/mc_normalized_rntuple_10M_103.npz,10,0,2,2,106,4,120,0.03333333333333333,3.3333333333333335,2.0,2.0,4.0,200.0,200.0,400.0,0.0003783702850341797,9.459257125854492e-05,320.9788520336151,1.1788012906051335e-06,0.00011788012906051335
1320285,1320447,worker,/pscratch/sd/s/satt/sprints/a_star_campaign/npz/npz_tr_103.py,0,0,0,3,0,3,3,1.0,100.0,0.0,3.0,3.0,,,,5.4836273193359375e-05,1.8278757731119793e-05,320.9746220111847,1.7084301821048192e-07,1.708430182104819e-05
1320285,1320447,worker,/pscratch/sd/s/satt/sprints/data/converted_10M/mc_normalized_rntuple_10M_103.npz,10,0,2,2,106,4,120,0.03333333333333333,3.3333333333333335,2.0,2.0,4.0,200.0,200.0,400.0,0.0004451274871826172,0.0001112818717956543,320.9746220111847,1.3867996304303033e-06,0.0001386799630430303
1320285,1320448,worker,/pscratch/sd/s/satt/sprints/a_star_campaign/npz/npz_tr_103.py,0,0,0,3,0,3,3,1.0,100.0,0.0,3.0,3.0,,,,5.173683166503906e-05,1.724561055501302e-05,320.9831235408783,1.6118240452741497e-07,1.61182404527415e-05
1320285,1320448,worker,/pscratch/sd/s/satt/sprints/data/converted_10M/mc_normalized_rntuple_10M_103.npz,10,0,2,2,106,4,120,0.03333333333333333,3.3333333333333335,2.0,2.0,4.0,200.0,200.0,400.0,0.0005447864532470703,0.00013619661331176758,320.9831235408783,1.6972432919131024e-06,0.00016972432919131023
1320285,1320449,worker,/pscratch/sd/s/satt/sprints/a_star_campaign/npz/npz_tr_103.py,0,0,0,3,0,3,3,1.0,100.0,0.0,3.0,3.0,,,,5.412101745605469e-05,1.804033915201823e-05,320.9675712585449,1.6861833500450199e-07,1.6861833500450198e-05
1320285,1320449,worker,/pscratch/sd/s/satt/sprints/data/converted_10M/mc_normalized_rntuple_10M_103.npz,10,0,2,2,106,4,120,0.03333333333333333,3.3333333333333335,2.0,2.0,4.0,200.0,200.0,400.0,0.0005023479461669922,0.00012558698654174805,320.9675712585449,1.5651049861431087e-06,0.00015651049861431087
1320285,1320450,worker,/pscratch/sd/s/satt/sprints/a_star_campaign/npz/npz_tr_103.py,0,0,0,3,0,3,3,1.0,100.0,0.0,3.0,3.0,,,,5.245208740234375e-05,1.7484029134114582e-05,320.95625734329224,1.6342441127808087e-07,1.6342441127808087e-05
1320285,1320450,worker,/pscratch/sd/s/satt/sprints/data/converted_10M/mc_normalized_rntuple_10M_103.npz,10,0,2,2,106,4,120,0.03333333333333333,3.3333333333333335,2.0,2.0,4.0,200.0,200.0,400.0,0.0004909038543701172,0.0001227259635925293,320.95625734329224,1.5295039219162204e-06,0.00015295039219162204
1320285,1320451,worker,/pscratch/sd/s/satt/sprints/a_star_campaign/npz/npz_tr_103.py,0,0,0,3,0,3,3,1.0,100.0,0.0,3.0,3.0,,,,5.221366882324219e-05,1.7404556274414062e-05,320.9500651359558,1.626847117202617e-07,1.626847117202617e-05
1320285,1320451,worker,/pscratch/sd/s/satt/sprints/data/converted_10M/mc_normalized_rntuple_10M_103.npz,10,0,2,2,106,4,120,0.03333333333333333,3.3333333333333335,2.0,2.0,4.0,200.0,200.0,400.0,0.00047707557678222656,0.00011926889419555664,320.9500651359558,1.4864479824303364e-06,0.00014864479824303363
1320285,1320452,worker,/pscratch/sd/s/satt/sprints/a_star_campaign/npz/npz_tr_103.py,0,0,0,3,0,3,3,1.0,100.0,0.0,3.0,3.0,,,,5.412101745605469e-05,1.804033915201823e-05,320.9537010192871,1.6862562196409252e-07,1.6862562196409254e-05
1320285,1320452,worker,/pscratch/sd/s/satt/sprints/data/converted_10M/mc_normalized_rntuple_10M_103.npz,10,0,2,2,106,4,120,0.03333333333333333,3.3333333333333335,2.0,2.0,4.0,200.0,200.0,400.0,0.00037598609924316406,9.399652481079102e-05,320.9537010192871,1.1714652239531891e-06,0.0001171465223953189
1320285,1320453,worker,/pscratch/sd/s/satt/sprints/a_star_campaign/npz/npz_tr_103.py,0,0,0,3,0,3,3,1.0,100.0,0.0,3.0,3.0,,,,5.3882598876953125e-05,1.7960866292317707e-05,320.9451541900635,1.678872485641079e-07,1.678872485641079e-05
1320285,1320453,worker,/pscratch/sd/s/satt/sprints/data/converted_10M/mc_normalized_rntuple_10M_103.npz,10,0,2,2,106,4,120,0.03333333333333333,3.3333333333333335,2.0,2.0,4.0,200.0,200.0,400.0,0.0004405975341796875,0.00011014938354492188,320.9451541900635,1.372812545780847e-06,0.0001372812545780847
1320285,1320454,worker,/pscratch/sd/s/satt/sprints/a_star_campaign/npz/npz_tr_103.py,0,0,0,3,0,3,3,1.0,100.0,0.0,3.0,3.0,,,,5.364418029785156e-05,1.7881393432617188e-05,320.93389439582825,1.6715024880385109e-07,1.6715024880385107e-05
1320285,1320454,worker,/pscratch/sd/s/satt/sprints/data/converted_10M/mc_normalized_rntuple_10M_103.npz,10,0,2,2,106,4,120,0.03333333333333333,3.3333333333333335,2.0,2.0,4.0,200.0,200.0,400.0,0.00044798851013183594,0.00011199712753295898,320.93389439582825,1.3958903000108276e-06,0.00013958903000108275
1320285,1320455,worker,/pscratch/sd/s/satt/sprints/a_star_campaign/npz/npz_tr_103.py,0,0,0,3,0,3,3,1.0,100.0,0.0,3.0,3.0,,,,5.2928924560546875e-05,1.7642974853515625e-05,320.9456832408905,1.6491552098808037e-07,1.649155209880804e-05
1320285,1320455,worker,/pscratch/sd/s/satt/sprints/data/converted_10M/mc_normalized_rntuple_10M_103.npz,10,0,2,2,106,4,120,0.03333333333333333,3.3333333333333335,2.0,2.0,4.0,200.0,200.0,400.0,0.0005624294281005859,0.00014060735702514648,320.9456832408905,1.7524131261751424e-06,0.00017524131261751423
1320285,1320456,worker,/pscratch/sd/s/satt/sprints/a_star_campaign/npz/npz_tr_103.py,0,0,0,3,0,3,3,1.0,100.0,0.0,3.0,3.0,,,,5.793571472167969e-05,1.9311904907226562e-05,320.9220962524414,1.8052890529577844e-07,1.8052890529577844e-05
1320285,1320456,worker,/pscratch/sd/s/satt/sprints/data/converted_10M/mc_normalized_rntuple_10M_103.npz,10,0,2,2,106,4,120,0.03333333333333333,3.3333333333333335,2.0,2.0,4.0,200.0,200.0,400.0,0.0005574226379394531,0.00013935565948486328,320.9220962524414,1.7369406608293416e-06,0.00017369406608293416
1320285,1320457,worker,/pscratch/sd/s/satt/sprints/a_star_campaign/npz/npz_tr_103.py,0,0,0,3,0,3,3,1.0,100.0,0.0,3.0,3.0,,,,5.14984130859375e-05,1.71661376953125e-05,320.9199995994568,1.6047118643342e-07,1.6047118643341998e-05
1320285,1320457,worker,/pscratch/sd/s/satt/sprints/data/converted_10M/mc_normalized_rntuple_10M_103.npz,10,0,2,2,106,4,120,0.03333333333333333,3.3333333333333335,2.0,2.0,4.0,200.0,200.0,400.0,0.0005002021789550781,0.00012505054473876953,320.9199995994568,1.558650690450533e-06,0.0001558650690450533
1320285,1320458,worker,/pscratch/sd/s/satt/sprints/a_star_campaign/npz/npz_tr_103.py,0,0,0,3,0,3,3,1.0,100.0,0.0,3.0,3.0,,,,5.245208740234375e-05,1.7484029134114582e-05,320.90948510169983,1.634482302251711e-07,1.634482302251711e-05
1320285,1320458,worker,/pscratch/sd/s/satt/sprints/data/converted_10M/mc_normalized_rntuple_10M_103.npz,10,0,2,2,106,4,120,0.03333333333333333,3.3333333333333335,2.0,2.0,4.0,200.0,200.0,400.0,0.0005016326904296875,0.00012540817260742188,320.90948510169983,1.5631594381534546e-06,0.00015631594381534545
1320285,1320459,worker,/pscratch/sd/s/satt/sprints/a_star_campaign/npz/npz_tr_103.py,0,0,0,3,0,3,3,1.0,100.0,0.0,3.0,3.0,,,,5.435943603515625e-05,1.811981201171875e-05,320.9085841178894,1.6939227781824215e-07,1.6939227781824213e-05
1320285,1320459,worker,/pscratch/sd/s/satt/sprints/data/converted_10M/mc_normalized_rntuple_10M_103.npz,10,0,2,2,106,4,120,0.03333333333333333,3.3333333333333335,2.0,2.0,4.0,200.0,200.0,400.0,0.0005092620849609375,0.00012731552124023438,320.9085841178894,1.586938181665637e-06,0.0001586938181665637
1320285,1320460,worker,/pscratch/sd/s/satt/sprints/a_star_campaign/npz/npz_tr_103.py,0,0,0,3,0,3,3,1.0,100.0,0.0,3.0,3.0,,,,5.7220458984375e-05,1.9073486328125e-05,320.90877652168274,1.783075539553179e-07,1.783075539553179e-05
1320285,1320460,worker,/pscratch/sd/s/satt/sprints/data/converted_10M/mc_normalized_rntuple_10M_103.npz,10,0,2,2,106,4,120,0.03333333333333333,3.3333333333333335,2.0,2.0,4.0,200.0,200.0,400.0,0.0005471706390380859,0.00013679265975952148,320.90877652168274,1.7050659846977273e-06,0.00017050659846977275
1320285,1320461,worker,/pscratch/sd/s/satt/sprints/a_star_campaign/npz/npz_tr_103.py,0,0,0,3,0,3,3,1.0,100.0,0.0,3.0,3.0,,,,5.0067901611328125e-05,1.6689300537109375e-05,320.89312171936035,1.560267211184271e-07,1.560267211184271e-05
1320285,1320461,worker,/pscratch/sd/s/satt/sprints/data/converted_10M/mc_normalized_rntuple_10M_103.npz,10,0,2,2,106,4,120,0.03333333333333333,3.3333333333333335,2.0,2.0,4.0,200.0,200.0,400.0,0.0006737709045410156,0.0001684427261352539,320.89312171936035,2.099673875622262e-06,0.0002099673875622262
1320285,1320462,worker,/pscratch/sd/s/satt/sprints/a_star_campaign/npz/npz_tr_103.py,0,0,0,3,0,3,3,1.0,100.0,0.0,3.0,3.0,,,,5.340576171875e-05,1.7801920572916668e-05,320.88723707199097,1.6643155460486087e-07,1.6643155460486088e-05
1320285,1320462,worker,/pscratch/sd/s/satt/sprints/data/converted_10M/mc_normalized_rntuple_10M_103.npz,10,0,2,2,106,4,120,0.03333333333333333,3.3333333333333335,2.0,2.0,4.0,200.0,200.0,400.0,0.0005383491516113281,0.00013458728790283203,320.88723707199097,1.6776895102579278e-06,0.00016776895102579278
1320285,1320463,worker,/pscratch/sd/s/satt/sprints/a_star_campaign/npz/npz_tr_103.py,0,0,0,3,0,3,3,1.0,100.0,0.0,3.0,3.0,,,,5.412101745605469e-05,1.804033915201823e-05,320.894811630249,1.6865656749357363e-07,1.6865656749357363e-05
1320285,1320463,worker,/pscratch/sd/s/satt/sprints/data/converted_10M/mc_normalized_rntuple_10M_103.npz,10,0,2,2,106,4,120,0.03333333333333333,3.3333333333333335,2.0,2.0,4.0,200.0,200.0,400.0,0.0005280971527099609,0.00013202428817749023,320.894811630249,1.6457017488910378e-06,0.00016457017488910377
1320285,1320464,worker,/pscratch/sd/s/satt/sprints/a_star_campaign/npz/npz_tr_103.py,0,0,0,3,0,3,3,1.0,100.0,0.0,3.0,3.0,,,,5.817413330078125e-05,1.9391377766927082e-05,320.87482023239136,1.8129853024506268e-07,1.8129853024506268e-05
1320285,1320464,worker,/pscratch/sd/s/satt/sprints/data/converted_10M/mc_normalized_rntuple_10M_103.npz,10,0,2,2,106,4,120,0.03333333333333333,3.3333333333333335,2.0,2.0,4.0,200.0,200.0,400.0,0.0005893707275390625,0.00014734268188476562,320.87482023239136,1.8367621588762087e-06,0.00018367621588762087
1320285,1320465,worker,/pscratch/sd/s/satt/sprints/a_star_campaign/npz/npz_tr_103.py,0,0,0,3,0,3,3,1.0,100.0,0.0,3.0,3.0,,,,5.3882598876953125e-05,1.7960866292317707e-05,320.8748068809509,1.6792405549290857e-07,1.6792405549290857e-05
1320285,1320465,worker,/pscratch/sd/s/satt/sprints/data/converted_10M/mc_normalized_rntuple_10M_103.npz,10,0,2,2,106,4,120,0.03333333333333333,3.3333333333333335,2.0,2.0,4.0,200.0,200.0,400.0,0.000553131103515625,0.00013828277587890625,320.8748068809509,1.7238221625820703e-06,0.00017238221625820704
1320285,1320466,worker,/pscratch/sd/s/satt/sprints/a_star_campaign/npz/npz_tr_103.py,0,0,0,3,0,3,3,1.0,100.0,0.0,3.0,3.0,,,,5.2928924560546875e-05,1.7642974853515625e-05,320.8634753227234,1.649577737301235e-07,1.649577737301235e-05
1320285,1320466,worker,/pscratch/sd/s/satt/sprints/data/converted_10M/mc_normalized_rntuple_10M_103.npz,10,0,2,2,106,4,120,0.03333333333333333,3.3333333333333335,2.0,2.0,4.0,200.0,200.0,400.0,0.0005159378051757812,0.0001289844512939453,320.8634753227234,1.6079667673512941e-06,0.0001607966767351294
1320285,1320467,worker,/pscratch/sd/s/satt/sprints/a_star_campaign/npz/npz_tr_103.py,0,0,0,3,0,3,3,1.0,100.0,0.0,3.0,3.0,,,,5.4836273193359375e-05,1.8278757731119793e-05,320.8556606769562,1.7090636044152457e-07,1.7090636044152457e-05
1320285,1320467,worker,/pscratch/sd/s/satt/sprints/data/converted_10M/mc_normalized_rntuple_10M_103.npz,10,0,2,2,106,4,120,0.03333333333333333,3.3333333333333335,2.0,2.0,4.0,200.0,200.0,400.0,0.0005671977996826172,0.0001417994499206543,320.8556606769562,1.7677662238712477e-06,0.00017677662238712476
1320285,1320468,worker,/pscratch/sd/s/satt/sprints/a_star_campaign/npz/npz_tr_103.py,0,0,0,3,0,3,3,1.0,100.0,0.0,3.0,3.0,,,,5.698204040527344e-05,1.899401346842448e-05,320.85561084747314,1.7759402821339875e-07,1.7759402821339877e-05
1320285,1320468,worker,/pscratch/sd/s/satt/sprints/data/converted_10M/mc_normalized_rntuple_10M_103.npz,10,0,2,2,106,4,120,0.03333333333333333,3.3333333333333335,2.0,2.0,4.0,200.0,200.0,400.0,0.0004639625549316406,0.00011599063873291016,320.85561084747314,1.4460166481308535e-06,0.00014460166481308534
1320285,1320469,worker,/pscratch/sd/s/satt/sprints/a_star_campaign/npz/npz_tr_103.py,0,0,0,3,0,3,3,1.0,100.0,0.0,3.0,3.0,,,,6.127357482910156e-05,2.0424524943033855e-05,320.8549551963806,1.909697009092436e-07,1.909697009092436e-05
1320285,1320469,worker,/pscratch/sd/s/satt/sprints/data/converted_10M/mc_normalized_rntuple_10M_103.npz,10,0,2,2,106,4,120,0.03333333333333333,3.3333333333333335,2.0,2.0,4.0,200.0,200.0,400.0,0.0006153583526611328,0.0001538395881652832,320.8549551963806,1.9178708095204583e-06,0.0001917870809520458
1320285,1320470,worker,/pscratch/sd/s/satt/sprints/a_star_campaign/npz/npz_tr_103.py,0,0,0,3,0,3,3,1.0,100.0,0.0,3.0,3.0,,,,5.8650970458984375e-05,1.9550323486328125e-05,320.841361284256,1.8280364546583925e-07,1.8280364546583927e-05
1320285,1320470,worker,/pscratch/sd/s/satt/sprints/data/converted_10M/mc_normalized_rntuple_10M_103.npz,10,0,2,2,106,4,120,0.03333333333333333,3.3333333333333335,2.0,2.0,4.0,200.0,200.0,400.0,0.0005872249603271484,0.0001468062400817871,320.841361284256,1.830265767407976e-06,0.0001830265767407976
1320285,1320471,worker,/pscratch/sd/s/satt/sprints/a_star_campaign/npz/npz_tr_103.py,0,0,0,3,0,3,3,1.0,100.0,0.0,3.0,3.0,,,,5.125999450683594e-05,1.708666483561198e-05,320.8338952064514,1.5977113164384007e-07,1.5977113164384008e-05
1320285,1320471,worker,/pscratch/sd/s/satt/sprints/data/converted_10M/mc_normalized_rntuple_10M_103.npz,10,0,2,2,106,4,120,0.03333333333333333,3.3333333333333335,2.0,2.0,4.0,200.0,200.0,400.0,0.0005412101745605469,0.00013530254364013672,320.8338952064514,1.6868859015419394e-06,0.00016868859015419394
1320285,1320472,worker,/pscratch/sd/s/satt/sprints/a_star_campaign/npz/npz_tr_103.py,0,0,0,3,0,3,3,1.0,100.0,0.0,3.0,3.0,,,,5.2928924560546875e-05,1.7642974853515625e-05,320.8307888507843,1.6497457974696957e-07,1.649745797469696e-05
1320285,1320472,worker,/pscratch/sd/s/satt/sprints/data/converted_10M/mc_normalized_rntuple_10M_103.npz,10,0,2,2,106,4,120,0.03333333333333333,3.3333333333333335,2.0,2.0,4.0,200.0,200.0,400.0,0.0004904270172119141,0.00012260675430297852,320.8307888507843,1.528615813241065e-06,0.0001528615813241065
1320285,1320473,worker,/pscratch/sd/s/satt/sprints/a_star_campaign/npz/npz_tr_103.py,0,0,0,3,0,3,3,1.0,100.0,0.0,3.0,3.0,,,,5.125999450683594e-05,1.708666483561198e-05,320.82541370391846,1.5977535543410058e-07,1.597753554341006e-05
1320285,1320473,worker,/pscratch/sd/s/satt/sprints/data/converted_10M/mc_normalized_rntuple_10M_103.npz,10,0,2,2,106,4,120,0.03333333333333333,3.3333333333333335,2.0,2.0,4.0,200.0,200.0,400.0,0.0005078315734863281,0.00012695789337158203,320.82541370391846,1.5828907305796943e-06,0.0001582890730579694
1320285,1320474,worker,/pscratch/sd/s/satt/sprints/a_star_campaign/npz/npz_tr_103.py,0,0,0,3,0,3,3,1.0,100.0,0.0,3.0,3.0,,,,5.459785461425781e-05,1.819928487141927e-05,320.81434869766235,1.7018520161550258e-07,1.701852016155026e-05
1320285,1320474,worker,/pscratch/sd/s/satt/sprints/data/converted_10M/mc_normalized_rntuple_10M_103.npz,10,0,2,2,106,4,120,0.03333333333333333,3.3333333333333335,2.0,2.0,4.0,200.0,200.0,400.0,0.0004987716674804688,0.0001246929168701172,320.81434869766235,1.554704985937255e-06,0.0001554704985937255
1320285,1320475,worker,/pscratch/sd/s/satt/sprints/a_star_campaign/npz/npz_tr_103.py,0,0,0,3,0,3,3,1.0,100.0,0.0,3.0,3.0,,,,5.4836273193359375e-05,1.8278757731119793e-05,320.81351375579834,1.7092881328902023e-07,1.709288132890202e-05
1320285,1320475,worker,/pscratch/sd/s/satt/sprints/data/converted_10M/mc_normalized_rntuple_10M_103.npz,10,0,2,2,106,4,120,0.03333333333333333,3.3333333333333335,2.0,2.0,4.0,200.0,200.0,400.0,0.00064849853515625,0.0001621246337890625,320.81351375579834,2.021419009331022e-06,0.00020214190093310218
1320285,1320476,worker,/pscratch/sd/s/satt/sprints/a_star_campaign/npz/npz_tr_103.py,0,0,0,3,0,3,3,1.0,100.0,0.0,3.0,3.0,,,,5.125999450683594e-05,1.708666483561198e-05,320.8030791282654,1.597864791264702e-07,1.5978647912647018e-05
1320285,1320476,worker,/pscratch/sd/s/satt/sprints/data/converted_10M/mc_normalized_rntuple_10M_103.npz,10,0,2,2,106,4,120,0.03333333333333333,3.3333333333333335,2.0,2.0,4.0,200.0,200.0,400.0,0.0005946159362792969,0.00014865398406982422,320.8030791282654,1.853523157867054e-06,0.00018535231578670542
1320285,1320477,worker,/pscratch/sd/s/satt/sprints/a_star_campaign/npz/npz_tr_103.py,0,0,0,3,0,3,3,1.0,100.0,0.0,3.0,3.0,,,,5.984306335449219e-05,1.994768778483073e-05,320.79811668395996,1.8654431008847743e-07,1.865443100884774e-05
1320285,1320477,worker,/pscratch/sd/s/satt/sprints/data/converted_10M/mc_normalized_rntuple_10M_103.npz,10,0,2,2,106,4,120,0.03333333333333333,3.3333333333333335,2.0,2.0,4.0,200.0,200.0,400.0,0.0007622241973876953,0.00019055604934692383,320.79811668395996,2.3760245392544313e-06,0.00023760245392544314
1320285,1320478,worker,/pscratch/sd/s/satt/sprints/a_star_campaign/npz/npz_tr_103.py,0,0,0,3,0,3,3,1.0,100.0,0.0,3.0,3.0,,,,5.7697296142578125e-05,1.9232432047526043e-05,320.8005223274231,1.7985412157056818e-07,1.7985412157056817e-05
1320285,1320478,worker,/pscratch/sd/s/satt/sprints/data/converted_10M/mc_normalized_rntuple_10M_103.npz,10,0,2,2,106,4,120,0.03333333333333333,3.3333333333333335,2.0,2.0,4.0,200.0,200.0,400.0,0.0005781650543212891,0.00014454126358032227,320.8005223274231,1.8022572099530075e-06,0.00018022572099530077
1320285,1320479,worker,/pscratch/sd/s/satt/sprints/a_star_campaign/npz/npz_tr_103.py,0,0,0,3,0,3,3,1.0,100.0,0.0,3.0,3.0,,,,5.555152893066406e-05,1.8517176310221355e-05,320.7931606769562,1.731693057714698e-07,1.731693057714698e-05
1320285,1320479,worker,/pscratch/sd/s/satt/sprints/data/converted_10M/mc_normalized_rntuple_10M_103.npz,10,0,2,2,106,4,120,0.03333333333333333,3.3333333333333335,2.0,2.0,4.0,200.0,200.0,400.0,0.0006003379821777344,0.0001500844955444336,320.7931606769562,1.8714176477792315e-06,0.00018714176477792314
1320285,1320480,worker,/pscratch/sd/s/satt/sprints/a_star_campaign/npz/npz_tr_103.py,0,0,0,3,0,3,3,1.0,100.0,0.0,3.0,3.0,,,,5.364418029785156e-05,1.7881393432617188e-05,320.7807848453522,1.6723003007712362e-07,1.672300300771236e-05
1320285,1320480,worker,/pscratch/sd/s/satt/sprints/data/converted_10M/mc_normalized_rntuple_10M_103.npz,10,0,2,2,106,4,120,0.03333333333333333,3.3333333333333335,2.0,2.0,4.0,200.0,200.0,400.0,0.0008265972137451172,0.0002066493034362793,320.7807848453522,2.5768289523439445e-06,0.0002576828952343945
1320285,1320481,worker,/pscratch/sd/s/satt/sprints/a_star_campaign/npz/npz_tr_103.py,0,0,0,3,0,3,3,1.0,100.0,0.0,3.0,3.0,,,,6.0558319091796875e-05,2.0186106363932293e-05,320.77801156044006,1.887857549749374e-07,1.887857549749374e-05
1320285,1320481,worker,/pscratch/sd/s/satt/sprints/data/converted_10M/mc_normalized_rntuple_10M_103.npz,10,0,2,2,106,4,120,0.03333333333333333,3.3333333333333335,2.0,2.0,4.0,200.0,200.0,400.0,0.0007939338684082031,0.00019848346710205078,320.77801156044006,2.4750258427816597e-06,0.00024750258427816597
1320285,1320482,worker,/pscratch/sd/s/satt/sprints/a_star_campaign/npz/npz_tr_103.py,0,0,0,3,0,3,3,1.0,100.0,0.0,3.0,3.0,,,,5.555152893066406e-05,1.8517176310221355e-05,320.767290353775,1.7318327211417393e-07,1.7318327211417395e-05
1320285,1320482,worker,/pscratch/sd/s/satt/sprints/data/converted_10M/mc_normalized_rntuple_10M_103.npz,10,0,2,2,106,4,120,0.03333333333333333,3.3333333333333335,2.0,2.0,4.0,200.0,200.0,400.0,0.0005652904510498047,0.00014132261276245117,320.767290353775,1.7623070308270662e-06,0.00017623070308270662
1320285,1320483,worker,/pscratch/sd/s/satt/sprints/a_star_campaign/npz/npz_tr_103.py,0,0,0,3,0,3,3,1.0,100.0,0.0,3.0,3.0,,,,5.7220458984375e-05,1.9073486328125e-05,320.7754054069519,1.7838169017909035e-07,1.7838169017909034e-05
1320285,1320483,worker,/pscratch/sd/s/satt/sprints/data/converted_10M/mc_normalized_rntuple_10M_103.npz,10,0,2,2,106,4,120,0.03333333333333333,3.3333333333333335,2.0,2.0,4.0,200.0,200.0,400.0,0.0005385875701904297,0.00013464689254760742,320.7754054069519,1.679017658810688e-06,0.0001679017658810688
1320285,1320484,worker,/pscratch/sd/s/satt/sprints/a_star_campaign/npz/npz_tr_103.py,0,0,0,3,0,3,3,1.0,100.0,0.0,3.0,3.0,,,,5.269050598144531e-05,1.7563501993815105e-05,320.75541400909424,1.6427004402785047e-07,1.6427004402785045e-05
1320285,1320484,worker,/pscratch/sd/s/satt/sprints/data/converted_10M/mc_normalized_rntuple_10M_103.npz,10,0,2,2,106,4,120,0.03333333333333333,3.3333333333333335,2.0,2.0,4.0,200.0,200.0,400.0,0.0006642341613769531,0.00016605854034423828,320.75541400909424,2.0708431794642145e-06,0.00020708431794642143
1320285,1320485,worker,/pscratch/sd/s/satt/sprints/a_star_campaign/npz/npz_tr_103.py,0,0,0,3,0,3,3,1.0,100.0,0.0,3.0,3.0,,,,6.29425048828125e-05,2.09808349609375e-05,320.75037360191345,1.9623517246758093e-07,1.962351724675809e-05
1320285,1320485,worker,/pscratch/sd/s/satt/sprints/data/converted_10M/mc_normalized_rntuple_10M_103.npz,10,0,2,2,106,4,120,0.03333333333333333,3.3333333333333335,2.0,2.0,4.0,200.0,200.0,400.0,0.0005824565887451172,0.0001456141471862793,320.75037360191345,1.815918660372349e-06,0.00018159186603723492
1320285,1320486,worker,/pscratch/sd/s/satt/sprints/a_star_campaign/npz/npz_tr_103.py,0,0,0,3,0,3,3,1.0,100.0,0.0,3.0,3.0,,,,5.745887756347656e-05,1.915295918782552e-05,320.74764347076416,1.7914045117127691e-07,1.791404511712769e-05
1320285,1320486,worker,/pscratch/sd/s/satt/sprints/data/converted_10M/mc_normalized_rntuple_10M_103.npz,10,0,2,2,106,4,120,0.03333333333333333,3.3333333333333335,2.0,2.0,4.0,200.0,200.0,400.0,0.0007410049438476562,0.00018525123596191406,320.74764347076416,2.310242830872733e-06,0.0002310242830872733
1320285,1320487,worker,/pscratch/sd/s/satt/sprints/a_star_campaign/npz/npz_tr_103.py,0,0,0,3,0,3,3,1.0,100.0,0.0,3.0,3.0,,,,5.602836608886719e-05,1.8676122029622395e-05,320.73704385757446,1.746862957112836e-07,1.746862957112836e-05
1320285,1320487,worker,/pscratch/sd/s/satt/sprints/data/converted_10M/mc_normalized_rntuple_10M_103.npz,10,0,2,2,106,4,120,0.03333333333333333,3.3333333333333335,2.0,2.0,4.0,200.0,200.0,400.0,0.0007536411285400391,0.00018841028213500977,320.73704385757446,2.3497165138015636e-06,0.00023497165138015635
1320285,1320488,worker,/pscratch/sd/s/satt/sprints/a_star_campaign/npz/npz_tr_103.py,0,0,0,3,0,3,3,1.0,100.0,0.0,3.0,3.0,,,,5.91278076171875e-05,1.9709269205729168e-05,320.74904131889343,1.8434289740682891e-07,1.8434289740682893e-05
1320285,1320488,worker,/pscratch/sd/s/satt/sprints/data/converted_10M/mc_normalized_rntuple_10M_103.npz,10,0,2,2,106,4,120,0.03333333333333333,3.3333333333333335,2.0,2.0,4.0,200.0,200.0,400.0,0.0006153583526611328,0.0001538395881652832,320.74904131889343,1.9185041056734898e-06,0.00019185041056734897
1320285,1320489,worker,/pscratch/sd/s/satt/sprints/a_star_campaign/npz/npz_tr_103.py,0,0,0,3,0,3,3,1.0,100.0,0.0,3.0,3.0,,,,5.7220458984375e-05,1.9073486328125e-05,320.7298004627228,1.7840705447957126e-07,1.7840705447957125e-05
1320285,1320489,worker,/pscratch/sd/s/satt/sprints/data/converted_10M/mc_normalized_rntuple_10M_103.npz,10,0,2,2,106,4,120,0.03333333333333333,3.3333333333333335,2.0,2.0,4.0,200.0,200.0,400.0,0.0008144378662109375,0.00020360946655273438,320.7298004627228,2.5393270754258975e-06,0.00025393270754258974
1320285,1320490,worker,/pscratch/sd/s/satt/sprints/a_star_campaign/npz/npz_tr_103.py,0,0,0,3,0,3,3,1.0,100.0,0.0,3.0,3.0,,,,5.078315734863281e-05,1.6927719116210938e-05,320.720340013504,1.5834093137496228e-07,1.5834093137496228e-05
1320285,1320490,worker,/pscratch/sd/s/satt/sprints/data/converted_10M/mc_normalized_rntuple_10M_103.npz,10,0,2,2,106,4,120,0.03333333333333333,3.3333333333333335,2.0,2.0,4.0,200.0,200.0,400.0,0.0008716583251953125,0.00021791458129882812,320.720340013504,2.717814296276348e-06,0.0002717814296276348
1320285,1320491,worker,/pscratch/sd/s/satt/sprints/a_star_campaign/npz/npz_tr_103.py,0,0,0,3,0,3,3,1.0,100.0,0.0,3.0,3.0,,,,5.125999450683594e-05,1.708666483561198e-05,320.7184419631958,1.5982864656320045e-07,1.5982864656320044e-05
1320285,1320491,worker,/pscratch/sd/s/satt/sprints/data/converted_10M/mc_normalized_rntuple_10M_103.npz,10,0,2,2,106,4,120,0.03333333333333333,3.3333333333333335,2.0,2.0,4.0,200.0,200.0,400.0,0.0009541511535644531,0.00023853778839111328,320.7184419631958,2.975042993236875e-06,0.00029750429932368756
1320285,1320492,worker,/pscratch/sd/s/satt/sprints/a_star_campaign/npz/npz_tr_103.py,0,0,0,3,0,3,3,1.0,100.0,0.0,3.0,3.0,,,,5.4836273193359375e-05,1.8278757731119793e-05,320.7094757556915,1.7098426251406516e-07,1.7098426251406514e-05
1320285,1320492,worker,/pscratch/sd/s/satt/sprints/data/converted_10M/mc_normalized_rntuple_10M_103.npz,10,0,2,2,106,4,120,0.03333333333333333,3.3333333333333335,2.0,2.0,4.0,200.0,200.0,400.0,0.0007503032684326172,0.0001875758171081543,320.7094757556915,2.339510757094622e-06,0.0002339510757094622
1320285,1320493,worker,/pscratch/sd/s/satt/sprints/a_star_campaign/npz/npz_tr_103.py,0,0,0,3,0,3,3,1.0,100.0,0.0,3.0,3.0,,,,5.7220458984375e-05,1.9073486328125e-05,320.71101665496826,1.784175036491955e-07,1.784175036491955e-05
1320285,1320493,worker,/pscratch/sd/s/satt/sprints/data/converted_10M/mc_normalized_rntuple_10M_103.npz,10,0,2,2,106,4,120,0.03333333333333333,3.3333333333333335,2.0,2.0,4.0,200.0,200.0,400.0,0.0012688636779785156,0.0003172159194946289,320.71101665496826,3.9564081434209105e-06,0.00039564081434209105
1320285,1320494,worker,/pscratch/sd/s/satt/sprints/a_star_campaign/npz/npz_tr_103.py,0,0,0,3,0,3,3,1.0,100.0,0.0,3.0,3.0,,,,5.269050598144531e-05,1.7563501993815105e-05,320.69581270217896,1.6430057361047456e-07,1.6430057361047454e-05
1320285,1320494,worker,/pscratch/sd/s/satt/sprints/data/converted_10M/mc_normalized_rntuple_10M_103.npz,10,0,2,2,106,4,120,0.03333333333333333,3.3333333333333335,2.0,2.0,4.0,200.0,200.0,400.0,0.0009183883666992188,0.0002295970916748047,320.69581270217896,2.863736694785285e-06,0.00028637366947852847
1320285,1320495,worker,/pscratch/sd/s/satt/sprints/a_star_campaign/npz/npz_tr_103.py,0,0,0,3,0,3,3,1.0,100.0,0.0,3.0,3.0,,,,5.6743621826171875e-05,1.8914540608723957e-05,320.69447445869446,1.7693981763156467e-07,1.7693981763156467e-05
1320285,1320495,worker,/pscratch/sd/s/satt/sprints/data/converted_10M/mc_normalized_rntuple_10M_103.npz,10,0,2,2,106,4,120,0.03333333333333333,3.3333333333333335,2.0,2.0,4.0,200.0,200.0,400.0,0.0009577274322509766,0.00023943185806274414,320.69447445869446,2.986417005991577e-06,0.0002986417005991577
1320285,1320496,worker,/pscratch/sd/s/satt/sprints/a_star_campaign/npz/npz_tr_103.py,0,0,0,3,0,3,3,1.0,100.0,0.0,3.0,3.0,,,,5.1021575927734375e-05,1.7007191975911457e-05,320.6848645210266,1.5910191459749733e-07,1.5910191459749732e-05
1320285,1320496,worker,/pscratch/sd/s/satt/sprints/data/converted_10M/mc_normalized_rntuple_10M_103.npz,10,0,2,2,106,4,120,0.03333333333333333,3.3333333333333335,2.0,2.0,4.0,200.0,200.0,400.0,0.0010449886322021484,0.0002612471580505371,320.6848645210266,3.258615381686125e-06,0.00032586153816861253
1320285,1320497,worker,/pscratch/sd/s/satt/sprints/a_star_campaign/npz/npz_tr_103.py,0,0,0,3,0,3,3,1.0,100.0,0.0,3.0,3.0,,,,5.412101745605469e-05,1.804033915201823e-05,320.6838409900665,1.687675228317199e-07,1.687675228317199e-05
1320285,1320497,worker,/pscratch/sd/s/satt/sprints/data/converted_10M/mc_normalized_rntuple_10M_103.npz,10,0,2,2,106,4,120,0.03333333333333333,3.3333333333333335,2.0,2.0,4.0,200.0,200.0,400.0,0.001168966293334961,0.00029224157333374023,320.6838409900665,3.645229799312435e-06,0.00036452297993124345
1320285,1320498,worker,/pscratch/sd/s/satt/sprints/a_star_campaign/npz/npz_tr_103.py,0,0,0,3,0,3,3,1.0,100.0,0.0,3.0,3.0,,,,5.817413330078125e-05,1.9391377766927082e-05,320.68098282814026,1.8140811715036437e-07,1.8140811715036436e-05
1320285,1320498,worker,/pscratch/sd/s/satt/sprints/data/converted_10M/mc_normalized_rntuple_10M_103.npz,10,0,2,2,106,4,120,0.03333333333333333,3.3333333333333335,2.0,2.0,4.0,200.0,200.0,400.0,0.0013146400451660156,0.0003286600112915039,320.68098282814026,4.09952605724225e-06,0.00040995260572422506
1320285,1320499,worker,/pscratch/sd/s/satt/sprints/a_star_campaign/npz/npz_tr_103.py,0,0,0,3,0,3,3,1.0,100.0,0.0,3.0,3.0,,,,5.650520324707031e-05,1.8835067749023438e-05,320.665655374527,1.7621220826119992e-07,1.7621220826119993e-05
1320285,1320499,worker,/pscratch/sd/s/satt/sprints/data/converted_10M/mc_normalized_rntuple_10M_103.npz,10,0,2,2,106,4,120,0.03333333333333333,3.3333333333333335,2.0,2.0,4.0,200.0,200.0,400.0,0.0014657974243164062,0.00036644935607910156,320.665655374527,4.571108254809524e-06,0.0004571108254809524
1320285,1320500,worker,/pscratch/sd/s/satt/sprints/a_star_campaign/npz/npz_tr_103.py,0,0,0,3,0,3,3,1.0,100.0,0.0,3.0,3.0,,,,5.4836273193359375e-05,1.8278757731119793e-05,320.66003680229187,1.7101062464846397e-07,1.7101062464846397e-05
1320285,1320500,worker,/pscratch/sd/s/satt/sprints/data/converted_10M/mc_normalized_rntuple_10M_103.npz,10,0,2,2,106,4,120,0.03333333333333333,3.3333333333333335,2.0,2.0,4.0,200.0,200.0,400.0,0.0014607906341552734,0.00036519765853881836,320.66003680229187,4.555574335744081e-06,0.00045555743357440814
1320285,1320501,worker,/pscratch/sd/s/satt/sprints/a_star_campaign/npz/npz_tr_103.py,0,0,0,3,0,3,3,1.0,100.0,0.0,3.0,3.0,,,,6.556510925292969e-05,2.185503641764323e-05,320.66736483573914,2.0446455250135982e-07,2.0446455250135983e-05
1320285,1320501,worker,/pscratch/sd/s/satt/sprints/data/converted_10M/mc_normalized_rntuple_10M_103.npz,10,0,2,2,106,4,120,0.03333333333333333,3.3333333333333335,2.0,2.0,4.0,200.0,200.0,400.0,0.0015990734100341797,0.0003997683525085449,320.66736483573914,4.986704558642256e-06,0.0004986704558642256
1320285,1320502,worker,/pscratch/sd/s/satt/sprints/a_star_campaign/npz/npz_tr_103.py,0,0,0,3,0,3,3,1.0,100.0,0.0,3.0,3.0,,,,6.628036499023438e-05,2.2093454996744793e-05,320.65364694595337,2.0670391751822496e-07,2.0670391751822497e-05
1320285,1320502,worker,/pscratch/sd/s/satt/sprints/data/converted_10M/mc_normalized_rntuple_10M_103.npz,10,0,2,2,106,4,120,0.03333333333333333,3.3333333333333335,2.0,2.0,4.0,200.0,200.0,400.0,0.02768540382385254,0.006921350955963135,320.65364694595337,8.634052376307123e-05,0.008634052376307122
1320285,1320503,worker,/pscratch/sd/s/satt/sprints/a_star_campaign/npz/npz_tr_103.py,0,0,0,3,0,3,3,1.0,100.0,0.0,3.0,3.0,,,,5.650520324707031e-05,1.8835067749023438e-05,320.64230275154114,1.7622504193046227e-07,1.7622504193046226e-05
1320285,1320503,worker,/pscratch/sd/s/satt/sprints/data/converted_10M/mc_normalized_rntuple_10M_103.npz,10,0,2,2,106,4,120,0.03333333333333333,3.3333333333333335,2.0,2.0,4.0,200.0,200.0,400.0,0.0013175010681152344,0.0003293752670288086,320.64230275154114,4.108943382733057e-06,0.00041089433827330566
1320285,1320504,worker,/pscratch/sd/s/satt/sprints/a_star_campaign/npz/npz_tr_103.py,0,0,0,3,0,3,3,1.0,100.0,0.0,3.0,3.0,,,,5.14984130859375e-05,1.71661376953125e-05,320.6362895965576,1.6061317685136535e-07,1.6061317685136533e-05
1320285,1320504,worker,/pscratch/sd/s/satt/sprints/data/converted_10M/mc_normalized_rntuple_10M_103.npz,10,0,2,2,106,4,120,0.03333333333333333,3.3333333333333335,2.0,2.0,4.0,200.0,200.0,400.0,0.0014727115631103516,0.0003681778907775879,320.6362895965576,4.593090710235572e-06,0.00045930907102355724
1320285,1320505,worker,/pscratch/sd/s/satt/sprints/a_star_campaign/npz/npz_tr_103.py,0,0,0,3,0,3,3,1.0,100.0,0.0,3.0,3.0,,,,5.316734313964844e-05,1.7722447713216145e-05,320.6310405731201,1.6582094810475342e-07,1.6582094810475343e-05
1320285,1320505,worker,/pscratch/sd/s/satt/sprints/data/converted_10M/mc_normalized_rntuple_10M_103.npz,10,0,2,2,106,4,120,0.03333333333333333,3.3333333333333335,2.0,2.0,4.0,200.0,200.0,400.0,0.0013451576232910156,0.0003362894058227539,320.6310405731201,4.195344346219815e-06,0.0004195344346219815
1320285,1320506,worker,/pscratch/sd/s/satt/sprints/a_star_campaign/npz/npz_tr_103.py,0,0,0,3,0,3,3,1.0,100.0,0.0,3.0,3.0,,,,5.435943603515625e-05,1.811981201171875e-05,320.62437868118286,1.6954242923994648e-07,1.6954242923994648e-05
1320285,1320506,worker,/pscratch/sd/s/satt/sprints/data/converted_10M/mc_normalized_rntuple_10M_103.npz,10,0,2,2,106,4,120,0.03333333333333333,3.3333333333333335,2.0,2.0,4.0,200.0,200.0,400.0,0.0014088153839111328,0.0003522038459777832,320.62437868118286,4.3939746244686126e-06,0.0004393974624468613
1320285,1320507,worker,/pscratch/sd/s/satt/sprints/a_star_campaign/npz/npz_tr_103.py,0,0,0,3,0,3,3,1.0,100.0,0.0,3.0,3.0,,,,5.3882598876953125e-05,1.7960866292317707e-05,320.6349184513092,1.6804969071119932e-07,1.680496907111993e-05
1320285,1320507,worker,/pscratch/sd/s/satt/sprints/data/converted_10M/mc_normalized_rntuple_10M_103.npz,10,0,2,2,106,4,120,0.03333333333333333,3.3333333333333335,2.0,2.0,4.0,200.0,200.0,400.0,0.0018033981323242188,0.0004508495330810547,320.6349184513092,5.624459559909344e-06,0.0005624459559909344
1320285,1320508,worker,/pscratch/sd/s/satt/sprints/a_star_campaign/npz/npz_tr_103.py,0,0,0,3,0,3,3,1.0,100.0,0.0,3.0,3.0,,,,5.602836608886719e-05,1.8676122029622395e-05,320.61287021636963,1.7475395186430208e-07,1.747539518643021e-05
1320285,1320508,worker,/pscratch/sd/s/satt/sprints/data/converted_10M/mc_normalized_rntuple_10M_103.npz,10,0,2,2,106,4,120,0.03333333333333333,3.3333333333333335,2.0,2.0,4.0,200.0,200.0,400.0,0.001667022705078125,0.00041675567626953125,320.61287021636963,5.199487793341277e-06,0.0005199487793341277
1320285,1320509,worker,/pscratch/sd/s/satt/sprints/a_star_campaign/npz/npz_tr_103.py,0,0,0,3,0,3,3,1.0,100.0,0.0,3.0,3.0,,,,5.626678466796875e-05,1.8755594889322918e-05,320.61012077331543,1.7549909070946544e-07,1.7549909070946542e-05
1320285,1320509,worker,/pscratch/sd/s/satt/sprints/data/converted_10M/mc_normalized_rntuple_10M_103.npz,10,0,2,2,106,4,120,0.03333333333333333,3.3333333333333335,2.0,2.0,4.0,200.0,200.0,400.0,0.001842498779296875,0.00046062469482421875,320.61012077331543,5.746851580520122e-06,0.0005746851580520123
1320285,1320510,worker,/pscratch/sd/s/satt/sprints/a_star_campaign/npz/npz_tr_103.py,0,0,0,3,0,3,3,1.0,100.0,0.0,3.0,3.0,,,,5.173683166503906e-05,1.724561055501302e-05,320.5998885631561,1.613750768813734e-07,1.613750768813734e-05
1320285,1320510,worker,/pscratch/sd/s/satt/sprints/data/converted_10M/mc_normalized_rntuple_10M_103.npz,10,0,2,2,106,4,120,0.03333333333333333,3.3333333333333335,2.0,2.0,4.0,200.0,200.0,400.0,0.0018868446350097656,0.0004717111587524414,320.5998885631561,5.885356490503176e-06,0.0005885356490503176
1320285,1320511,worker,/pscratch/sd/s/satt/sprints/a_star_campaign/npz/npz_tr_103.py,0,0,0,3,0,3,3,1.0,100.0,0.0,3.0,3.0,,,,5.888938903808594e-05,1.9629796346028645e-05,320.5978226661682,1.836861789900745e-07,1.836861789900745e-05
1320285,1320511,worker,/pscratch/sd/s/satt/sprints/data/converted_10M/mc_normalized_rntuple_10M_103.npz,10,0,2,2,106,4,120,0.03333333333333333,3.3333333333333335,2.0,2.0,4.0,200.0,200.0,400.0,0.0013129711151123047,0.00032824277877807617,320.5978226661682,4.095383755863726e-06,0.0004095383755863726
1320285,1320512,worker,/pscratch/sd/s/satt/sprints/a_star_campaign/npz/npz_tr_103.py,0,0,0,3,0,3,3,1.0,100.0,0.0,3.0,3.0,,,,5.245208740234375e-05,1.7484029134114582e-05,320.5885555744171,1.6361185229573246e-07,1.6361185229573245e-05
1320285,1320512,worker,/pscratch/sd/s/satt/sprints/data/converted_10M/mc_normalized_rntuple_10M_103.npz,10,0,2,2,106,4,120,0.03333333333333333,3.3333333333333335,2.0,2.0,4.0,200.0,200.0,400.0,0.027192354202270508,0.006798088550567627,320.5885555744171,8.482010268129625e-05,0.008482010268129624
1320285,1320513,worker,/pscratch/sd/s/satt/sprints/a_star_campaign/npz/npz_tr_103.py,0,0,0,3,0,3,3,1.0,100.0,0.0,3.0,3.0,,,,5.14984130859375e-05,1.71661376953125e-05,320.5895826816559,1.6063657669461832e-07,1.6063657669461833e-05
1320285,1320513,worker,/pscratch/sd/s/satt/sprints/data/converted_10M/mc_normalized_rntuple_10M_103.npz,10,0,2,2,106,4,120,0.03333333333333333,3.3333333333333335,2.0,2.0,4.0,200.0,200.0,400.0,0.026853322982788086,0.0067133307456970215,320.5895826816559,8.376230680412758e-05,0.008376230680412758
1320285,1320514,worker,/pscratch/sd/s/satt/sprints/a_star_campaign/npz/npz_tr_103.py,0,0,0,3,0,3,3,1.0,100.0,0.0,3.0,3.0,,,,5.745887756347656e-05,1.915295918782552e-05,320.57632064819336,1.792361876488471e-07,1.792361876488471e-05
1320285,1320514,worker,/pscratch/sd/s/satt/sprints/data/converted_10M/mc_normalized_rntuple_10M_103.npz,10,0,2,2,106,4,120,0.03333333333333333,3.3333333333333335,2.0,2.0,4.0,200.0,200.0,400.0,0.0011878013610839844,0.0002969503402709961,320.57632064819336,3.7052061695707727e-06,0.0003705206169570773
1320285,1320515,worker,/pscratch/sd/s/satt/sprints/a_star_campaign/npz/npz_tr_103.py,0,0,0,3,0,3,3,1.0,100.0,0.0,3.0,3.0,,,,5.7220458984375e-05,1.9073486328125e-05,320.5733804702759,1.7849410609338032e-07,1.7849410609338033e-05
1320285,1320515,worker,/pscratch/sd/s/satt/sprints/data/converted_10M/mc_normalized_rntuple_10M_103.npz,10,0,2,2,106,4,120,0.03333333333333333,3.3333333333333335,2.0,2.0,4.0,200.0,200.0,400.0,0.0010592937469482422,0.00026482343673706055,320.5733804702759,3.3043721390537035e-06,0.00033043721390537035
1320285,1320516,worker,/pscratch/sd/s/satt/sprints/a_star_campaign/npz/npz_tr_103.py,0,0,0,3,0,3,3,1.0,100.0,0.0,3.0,3.0,,,,5.745887756347656e-05,1.915295918782552e-05,320.56355333328247,1.7924332621724437e-07,1.7924332621724438e-05
1320285,1320516,worker,/pscratch/sd/s/satt/sprints/data/converted_10M/mc_normalized_rntuple_10M_103.npz,10,0,2,2,106,4,120,0.03333333333333333,3.3333333333333335,2.0,2.0,4.0,200.0,200.0,400.0,0.0012559890747070312,0.0003139972686767578,320.56355333328247,3.918065736566155e-06,0.0003918065736566155
1320285,1320517,worker,/pscratch/sd/s/satt/sprints/a_star_campaign/npz/npz_tr_103.py,0,0,0,3,0,3,3,1.0,100.0,0.0,3.0,3.0,,,,5.507469177246094e-05,1.8358230590820312e-05,320.5623576641083,1.7180648462215677e-07,1.718064846221568e-05
1320285,1320517,worker,/pscratch/sd/s/satt/sprints/data/converted_10M/mc_normalized_rntuple_10M_103.npz,10,0,2,2,106,4,120,0.03333333333333333,3.3333333333333335,2.0,2.0,4.0,200.0,200.0,400.0,0.0014023780822753906,0.00035059452056884766,320.5623576641083,4.374743474231715e-06,0.0004374743474231715
1320285,1320518,worker,/pscratch/sd/s/satt/sprints/a_star_campaign/npz/npz_tr_103.py,0,0,0,3,0,3,3,1.0,100.0,0.0,3.0,3.0,,,,5.507469177246094e-05,1.8358230590820312e-05,320.55574083328247,1.71810031008319e-07,1.7181003100831902e-05
1320285,1320518,worker,/pscratch/sd/s/satt/sprints/data/converted_10M/mc_normalized_rntuple_10M_103.npz,10,0,2,2,106,4,120,0.03333333333333333,3.3333333333333335,2.0,2.0,4.0,200.0,200.0,400.0,0.0012776851654052734,0.00031942129135131836,320.55574083328247,3.985843966119401e-06,0.0003985843966119401
1320285,1320519,worker,/pscratch/sd/s/satt/sprints/a_star_campaign/npz/npz_tr_103.py,0,0,0,3,0,3,3,1.0,100.0,0.0,3.0,3.0,,,,5.221366882324219e-05,1.7404556274414062e-05,320.5531792640686,1.6288613621962885e-07,1.6288613621962887e-05
1320285,1320519,worker,/pscratch/sd/s/satt/sprints/data/converted_10M/mc_normalized_rntuple_10M_103.npz,10,0,2,2,106,4,120,0.03333333333333333,3.3333333333333335,2.0,2.0,4.0,200.0,200.0,400.0,0.0015130043029785156,0.0003782510757446289,320.5531792640686,4.719979088811711e-06,0.0004719979088811711
1320285,1320520,worker,/pscratch/sd/s/satt/sprints/a_star_campaign/npz/npz_tr_103.py,0,0,0,3,0,3,3,1.0,100.0,0.0,3.0,3.0,,,,5.650520324707031e-05,1.8835067749023438e-05,320.5444495677948,1.7627883846767255e-07,1.7627883846767255e-05
1320285,1320520,worker,/pscratch/sd/s/satt/sprints/data/converted_10M/mc_normalized_rntuple_10M_103.npz,10,0,2,2,106,4,120,0.03333333333333333,3.3333333333333335,2.0,2.0,4.0,200.0,200.0,400.0,0.001560211181640625,0.00039005279541015625,320.5444495677948,4.86737856089641e-06,0.000486737856089641
1320285,1320521,worker,/pscratch/sd/s/satt/sprints/a_star_campaign/npz/npz_tr_103.py,0,0,0,3,0,3,3,1.0,100.0,0.0,3.0,3.0,,,,5.5789947509765625e-05,1.8596649169921875e-05,320.5326473712921,1.7405386929319808e-07,1.7405386929319806e-05
1320285,1320521,worker,/pscratch/sd/s/satt/sprints/data/converted_10M/mc_normalized_rntuple_10M_103.npz,10,0,2,2,106,4,120,0.03333333333333333,3.3333333333333335,2.0,2.0,4.0,200.0,200.0,400.0,0.0009341239929199219,0.00023353099822998047,320.5326473712921,2.914286580729701e-06,0.0002914286580729701
1320285,1320522,worker,/pscratch/sd/s/satt/sprints/a_star_campaign/npz/npz_tr_103.py,0,0,0,3,0,3,3,1.0,100.0,0.0,3.0,3.0,,,,5.340576171875e-05,1.7801920572916668e-05,320.53020787239075,1.6661693783324119e-07,1.6661693783324117e-05
1320285,1320522,worker,/pscratch/sd/s/satt/sprints/data/converted_10M/mc_normalized_rntuple_10M_103.npz,10,0,2,2,106,4,120,0.03333333333333333,3.3333333333333335,2.0,2.0,4.0,200.0,200.0,400.0,0.0009951591491699219,0.00024878978729248047,320.53020787239075,3.104728118374771e-06,0.0003104728118374771
1320285,1320523,worker,/pscratch/sd/s/satt/sprints/a_star_campaign/npz/npz_tr_103.py,0,0,0,3,0,3,3,1.0,100.0,0.0,3.0,3.0,,,,5.173683166503906e-05,1.724561055501302e-05,320.5312008857727,1.614096584733929e-07,1.614096584733929e-05
1320285,1320523,worker,/pscratch/sd/s/satt/sprints/data/converted_10M/mc_normalized_rntuple_10M_103.npz,10,0,2,2,106,4,120,0.03333333333333333,3.3333333333333335,2.0,2.0,4.0,200.0,200.0,400.0,0.02362227439880371,0.005905568599700928,320.5312008857727,7.36972698243562e-05,0.00736972698243562
1320285,1320524,worker,/pscratch/sd/s/satt/sprints/a_star_campaign/npz/npz_tr_103.py,0,0,0,3,0,3,3,1.0,100.0,0.0,3.0,3.0,,,,5.6743621826171875e-05,1.8914540608723957e-05,320.5260589122772,1.7703278796967232e-07,1.7703278796967232e-05
1320285,1320524,worker,/pscratch/sd/s/satt/sprints/data/converted_10M/mc_normalized_rntuple_10M_103.npz,10,0,2,2,106,4,120,0.03333333333333333,3.3333333333333335,2.0,2.0,4.0,200.0,200.0,400.0,0.0233609676361084,0.0058402419090271,320.5260589122772,7.288320867072439e-05,0.007288320867072438
1320285,1320525,worker,/pscratch/sd/s/satt/sprints/a_star_campaign/npz/npz_tr_103.py,0,0,0,3,0,3,3,1.0,100.0,0.0,3.0,3.0,,,,5.054473876953125e-05,1.6848246256510418e-05,320.5159993171692,1.576980209325348e-07,1.5769802093253477e-05
1320285,1320525,worker,/pscratch/sd/s/satt/sprints/data/converted_10M/mc_normalized_rntuple_10M_103.npz,10,0,2,2,106,4,120,0.03333333333333333,3.3333333333333335,2.0,2.0,4.0,200.0,200.0,400.0,0.0008835792541503906,0.00022089481353759766,320.5159993171692,2.756739931962141e-06,0.0002756739931962141
1320285,1320526,worker,/pscratch/sd/s/satt/sprints/a_star_campaign/npz/npz_tr_103.py,0,0,0,3,0,3,3,1.0,100.0,0.0,3.0,3.0,,,,5.7220458984375e-05,1.9073486328125e-05,320.50895738601685,1.7852998384522346e-07,1.7852998384522344e-05
1320285,1320526,worker,/pscratch/sd/s/satt/sprints/data/converted_10M/mc_normalized_rntuple_10M_103.npz,10,0,2,2,106,4,120,0.03333333333333333,3.3333333333333335,2.0,2.0,4.0,200.0,200.0,400.0,0.0010917186737060547,0.00027292966842651367,320.50895738601685,3.406203316780326e-06,0.00034062033167803256
1320285,1320527,worker,/pscratch/sd/s/satt/sprints/a_star_campaign/npz/npz_tr_103.py,0,0,0,3,0,3,3,1.0,100.0,0.0,3.0,3.0,,,,5.7220458984375e-05,1.9073486328125e-05,320.5010099411011,1.7853441084285658e-07,1.7853441084285656e-05
1320285,1320527,worker,/pscratch/sd/s/satt/sprints/data/converted_10M/mc_normalized_rntuple_10M_103.npz,10,0,2,2,106,4,120,0.03333333333333333,3.3333333333333335,2.0,2.0,4.0,200.0,200.0,400.0,0.0011303424835205078,0.00028258562088012695,320.5010099411011,3.5267985075249292e-06,0.0003526798507524929
1320285,1320528,worker,/pscratch/sd/s/satt/sprints/a_star_campaign/npz/npz_tr_103.py,0,0,0,3,0,3,3,1.0,100.0,0.0,3.0,3.0,,,,5.364418029785156e-05,1.7881393432617188e-05,320.49248790740967,1.6738046076558703e-07,1.6738046076558704e-05
1320285,1320528,worker,/pscratch/sd/s/satt/sprints/data/converted_10M/mc_normalized_rntuple_10M_103.npz,10,0,2,2,106,4,120,0.03333333333333333,3.3333333333333335,2.0,2.0,4.0,200.0,200.0,400.0,0.0013217926025390625,0.0003304481506347656,320.49248790740967,4.1242545532640645e-06,0.00041242545532640647
1320285,1320529,worker,/pscratch/sd/s/satt/sprints/a_star_campaign/npz/npz_tr_103.py,0,0,0,3,0,3,3,1.0,100.0,0.0,3.0,3.0,,,,5.340576171875e-05,1.7801920572916668e-05,320.48794770240784,1.6663890826977504e-07,1.6663890826977505e-05
1320285,1320529,worker,/pscratch/sd/s/satt/sprints/data/converted_10M/mc_normalized_rntuple_10M_103.npz,10,0,2,2,106,4,120,0.03333333333333333,3.3333333333333335,2.0,2.0,4.0,200.0,200.0,400.0,0.0014584064483642578,0.00036460161209106445,320.48794770240784,4.550581258420598e-06,0.0004550581258420598
1320285,1320530,worker,/pscratch/sd/s/satt/sprints/a_star_campaign/npz/npz_tr_103.py,0,0,0,3,0,3,3,1.0,100.0,0.0,3.0,3.0,,,,5.3882598876953125e-05,1.7960866292317707e-05,320.4911127090454,1.681250953310206e-07,1.681250953310206e-05
1320285,1320530,worker,/pscratch/sd/s/satt/sprints/data/converted_10M/mc_normalized_rntuple_10M_103.npz,10,0,2,2,106,4,120,0.03333333333333333,3.3333333333333335,2.0,2.0,4.0,200.0,200.0,400.0,0.0018384456634521484,0.0004596114158630371,320.4911127090454,5.7363389827322996e-06,0.00057363389827323
1320285,1320531,worker,/pscratch/sd/s/satt/sprints/a_star_campaign/npz/npz_tr_103.py,0,0,0,3,0,3,3,1.0,100.0,0.0,3.0,3.0,,,,5.555152893066406e-05,1.8517176310221355e-05,320.4866268634796,1.7333493592020554e-07,1.7333493592020553e-05
1320285,1320531,worker,/pscratch/sd/s/satt/sprints/data/converted_10M/mc_normalized_rntuple_10M_103.npz,10,0,2,2,106,4,120,0.03333333333333333,3.3333333333333335,2.0,2.0,4.0,200.0,200.0,400.0,0.0019202232360839844,0.0004800558090209961,320.4866268634796,5.9915861540829846e-06,0.0005991586154082985
1320285,1320532,worker,/pscratch/sd/s/satt/sprints/a_star_campaign/npz/npz_tr_103.py,0,0,0,3,0,3,3,1.0,100.0,0.0,3.0,3.0,,,,5.14984130859375e-05,1.71661376953125e-05,320.4693605899811,1.6069683850939574e-07,1.6069683850939575e-05
1320285,1320532,worker,/pscratch/sd/s/satt/sprints/data/converted_10M/mc_normalized_rntuple_10M_103.npz,10,0,2,2,106,4,120,0.03333333333333333,3.3333333333333335,2.0,2.0,4.0,200.0,200.0,400.0,0.0018260478973388672,0.0004565119743347168,320.4693605899811,5.69804206547899e-06,0.000569804206547899
1320285,1320533,worker,/pscratch/sd/s/satt/sprints/a_star_campaign/npz/npz_tr_103.py,0,0,0,3,0,3,3,1.0,100.0,0.0,3.0,3.0,,,,5.412101745605469e-05,1.804033915201823e-05,320.4617989063263,1.6888445874284915e-07,1.6888445874284917e-05
1320285,1320533,worker,/pscratch/sd/s/satt/sprints/data/converted_10M/mc_normalized_rntuple_10M_103.npz,10,0,2,2,106,4,120,0.03333333333333333,3.3333333333333335,2.0,2.0,4.0,200.0,200.0,400.0,0.0018482208251953125,0.0004620552062988281,320.4617989063263,5.767367066848312e-06,0.0005767367066848311
1320285,1320534,worker,/pscratch/sd/s/satt/sprints/a_star_campaign/npz/npz_tr_103.py,0,0,0,3,0,3,3,1.0,100.0,0.0,3.0,3.0,,,,5.53131103515625e-05,1.8437703450520832e-05,320.4508774280548,1.7261026337486307e-07,1.7261026337486306e-05
1320285,1320534,worker,/pscratch/sd/s/satt/sprints/data/converted_10M/mc_normalized_rntuple_10M_103.npz,10,0,2,2,106,4,120,0.03333333333333333,3.3333333333333335,2.0,2.0,4.0,200.0,200.0,400.0,0.002030611038208008,0.000507652759552002,320.4508774280548,6.336731091222882e-06,0.0006336731091222882
1320285,1320535,worker,/pscratch/sd/s/satt/sprints/a_star_campaign/npz/npz_tr_103.py,0,0,0,3,0,3,3,1.0,100.0,0.0,3.0,3.0,,,,5.7220458984375e-05,1.9073486328125e-05,320.45201539993286,1.785617073213358e-07,1.785617073213358e-05
1320285,1320535,worker,/pscratch/sd/s/satt/sprints/data/converted_10M/mc_normalized_rntuple_10M_103.npz,10,0,2,2,106,4,120,0.03333333333333333,3.3333333333333335,2.0,2.0,4.0,200.0,200.0,400.0,0.0018744468688964844,0.0004686117172241211,320.45201539993286,5.849383929001425e-06,0.0005849383929001424
1320285,1320536,worker,/pscratch/sd/s/satt/sprints/a_star_campaign/npz/npz_tr_103.py,0,0,0,3,0,3,3,1.0,100.0,0.0,3.0,3.0,,,,5.221366882324219e-05,1.7404556274414062e-05,320.44398951530457,1.6294163888740512e-07,1.629416388874051e-05
1320285,1320536,worker,/pscratch/sd/s/satt/sprints/data/converted_10M/mc_normalized_rntuple_10M_103.npz,10,0,2,2,106,4,120,0.03333333333333333,3.3333333333333335,2.0,2.0,4.0,200.0,200.0,400.0,0.0017540454864501953,0.00043851137161254883,320.44398951530457,5.47379743056913e-06,0.000547379743056913
1320285,1320537,worker,/pscratch/sd/s/satt/sprints/a_star_campaign/npz/npz_tr_103.py,0,0,0,3,0,3,3,1.0,100.0,0.0,3.0,3.0,,,,5.817413330078125e-05,1.9391377766927082e-05,320.4413511753082,1.815437773165397e-07,1.815437773165397e-05
1320285,1320537,worker,/pscratch/sd/s/satt/sprints/data/converted_10M/mc_normalized_rntuple_10M_103.npz,10,0,2,2,106,4,120,0.03333333333333333,3.3333333333333335,2.0,2.0,4.0,200.0,200.0,400.0,0.0019147396087646484,0.0004786849021911621,320.4413511753082,5.975319982086599e-06,0.0005975319982086599
1320285,1320538,worker,/pscratch/sd/s/satt/sprints/a_star_campaign/npz/npz_tr_103.py,0,0,0,3,0,3,3,1.0,100.0,0.0,3.0,3.0,,,,5.793571472167969e-05,1.9311904907226562e-05,320.43568658828735,1.8080294157784787e-07,1.8080294157784786e-05
1320285,1320538,worker,/pscratch/sd/s/satt/sprints/data/converted_10M/mc_normalized_rntuple_10M_103.npz,10,0,2,2,106,4,120,0.03333333333333333,3.3333333333333335,2.0,2.0,4.0,200.0,200.0,400.0,0.001817464828491211,0.00045436620712280273,320.43568658828735,5.6718552413495235e-06,0.0005671855241349523
1320285,1320539,worker,/pscratch/sd/s/satt/sprints/a_star_campaign/npz/npz_tr_103.py,0,0,0,3,0,3,3,1.0,100.0,0.0,3.0,3.0,,,,5.650520324707031e-05,1.8835067749023438e-05,320.4252710342407,1.7634440337582536e-07,1.7634440337582536e-05
1320285,1320539,worker,/pscratch/sd/s/satt/sprints/data/converted_10M/mc_normalized_rntuple_10M_103.npz,10,0,2,2,106,4,120,0.03333333333333333,3.3333333333333335,2.0,2.0,4.0,200.0,200.0,400.0,0.0018041133880615234,0.00045102834701538086,320.4252710342407,5.630371731412955e-06,0.0005630371731412955
1320285,1320540,worker,/pscratch/sd/s/satt/sprints/a_star_campaign/npz/npz_tr_103.py,0,0,0,3,0,3,3,1.0,100.0,0.0,3.0,3.0,,,,5.7220458984375e-05,1.9073486328125e-05,320.41861057281494,1.7858032304079192e-07,1.7858032304079192e-05
1320285,1320540,worker,/pscratch/sd/s/satt/sprints/data/converted_10M/mc_normalized_rntuple_10M_103.npz,10,0,2,2,106,4,120,0.03333333333333333,3.3333333333333335,2.0,2.0,4.0,200.0,200.0,400.0,0.001489400863647461,0.00037235021591186523,320.41861057281494,4.648296991815947e-06,0.00046482969918159466
1320285,1320541,worker,/pscratch/sd/s/satt/sprints/a_star_campaign/npz/npz_tr_103.py,0,0,0,3,0,3,3,1.0,100.0,0.0,3.0,3.0,,,,4.9114227294921875e-05,1.6371409098307293e-05,320.4149606227875,1.5328319002164888e-07,1.5328319002164886e-05
1320285,1320541,worker,/pscratch/sd/s/satt/sprints/data/converted_10M/mc_normalized_rntuple_10M_103.npz,10,0,2,2,106,4,120,0.03333333333333333,3.3333333333333335,2.0,2.0,4.0,200.0,200.0,400.0,0.0016491413116455078,0.00041228532791137695,320.4149606227875,5.146892356212356e-06,0.0005146892356212356
1320285,1320542,worker,/pscratch/sd/s/satt/sprints/a_star_campaign/npz/npz_tr_103.py,0,0,0,3,0,3,3,1.0,100.0,0.0,3.0,3.0,,,,5.316734313964844e-05,1.7722447713216145e-05,320.4099507331848,1.6593536816814567e-07,1.6593536816814567e-05
1320285,1320542,worker,/pscratch/sd/s/satt/sprints/data/converted_10M/mc_normalized_rntuple_10M_103.npz,10,0,2,2,106,4,120,0.03333333333333333,3.3333333333333335,2.0,2.0,4.0,200.0,200.0,400.0,0.001689910888671875,0.00042247772216796875,320.4099507331848,5.2742147514610604e-06,0.0005274214751461061
1320285,1320543,worker,/pscratch/sd/s/satt/sprints/a_star_campaign/npz/npz_tr_103.py,0,0,0,3,0,3,3,1.0,100.0,0.0,3.0,3.0,,,,5.626678466796875e-05,1.8755594889322918e-05,320.3972792625427,1.7561567563082248e-07,1.756156756308225e-05
1320285,1320543,worker,/pscratch/sd/s/satt/sprints/data/converted_10M/mc_normalized_rntuple_10M_103.npz,10,0,2,2,106,4,120,0.03333333333333333,3.3333333333333335,2.0,2.0,4.0,200.0,200.0,400.0,0.0016102790832519531,0.0004025697708129883,320.3972792625427,5.025882513604132e-06,0.0005025882513604132
1320285,1320544,worker,/pscratch/sd/s/satt/sprints/a_star_campaign/npz/npz_tr_103.py,0,0,0,3,0,3,3,1.0,100.0,0.0,3.0,3.0,,,,5.435943603515625e-05,1.811981201171875e-05,320.40202808380127,1.6966008723558553e-07,1.6966008723558554e-05
1320285,1320544,worker,/pscratch/sd/s/satt/sprints/data/converted_10M/mc_normalized_rntuple_10M_103.npz,10,0,2,2,106,4,120,0.03333333333333333,3.3333333333333335,2.0,2.0,4.0,200.0,200.0,400.0,0.0018587112426757812,0.0004646778106689453,320.40202808380127,5.801184386353618e-06,0.0005801184386353618
1320285,1320545,worker,/pscratch/sd/s/satt/sprints/a_star_campaign/npz/npz_tr_103.py,0,0,0,3,0,3,3,1.0,100.0,0.0,3.0,3.0,,,,5.4836273193359375e-05,1.8278757731119793e-05,320.3884959220886,1.7115556236043613e-07,1.7115556236043612e-05
1320285,1320545,worker,/pscratch/sd/s/satt/sprints/data/converted_10M/mc_normalized_rntuple_10M_103.npz,10,0,2,2,106,4,120,0.03333333333333333,3.3333333333333335,2.0,2.0,4.0,200.0,200.0,400.0,0.0016481876373291016,0.0004120469093322754,320.3884959220886,5.144340880859543e-06,0.0005144340880859544
1320285,1320546,worker,/pscratch/sd/s/satt/sprints/a_star_campaign/npz/npz_tr_103.py,0,0,0,3,0,3,3,1.0,100.0,0.0,3.0,3.0,,,,5.6743621826171875e-05,1.8914540608723957e-05,320.37811279296875,1.7711453922834023e-07,1.7711453922834023e-05
1320285,1320546,worker,/pscratch/sd/s/satt/sprints/data/converted_10M/mc_normalized_rntuple_10M_103.npz,10,0,2,2,106,4,120,0.03333333333333333,3.3333333333333335,2.0,2.0,4.0,200.0,200.0,400.0,0.0013167858123779297,0.0003291964530944824,320.37811279296875,4.110099160328248e-06,0.00041100991603282484
1320285,1320547,worker,/pscratch/sd/s/satt/sprints/a_star_campaign/npz/npz_tr_103.py,0,0,0,3,0,3,3,1.0,100.0,0.0,3.0,3.0,,,,5.269050598144531e-05,1.7563501993815105e-05,320.3773047924042,1.6446391549360008e-07,1.6446391549360007e-05
1320285,1320547,worker,/pscratch/sd/s/satt/sprints/data/converted_10M/mc_normalized_rntuple_10M_103.npz,10,0,2,2,106,4,120,0.03333333333333333,3.3333333333333335,2.0,2.0,4.0,200.0,200.0,400.0,0.0014567375183105469,0.0003641843795776367,320.3773047924042,4.546943545999531e-06,0.00045469435459995314
1320285,1320548,worker,/pscratch/sd/s/satt/sprints/a_star_campaign/npz/npz_tr_103.py,0,0,0,3,0,3,3,1.0,100.0,0.0,3.0,3.0,,,,5.412101745605469e-05,1.804033915201823e-05,320.3735809326172,1.6893096271704668e-07,1.6893096271704668e-05
1320285,1320548,worker,/pscratch/sd/s/satt/sprints/data/converted_10M/mc_normalized_rntuple_10M_103.npz,10,0,2,2,106,4,120,0.03333333333333333,3.3333333333333335,2.0,2.0,4.0,200.0,200.0,400.0,0.001435995101928711,0.00035899877548217773,320.3735809326172,4.482251931474767e-06,0.0004482251931474767
1320285,1320549,worker,/pscratch/sd/s/satt/sprints/a_star_campaign/npz/npz_tr_103.py,0,0,0,3,0,3,3,1.0,100.0,0.0,3.0,3.0,,,,6.008148193359375e-05,2.002716064453125e-05,320.3754086494446,1.8753462441724118e-07,1.8753462441724116e-05
1320285,1320549,worker,/pscratch/sd/s/satt/sprints/data/converted_10M/mc_normalized_rntuple_10M_103.npz,10,0,2,2,106,4,120,0.03333333333333333,3.3333333333333335,2.0,2.0,4.0,200.0,200.0,400.0,0.0014553070068359375,0.0003638267517089844,320.3754086494446,4.542505346995397e-06,0.00045425053469953975
1320285,1320550,worker,/pscratch/sd/s/satt/sprints/a_star_campaign/npz/npz_tr_103.py,0,0,0,3,0,3,3,1.0,100.0,0.0,3.0,3.0,,,,5.7220458984375e-05,1.9073486328125e-05,320.36131954193115,1.786122590148889e-07,1.786122590148889e-05
1320285,1320550,worker,/pscratch/sd/s/satt/sprints/data/converted_10M/mc_normalized_rntuple_10M_103.npz,10,0,2,2,106,4,120,0.03333333333333333,3.3333333333333335,2.0,2.0,4.0,200.0,200.0,400.0,0.0014255046844482422,0.00035637617111206055,320.36131954193115,4.44967790270842e-06,0.000444967790270842
1320285,1320551,worker,/pscratch/sd/s/satt/sprints/a_star_campaign/npz/npz_tr_103.py,0,0,0,3,0,3,3,1.0,100.0,0.0,3.0,3.0,,,,5.6743621826171875e-05,1.8914540608723957e-05,320.3585376739502,1.7712536159696035e-07,1.7712536159696036e-05
1320285,1320551,worker,/pscratch/sd/s/satt/sprints/data/converted_10M/mc_normalized_rntuple_10M_103.npz,10,0,2,2,106,4,120,0.03333333333333333,3.3333333333333335,2.0,2.0,4.0,200.0,200.0,400.0,0.001245737075805664,0.000311434268951416,320.3585376739502,3.888571488840831e-06,0.0003888571488840831
1320285,1320552,worker,/pscratch/sd/s/satt/sprints/a_star_campaign/npz/npz_tr_103.py,0,0,0,3,0,3,3,1.0,100.0,0.0,3.0,3.0,,,,5.793571472167969e-05,1.9311904907226562e-05,320.3483057022095,1.8085225890202078e-07,1.808522589020208e-05
1320285,1320552,worker,/pscratch/sd/s/satt/sprints/data/converted_10M/mc_normalized_rntuple_10M_103.npz,10,0,2,2,106,4,120,0.03333333333333333,3.3333333333333335,2.0,2.0,4.0,200.0,200.0,400.0,0.0011670589447021484,0.0002917647361755371,320.3483057022095,3.643093857306139e-06,0.0003643093857306139
1320285,1320553,worker,/pscratch/sd/s/satt/sprints/a_star_campaign/npz/npz_tr_103.py,0,0,0,3,0,3,3,1.0,100.0,0.0,3.0,3.0,,,,6.0558319091796875e-05,2.0186106363932293e-05,320.3382017612457,1.8904494924065337e-07,1.8904494924065337e-05
1320285,1320553,worker,/pscratch/sd/s/satt/sprints/data/converted_10M/mc_normalized_rntuple_10M_103.npz,10,0,2,2,106,4,120,0.03333333333333333,3.3333333333333335,2.0,2.0,4.0,200.0,200.0,400.0,0.0009534358978271484,0.0002383589744567871,320.3382017612457,2.9763415433597355e-06,0.00029763415433597354
1320285,1320554,worker,/pscratch/sd/s/satt/sprints/a_star_campaign/npz/npz_tr_103.py,0,0,0,3,0,3,3,1.0,100.0,0.0,3.0,3.0,,,,5.53131103515625e-05,1.8437703450520832e-05,320.3362126350403,1.7267204945880047e-07,1.7267204945880046e-05
1320285,1320554,worker,/pscratch/sd/s/satt/sprints/data/converted_10M/mc_normalized_rntuple_10M_103.npz,10,0,2,2,106,4,120,0.03333333333333333,3.3333333333333335,2.0,2.0,4.0,200.0,200.0,400.0,0.0011682510375976562,0.00029206275939941406,320.3362126350403,3.6469527687419066e-06,0.0003646952768741906
1320285,1320555,worker,/pscratch/sd/s/satt/sprints/a_star_campaign/npz/npz_tr_103.py,0,0,0,3,0,3,3,1.0,100.0,0.0,3.0,3.0,,,,5.602836608886719e-05,1.8676122029622395e-05,320.33402919769287,1.7490606985837745e-07,1.7490606985837745e-05
1320285,1320555,worker,/pscratch/sd/s/satt/sprints/data/converted_10M/mc_normalized_rntuple_10M_103.npz,10,0,2,2,106,4,120,0.03333333333333333,3.3333333333333335,2.0,2.0,4.0,200.0,200.0,400.0,0.001066446304321289,0.00026661157608032227,320.33402919769287,3.3291695764958395e-06,0.000332916957649584
1320285,1320556,worker,/pscratch/sd/s/satt/sprints/a_star_campaign/npz/npz_tr_103.py,0,0,0,3,0,3,3,1.0,100.0,0.0,3.0,3.0,,,,5.507469177246094e-05,1.8358230590820312e-05,320.3217787742615,1.7193552053565926e-07,1.7193552053565926e-05
1320285,1320556,worker,/pscratch/sd/s/satt/sprints/data/converted_10M/mc_normalized_rntuple_10M_103.npz,10,0,2,2,106,4,120,0.03333333333333333,3.3333333333333335,2.0,2.0,4.0,200.0,200.0,400.0,0.0009844303131103516,0.0002461075782775879,320.3217787742615,3.073254390873321e-06,0.0003073254390873321
1320285,1320557,worker,/pscratch/sd/s/satt/sprints/a_star_campaign/npz/npz_tr_103.py,0,0,0,3,0,3,3,1.0,100.0,0.0,3.0,3.0,,,,6.604194641113281e-05,2.201398213704427e-05,320.31762766838074,2.0617643459667756e-07,2.0617643459667757e-05
1320285,1320557,worker,/pscratch/sd/s/satt/sprints/data/converted_10M/mc_normalized_rntuple_10M_103.npz,10,0,2,2,106,4,120,0.03333333333333333,3.3333333333333335,2.0,2.0,4.0,200.0,200.0,400.0,0.0009546279907226562,0.00023865699768066406,320.31762766838074,2.9802543109209274e-06,0.00029802543109209273
1320285,1320558,worker,/pscratch/sd/s/satt/sprints/a_star_campaign/npz/npz_tr_103.py,0,0,0,3,0,3,3,1.0,100.0,0.0,3.0,3.0,,,,5.3882598876953125e-05,1.7960866292317707e-05,320.3141255378723,1.6821799159332522e-07,1.682179915933252e-05
1320285,1320558,worker,/pscratch/sd/s/satt/sprints/data/converted_10M/mc_normalized_rntuple_10M_103.npz,10,0,2,2,106,4,120,0.03333333333333333,3.3333333333333335,2.0,2.0,4.0,200.0,200.0,400.0,0.0009412765502929688,0.0002353191375732422,320.3141255378723,2.9386045611081767e-06,0.0002938604561108177
1320285,1320559,worker,/pscratch/sd/s/satt/sprints/a_star_campaign/npz/npz_tr_103.py,0,0,0,3,0,3,3,1.0,100.0,0.0,3.0,3.0,,,,5.626678466796875e-05,1.8755594889322918e-05,320.3053469657898,1.7566607988588564e-07,1.7566607988588566e-05
1320285,1320559,worker,/pscratch/sd/s/satt/sprints/data/converted_10M/mc_normalized_rntuple_10M_103.npz,10,0,2,2,106,4,120,0.03333333333333333,3.3333333333333335,2.0,2.0,4.0,200.0,200.0,400.0,0.0008153915405273438,0.00020384788513183594,320.3053469657898,2.5456694627530885e-06,0.0002545669462753089
1320285,1320560,worker,/pscratch/sd/s/satt/sprints/a_star_campaign/npz/npz_tr_103.py,0,0,0,3,0,3,3,1.0,100.0,0.0,3.0,3.0,,,,4.9591064453125e-05,1.6530354817708332e-05,320.2969284057617,1.5482841093718374e-07,1.5482841093718377e-05
1320285,1320560,worker,/pscratch/sd/s/satt/sprints/data/converted_10M/mc_normalized_rntuple_10M_103.npz,10,0,2,2,106,4,120,0.03333333333333333,3.3333333333333335,2.0,2.0,4.0,200.0,200.0,400.0,0.0007803440093994141,0.00019508600234985352,320.2969284057617,2.4363143701798193e-06,0.00024363143701798193
1320285,1320561,worker,/pscratch/sd/s/satt/sprints/a_star_campaign/npz/npz_tr_103.py,0,0,0,3,0,3,3,1.0,100.0,0.0,3.0,3.0,,,,6.031990051269531e-05,2.010663350423177e-05,320.2991886138916,1.8832361322466115e-07,1.8832361322466117e-05
1320285,1320561,worker,/pscratch/sd/s/satt/sprints/data/converted_10M/mc_normalized_rntuple_10M_103.npz,10,0,2,2,106,4,120,0.03333333333333333,3.3333333333333335,2.0,2.0,4.0,200.0,200.0,400.0,0.0007278919219970703,0.00018197298049926758,320.2991886138916,2.272537514525259e-06,0.0002272537514525259
1320285,1320562,worker,/pscratch/sd/s/satt/sprints/a_star_campaign/npz/npz_tr_103.py,0,0,0,3,0,3,3,1.0,100.0,0.0,3.0,3.0,,,,6.67572021484375e-05,2.2252400716145832e-05,320.28628301620483,2.084297882499699e-07,2.084297882499699e-05
1320285,1320562,worker,/pscratch/sd/s/satt/sprints/data/converted_10M/mc_normalized_rntuple_10M_103.npz,10,0,2,2,106,4,120,0.03333333333333333,3.3333333333333335,2.0,2.0,4.0,200.0,200.0,400.0,0.0006628036499023438,0.00016570091247558594,320.28628301620483,2.069410040481844e-06,0.00020694100404818438
1320285,1320563,worker,/pscratch/sd/s/satt/sprints/a_star_campaign/npz/npz_tr_103.py,0,0,0,3,0,3,3,1.0,100.0,0.0,3.0,3.0,,,,5.7697296142578125e-05,1.9232432047526043e-05,320.284300327301,1.8014400357312802e-07,1.8014400357312804e-05
1320285,1320563,worker,/pscratch/sd/s/satt/sprints/data/converted_10M/mc_normalized_rntuple_10M_103.npz,10,0,2,2,106,4,120,0.03333333333333333,3.3333333333333335,2.0,2.0,4.0,200.0,200.0,400.0,0.000457763671875,0.00011444091796875,320.284300327301,1.4292416812413463e-06,0.00014292416812413463
1320285,1320564,worker,/pscratch/sd/s/satt/sprints/a_star_campaign/npz/npz_tr_103.py,0,0,0,3,0,3,3,1.0,100.0,0.0,3.0,3.0,,,,5.459785461425781e-05,1.819928487141927e-05,320.27542757987976,1.7047156888313133e-07,1.7047156888313133e-05
1320285,1320564,worker,/pscratch/sd/s/satt/sprints/data/converted_10M/mc_normalized_rntuple_10M_103.npz,10,0,2,2,106,4,120,0.03333333333333333,3.3333333333333335,2.0,2.0,4.0,200.0,200.0,400.0,0.0005509853363037109,0.00013774633407592773,320.27542757987976,1.7203484527900283e-06,0.00017203484527900285
1320285,1320565,worker,/pscratch/sd/s/satt/sprints/a_star_campaign/npz/npz_tr_103.py,0,0,0,3,0,3,3,1.0,100.0,0.0,3.0,3.0,,,,5.745887756347656e-05,1.915295918782552e-05,320.2745418548584,1.7940507300613266e-07,1.7940507300613265e-05
1320285,1320565,worker,/pscratch/sd/s/satt/sprints/data/converted_10M/mc_normalized_rntuple_10M_103.npz,10,0,2,2,106,4,120,0.03333333333333333,3.3333333333333335,2.0,2.0,4.0,200.0,200.0,400.0,0.0004749298095703125,0.00011873245239257812,320.2745418548584,1.4828834250133456e-06,0.00014828834250133456
1320285,1320566,worker,/pscratch/sd/s/satt/sprints/a_star_campaign/npz/npz_tr_103.py,0,0,0,3,0,3,3,1.0,100.0,0.0,3.0,3.0,,,,5.8650970458984375e-05,1.9550323486328125e-05,320.2628507614136,1.8313385495552723e-07,1.831338549555272e-05
1320285,1320566,worker,/pscratch/sd/s/satt/sprints/data/converted_10M/mc_normalized_rntuple_10M_103.npz,10,0,2,2,106,4,120,0.03333333333333333,3.3333333333333335,2.0,2.0,4.0,200.0,200.0,400.0,0.0004382133483886719,0.00010955333709716797,320.2628507614136,1.3682927862124352e-06,0.00013682927862124352
1320285,1320567,worker,/pscratch/sd/s/satt/sprints/a_star_campaign/npz/npz_tr_103.py,0,0,0,3,0,3,3,1.0,100.0,0.0,3.0,3.0,,,,5.4836273193359375e-05,1.8278757731119793e-05,320.2544038295746,1.7122722603540166e-07,1.712272260354017e-05
1320285,1320567,worker,/pscratch/sd/s/satt/sprints/data/converted_10M/mc_normalized_rntuple_10M_103.npz,10,0,2,2,106,4,120,0.03333333333333333,3.3333333333333335,2.0,2.0,4.0,200.0,200.0,400.0,0.000457763671875,0.00011444091796875,320.2544038295746,1.429375104295527e-06,0.0001429375104295527
1320285,1320568,worker,/pscratch/sd/s/satt/sprints/a_star_campaign/npz/npz_tr_103.py,0,0,0,3,0,3,3,1.0,100.0,0.0,3.0,3.0,,,,5.316734313964844e-05,1.7722447713216145e-05,320.2494807243347,1.6601851475104803e-07,1.6601851475104802e-05
1320285,1320568,worker,/pscratch/sd/s/satt/sprints/data/converted_10M/mc_normalized_rntuple_10M_103.npz,10,0,2,2,106,4,120,0.03333333333333333,3.3333333333333335,2.0,2.0,4.0,200.0,200.0,400.0,0.0004277229309082031,0.00010693073272705078,320.2494807243347,1.3355928944546195e-06,0.00013355928944546196
1320285,1320569,worker,/pscratch/sd/s/satt/sprints/a_star_campaign/npz/npz_tr_103.py,0,0,0,3,0,3,3,1.0,100.0,0.0,3.0,3.0,,,,5.14984130859375e-05,1.71661376953125e-05,320.25089144706726,1.6080646287427877e-07,1.6080646287427877e-05
1320285,1320569,worker,/pscratch/sd/s/satt/sprints/data/converted_10M/mc_normalized_rntuple_10M_103.npz,10,0,2,2,106,4,120,0.03333333333333333,3.3333333333333335,2.0,2.0,4.0,200.0,200.0,400.0,0.00040531158447265625,0.00010132789611816406,320.25089144706726,1.2656064207697865e-06,0.00012656064207697867
1320285,1320570,worker,/pscratch/sd/s/satt/sprints/a_star_campaign/npz/npz_tr_103.py,0,0,0,3,0,3,3,1.0,100.0,0.0,3.0,3.0,,,,6.389617919921875e-05,2.1298726399739582e-05,320.2404923439026,1.9952560880590134e-07,1.9952560880590133e-05
1320285,1320570,worker,/pscratch/sd/s/satt/sprints/data/converted_10M/mc_normalized_rntuple_10M_103.npz,10,0,2,2,106,4,120,0.03333333333333333,3.3333333333333335,2.0,2.0,4.0,200.0,200.0,400.0,0.0004169940948486328,0.0001042485237121582,320.2404923439026,1.3021279470206024e-06,0.00013021279470206023
1320285,1320571,worker,/pscratch/sd/s/satt/sprints/a_star_campaign/npz/npz_tr_103.py,0,0,0,3,0,3,3,1.0,100.0,0.0,3.0,3.0,,,,6.0558319091796875e-05,2.0186106363932293e-05,320.2354815006256,1.8910558820034615e-07,1.8910558820034616e-05
1320285,1320571,worker,/pscratch/sd/s/satt/sprints/data/converted_10M/mc_normalized_rntuple_10M_103.npz,10,0,2,2,106,4,120,0.03333333333333333,3.3333333333333335,2.0,2.0,4.0,200.0,200.0,400.0,0.0004620552062988281,0.00011551380157470703,320.2354815006256,1.4428607477648458e-06,0.00014428607477648457
1320285,1320572,worker,/pscratch/sd/s/satt/sprints/a_star_campaign/npz/npz_tr_103.py,0,0,0,3,0,3,3,1.0,100.0,0.0,3.0,3.0,,,,5.4836273193359375e-05,1.8278757731119793e-05,320.230605840683,1.7123995081419797e-07,1.71239950814198e-05
1320285,1320572,worker,/pscratch/sd/s/satt/sprints/data/converted_10M/mc_normalized_rntuple_10M_103.npz,10,0,2,2,106,4,120,0.03333333333333333,3.3333333333333335,2.0,2.0,4.0,200.0,200.0,400.0,0.00040650367736816406,0.00010162591934204102,320.230605840683,1.2694092006009025e-06,0.00012694092006009024
1320285,1320573,worker,/pscratch/sd/s/satt/sprints/a_star_campaign/npz/npz_tr_103.py,0,0,0,3,0,3,3,1.0,100.0,0.0,3.0,3.0,,,,5.6743621826171875e-05,1.8914540608723957e-05,320.21919870376587,1.7720243525643596e-07,1.7720243525643596e-05
1320285,1320573,worker,/pscratch/sd/s/satt/sprints/data/converted_10M/mc_normalized_rntuple_10M_103.npz,10,0,2,2,106,4,120,0.03333333333333333,3.3333333333333335,2.0,2.0,4.0,200.0,200.0,400.0,0.00038933753967285156,9.733438491821289e-05,320.21919870376587,1.2158469612342854e-06,0.00012158469612342855
1320285,1320574,worker,/pscratch/sd/s/satt/sprints/a_star_campaign/npz/npz_tr_103.py,0,0,0,3,0,3,3,1.0,100.0,0.0,3.0,3.0,,,,5.626678466796875e-05,1.8755594889322918e-05,320.2122619152069,1.757171456565531e-07,1.7571714565655312e-05
1320285,1320574,worker,/pscratch/sd/s/satt/sprints/data/converted_10M/mc_normalized_rntuple_10M_103.npz,10,0,2,2,106,4,120,0.03333333333333333,3.3333333333333335,2.0,2.0,4.0,200.0,200.0,400.0,0.0004124641418457031,0.00010311603546142578,320.2122619152069,1.2880960253637156e-06,0.00012880960253637157
1320285,1320575,worker,/pscratch/sd/s/satt/sprints/a_star_campaign/npz/npz_tr_103.py,0,0,0,3,0,3,3,1.0,100.0,0.0,3.0,3.0,,,,5.984306335449219e-05,1.994768778483073e-05,320.1981523036957,1.8689384346519695e-07,1.8689384346519692e-05
1320285,1320575,worker,/pscratch/sd/s/satt/sprints/data/converted_10M/mc_normalized_rntuple_10M_103.npz,10,0,2,2,106,4,120,0.03333333333333333,3.3333333333333335,2.0,2.0,4.0,200.0,200.0,400.0,0.000400543212890625,0.00010013580322265625,320.1981523036957,1.2509229363407604e-06,0.00012509229363407603
1320285,1320576,worker,/pscratch/sd/s/satt/sprints/a_star_campaign/npz/npz_tr_103.py,0,0,0,3,0,3,3,1.0,100.0,0.0,3.0,3.0,,,,5.412101745605469e-05,1.804033915201823e-05,320.2015323638916,1.6902173158418586e-07,1.6902173158418585e-05
1320285,1320576,worker,/pscratch/sd/s/satt/sprints/data/converted_10M/mc_normalized_rntuple_10M_103.npz,10,0,2,2,106,4,120,0.03333333333333333,3.3333333333333335,2.0,2.0,4.0,200.0,200.0,400.0,0.000385284423828125,9.632110595703125e-05,320.2015323638916,1.203256027489182e-06,0.00012032560274891821
1320285,1320577,worker,/pscratch/sd/s/satt/sprints/a_star_campaign/npz/npz_tr_103.py,0,0,0,3,0,3,3,1.0,100.0,0.0,3.0,3.0,,,,5.435943603515625e-05,1.811981201171875e-05,320.20046734809875,1.697668853682859e-07,1.6976688536828587e-05
1320285,1320577,worker,/pscratch/sd/s/satt/sprints/data/converted_10M/mc_normalized_rntuple_10M_103.npz,10,0,2,2,106,4,120,0.03333333333333333,3.3333333333333335,2.0,2.0,4.0,200.0,200.0,400.0,0.000415802001953125,0.00010395050048828125,320.20046734809875,1.2985677547468885e-06,0.00012985677547468886
1320285,1320578,worker,/pscratch/sd/s/satt/sprints/a_star_campaign/npz/npz_tr_103.py,0,0,0,3,0,3,3,1.0,100.0,0.0,3.0,3.0,,,,5.3882598876953125e-05,1.7960866292317707e-05,320.1885726451874,1.6828395352092218e-07,1.682839535209222e-05
1320285,1320578,worker,/pscratch/sd/s/satt/sprints/data/converted_10M/mc_normalized_rntuple_10M_103.npz,10,0,2,2,106,4,120,0.03333333333333333,3.3333333333333335,2.0,2.0,4.0,200.0,200.0,400.0,0.00037741661071777344,9.435415267944336e-05,320.1885726451874,1.1787322939098222e-06,0.00011787322939098222
1320285,1320579,worker,/pscratch/sd/s/satt/sprints/a_star_campaign/npz/npz_tr_103.py,0,0,0,3,0,3,3,1.0,100.0,0.0,3.0,3.0,,,,5.2928924560546875e-05,1.7642974853515625e-05,320.1830322742462,1.65308336874053e-07,1.65308336874053e-05
1320285,1320579,worker,/pscratch/sd/s/satt/sprints/data/converted_10M/mc_normalized_rntuple_10M_103.npz,10,0,2,2,106,4,120,0.03333333333333333,3.3333333333333335,2.0,2.0,4.0,200.0,200.0,400.0,0.0003421306610107422,8.553266525268555e-05,320.1830322742462,1.0685471324966939e-06,0.00010685471324966939
1320285,1320580,worker,/pscratch/sd/s/satt/sprints/a_star_campaign/npz/npz_tr_103.py,0,0,0,3,0,3,3,1.0,100.0,0.0,3.0,3.0,,,,5.7220458984375e-05,1.9073486328125e-05,320.1839108467102,1.7871122516137173e-07,1.7871122516137174e-05
1320285,1320580,worker,/pscratch/sd/s/satt/sprints/data/converted_10M/mc_normalized_rntuple_10M_103.npz,10,0,2,2,106,4,120,0.03333333333333333,3.3333333333333335,2.0,2.0,4.0,200.0,200.0,400.0,0.0004336833953857422,0.00010842084884643555,320.1839108467102,1.35448216070223e-06,0.000135448216070223
1320285,1320581,worker,/pscratch/sd/s/satt/sprints/a_star_campaign/npz/npz_tr_103.py,0,0,0,3,0,3,3,1.0,100.0,0.0,3.0,3.0,,,,5.698204040527344e-05,1.899401346842448e-05,320.1773784160614,1.7797022602648365e-07,1.7797022602648366e-05
1320285,1320581,worker,/pscratch/sd/s/satt/sprints/data/converted_10M/mc_normalized_rntuple_10M_103.npz,10,0,2,2,106,4,120,0.03333333333333333,3.3333333333333335,2.0,2.0,4.0,200.0,200.0,400.0,0.00037980079650878906,9.495019912719727e-05,320.1773784160614,1.1862199584108304e-06,0.00011862199584108305
1320285,1320582,worker,/pscratch/sd/s/satt/sprints/a_star_campaign/npz/npz_tr_103.py,0,0,0,3,0,3,3,1.0,100.0,0.0,3.0,3.0,,,,5.5789947509765625e-05,1.8596649169921875e-05,320.1636919975281,1.742544482845243e-07,1.742544482845243e-05
1320285,1320582,worker,/pscratch/sd/s/satt/sprints/data/converted_10M/mc_normalized_rntuple_10M_103.npz,10,0,2,2,106,4,120,0.03333333333333333,3.3333333333333335,2.0,2.0,4.0,200.0,200.0,400.0,0.0004138946533203125,0.00010347366333007812,320.1636919975281,1.2927594966749325e-06,0.00012927594966749326
1320285,1320583,worker,/pscratch/sd/s/satt/sprints/a_star_campaign/npz/npz_tr_103.py,0,0,0,3,0,3,3,1.0,100.0,0.0,3.0,3.0,,,,6.604194641113281e-05,2.201398213704427e-05,320.15844345092773,2.062789464468876e-07,2.062789464468876e-05
1320285,1320583,worker,/pscratch/sd/s/satt/sprints/data/converted_10M/mc_normalized_rntuple_10M_103.npz,10,0,2,2,106,4,120,0.03333333333333333,3.3333333333333335,2.0,2.0,4.0,200.0,200.0,400.0,0.0003955364227294922,9.888410568237305e-05,320.15844345092773,1.2354396106692655e-06,0.00012354396106692655
1320285,1320584,worker,/pscratch/sd/s/satt/sprints/a_star_campaign/npz/npz_tr_103.py,0,0,0,3,0,3,3,1.0,100.0,0.0,3.0,3.0,,,,5.53131103515625e-05,1.8437703450520832e-05,320.1512522697449,1.727718069487924e-07,1.727718069487924e-05
1320285,1320584,worker,/pscratch/sd/s/satt/sprints/data/converted_10M/mc_normalized_rntuple_10M_103.npz,10,0,2,2,106,4,120,0.03333333333333333,3.3333333333333335,2.0,2.0,4.0,200.0,200.0,400.0,0.0003604888916015625,9.012222290039062e-05,320.1512522697449,1.1259955694248885e-06,0.00011259955694248884
1320285,1320585,worker,/pscratch/sd/s/satt/sprints/a_star_campaign/npz/npz_tr_103.py,0,0,0,3,0,3,3,1.0,100.0,0.0,3.0,3.0,,,,5.936622619628906e-05,1.9788742065429688e-05,320.1489474773407,1.8543314499102281e-07,1.854331449910228e-05
1320285,1320585,worker,/pscratch/sd/s/satt/sprints/data/converted_10M/mc_normalized_rntuple_10M_103.npz,10,0,2,2,106,4,120,0.03333333333333333,3.3333333333333335,2.0,2.0,4.0,200.0,200.0,400.0,0.00045180320739746094,0.00011295080184936523,320.1489474773407,1.4112281516385069e-06,0.00014112281516385068
1320285,1320586,worker,/pscratch/sd/s/satt/sprints/a_star_campaign/npz/npz_tr_103.py,0,0,0,3,0,3,3,1.0,100.0,0.0,3.0,3.0,,,,6.508827209472656e-05,2.1696090698242188e-05,320.13476371765137,2.0331522680908324e-07,2.0331522680908326e-05
1320285,1320586,worker,/pscratch/sd/s/satt/sprints/data/converted_10M/mc_normalized_rntuple_10M_103.npz,10,0,2,2,106,4,120,0.03333333333333333,3.3333333333333335,2.0,2.0,4.0,200.0,200.0,400.0,0.0003857612609863281,9.644031524658203e-05,320.13476371765137,1.2049964724435776e-06,0.00012049964724435776
1320285,1320587,worker,/pscratch/sd/s/satt/sprints/a_star_campaign/npz/npz_tr_103.py,0,0,0,3,0,3,3,1.0,100.0,0.0,3.0,3.0,,,,5.9604644775390625e-05,1.9868214925130207e-05,320.1380388736725,1.8618420036898775e-07,1.8618420036898774e-05
1320285,1320587,worker,/pscratch/sd/s/satt/sprints/data/converted_10M/mc_normalized_rntuple_10M_103.npz,10,0,2,2,106,4,120,0.03333333333333333,3.3333333333333335,2.0,2.0,4.0,200.0,200.0,400.0,0.0003876686096191406,9.691715240478516e-05,320.1380388736725,1.2109420391998962e-06,0.00012109420391998962
1320285,1320588,worker,/pscratch/sd/s/satt/sprints/a_star_campaign/npz/npz_tr_103.py,0,0,0,3,0,3,3,1.0,100.0,0.0,3.0,3.0,,,,5.7220458984375e-05,1.9073486328125e-05,320.1286895275116,1.787420523565962e-07,1.787420523565962e-05
1320285,1320588,worker,/pscratch/sd/s/satt/sprints/data/converted_10M/mc_normalized_rntuple_10M_103.npz,10,0,2,2,106,4,120,0.03333333333333333,3.3333333333333335,2.0,2.0,4.0,200.0,200.0,400.0,0.00040149688720703125,0.00010037422180175781,320.1286895275116,1.2541734007021165e-06,0.00012541734007021164
1320285,1320589,worker,/pscratch/sd/s/satt/sprints/a_star_campaign/npz/npz_tr_103.py,0,0,0,3,0,3,3,1.0,100.0,0.0,3.0,3.0,,,,5.1975250244140625e-05,1.7325083414713543e-05,320.12439465522766,1.6235954245260722e-07,1.6235954245260724e-05
1320285,1320589,worker,/pscratch/sd/s/satt/sprints/data/converted_10M/mc_normalized_rntuple_10M_103.npz,10,0,2,2,106,4,120,0.03333333333333333,3.3333333333333335,2.0,2.0,4.0,200.0,200.0,400.0,0.0004429817199707031,0.00011074542999267578,320.12439465522766,1.3837799535639643e-06,0.00013837799535639645
1320285,1320590,worker,/pscratch/sd/s/satt/sprints/a_star_campaign/npz/npz_tr_103.py,0,0,0,3,0,3,3,1.0,100.0,0.0,3.0,3.0,,,,6.127357482910156e-05,2.0424524943033855e-05,320.10513710975647,1.9141703061170277e-07,1.9141703061170275e-05
1320285,1320590,worker,/pscratch/sd/s/satt/sprints/data/converted_10M/mc_normalized_rntuple_10M_103.npz,10,0,2,2,106,4,120,0.03333333333333333,3.3333333333333335,2.0,2.0,4.0,200.0,200.0,400.0,0.00040721893310546875,0.00010180473327636719,320.10513710975647,1.2721411995517055e-06,0.00012721411995517056
1320285,1320591,worker,/pscratch/sd/s/satt/sprints/a_star_campaign/npz/npz_tr_103.py,0,0,0,3,0,3,3,1.0,100.0,0.0,3.0,3.0,,,,5.4836273193359375e-05,1.8278757731119793e-05,320.10769605636597,1.7130570076548102e-07,1.7130570076548102e-05
1320285,1320591,worker,/pscratch/sd/s/satt/sprints/data/converted_10M/mc_normalized_rntuple_10M_103.npz,10,0,2,2,106,4,120,0.03333333333333333,3.3333333333333335,2.0,2.0,4.0,200.0,200.0,400.0,0.00039315223693847656,9.828805923461914e-05,320.10769605636597,1.2281873937490355e-06,0.00012281873937490355
1320285,1320592,worker,/pscratch/sd/s/satt/sprints/a_star_campaign/npz/npz_tr_103.py,0,0,0,3,0,3,3,1.0,100.0,0.0,3.0,3.0,,,,5.53131103515625e-05,1.8437703450520832e-05,320.1029496192932,1.7279787773698377e-07,1.7279787773698374e-05
1320285,1320592,worker,/pscratch/sd/s/satt/sprints/data/converted_10M/mc_normalized_rntuple_10M_103.npz,10,0,2,2,106,4,120,0.03333333333333333,3.3333333333333335,2.0,2.0,4.0,200.0,200.0,400.0,0.00042176246643066406,0.00010544061660766602,320.1029496192932,1.3175838177445012e-06,0.00013175838177445013
1320285,1320593,worker,/pscratch/sd/s/satt/sprints/a_star_campaign/npz/npz_tr_103.py,0,0,0,3,0,3,3,1.0,100.0,0.0,3.0,3.0,,,,5.5789947509765625e-05,1.8596649169921875e-05,320.09641909599304,1.7429107038224908e-07,1.7429107038224908e-05
1320285,1320593,worker,/pscratch/sd/s/satt/sprints/data/converted_10M/mc_normalized_rntuple_10M_103.npz,10,0,2,2,106,4,120,0.03333333333333333,3.3333333333333335,2.0,2.0,4.0,200.0,200.0,400.0,0.00042557716369628906,0.00010639429092407227,320.09641909599304,1.3295280368902335e-06,0.00013295280368902336
1320285,1320594,worker,/pscratch/sd/s/satt/sprints/a_star_campaign/npz/npz_tr_103.py,0,0,0,3,0,3,3,1.0,100.0,0.0,3.0,3.0,,,,5.459785461425781e-05,1.819928487141927e-05,320.0898196697235,1.705704188611597e-07,1.705704188611597e-05
1320285,1320594,worker,/pscratch/sd/s/satt/sprints/data/converted_10M/mc_normalized_rntuple_10M_103.npz,10,0,2,2,106,4,120,0.03333333333333333,3.3333333333333335,2.0,2.0,4.0,200.0,200.0,400.0,0.0003809928894042969,9.524822235107422e-05,320.0898196697235,1.1902686870748174e-06,0.00011902686870748174
1320285,1320595,worker,/pscratch/sd/s/satt/sprints/a_star_campaign/npz/npz_tr_103.py,0,0,0,3,0,3,3,1.0,100.0,0.0,3.0,3.0,,,,5.555152893066406e-05,1.8517176310221355e-05,320.08872532844543,1.7355040816780478e-07,1.735504081678048e-05
1320285,1320595,worker,/pscratch/sd/s/satt/sprints/data/converted_10M/mc_normalized_rntuple_10M_103.npz,10,0,2,2,106,4,120,0.03333333333333333,3.3333333333333335,2.0,2.0,4.0,200.0,200.0,400.0,0.0004355907440185547,0.00010889768600463867,320.08872532844543,1.3608437584660058e-06,0.00013608437584660058
1320285,1320596,worker,/pscratch/sd/s/satt/sprints/a_star_campaign/npz/npz_tr_103.py,0,0,0,3,0,3,3,1.0,100.0,0.0,3.0,3.0,,,,5.316734313964844e-05,1.7722447713216145e-05,320.0836625099182,1.661045200580988e-07,1.661045200580988e-05
1320285,1320596,worker,/pscratch/sd/s/satt/sprints/data/converted_10M/mc_normalized_rntuple_10M_103.npz,10,0,2,2,106,4,120,0.03333333333333333,3.3333333333333335,2.0,2.0,4.0,200.0,200.0,400.0,0.0003590583801269531,8.976459503173828e-05,320.0836625099182,1.1217641578811515e-06,0.00011217641578811515
1320285,1320597,worker,/pscratch/sd/s/satt/sprints/a_star_campaign/npz/npz_tr_103.py,0,0,0,3,0,3,3,1.0,100.0,0.0,3.0,3.0,,,,5.173683166503906e-05,1.724561055501302e-05,320.06241393089294,1.6164607093230868e-07,1.6164607093230867e-05
1320285,1320597,worker,/pscratch/sd/s/satt/sprints/data/converted_10M/mc_normalized_rntuple_10M_103.npz,10,0,2,2,106,4,120,0.03333333333333333,3.3333333333333335,2.0,2.0,4.0,200.0,200.0,400.0,0.00036716461181640625,9.179115295410156e-05,320.06241393089294,1.1471656646809003e-06,0.00011471656646809004
1320285,1320598,worker,/pscratch/sd/s/satt/sprints/a_star_campaign/npz/npz_tr_103.py,0,0,0,3,0,3,3,1.0,100.0,0.0,3.0,3.0,,,,5.53131103515625e-05,1.8437703450520832e-05,320.06469345092773,1.7281853163864543e-07,1.728185316386454e-05
1320285,1320598,worker,/pscratch/sd/s/satt/sprints/data/converted_10M/mc_normalized_rntuple_10M_103.npz,10,0,2,2,106,4,120,0.03333333333333333,3.3333333333333335,2.0,2.0,4.0,200.0,200.0,400.0,0.00040531158447265625,0.00010132789611816406,320.06469345092773,1.2663426887314535e-06,0.00012663426887314535
1320285,1320599,worker,/pscratch/sd/s/satt/sprints/a_star_campaign/npz/npz_tr_103.py,0,0,0,3,0,3,3,1.0,100.0,0.0,3.0,3.0,,,,5.340576171875e-05,1.7801920572916668e-05,320.06164956092834,1.6686085881271272e-07,1.668608588127127e-05
1320285,1320599,worker,/pscratch/sd/s/satt/sprints/data/converted_10M/mc_normalized_rntuple_10M_103.npz,10,0,2,2,106,4,120,0.03333333333333333,3.3333333333333335,2.0,2.0,4.0,200.0,200.0,400.0,0.0003883838653564453,9.709596633911133e-05,320.06164956092834,1.2134657991335225e-06,0.00012134657991335224
1320285,1320600,worker,/pscratch/sd/s/satt/sprints/a_star_campaign/npz/npz_tr_103.py,0,0,0,3,0,3,3,1.0,100.0,0.0,3.0,3.0,,,,5.8650970458984375e-05,1.9550323486328125e-05,320.0567216873169,1.8325180033645448e-07,1.8325180033645447e-05
1320285,1320600,worker,/pscratch/sd/s/satt/sprints/data/converted_10M/mc_normalized_rntuple_10M_103.npz,10,0,2,2,106,4,120,0.03333333333333333,3.3333333333333335,2.0,2.0,4.0,200.0,200.0,400.0,0.00043773651123046875,0.00010943412780761719,320.0567216873169,1.3676841683647578e-06,0.0001367684168364758
1320285,1320601,worker,/pscratch/sd/s/satt/sprints/a_star_campaign/npz/npz_tr_103.py,0,0,0,3,0,3,3,1.0,100.0,0.0,3.0,3.0,,,,5.602836608886719e-05,1.8676122029622395e-05,320.0459830760956,1.7506348790994084e-07,1.7506348790994084e-05
1320285,1320601,worker,/pscratch/sd/s/satt/sprints/data/converted_10M/mc_normalized_rntuple_10M_103.npz,10,0,2,2,106,4,120,0.03333333333333333,3.3333333333333335,2.0,2.0,4.0,200.0,200.0,400.0,0.0003674030303955078,9.185075759887695e-05,320.0459830760956,1.1479695100817823e-06,0.00011479695100817823
1320285,1320602,worker,/pscratch/sd/s/satt/sprints/a_star_campaign/npz/npz_tr_103.py,0,0,0,3,0,3,3,1.0,100.0,0.0,3.0,3.0,,,,5.53131103515625e-05,1.8437703450520832e-05,320.0408990383148,1.7283138035723522e-07,1.728313803572352e-05
1320285,1320602,worker,/pscratch/sd/s/satt/sprints/data/converted_10M/mc_normalized_rntuple_10M_103.npz,10,0,2,2,106,4,120,0.03333333333333333,3.3333333333333335,2.0,2.0,4.0,200.0,200.0,400.0,0.0003845691680908203,9.614229202270508e-05,320.0408990383148,1.2016250711906051e-06,0.00012016250711906051
1320285,1320603,worker,/pscratch/sd/s/satt/sprints/a_star_campaign/npz/npz_tr_103.py,0,0,0,3,0,3,3,1.0,100.0,0.0,3.0,3.0,,,,5.412101745605469e-05,1.804033915201823e-05,320.0422053337097,1.6910587589415718e-07,1.6910587589415718e-05
1320285,1320603,worker,/pscratch/sd/s/satt/sprints/data/converted_10M/mc_normalized_rntuple_10M_103.npz,10,0,2,2,106,4,120,0.03333333333333333,3.3333333333333335,2.0,2.0,4.0,200.0,200.0,400.0,0.0003650188446044922,9.125471115112305e-05,320.0422053337097,1.1405334625284346e-06,0.00011405334625284346
1320285,1320604,worker,/pscratch/sd/s/satt/sprints/a_star_campaign/npz/npz_tr_103.py,0,0,0,3,0,3,3,1.0,100.0,0.0,3.0,3.0,,,,5.269050598144531e-05,1.7563501993815105e-05,320.0225067138672,1.6464625104807395e-07,1.6464625104807398e-05
1320285,1320604,worker,/pscratch/sd/s/satt/sprints/data/converted_10M/mc_normalized_rntuple_10M_103.npz,10,0,2,2,106,4,120,0.03333333333333333,3.3333333333333335,2.0,2.0,4.0,200.0,200.0,400.0,0.0004200935363769531,0.00010502338409423828,320.0225067138672,1.3126999744194857e-06,0.00013126999744194855
1320285,1320605,worker,/pscratch/sd/s/satt/sprints/a_star_campaign/npz/npz_tr_103.py,0,0,0,3,0,3,3,1.0,100.0,0.0,3.0,3.0,,,,6.4849853515625e-05,2.1616617838541668e-05,320.0237567424774,2.026407482236063e-07,2.0264074822360633e-05
1320285,1320605,worker,/pscratch/sd/s/satt/sprints/data/converted_10M/mc_normalized_rntuple_10M_103.npz,10,0,2,2,106,4,120,0.03333333333333333,3.3333333333333335,2.0,2.0,4.0,200.0,200.0,400.0,0.000400543212890625,0.00010013580322265625,320.0237567424774,1.2516046213810978e-06,0.0001251604621381098
1320285,1320606,worker,/pscratch/sd/s/satt/sprints/a_star_campaign/npz/npz_tr_103.py,0,0,0,3,0,3,3,1.0,100.0,0.0,3.0,3.0,,,,6.031990051269531e-05,2.010663350423177e-05,320.0180068016052,1.8848908258493892e-07,1.8848908258493893e-05
1320285,1320606,worker,/pscratch/sd/s/satt/sprints/data/converted_10M/mc_normalized_rntuple_10M_103.npz,10,0,2,2,106,4,120,0.03333333333333333,3.3333333333333335,2.0,2.0,4.0,200.0,200.0,400.0,0.0004227161407470703,0.00010567903518676758,320.0180068016052,1.3209136103679712e-06,0.00013209136103679712
1320285,1320607,worker,/pscratch/sd/s/satt/sprints/a_star_campaign/npz/npz_tr_103.py,0,0,0,3,0,3,3,1.0,100.0,0.0,3.0,3.0,,,,7.581710815429688e-05,2.5272369384765625e-05,320.00747084617615,2.3692293168599578e-07,2.3692293168599578e-05
1320285,1320607,worker,/pscratch/sd/s/satt/sprints/data/converted_10M/mc_normalized_rntuple_10M_103.npz,10,0,2,2,106,4,120,0.03333333333333333,3.3333333333333335,2.0,2.0,4.0,200.0,200.0,400.0,0.00040030479431152344,0.00010007619857788086,320.00747084617615,1.2509232776754304e-06,0.00012509232776754305
1320285,1320608,worker,/pscratch/sd/s/satt/sprints/a_star_campaign/npz/npz_tr_103.py,0,0,0,3,0,3,3,1.0,100.0,0.0,3.0,3.0,,,,5.602836608886719e-05,1.8676122029622395e-05,319.9914879798889,1.7509330152053451e-07,1.7509330152053453e-05
1320285,1320608,worker,/pscratch/sd/s/satt/sprints/data/converted_10M/mc_normalized_rntuple_10M_103.npz,10,0,2,2,106,4,120,0.03333333333333333,3.3333333333333335,2.0,2.0,4.0,200.0,200.0,400.0,0.00036025047302246094,9.006261825561523e-05,319.9914879798889,1.1258126748830963e-06,0.00011258126748830964
1320285,1320609,worker,/pscratch/sd/s/satt/sprints/a_star_campaign/npz/npz_tr_103.py,0,0,0,3,0,3,3,1.0,100.0,0.0,3.0,3.0,,,,5.626678466796875e-05,1.8755594889322918e-05,319.99953174591064,1.7583395938418523e-07,1.7583395938418524e-05
1320285,1320609,worker,/pscratch/sd/s/satt/sprints/data/converted_10M/mc_normalized_rntuple_10M_103.npz,10,0,2,2,106,4,120,0.03333333333333333,3.3333333333333335,2.0,2.0,4.0,200.0,200.0,400.0,0.00037384033203125,9.34600830078125e-05,319.99953174591064,1.1682527470949256e-06,0.00011682527470949257
1320285,1320610,worker,/pscratch/sd/s/satt/sprints/a_star_campaign/npz/npz_tr_103.py,0,0,0,3,0,3,3,1.0,100.0,0.0,3.0,3.0,,,,5.6743621826171875e-05,1.8914540608723957e-05,319.9951009750366,1.7732653297901127e-07,1.7732653297901127e-05
1320285,1320610,worker,/pscratch/sd/s/satt/sprints/data/converted_10M/mc_normalized_rntuple_10M_103.npz,10,0,2,2,106,4,120,0.03333333333333333,3.3333333333333335,2.0,2.0,4.0,200.0,200.0,400.0,0.0003485679626464844,8.71419906616211e-05,319.9951009750366,1.089291559728212e-06,0.0001089291559728212
1320285,1320611,worker,/pscratch/sd/s/satt/sprints/a_star_campaign/npz/npz_tr_103.py,0,0,0,3,0,3,3,1.0,100.0,0.0,3.0,3.0,,,,5.626678466796875e-05,1.8755594889322918e-05,319.98626375198364,1.7584125020935354e-07,1.7584125020935353e-05
1320285,1320611,worker,/pscratch/sd/s/satt/sprints/data/converted_10M/mc_normalized_rntuple_10M_103.npz,10,0,2,2,106,4,120,0.03333333333333333,3.3333333333333335,2.0,2.0,4.0,200.0,200.0,400.0,0.0003311634063720703,8.279085159301758e-05,319.98626375198364,1.0349300700881019e-06,0.00010349300700881019
1320285,1320612,worker,/pscratch/sd/s/satt/sprints/a_star_campaign/npz/npz_tr_103.py,0,0,0,3,0,3,3,1.0,100.0,0.0,3.0,3.0,,,,5.459785461425781e-05,1.819928487141927e-05,319.9756302833557,1.7063129015765502e-07,1.70631290157655e-05
1320285,1320612,worker,/pscratch/sd/s/satt/sprints/data/converted_10M/mc_normalized_rntuple_10M_103.npz,10,0,2,2,106,4,120,0.03333333333333333,3.3333333333333335,2.0,2.0,4.0,200.0,200.0,400.0,0.0003871917724609375,9.679794311523438e-05,319.9756302833557,1.210066441991405e-06,0.0001210066441991405
1320285,1320613,worker,/pscratch/sd/s/satt/sprints/a_star_campaign/npz/npz_tr_103.py,0,0,0,3,0,3,3,1.0,100.0,0.0,3.0,3.0,,,,5.936622619628906e-05,1.9788742065429688e-05,319.9745726585388,1.855341994929134e-07,1.855341994929134e-05
1320285,1320613,worker,/pscratch/sd/s/satt/sprints/data/converted_10M/mc_normalized_rntuple_10M_103.npz,10,0,2,2,106,4,120,0.03333333333333333,3.3333333333333335,2.0,2.0,4.0,200.0,200.0,400.0,0.0003237724304199219,8.094310760498047e-05,319.9745726585388,1.011869248640066e-06,0.0001011869248640066
1320285,1320614,worker,/pscratch/sd/s/satt/sprints/a_star_campaign/npz/npz_tr_103.py,0,0,0,3,0,3,3,1.0,100.0,0.0,3.0,3.0,,,,5.4836273193359375e-05,1.8278757731119793e-05,319.95481395721436,1.713875547460658e-07,1.713875547460658e-05
1320285,1320614,worker,/pscratch/sd/s/satt/sprints/data/converted_10M/mc_normalized_rntuple_10M_103.npz,10,0,2,2,106,4,120,0.03333333333333333,3.3333333333333335,2.0,2.0,4.0,200.0,200.0,400.0,0.0003848075866699219,9.620189666748047e-05,319.95481395721436,1.202693536348479e-06,0.00012026935363484792
1320285,1320615,worker,/pscratch/sd/s/satt/sprints/a_star_campaign/npz/npz_tr_103.py,0,0,0,3,0,3,3,1.0,100.0,0.0,3.0,3.0,,,,6.842613220214844e-05,2.280871073404948e-05,319.96061849594116,2.1385798203479987e-07,2.1385798203479986e-05
1320285,1320615,worker,/pscratch/sd/s/satt/sprints/data/converted_10M/mc_normalized_rntuple_10M_103.npz,10,0,2,2,106,4,120,0.03333333333333333,3.3333333333333335,2.0,2.0,4.0,200.0,200.0,400.0,0.000377655029296875,9.441375732421875e-05,319.96061849594116,1.1803172248889303e-06,0.00011803172248889302
1320285,1320616,worker,/pscratch/sd/s/satt/sprints/a_star_campaign/npz/npz_tr_103.py,0,0,0,3,0,3,3,1.0,100.0,0.0,3.0,3.0,,,,6.508827209472656e-05,2.1696090698242188e-05,319.94728088378906,2.0343436554589086e-07,2.0343436554589087e-05
1320285,1320616,worker,/pscratch/sd/s/satt/sprints/data/converted_10M/mc_normalized_rntuple_10M_103.npz,10,0,2,2,106,4,120,0.03333333333333333,3.3333333333333335,2.0,2.0,4.0,200.0,200.0,400.0,0.0003151893615722656,7.87973403930664e-05,319.94728088378906,9.851290522039111e-07,9.85129052203911e-05
1320285,1320617,worker,/pscratch/sd/s/satt/sprints/a_star_campaign/npz/npz_tr_103.py,0,0,0,3,0,3,3,1.0,100.0,0.0,3.0,3.0,,,,5.078315734863281e-05,1.6927719116210938e-05,319.94274139404297,1.587257680151213e-07,1.587257680151213e-05
1320285,1320617,worker,/pscratch/sd/s/satt/sprints/data/converted_10M/mc_normalized_rntuple_10M_103.npz,10,0,2,2,106,4,120,0.03333333333333333,3.3333333333333335,2.0,2.0,4.0,200.0,200.0,400.0,0.0003871917724609375,9.679794311523438e-05,319.94274139404297,1.2101908321904084e-06,0.00012101908321904084
1320285,1320618,worker,/pscratch/sd/s/satt/sprints/a_star_campaign/npz/npz_tr_103.py,0,0,0,3,0,3,3,1.0,100.0,0.0,3.0,3.0,,,,7.557868957519531e-05,2.5192896525065105e-05,319.93464255332947,2.3623165335275376e-07,2.362316533527538e-05
1320285,1320618,worker,/pscratch/sd/s/satt/sprints/data/converted_10M/mc_normalized_rntuple_10M_103.npz,10,0,2,2,106,4,120,0.03333333333333333,3.3333333333333335,2.0,2.0,4.0,200.0,200.0,400.0,0.0007622241973876953,0.00019055604934692383,319.93464255332947,2.3824372106269835e-06,0.00023824372106269836
