run_id,pid,role,run_time,any_partial,fmt,script,script_variant,strategy,model,workers,epochs,batch,data_path,batches_in_memory,block_rows,prefetch_factor,log_every,seed,device,tree_name,target_col,torch_num_threads,torch_interop_threads,shuffle,persistent_workers,n_files,reads,bytes_read,read_time,effective_read_bandwidth_MBps,read_time_per_runtime,read_time_pct_runtime,n_records
974490,974490,parent,363.9924428462982,False,hdf5,h5_tr_110.py,110,eager,M2,512,1,64,/pscratch/sd/s/satt/sprints/data/converted_10M/mc_normalized_rntuple_10M_10.h5,,,,5000,,,,,,,false,true,2,1427,800653751,0.7484211921691895,1069.7903257915802,0.0020561448647581472,0.2056144864758147,2
974490,974516,worker,323.83009338378906,False,hdf5,h5_tr_110.py,110,eager,M2,512,1,64,/pscratch/sd/s/satt/sprints/data/converted_10M/mc_normalized_rntuple_10M_10.h5,,,,5000,,,,,,,false,true,1,0,0,0.0,,0.0,0.0,1
974490,974517,worker,323.8190233707428,False,hdf5,h5_tr_110.py,110,eager,M2,512,1,64,/pscratch/sd/s/satt/sprints/data/converted_10M/mc_normalized_rntuple_10M_10.h5,,,,5000,,,,,,,false,true,1,0,0,0.0,,0.0,0.0,1
974490,974518,worker,323.82057428359985,False,hdf5,h5_tr_110.py,110,eager,M2,512,1,64,/pscratch/sd/s/satt/sprints/data/converted_10M/mc_normalized_rntuple_10M_10.h5,,,,5000,,,,,,,false,true,1,0,0,0.0,,0.0,0.0,1
974490,974519,worker,323.8132481575012,False,hdf5,h5_tr_110.py,110,eager,M2,512,1,64,/pscratch/sd/s/satt/sprints/data/converted_10M/mc_normalized_rntuple_10M_10.h5,,,,5000,,,,,,,false,true,1,0,0,0.0,,0.0,0.0,1
974490,974520,worker,323.8104920387268,False,hdf5,h5_tr_110.py,110,eager,M2,512,1,64,/pscratch/sd/s/satt/sprints/data/converted_10M/mc_normalized_rntuple_10M_10.h5,,,,5000,,,,,,,false,true,1,0,0,0.0,,0.0,0.0,1
974490,974521,worker,323.80401492118835,False,hdf5,h5_tr_110.py,110,eager,M2,512,1,64,/pscratch/sd/s/satt/sprints/data/converted_10M/mc_normalized_rntuple_10M_10.h5,,,,5000,,,,,,,false,true,1,0,0,0.0,,0.0,0.0,1
974490,974522,worker,323.79860162734985,False,hdf5,h5_tr_110.py,110,eager,M2,512,1,64,/pscratch/sd/s/satt/sprints/data/converted_10M/mc_normalized_rntuple_10M_10.h5,,,,5000,,,,,,,false,true,1,0,0,0.0,,0.0,0.0,1
974490,974523,worker,323.7924520969391,False,hdf5,h5_tr_110.py,110,eager,M2,512,1,64,/pscratch/sd/s/satt/sprints/data/converted_10M/mc_normalized_rntuple_10M_10.h5,,,,5000,,,,,,,false,true,1,0,0,0.0,,0.0,0.0,1
974490,974524,worker,323.7874493598938,False,hdf5,h5_tr_110.py,110,eager,M2,512,1,64,/pscratch/sd/s/satt/sprints/data/converted_10M/mc_normalized_rntuple_10M_10.h5,,,,5000,,,,,,,false,true,1,0,0,0.0,,0.0,0.0,1
974490,974525,worker,323.77934885025024,False,hdf5,h5_tr_110.py,110,eager,M2,512,1,64,/pscratch/sd/s/satt/sprints/data/converted_10M/mc_normalized_rntuple_10M_10.h5,,,,5000,,,,,,,false,true,1,0,0,0.0,,0.0,0.0,1
974490,974526,worker,323.78042912483215,False,hdf5,h5_tr_110.py,110,eager,M2,512,1,64,/pscratch/sd/s/satt/sprints/data/converted_10M/mc_normalized_rntuple_10M_10.h5,,,,5000,,,,,,,false,true,1,0,0,0.0,,0.0,0.0,1
974490,974527,worker,323.76753187179565,False,hdf5,h5_tr_110.py,110,eager,M2,512,1,64,/pscratch/sd/s/satt/sprints/data/converted_10M/mc_normalized_rntuple_10M_10.h5,,,,5000,,,,,,,false,true,1,0,0,0.0,,0.0,0.0,1
974490,974528,worker,323.7618656158447,False,hdf5,h5_tr_110.py,110,eager,M2,512,1,64,/pscratch/sd/s/satt/sprints/data/converted_10M/mc_normalized_rntuple_10M_10.h5,,,,5000,,,,,,,false,true,1,0,0,0.0,,0.0,0.0,1
974490,974529,worker,323.7558615207672,False,hdf5,h5_tr_110.py,110,eager,M2,512,1,64,/pscratch/sd/s/satt/sprints/data/converted_10M/mc_normalized_rntuple_10M_10.h5,,,,5000,,,,,,,false,true,1,0,0,0.0,,0.0,0.0,1
974490,974530,worker,323.7532353401184,False,hdf5,h5_tr_110.py,110,eager,M2,512,1,64,/pscratch/sd/s/satt/sprints/data/converted_10M/mc_normalized_rntuple_10M_10.h5,,,,5000,,,,,,,false,true,1,0,0,0.0,,0.0,0.0,1
974490,974531,worker,323.7453429698944,False,hdf5,h5_tr_110.py,110,eager,M2,512,1,64,/pscratch/sd/s/satt/sprints/data/converted_10M/mc_normalized_rntuple_10M_10.h5,,,,5000,,,,,,,false,true,1,0,0,0.0,,0.0,0.0,1
974490,974532,worker,323.74044156074524,False,hdf5,h5_tr_110.py,110,eager,M2,512,1,64,/pscratch/sd/s/satt/sprints/data/converted_10M/mc_normalized_rntuple_10M_10.h5,,,,5000,,,,,,,false,true,1,0,0,0.0,,0.0,0.0,1
974490,974533,worker,323.73411870002747,False,hdf5,h5_tr_110.py,110,eager,M2,512,1,64,/pscratch/sd/s/satt/sprints/data/converted_10M/mc_normalized_rntuple_10M_10.h5,,,,5000,,,,,,,false,true,1,0,0,0.0,,0.0,0.0,1
974490,974534,worker,323.727756023407,False,hdf5,h5_tr_110.py,110,eager,M2,512,1,64,/pscratch/sd/s/satt/sprints/data/converted_10M/mc_normalized_rntuple_10M_10.h5,,,,5000,,,,,,,false,true,1,0,0,0.0,,0.0,0.0,1
974490,974535,worker,323.7211277484894,False,hdf5,h5_tr_110.py,110,eager,M2,512,1,64,/pscratch/sd/s/satt/sprints/data/converted_10M/mc_normalized_rntuple_10M_10.h5,,,,5000,,,,,,,false,true,1,0,0,0.0,,0.0,0.0,1
974490,974536,worker,323.7190771102905,False,hdf5,h5_tr_110.py,110,eager,M2,512,1,64,/pscratch/sd/s/satt/sprints/data/converted_10M/mc_normalized_rntuple_10M_10.h5,,,,5000,,,,,,,false,true,1,0,0,0.0,,0.0,0.0,1
974490,974537,worker,323.7103679180145,False,hdf5,h5_tr_110.py,110,eager,M2,512,1,64,/pscratch/sd/s/satt/sprints/data/converted_10M/mc_normalized_rntuple_10M_10.h5,,,,5000,,,,,,,false,true,1,0,0,0.0,,0.0,0.0,1
974490,974538,worker,323.70384192466736,False,hdf5,h5_tr_110.py,110,eager,M2,512,1,64,/pscratch/sd/s/satt/sprints/data/converted_10M/mc_normalized_rntuple_10M_10.h5,,,,5000,,,,,,,false,true,1,0,0,0.0,,0.0,0.0,1
974490,974539,worker,323.7017812728882,False,hdf5,h5_tr_110.py,110,eager,M2,512,1,64,/pscratch/sd/s/satt/sprints/data/converted_10M/mc_normalized_rntuple_10M_10.h5,,,,5000,,,,,,,false,true,1,0,0,0.0,,0.0,0.0,1
974490,974540,worker,323.68694734573364,False,hdf5,h5_tr_110.py,110,eager,M2,512,1,64,/pscratch/sd/s/satt/sprints/data/converted_10M/mc_normalized_rntuple_10M_10.h5,,,,5000,,,,,,,false,true,1,0,0,0.0,,0.0,0.0,1
974490,974541,worker,323.6810302734375,False,hdf5,h5_tr_110.py,110,eager,M2,512,1,64,/pscratch/sd/s/satt/sprints/data/converted_10M/mc_normalized_rntuple_10M_10.h5,,,,5000,,,,,,,false,true,1,0,0,0.0,,0.0,0.0,1
974490,974542,worker,323.6772401332855,False,hdf5,h5_tr_110.py,110,eager,M2,512,1,64,/pscratch/sd/s/satt/sprints/data/converted_10M/mc_normalized_rntuple_10M_10.h5,,,,5000,,,,,,,false,true,1,0,0,0.0,,0.0,0.0,1
974490,974543,worker,323.66992378234863,False,hdf5,h5_tr_110.py,110,eager,M2,512,1,64,/pscratch/sd/s/satt/sprints/data/converted_10M/mc_normalized_rntuple_10M_10.h5,,,,5000,,,,,,,false,true,1,0,0,0.0,,0.0,0.0,1
974490,974544,worker,323.6642906665802,False,hdf5,h5_tr_110.py,110,eager,M2,512,1,64,/pscratch/sd/s/satt/sprints/data/converted_10M/mc_normalized_rntuple_10M_10.h5,,,,5000,,,,,,,false,true,1,0,0,0.0,,0.0,0.0,1
974490,974545,worker,323.6608669757843,False,hdf5,h5_tr_110.py,110,eager,M2,512,1,64,/pscratch/sd/s/satt/sprints/data/converted_10M/mc_normalized_rntuple_10M_10.h5,,,,5000,,,,,,,false,true,1,0,0,0.0,,0.0,0.0,1
974490,974546,worker,323.65111231803894,False,hdf5,h5_tr_110.py,110,eager,M2,512,1,64,/pscratch/sd/s/satt/sprints/data/converted_10M/mc_normalized_rntuple_10M_10.h5,,,,5000,,,,,,,false,true,1,0,0,0.0,,0.0,0.0,1
974490,974547,worker,323.64659452438354,False,hdf5,h5_tr_110.py,110,eager,M2,512,1,64,/pscratch/sd/s/satt/sprints/data/converted_10M/mc_normalized_rntuple_10M_10.h5,,,,5000,,,,,,,false,true,1,0,0,0.0,,0.0,0.0,1
974490,974548,worker,323.6470081806183,False,hdf5,h5_tr_110.py,110,eager,M2,512,1,64,/pscratch/sd/s/satt/sprints/data/converted_10M/mc_normalized_rntuple_10M_10.h5,,,,5000,,,,,,,false,true,1,0,0,0.0,,0.0,0.0,1
974490,974549,worker,323.6352918148041,False,hdf5,h5_tr_110.py,110,eager,M2,512,1,64,/pscratch/sd/s/satt/sprints/data/converted_10M/mc_normalized_rntuple_10M_10.h5,,,,5000,,,,,,,false,true,1,0,0,0.0,,0.0,0.0,1
974490,974550,worker,323.629638671875,False,hdf5,h5_tr_110.py,110,eager,M2,512,1,64,/pscratch/sd/s/satt/sprints/data/converted_10M/mc_normalized_rntuple_10M_10.h5,,,,5000,,,,,,,false,true,1,0,0,0.0,,0.0,0.0,1
974490,974551,worker,323.6198811531067,False,hdf5,h5_tr_110.py,110,eager,M2,512,1,64,/pscratch/sd/s/satt/sprints/data/converted_10M/mc_normalized_rntuple_10M_10.h5,,,,5000,,,,,,,false,true,1,0,0,0.0,,0.0,0.0,1
974490,974552,worker,323.61750173568726,False,hdf5,h5_tr_110.py,110,eager,M2,512,1,64,/pscratch/sd/s/satt/sprints/data/converted_10M/mc_normalized_rntuple_10M_10.h5,,,,5000,,,,,,,false,true,1,0,0,0.0,,0.0,0.0,1
974490,974553,worker,323.61106514930725,False,hdf5,h5_tr_110.py,110,eager,M2,512,1,64,/pscratch/sd/s/satt/sprints/data/converted_10M/mc_normalized_rntuple_10M_10.h5,,,,5000,,,,,,,false,true,1,0,0,0.0,,0.0,0.0,1
974490,974554,worker,323.606365442276,False,hdf5,h5_tr_110.py,110,eager,M2,512,1,64,/pscratch/sd/s/satt/sprints/data/converted_10M/mc_normalized_rntuple_10M_10.h5,,,,5000,,,,,,,false,true,1,0,0,0.0,,0.0,0.0,1
974490,974555,worker,323.59841203689575,False,hdf5,h5_tr_110.py,110,eager,M2,512,1,64,/pscratch/sd/s/satt/sprints/data/converted_10M/mc_normalized_rntuple_10M_10.h5,,,,5000,,,,,,,false,true,1,0,0,0.0,,0.0,0.0,1
974490,974556,worker,323.59533429145813,False,hdf5,h5_tr_110.py,110,eager,M2,512,1,64,/pscratch/sd/s/satt/sprints/data/converted_10M/mc_normalized_rntuple_10M_10.h5,,,,5000,,,,,,,false,true,1,0,0,0.0,,0.0,0.0,1
974490,974557,worker,323.5876634120941,False,hdf5,h5_tr_110.py,110,eager,M2,512,1,64,/pscratch/sd/s/satt/sprints/data/converted_10M/mc_normalized_rntuple_10M_10.h5,,,,5000,,,,,,,false,true,1,0,0,0.0,,0.0,0.0,1
974490,974558,worker,323.58822798728943,False,hdf5,h5_tr_110.py,110,eager,M2,512,1,64,/pscratch/sd/s/satt/sprints/data/converted_10M/mc_normalized_rntuple_10M_10.h5,,,,5000,,,,,,,false,true,1,0,0,0.0,,0.0,0.0,1
974490,974559,worker,323.5750186443329,False,hdf5,h5_tr_110.py,110,eager,M2,512,1,64,/pscratch/sd/s/satt/sprints/data/converted_10M/mc_normalized_rntuple_10M_10.h5,,,,5000,,,,,,,false,true,1,0,0,0.0,,0.0,0.0,1
974490,974560,worker,323.5701093673706,False,hdf5,h5_tr_110.py,110,eager,M2,512,1,64,/pscratch/sd/s/satt/sprints/data/converted_10M/mc_normalized_rntuple_10M_10.h5,,,,5000,,,,,,,false,true,1,0,0,0.0,,0.0,0.0,1
974490,974561,worker,323.56442427635193,False,hdf5,h5_tr_110.py,110,eager,M2,512,1,64,/pscratch/sd/s/satt/sprints/data/converted_10M/mc_normalized_rntuple_10M_10.h5,,,,5000,,,,,,,false,true,1,0,0,0.0,,0.0,0.0,1
974490,974562,worker,323.55916476249695,False,hdf5,h5_tr_110.py,110,eager,M2,512,1,64,/pscratch/sd/s/satt/sprints/data/converted_10M/mc_normalized_rntuple_10M_10.h5,,,,5000,,,,,,,false,true,1,0,0,0.0,,0.0,0.0,1
974490,974563,worker,323.56385588645935,False,hdf5,h5_tr_110.py,110,eager,M2,512,1,64,/pscratch/sd/s/satt/sprints/data/converted_10M/mc_normalized_rntuple_10M_10.h5,,,,5000,,,,,,,false,true,1,0,0,0.0,,0.0,0.0,1
974490,974564,worker,323.5536472797394,False,hdf5,h5_tr_110.py,110,eager,M2,512,1,64,/pscratch/sd/s/satt/sprints/data/converted_10M/mc_normalized_rntuple_10M_10.h5,,,,5000,,,,,,,false,true,1,0,0,0.0,,0.0,0.0,1
974490,974565,worker,323.5409483909607,False,hdf5,h5_tr_110.py,110,eager,M2,512,1,64,/pscratch/sd/s/satt/sprints/data/converted_10M/mc_normalized_rntuple_10M_10.h5,,,,5000,,,,,,,false,true,1,0,0,0.0,,0.0,0.0,1
974490,974566,worker,323.5352883338928,False,hdf5,h5_tr_110.py,110,eager,M2,512,1,64,/pscratch/sd/s/satt/sprints/data/converted_10M/mc_normalized_rntuple_10M_10.h5,,,,5000,,,,,,,false,true,1,0,0,0.0,,0.0,0.0,1
974490,974567,worker,323.52716279029846,False,hdf5,h5_tr_110.py,110,eager,M2,512,1,64,/pscratch/sd/s/satt/sprints/data/converted_10M/mc_normalized_rntuple_10M_10.h5,,,,5000,,,,,,,false,true,1,0,0,0.0,,0.0,0.0,1
974490,974568,worker,323.52411675453186,False,hdf5,h5_tr_110.py,110,eager,M2,512,1,64,/pscratch/sd/s/satt/sprints/data/converted_10M/mc_normalized_rntuple_10M_10.h5,,,,5000,,,,,,,false,true,1,0,0,0.0,,0.0,0.0,1
974490,974569,worker,323.5172622203827,False,hdf5,h5_tr_110.py,110,eager,M2,512,1,64,/pscratch/sd/s/satt/sprints/data/converted_10M/mc_normalized_rntuple_10M_10.h5,,,,5000,,,,,,,false,true,1,0,0,0.0,,0.0,0.0,1
974490,974570,worker,323.51150846481323,False,hdf5,h5_tr_110.py,110,eager,M2,512,1,64,/pscratch/sd/s/satt/sprints/data/converted_10M/mc_normalized_rntuple_10M_10.h5,,,,5000,,,,,,,false,true,1,0,0,0.0,,0.0,0.0,1
974490,974571,worker,323.51137590408325,False,hdf5,h5_tr_110.py,110,eager,M2,512,1,64,/pscratch/sd/s/satt/sprints/data/converted_10M/mc_normalized_rntuple_10M_10.h5,,,,5000,,,,,,,false,true,1,0,0,0.0,,0.0,0.0,1
974490,974572,worker,323.50420117378235,False,hdf5,h5_tr_110.py,110,eager,M2,512,1,64,/pscratch/sd/s/satt/sprints/data/converted_10M/mc_normalized_rntuple_10M_10.h5,,,,5000,,,,,,,false,true,1,0,0,0.0,,0.0,0.0,1
974490,974573,worker,323.4914937019348,False,hdf5,h5_tr_110.py,110,eager,M2,512,1,64,/pscratch/sd/s/satt/sprints/data/converted_10M/mc_normalized_rntuple_10M_10.h5,,,,5000,,,,,,,false,true,1,0,0,0.0,,0.0,0.0,1
974490,974574,worker,323.4885823726654,False,hdf5,h5_tr_110.py,110,eager,M2,512,1,64,/pscratch/sd/s/satt/sprints/data/converted_10M/mc_normalized_rntuple_10M_10.h5,,,,5000,,,,,,,false,true,1,0,0,0.0,,0.0,0.0,1
974490,974575,worker,323.4813208580017,False,hdf5,h5_tr_110.py,110,eager,M2,512,1,64,/pscratch/sd/s/satt/sprints/data/converted_10M/mc_normalized_rntuple_10M_10.h5,,,,5000,,,,,,,false,true,1,0,0,0.0,,0.0,0.0,1
974490,974576,worker,323.4809470176697,False,hdf5,h5_tr_110.py,110,eager,M2,512,1,64,/pscratch/sd/s/satt/sprints/data/converted_10M/mc_normalized_rntuple_10M_10.h5,,,,5000,,,,,,,false,true,1,0,0,0.0,,0.0,0.0,1
974490,974577,worker,323.4704165458679,False,hdf5,h5_tr_110.py,110,eager,M2,512,1,64,/pscratch/sd/s/satt/sprints/data/converted_10M/mc_normalized_rntuple_10M_10.h5,,,,5000,,,,,,,false,true,1,0,0,0.0,,0.0,0.0,1
974490,974578,worker,323.46323919296265,False,hdf5,h5_tr_110.py,110,eager,M2,512,1,64,/pscratch/sd/s/satt/sprints/data/converted_10M/mc_normalized_rntuple_10M_10.h5,,,,5000,,,,,,,false,true,1,0,0,0.0,,0.0,0.0,1
974490,974579,worker,323.457635641098,False,hdf5,h5_tr_110.py,110,eager,M2,512,1,64,/pscratch/sd/s/satt/sprints/data/converted_10M/mc_normalized_rntuple_10M_10.h5,,,,5000,,,,,,,false,true,1,0,0,0.0,,0.0,0.0,1
974490,974580,worker,323.45729088783264,False,hdf5,h5_tr_110.py,110,eager,M2,512,1,64,/pscratch/sd/s/satt/sprints/data/converted_10M/mc_normalized_rntuple_10M_10.h5,,,,5000,,,,,,,false,true,1,0,0,0.0,,0.0,0.0,1
974490,974581,worker,323.44460272789,False,hdf5,h5_tr_110.py,110,eager,M2,512,1,64,/pscratch/sd/s/satt/sprints/data/converted_10M/mc_normalized_rntuple_10M_10.h5,,,,5000,,,,,,,false,true,1,0,0,0.0,,0.0,0.0,1
974490,974582,worker,323.4442296028137,False,hdf5,h5_tr_110.py,110,eager,M2,512,1,64,/pscratch/sd/s/satt/sprints/data/converted_10M/mc_normalized_rntuple_10M_10.h5,,,,5000,,,,,,,false,true,1,0,0,0.0,,0.0,0.0,1
974490,974583,worker,323.4326913356781,False,hdf5,h5_tr_110.py,110,eager,M2,512,1,64,/pscratch/sd/s/satt/sprints/data/converted_10M/mc_normalized_rntuple_10M_10.h5,,,,5000,,,,,,,false,true,1,0,0,0.0,,0.0,0.0,1
974490,974584,worker,323.4235119819641,False,hdf5,h5_tr_110.py,110,eager,M2,512,1,64,/pscratch/sd/s/satt/sprints/data/converted_10M/mc_normalized_rntuple_10M_10.h5,,,,5000,,,,,,,false,true,1,0,0,0.0,,0.0,0.0,1
974490,974585,worker,323.42150926589966,False,hdf5,h5_tr_110.py,110,eager,M2,512,1,64,/pscratch/sd/s/satt/sprints/data/converted_10M/mc_normalized_rntuple_10M_10.h5,,,,5000,,,,,,,false,true,1,0,0,0.0,,0.0,0.0,1
974490,974586,worker,323.4247486591339,False,hdf5,h5_tr_110.py,110,eager,M2,512,1,64,/pscratch/sd/s/satt/sprints/data/converted_10M/mc_normalized_rntuple_10M_10.h5,,,,5000,,,,,,,false,true,1,0,0,0.0,,0.0,0.0,1
974490,974587,worker,323.41268730163574,False,hdf5,h5_tr_110.py,110,eager,M2,512,1,64,/pscratch/sd/s/satt/sprints/data/converted_10M/mc_normalized_rntuple_10M_10.h5,,,,5000,,,,,,,false,true,1,0,0,0.0,,0.0,0.0,1
974490,974588,worker,323.4017608165741,False,hdf5,h5_tr_110.py,110,eager,M2,512,1,64,/pscratch/sd/s/satt/sprints/data/converted_10M/mc_normalized_rntuple_10M_10.h5,,,,5000,,,,,,,false,true,1,0,0,0.0,,0.0,0.0,1
974490,974589,worker,323.40100955963135,False,hdf5,h5_tr_110.py,110,eager,M2,512,1,64,/pscratch/sd/s/satt/sprints/data/converted_10M/mc_normalized_rntuple_10M_10.h5,,,,5000,,,,,,,false,true,1,0,0,0.0,,0.0,0.0,1
974490,974590,worker,323.3839952945709,False,hdf5,h5_tr_110.py,110,eager,M2,512,1,64,/pscratch/sd/s/satt/sprints/data/converted_10M/mc_normalized_rntuple_10M_10.h5,,,,5000,,,,,,,false,true,1,0,0,0.0,,0.0,0.0,1
974490,974591,worker,323.38853883743286,False,hdf5,h5_tr_110.py,110,eager,M2,512,1,64,/pscratch/sd/s/satt/sprints/data/converted_10M/mc_normalized_rntuple_10M_10.h5,,,,5000,,,,,,,false,true,1,0,0,0.0,,0.0,0.0,1
974490,974592,worker,323.38293194770813,False,hdf5,h5_tr_110.py,110,eager,M2,512,1,64,/pscratch/sd/s/satt/sprints/data/converted_10M/mc_normalized_rntuple_10M_10.h5,,,,5000,,,,,,,false,true,1,0,0,0.0,,0.0,0.0,1
974490,974593,worker,323.37474060058594,False,hdf5,h5_tr_110.py,110,eager,M2,512,1,64,/pscratch/sd/s/satt/sprints/data/converted_10M/mc_normalized_rntuple_10M_10.h5,,,,5000,,,,,,,false,true,1,0,0,0.0,,0.0,0.0,1
974490,974594,worker,323.37354922294617,False,hdf5,h5_tr_110.py,110,eager,M2,512,1,64,/pscratch/sd/s/satt/sprints/data/converted_10M/mc_normalized_rntuple_10M_10.h5,,,,5000,,,,,,,false,true,1,0,0,0.0,,0.0,0.0,1
974490,974595,worker,323.36839866638184,False,hdf5,h5_tr_110.py,110,eager,M2,512,1,64,/pscratch/sd/s/satt/sprints/data/converted_10M/mc_normalized_rntuple_10M_10.h5,,,,5000,,,,,,,false,true,1,0,0,0.0,,0.0,0.0,1
974490,974596,worker,323.35807752609253,False,hdf5,h5_tr_110.py,110,eager,M2,512,1,64,/pscratch/sd/s/satt/sprints/data/converted_10M/mc_normalized_rntuple_10M_10.h5,,,,5000,,,,,,,false,true,1,0,0,0.0,,0.0,0.0,1
974490,974597,worker,323.3409721851349,False,hdf5,h5_tr_110.py,110,eager,M2,512,1,64,/pscratch/sd/s/satt/sprints/data/converted_10M/mc_normalized_rntuple_10M_10.h5,,,,5000,,,,,,,false,true,1,0,0,0.0,,0.0,0.0,1
974490,974598,worker,323.3452641963959,False,hdf5,h5_tr_110.py,110,eager,M2,512,1,64,/pscratch/sd/s/satt/sprints/data/converted_10M/mc_normalized_rntuple_10M_10.h5,,,,5000,,,,,,,false,true,1,0,0,0.0,,0.0,0.0,1
974490,974599,worker,323.34742069244385,False,hdf5,h5_tr_110.py,110,eager,M2,512,1,64,/pscratch/sd/s/satt/sprints/data/converted_10M/mc_normalized_rntuple_10M_10.h5,,,,5000,,,,,,,false,true,1,0,0,0.0,,0.0,0.0,1
974490,974600,worker,323.33351469039917,False,hdf5,h5_tr_110.py,110,eager,M2,512,1,64,/pscratch/sd/s/satt/sprints/data/converted_10M/mc_normalized_rntuple_10M_10.h5,,,,5000,,,,,,,false,true,1,0,0,0.0,,0.0,0.0,1
974490,974601,worker,323.32276153564453,False,hdf5,h5_tr_110.py,110,eager,M2,512,1,64,/pscratch/sd/s/satt/sprints/data/converted_10M/mc_normalized_rntuple_10M_10.h5,,,,5000,,,,,,,false,true,1,0,0,0.0,,0.0,0.0,1
974490,974602,worker,323.3117847442627,False,hdf5,h5_tr_110.py,110,eager,M2,512,1,64,/pscratch/sd/s/satt/sprints/data/converted_10M/mc_normalized_rntuple_10M_10.h5,,,,5000,,,,,,,false,true,1,0,0,0.0,,0.0,0.0,1
974490,974603,worker,323.3089768886566,False,hdf5,h5_tr_110.py,110,eager,M2,512,1,64,/pscratch/sd/s/satt/sprints/data/converted_10M/mc_normalized_rntuple_10M_10.h5,,,,5000,,,,,,,false,true,1,0,0,0.0,,0.0,0.0,1
974490,974604,worker,323.31286358833313,False,hdf5,h5_tr_110.py,110,eager,M2,512,1,64,/pscratch/sd/s/satt/sprints/data/converted_10M/mc_normalized_rntuple_10M_10.h5,,,,5000,,,,,,,false,true,1,0,0,0.0,,0.0,0.0,1
974490,974605,worker,323.3065481185913,False,hdf5,h5_tr_110.py,110,eager,M2,512,1,64,/pscratch/sd/s/satt/sprints/data/converted_10M/mc_normalized_rntuple_10M_10.h5,,,,5000,,,,,,,false,true,1,0,0,0.0,,0.0,0.0,1
974490,974606,worker,323.28814601898193,False,hdf5,h5_tr_110.py,110,eager,M2,512,1,64,/pscratch/sd/s/satt/sprints/data/converted_10M/mc_normalized_rntuple_10M_10.h5,,,,5000,,,,,,,false,true,1,0,0,0.0,,0.0,0.0,1
974490,974607,worker,323.2905123233795,False,hdf5,h5_tr_110.py,110,eager,M2,512,1,64,/pscratch/sd/s/satt/sprints/data/converted_10M/mc_normalized_rntuple_10M_10.h5,,,,5000,,,,,,,false,true,1,0,0,0.0,,0.0,0.0,1
974490,974608,worker,323.28435015678406,False,hdf5,h5_tr_110.py,110,eager,M2,512,1,64,/pscratch/sd/s/satt/sprints/data/converted_10M/mc_normalized_rntuple_10M_10.h5,,,,5000,,,,,,,false,true,1,0,0,0.0,,0.0,0.0,1
974490,974609,worker,323.2789022922516,False,hdf5,h5_tr_110.py,110,eager,M2,512,1,64,/pscratch/sd/s/satt/sprints/data/converted_10M/mc_normalized_rntuple_10M_10.h5,,,,5000,,,,,,,false,true,1,0,0,0.0,,0.0,0.0,1
974490,974610,worker,323.2662000656128,False,hdf5,h5_tr_110.py,110,eager,M2,512,1,64,/pscratch/sd/s/satt/sprints/data/converted_10M/mc_normalized_rntuple_10M_10.h5,,,,5000,,,,,,,false,true,1,0,0,0.0,,0.0,0.0,1
974490,974611,worker,323.27430868148804,False,hdf5,h5_tr_110.py,110,eager,M2,512,1,64,/pscratch/sd/s/satt/sprints/data/converted_10M/mc_normalized_rntuple_10M_10.h5,,,,5000,,,,,,,false,true,1,0,0,0.0,,0.0,0.0,1
974490,974612,worker,323.2641022205353,False,hdf5,h5_tr_110.py,110,eager,M2,512,1,64,/pscratch/sd/s/satt/sprints/data/converted_10M/mc_normalized_rntuple_10M_10.h5,,,,5000,,,,,,,false,true,1,0,0,0.0,,0.0,0.0,1
974490,974613,worker,323.26263785362244,False,hdf5,h5_tr_110.py,110,eager,M2,512,1,64,/pscratch/sd/s/satt/sprints/data/converted_10M/mc_normalized_rntuple_10M_10.h5,,,,5000,,,,,,,false,true,1,0,0,0.0,,0.0,0.0,1
974490,974614,worker,323.252384185791,False,hdf5,h5_tr_110.py,110,eager,M2,512,1,64,/pscratch/sd/s/satt/sprints/data/converted_10M/mc_normalized_rntuple_10M_10.h5,,,,5000,,,,,,,false,true,1,0,0,0.0,,0.0,0.0,1
974490,974615,worker,323.2459568977356,False,hdf5,h5_tr_110.py,110,eager,M2,512,1,64,/pscratch/sd/s/satt/sprints/data/converted_10M/mc_normalized_rntuple_10M_10.h5,,,,5000,,,,,,,false,true,1,0,0,0.0,,0.0,0.0,1
974490,974616,worker,323.24804306030273,False,hdf5,h5_tr_110.py,110,eager,M2,512,1,64,/pscratch/sd/s/satt/sprints/data/converted_10M/mc_normalized_rntuple_10M_10.h5,,,,5000,,,,,,,false,true,1,0,0,0.0,,0.0,0.0,1
974490,974617,worker,323.220454454422,False,hdf5,h5_tr_110.py,110,eager,M2,512,1,64,/pscratch/sd/s/satt/sprints/data/converted_10M/mc_normalized_rntuple_10M_10.h5,,,,5000,,,,,,,false,true,1,0,0,0.0,,0.0,0.0,1
974490,974618,worker,323.2312228679657,False,hdf5,h5_tr_110.py,110,eager,M2,512,1,64,/pscratch/sd/s/satt/sprints/data/converted_10M/mc_normalized_rntuple_10M_10.h5,,,,5000,,,,,,,false,true,1,0,0,0.0,,0.0,0.0,1
974490,974619,worker,323.2197194099426,False,hdf5,h5_tr_110.py,110,eager,M2,512,1,64,/pscratch/sd/s/satt/sprints/data/converted_10M/mc_normalized_rntuple_10M_10.h5,,,,5000,,,,,,,false,true,1,0,0,0.0,,0.0,0.0,1
974490,974620,worker,323.21336221694946,False,hdf5,h5_tr_110.py,110,eager,M2,512,1,64,/pscratch/sd/s/satt/sprints/data/converted_10M/mc_normalized_rntuple_10M_10.h5,,,,5000,,,,,,,false,true,1,0,0,0.0,,0.0,0.0,1
974490,974621,worker,323.2073163986206,False,hdf5,h5_tr_110.py,110,eager,M2,512,1,64,/pscratch/sd/s/satt/sprints/data/converted_10M/mc_normalized_rntuple_10M_10.h5,,,,5000,,,,,,,false,true,1,0,0,0.0,,0.0,0.0,1
974490,974622,worker,323.18807101249695,False,hdf5,h5_tr_110.py,110,eager,M2,512,1,64,/pscratch/sd/s/satt/sprints/data/converted_10M/mc_normalized_rntuple_10M_10.h5,,,,5000,,,,,,,false,true,1,0,0,0.0,,0.0,0.0,1
974490,974623,worker,323.1957743167877,False,hdf5,h5_tr_110.py,110,eager,M2,512,1,64,/pscratch/sd/s/satt/sprints/data/converted_10M/mc_normalized_rntuple_10M_10.h5,,,,5000,,,,,,,false,true,1,0,0,0.0,,0.0,0.0,1
974490,974624,worker,323.19819617271423,False,hdf5,h5_tr_110.py,110,eager,M2,512,1,64,/pscratch/sd/s/satt/sprints/data/converted_10M/mc_normalized_rntuple_10M_10.h5,,,,5000,,,,,,,false,true,1,0,0,0.0,,0.0,0.0,1
974490,974625,worker,323.18569684028625,False,hdf5,h5_tr_110.py,110,eager,M2,512,1,64,/pscratch/sd/s/satt/sprints/data/converted_10M/mc_normalized_rntuple_10M_10.h5,,,,5000,,,,,,,false,true,1,0,0,0.0,,0.0,0.0,1
974490,974626,worker,323.16599583625793,False,hdf5,h5_tr_110.py,110,eager,M2,512,1,64,/pscratch/sd/s/satt/sprints/data/converted_10M/mc_normalized_rntuple_10M_10.h5,,,,5000,,,,,,,false,true,1,0,0,0.0,,0.0,0.0,1
974490,974627,worker,323.17065167427063,False,hdf5,h5_tr_110.py,110,eager,M2,512,1,64,/pscratch/sd/s/satt/sprints/data/converted_10M/mc_normalized_rntuple_10M_10.h5,,,,5000,,,,,,,false,true,1,0,0,0.0,,0.0,0.0,1
974490,974629,worker,323.1503508090973,False,hdf5,h5_tr_110.py,110,eager,M2,512,1,64,/pscratch/sd/s/satt/sprints/data/converted_10M/mc_normalized_rntuple_10M_10.h5,,,,5000,,,,,,,false,true,1,0,0,0.0,,0.0,0.0,1
974490,974630,worker,323.1655533313751,False,hdf5,h5_tr_110.py,110,eager,M2,512,1,64,/pscratch/sd/s/satt/sprints/data/converted_10M/mc_normalized_rntuple_10M_10.h5,,,,5000,,,,,,,false,true,1,0,0,0.0,,0.0,0.0,1
974490,974631,worker,323.1462666988373,False,hdf5,h5_tr_110.py,110,eager,M2,512,1,64,/pscratch/sd/s/satt/sprints/data/converted_10M/mc_normalized_rntuple_10M_10.h5,,,,5000,,,,,,,false,true,1,0,0,0.0,,0.0,0.0,1
974490,974632,worker,323.14439845085144,False,hdf5,h5_tr_110.py,110,eager,M2,512,1,64,/pscratch/sd/s/satt/sprints/data/converted_10M/mc_normalized_rntuple_10M_10.h5,,,,5000,,,,,,,false,true,1,0,0,0.0,,0.0,0.0,1
974490,974633,worker,323.13766288757324,False,hdf5,h5_tr_110.py,110,eager,M2,512,1,64,/pscratch/sd/s/satt/sprints/data/converted_10M/mc_normalized_rntuple_10M_10.h5,,,,5000,,,,,,,false,true,1,0,0,0.0,,0.0,0.0,1
974490,974634,worker,323.1369888782501,False,hdf5,h5_tr_110.py,110,eager,M2,512,1,64,/pscratch/sd/s/satt/sprints/data/converted_10M/mc_normalized_rntuple_10M_10.h5,,,,5000,,,,,,,false,true,1,0,0,0.0,,0.0,0.0,1
974490,974635,worker,323.1121115684509,False,hdf5,h5_tr_110.py,110,eager,M2,512,1,64,/pscratch/sd/s/satt/sprints/data/converted_10M/mc_normalized_rntuple_10M_10.h5,,,,5000,,,,,,,false,true,1,0,0,0.0,,0.0,0.0,1
974490,974636,worker,323.11012148857117,False,hdf5,h5_tr_110.py,110,eager,M2,512,1,64,/pscratch/sd/s/satt/sprints/data/converted_10M/mc_normalized_rntuple_10M_10.h5,,,,5000,,,,,,,false,true,1,0,0,0.0,,0.0,0.0,1
974490,974637,worker,323.10770440101624,False,hdf5,h5_tr_110.py,110,eager,M2,512,1,64,/pscratch/sd/s/satt/sprints/data/converted_10M/mc_normalized_rntuple_10M_10.h5,,,,5000,,,,,,,false,true,1,0,0,0.0,,0.0,0.0,1
974490,974638,worker,323.1117022037506,False,hdf5,h5_tr_110.py,110,eager,M2,512,1,64,/pscratch/sd/s/satt/sprints/data/converted_10M/mc_normalized_rntuple_10M_10.h5,,,,5000,,,,,,,false,true,1,0,0,0.0,,0.0,0.0,1
974490,974639,worker,323.10568022727966,False,hdf5,h5_tr_110.py,110,eager,M2,512,1,64,/pscratch/sd/s/satt/sprints/data/converted_10M/mc_normalized_rntuple_10M_10.h5,,,,5000,,,,,,,false,true,1,0,0,0.0,,0.0,0.0,1
974490,974640,worker,323.09548687934875,False,hdf5,h5_tr_110.py,110,eager,M2,512,1,64,/pscratch/sd/s/satt/sprints/data/converted_10M/mc_normalized_rntuple_10M_10.h5,,,,5000,,,,,,,false,true,1,0,0,0.0,,0.0,0.0,1
974490,974641,worker,323.0963432788849,False,hdf5,h5_tr_110.py,110,eager,M2,512,1,64,/pscratch/sd/s/satt/sprints/data/converted_10M/mc_normalized_rntuple_10M_10.h5,,,,5000,,,,,,,false,true,1,0,0,0.0,,0.0,0.0,1
974490,974642,worker,323.0886607170105,False,hdf5,h5_tr_110.py,110,eager,M2,512,1,64,/pscratch/sd/s/satt/sprints/data/converted_10M/mc_normalized_rntuple_10M_10.h5,,,,5000,,,,,,,false,true,1,0,0,0.0,,0.0,0.0,1
974490,974643,worker,323.06609416007996,False,hdf5,h5_tr_110.py,110,eager,M2,512,1,64,/pscratch/sd/s/satt/sprints/data/converted_10M/mc_normalized_rntuple_10M_10.h5,,,,5000,,,,,,,false,true,1,0,0,0.0,,0.0,0.0,1
974490,974644,worker,323.0740439891815,False,hdf5,h5_tr_110.py,110,eager,M2,512,1,64,/pscratch/sd/s/satt/sprints/data/converted_10M/mc_normalized_rntuple_10M_10.h5,,,,5000,,,,,,,false,true,1,0,0,0.0,,0.0,0.0,1
974490,974645,worker,323.06639409065247,False,hdf5,h5_tr_110.py,110,eager,M2,512,1,64,/pscratch/sd/s/satt/sprints/data/converted_10M/mc_normalized_rntuple_10M_10.h5,,,,5000,,,,,,,false,true,1,0,0,0.0,,0.0,0.0,1
974490,974646,worker,323.0418791770935,False,hdf5,h5_tr_110.py,110,eager,M2,512,1,64,/pscratch/sd/s/satt/sprints/data/converted_10M/mc_normalized_rntuple_10M_10.h5,,,,5000,,,,,,,false,true,1,0,0,0.0,,0.0,0.0,1
974490,974647,worker,323.05436658859253,False,hdf5,h5_tr_110.py,110,eager,M2,512,1,64,/pscratch/sd/s/satt/sprints/data/converted_10M/mc_normalized_rntuple_10M_10.h5,,,,5000,,,,,,,false,true,1,0,0,0.0,,0.0,0.0,1
974490,974648,worker,323.04972863197327,False,hdf5,h5_tr_110.py,110,eager,M2,512,1,64,/pscratch/sd/s/satt/sprints/data/converted_10M/mc_normalized_rntuple_10M_10.h5,,,,5000,,,,,,,false,true,1,0,0,0.0,,0.0,0.0,1
974490,974649,worker,323.0476005077362,False,hdf5,h5_tr_110.py,110,eager,M2,512,1,64,/pscratch/sd/s/satt/sprints/data/converted_10M/mc_normalized_rntuple_10M_10.h5,,,,5000,,,,,,,false,true,1,0,0,0.0,,0.0,0.0,1
974490,974650,worker,323.020099401474,False,hdf5,h5_tr_110.py,110,eager,M2,512,1,64,/pscratch/sd/s/satt/sprints/data/converted_10M/mc_normalized_rntuple_10M_10.h5,,,,5000,,,,,,,false,true,1,0,0,0.0,,0.0,0.0,1
974490,974651,worker,323.0372407436371,False,hdf5,h5_tr_110.py,110,eager,M2,512,1,64,/pscratch/sd/s/satt/sprints/data/converted_10M/mc_normalized_rntuple_10M_10.h5,,,,5000,,,,,,,false,true,1,0,0,0.0,,0.0,0.0,1
974490,974652,worker,323.0122194290161,False,hdf5,h5_tr_110.py,110,eager,M2,512,1,64,/pscratch/sd/s/satt/sprints/data/converted_10M/mc_normalized_rntuple_10M_10.h5,,,,5000,,,,,,,false,true,1,0,0,0.0,,0.0,0.0,1
974490,974653,worker,322.99619340896606,False,hdf5,h5_tr_110.py,110,eager,M2,512,1,64,/pscratch/sd/s/satt/sprints/data/converted_10M/mc_normalized_rntuple_10M_10.h5,,,,5000,,,,,,,false,true,1,0,0,0.0,,0.0,0.0,1
974490,974654,worker,323.01277780532837,False,hdf5,h5_tr_110.py,110,eager,M2,512,1,64,/pscratch/sd/s/satt/sprints/data/converted_10M/mc_normalized_rntuple_10M_10.h5,,,,5000,,,,,,,false,true,1,0,0,0.0,,0.0,0.0,1
974490,974655,worker,323.0030472278595,False,hdf5,h5_tr_110.py,110,eager,M2,512,1,64,/pscratch/sd/s/satt/sprints/data/converted_10M/mc_normalized_rntuple_10M_10.h5,,,,5000,,,,,,,false,true,1,0,0,0.0,,0.0,0.0,1
974490,974656,worker,322.99571108818054,False,hdf5,h5_tr_110.py,110,eager,M2,512,1,64,/pscratch/sd/s/satt/sprints/data/converted_10M/mc_normalized_rntuple_10M_10.h5,,,,5000,,,,,,,false,true,1,0,0,0.0,,0.0,0.0,1
974490,974657,worker,322.9754467010498,False,hdf5,h5_tr_110.py,110,eager,M2,512,1,64,/pscratch/sd/s/satt/sprints/data/converted_10M/mc_normalized_rntuple_10M_10.h5,,,,5000,,,,,,,false,true,1,0,0,0.0,,0.0,0.0,1
974490,974658,worker,322.97361516952515,False,hdf5,h5_tr_110.py,110,eager,M2,512,1,64,/pscratch/sd/s/satt/sprints/data/converted_10M/mc_normalized_rntuple_10M_10.h5,,,,5000,,,,,,,false,true,1,0,0,0.0,,0.0,0.0,1
974490,974659,worker,322.9724636077881,False,hdf5,h5_tr_110.py,110,eager,M2,512,1,64,/pscratch/sd/s/satt/sprints/data/converted_10M/mc_normalized_rntuple_10M_10.h5,,,,5000,,,,,,,false,true,1,0,0,0.0,,0.0,0.0,1
974490,974660,worker,322.96606254577637,False,hdf5,h5_tr_110.py,110,eager,M2,512,1,64,/pscratch/sd/s/satt/sprints/data/converted_10M/mc_normalized_rntuple_10M_10.h5,,,,5000,,,,,,,false,true,1,0,0,0.0,,0.0,0.0,1
974490,974661,worker,322.944384098053,False,hdf5,h5_tr_110.py,110,eager,M2,512,1,64,/pscratch/sd/s/satt/sprints/data/converted_10M/mc_normalized_rntuple_10M_10.h5,,,,5000,,,,,,,false,true,1,0,0,0.0,,0.0,0.0,1
974490,974662,worker,322.94194173812866,False,hdf5,h5_tr_110.py,110,eager,M2,512,1,64,/pscratch/sd/s/satt/sprints/data/converted_10M/mc_normalized_rntuple_10M_10.h5,,,,5000,,,,,,,false,true,1,0,0,0.0,,0.0,0.0,1
974490,974663,worker,322.9527049064636,False,hdf5,h5_tr_110.py,110,eager,M2,512,1,64,/pscratch/sd/s/satt/sprints/data/converted_10M/mc_normalized_rntuple_10M_10.h5,,,,5000,,,,,,,false,true,1,0,0,0.0,,0.0,0.0,1
974490,974664,worker,322.94082283973694,False,hdf5,h5_tr_110.py,110,eager,M2,512,1,64,/pscratch/sd/s/satt/sprints/data/converted_10M/mc_normalized_rntuple_10M_10.h5,,,,5000,,,,,,,false,true,1,0,0,0.0,,0.0,0.0,1
974490,974665,worker,322.9293620586395,False,hdf5,h5_tr_110.py,110,eager,M2,512,1,64,/pscratch/sd/s/satt/sprints/data/converted_10M/mc_normalized_rntuple_10M_10.h5,,,,5000,,,,,,,false,true,1,0,0,0.0,,0.0,0.0,1
974490,974666,worker,322.935533285141,False,hdf5,h5_tr_110.py,110,eager,M2,512,1,64,/pscratch/sd/s/satt/sprints/data/converted_10M/mc_normalized_rntuple_10M_10.h5,,,,5000,,,,,,,false,true,1,0,0,0.0,,0.0,0.0,1
974490,974667,worker,322.925411939621,False,hdf5,h5_tr_110.py,110,eager,M2,512,1,64,/pscratch/sd/s/satt/sprints/data/converted_10M/mc_normalized_rntuple_10M_10.h5,,,,5000,,,,,,,false,true,1,0,0,0.0,,0.0,0.0,1
974490,974668,worker,322.92030143737793,False,hdf5,h5_tr_110.py,110,eager,M2,512,1,64,/pscratch/sd/s/satt/sprints/data/converted_10M/mc_normalized_rntuple_10M_10.h5,,,,5000,,,,,,,false,true,1,0,0,0.0,,0.0,0.0,1
974490,974669,worker,322.9216511249542,False,hdf5,h5_tr_110.py,110,eager,M2,512,1,64,/pscratch/sd/s/satt/sprints/data/converted_10M/mc_normalized_rntuple_10M_10.h5,,,,5000,,,,,,,false,true,1,0,0,0.0,,0.0,0.0,1
974490,974670,worker,322.8879544734955,False,hdf5,h5_tr_110.py,110,eager,M2,512,1,64,/pscratch/sd/s/satt/sprints/data/converted_10M/mc_normalized_rntuple_10M_10.h5,,,,5000,,,,,,,false,true,1,0,0,0.0,,0.0,0.0,1
974490,974671,worker,322.9140975475311,False,hdf5,h5_tr_110.py,110,eager,M2,512,1,64,/pscratch/sd/s/satt/sprints/data/converted_10M/mc_normalized_rntuple_10M_10.h5,,,,5000,,,,,,,false,true,1,0,0,0.0,,0.0,0.0,1
974490,974672,worker,322.89441418647766,False,hdf5,h5_tr_110.py,110,eager,M2,512,1,64,/pscratch/sd/s/satt/sprints/data/converted_10M/mc_normalized_rntuple_10M_10.h5,,,,5000,,,,,,,false,true,1,0,0,0.0,,0.0,0.0,1
974490,974673,worker,322.89221382141113,False,hdf5,h5_tr_110.py,110,eager,M2,512,1,64,/pscratch/sd/s/satt/sprints/data/converted_10M/mc_normalized_rntuple_10M_10.h5,,,,5000,,,,,,,false,true,1,0,0,0.0,,0.0,0.0,1
974490,974674,worker,322.8647952079773,False,hdf5,h5_tr_110.py,110,eager,M2,512,1,64,/pscratch/sd/s/satt/sprints/data/converted_10M/mc_normalized_rntuple_10M_10.h5,,,,5000,,,,,,,false,true,1,0,0,0.0,,0.0,0.0,1
974490,974675,worker,322.8540904521942,False,hdf5,h5_tr_110.py,110,eager,M2,512,1,64,/pscratch/sd/s/satt/sprints/data/converted_10M/mc_normalized_rntuple_10M_10.h5,,,,5000,,,,,,,false,true,1,0,0,0.0,,0.0,0.0,1
974490,974676,worker,322.87222170829773,False,hdf5,h5_tr_110.py,110,eager,M2,512,1,64,/pscratch/sd/s/satt/sprints/data/converted_10M/mc_normalized_rntuple_10M_10.h5,,,,5000,,,,,,,false,true,1,0,0,0.0,,0.0,0.0,1
974490,974677,worker,322.86773896217346,False,hdf5,h5_tr_110.py,110,eager,M2,512,1,64,/pscratch/sd/s/satt/sprints/data/converted_10M/mc_normalized_rntuple_10M_10.h5,,,,5000,,,,,,,false,true,1,0,0,0.0,,0.0,0.0,1
974490,974678,worker,322.8609936237335,False,hdf5,h5_tr_110.py,110,eager,M2,512,1,64,/pscratch/sd/s/satt/sprints/data/converted_10M/mc_normalized_rntuple_10M_10.h5,,,,5000,,,,,,,false,true,1,0,0,0.0,,0.0,0.0,1
974490,974679,worker,322.8536400794983,False,hdf5,h5_tr_110.py,110,eager,M2,512,1,64,/pscratch/sd/s/satt/sprints/data/converted_10M/mc_normalized_rntuple_10M_10.h5,,,,5000,,,,,,,false,true,1,0,0,0.0,,0.0,0.0,1
974490,974680,worker,322.8218970298767,False,hdf5,h5_tr_110.py,110,eager,M2,512,1,64,/pscratch/sd/s/satt/sprints/data/converted_10M/mc_normalized_rntuple_10M_10.h5,,,,5000,,,,,,,false,true,1,0,0,0.0,,0.0,0.0,1
974490,974681,worker,322.82479095458984,False,hdf5,h5_tr_110.py,110,eager,M2,512,1,64,/pscratch/sd/s/satt/sprints/data/converted_10M/mc_normalized_rntuple_10M_10.h5,,,,5000,,,,,,,false,true,1,0,0,0.0,,0.0,0.0,1
974490,974682,worker,322.83270502090454,False,hdf5,h5_tr_110.py,110,eager,M2,512,1,64,/pscratch/sd/s/satt/sprints/data/converted_10M/mc_normalized_rntuple_10M_10.h5,,,,5000,,,,,,,false,true,1,0,0,0.0,,0.0,0.0,1
974490,974683,worker,322.8278663158417,False,hdf5,h5_tr_110.py,110,eager,M2,512,1,64,/pscratch/sd/s/satt/sprints/data/converted_10M/mc_normalized_rntuple_10M_10.h5,,,,5000,,,,,,,false,true,1,0,0,0.0,,0.0,0.0,1
974490,974684,worker,322.82168316841125,False,hdf5,h5_tr_110.py,110,eager,M2,512,1,64,/pscratch/sd/s/satt/sprints/data/converted_10M/mc_normalized_rntuple_10M_10.h5,,,,5000,,,,,,,false,true,1,0,0,0.0,,0.0,0.0,1
974490,974685,worker,322.79349541664124,False,hdf5,h5_tr_110.py,110,eager,M2,512,1,64,/pscratch/sd/s/satt/sprints/data/converted_10M/mc_normalized_rntuple_10M_10.h5,,,,5000,,,,,,,false,true,1,0,0,0.0,,0.0,0.0,1
974490,974686,worker,322.8073179721832,False,hdf5,h5_tr_110.py,110,eager,M2,512,1,64,/pscratch/sd/s/satt/sprints/data/converted_10M/mc_normalized_rntuple_10M_10.h5,,,,5000,,,,,,,false,true,1,0,0,0.0,,0.0,0.0,1
974490,974687,worker,322.7959930896759,False,hdf5,h5_tr_110.py,110,eager,M2,512,1,64,/pscratch/sd/s/satt/sprints/data/converted_10M/mc_normalized_rntuple_10M_10.h5,,,,5000,,,,,,,false,true,1,0,0,0.0,,0.0,0.0,1
974490,974688,worker,322.7701692581177,False,hdf5,h5_tr_110.py,110,eager,M2,512,1,64,/pscratch/sd/s/satt/sprints/data/converted_10M/mc_normalized_rntuple_10M_10.h5,,,,5000,,,,,,,false,true,1,0,0,0.0,,0.0,0.0,1
974490,974689,worker,322.78856921195984,False,hdf5,h5_tr_110.py,110,eager,M2,512,1,64,/pscratch/sd/s/satt/sprints/data/converted_10M/mc_normalized_rntuple_10M_10.h5,,,,5000,,,,,,,false,true,1,0,0,0.0,,0.0,0.0,1
974490,974690,worker,322.78949332237244,False,hdf5,h5_tr_110.py,110,eager,M2,512,1,64,/pscratch/sd/s/satt/sprints/data/converted_10M/mc_normalized_rntuple_10M_10.h5,,,,5000,,,,,,,false,true,1,0,0,0.0,,0.0,0.0,1
974490,974691,worker,322.7777965068817,False,hdf5,h5_tr_110.py,110,eager,M2,512,1,64,/pscratch/sd/s/satt/sprints/data/converted_10M/mc_normalized_rntuple_10M_10.h5,,,,5000,,,,,,,false,true,1,0,0,0.0,,0.0,0.0,1
974490,974692,worker,322.77148699760437,False,hdf5,h5_tr_110.py,110,eager,M2,512,1,64,/pscratch/sd/s/satt/sprints/data/converted_10M/mc_normalized_rntuple_10M_10.h5,,,,5000,,,,,,,false,true,1,0,0,0.0,,0.0,0.0,1
974490,974693,worker,322.7414798736572,False,hdf5,h5_tr_110.py,110,eager,M2,512,1,64,/pscratch/sd/s/satt/sprints/data/converted_10M/mc_normalized_rntuple_10M_10.h5,,,,5000,,,,,,,false,true,1,0,0,0.0,,0.0,0.0,1
974490,974694,worker,322.76005506515503,False,hdf5,h5_tr_110.py,110,eager,M2,512,1,64,/pscratch/sd/s/satt/sprints/data/converted_10M/mc_normalized_rntuple_10M_10.h5,,,,5000,,,,,,,false,true,1,0,0,0.0,,0.0,0.0,1
974490,974695,worker,322.7554659843445,False,hdf5,h5_tr_110.py,110,eager,M2,512,1,64,/pscratch/sd/s/satt/sprints/data/converted_10M/mc_normalized_rntuple_10M_10.h5,,,,5000,,,,,,,false,true,1,0,0,0.0,,0.0,0.0,1
974490,974696,worker,322.7499463558197,False,hdf5,h5_tr_110.py,110,eager,M2,512,1,64,/pscratch/sd/s/satt/sprints/data/converted_10M/mc_normalized_rntuple_10M_10.h5,,,,5000,,,,,,,false,true,1,0,0,0.0,,0.0,0.0,1
974490,974697,worker,322.74049282073975,False,hdf5,h5_tr_110.py,110,eager,M2,512,1,64,/pscratch/sd/s/satt/sprints/data/converted_10M/mc_normalized_rntuple_10M_10.h5,,,,5000,,,,,,,false,true,1,0,0,0.0,,0.0,0.0,1
974490,974698,worker,322.7290334701538,False,hdf5,h5_tr_110.py,110,eager,M2,512,1,64,/pscratch/sd/s/satt/sprints/data/converted_10M/mc_normalized_rntuple_10M_10.h5,,,,5000,,,,,,,false,true,1,0,0,0.0,,0.0,0.0,1
974490,974699,worker,322.72691774368286,False,hdf5,h5_tr_110.py,110,eager,M2,512,1,64,/pscratch/sd/s/satt/sprints/data/converted_10M/mc_normalized_rntuple_10M_10.h5,,,,5000,,,,,,,false,true,1,0,0,0.0,,0.0,0.0,1
974490,974700,worker,322.6907250881195,False,hdf5,h5_tr_110.py,110,eager,M2,512,1,64,/pscratch/sd/s/satt/sprints/data/converted_10M/mc_normalized_rntuple_10M_10.h5,,,,5000,,,,,,,false,true,1,0,0,0.0,,0.0,0.0,1
974490,974701,worker,322.72559928894043,False,hdf5,h5_tr_110.py,110,eager,M2,512,1,64,/pscratch/sd/s/satt/sprints/data/converted_10M/mc_normalized_rntuple_10M_10.h5,,,,5000,,,,,,,false,true,1,0,0,0.0,,0.0,0.0,1
974490,974702,worker,322.7073771953583,False,hdf5,h5_tr_110.py,110,eager,M2,512,1,64,/pscratch/sd/s/satt/sprints/data/converted_10M/mc_normalized_rntuple_10M_10.h5,,,,5000,,,,,,,false,true,1,0,0,0.0,,0.0,0.0,1
974490,974703,worker,322.67446184158325,False,hdf5,h5_tr_110.py,110,eager,M2,512,1,64,/pscratch/sd/s/satt/sprints/data/converted_10M/mc_normalized_rntuple_10M_10.h5,,,,5000,,,,,,,false,true,1,0,0,0.0,,0.0,0.0,1
974490,974704,worker,322.69052505493164,False,hdf5,h5_tr_110.py,110,eager,M2,512,1,64,/pscratch/sd/s/satt/sprints/data/converted_10M/mc_normalized_rntuple_10M_10.h5,,,,5000,,,,,,,false,true,1,0,0,0.0,,0.0,0.0,1
974490,974705,worker,322.6865966320038,False,hdf5,h5_tr_110.py,110,eager,M2,512,1,64,/pscratch/sd/s/satt/sprints/data/converted_10M/mc_normalized_rntuple_10M_10.h5,,,,5000,,,,,,,false,true,1,0,0,0.0,,0.0,0.0,1
974490,974706,worker,322.6862723827362,False,hdf5,h5_tr_110.py,110,eager,M2,512,1,64,/pscratch/sd/s/satt/sprints/data/converted_10M/mc_normalized_rntuple_10M_10.h5,,,,5000,,,,,,,false,true,1,0,0,0.0,,0.0,0.0,1
974490,974707,worker,322.68125224113464,False,hdf5,h5_tr_110.py,110,eager,M2,512,1,64,/pscratch/sd/s/satt/sprints/data/converted_10M/mc_normalized_rntuple_10M_10.h5,,,,5000,,,,,,,false,true,1,0,0,0.0,,0.0,0.0,1
974490,974708,worker,322.6380133628845,False,hdf5,h5_tr_110.py,110,eager,M2,512,1,64,/pscratch/sd/s/satt/sprints/data/converted_10M/mc_normalized_rntuple_10M_10.h5,,,,5000,,,,,,,false,true,1,0,0,0.0,,0.0,0.0,1
974490,974709,worker,322.6516258716583,False,hdf5,h5_tr_110.py,110,eager,M2,512,1,64,/pscratch/sd/s/satt/sprints/data/converted_10M/mc_normalized_rntuple_10M_10.h5,,,,5000,,,,,,,false,true,1,0,0,0.0,,0.0,0.0,1
974490,974710,worker,322.65944242477417,False,hdf5,h5_tr_110.py,110,eager,M2,512,1,64,/pscratch/sd/s/satt/sprints/data/converted_10M/mc_normalized_rntuple_10M_10.h5,,,,5000,,,,,,,false,true,1,0,0,0.0,,0.0,0.0,1
974490,974711,worker,322.62724208831787,False,hdf5,h5_tr_110.py,110,eager,M2,512,1,64,/pscratch/sd/s/satt/sprints/data/converted_10M/mc_normalized_rntuple_10M_10.h5,,,,5000,,,,,,,false,true,1,0,0,0.0,,0.0,0.0,1
974490,974712,worker,322.61135053634644,False,hdf5,h5_tr_110.py,110,eager,M2,512,1,64,/pscratch/sd/s/satt/sprints/data/converted_10M/mc_normalized_rntuple_10M_10.h5,,,,5000,,,,,,,false,true,1,0,0,0.0,,0.0,0.0,1
974490,974713,worker,322.60910630226135,False,hdf5,h5_tr_110.py,110,eager,M2,512,1,64,/pscratch/sd/s/satt/sprints/data/converted_10M/mc_normalized_rntuple_10M_10.h5,,,,5000,,,,,,,false,true,1,0,0,0.0,,0.0,0.0,1
974490,974714,worker,322.6274981498718,False,hdf5,h5_tr_110.py,110,eager,M2,512,1,64,/pscratch/sd/s/satt/sprints/data/converted_10M/mc_normalized_rntuple_10M_10.h5,,,,5000,,,,,,,false,true,1,0,0,0.0,,0.0,0.0,1
974490,974715,worker,322.6065208911896,False,hdf5,h5_tr_110.py,110,eager,M2,512,1,64,/pscratch/sd/s/satt/sprints/data/converted_10M/mc_normalized_rntuple_10M_10.h5,,,,5000,,,,,,,false,true,1,0,0,0.0,,0.0,0.0,1
974490,974716,worker,322.61822724342346,False,hdf5,h5_tr_110.py,110,eager,M2,512,1,64,/pscratch/sd/s/satt/sprints/data/converted_10M/mc_normalized_rntuple_10M_10.h5,,,,5000,,,,,,,false,true,1,0,0,0.0,,0.0,0.0,1
974490,974717,worker,322.61322045326233,False,hdf5,h5_tr_110.py,110,eager,M2,512,1,64,/pscratch/sd/s/satt/sprints/data/converted_10M/mc_normalized_rntuple_10M_10.h5,,,,5000,,,,,,,false,true,1,0,0,0.0,,0.0,0.0,1
974490,974718,worker,322.6019537448883,False,hdf5,h5_tr_110.py,110,eager,M2,512,1,64,/pscratch/sd/s/satt/sprints/data/converted_10M/mc_normalized_rntuple_10M_10.h5,,,,5000,,,,,,,false,true,1,0,0,0.0,,0.0,0.0,1
974490,974719,worker,322.56374955177307,False,hdf5,h5_tr_110.py,110,eager,M2,512,1,64,/pscratch/sd/s/satt/sprints/data/converted_10M/mc_normalized_rntuple_10M_10.h5,,,,5000,,,,,,,false,true,1,0,0,0.0,,0.0,0.0,1
974490,974720,worker,322.5662319660187,False,hdf5,h5_tr_110.py,110,eager,M2,512,1,64,/pscratch/sd/s/satt/sprints/data/converted_10M/mc_normalized_rntuple_10M_10.h5,,,,5000,,,,,,,false,true,1,0,0,0.0,,0.0,0.0,1
974490,974721,worker,322.5802402496338,False,hdf5,h5_tr_110.py,110,eager,M2,512,1,64,/pscratch/sd/s/satt/sprints/data/converted_10M/mc_normalized_rntuple_10M_10.h5,,,,5000,,,,,,,false,true,1,0,0,0.0,,0.0,0.0,1
974490,974722,worker,322.5744779109955,False,hdf5,h5_tr_110.py,110,eager,M2,512,1,64,/pscratch/sd/s/satt/sprints/data/converted_10M/mc_normalized_rntuple_10M_10.h5,,,,5000,,,,,,,false,true,1,0,0,0.0,,0.0,0.0,1
974490,974723,worker,322.53631472587585,False,hdf5,h5_tr_110.py,110,eager,M2,512,1,64,/pscratch/sd/s/satt/sprints/data/converted_10M/mc_normalized_rntuple_10M_10.h5,,,,5000,,,,,,,false,true,1,0,0,0.0,,0.0,0.0,1
974490,974724,worker,322.5702657699585,False,hdf5,h5_tr_110.py,110,eager,M2,512,1,64,/pscratch/sd/s/satt/sprints/data/converted_10M/mc_normalized_rntuple_10M_10.h5,,,,5000,,,,,,,false,true,1,0,0,0.0,,0.0,0.0,1
974490,974725,worker,322.52827405929565,False,hdf5,h5_tr_110.py,110,eager,M2,512,1,64,/pscratch/sd/s/satt/sprints/data/converted_10M/mc_normalized_rntuple_10M_10.h5,,,,5000,,,,,,,false,true,1,0,0,0.0,,0.0,0.0,1
974490,974726,worker,322.5529508590698,False,hdf5,h5_tr_110.py,110,eager,M2,512,1,64,/pscratch/sd/s/satt/sprints/data/converted_10M/mc_normalized_rntuple_10M_10.h5,,,,5000,,,,,,,false,true,1,0,0,0.0,,0.0,0.0,1
974490,974727,worker,322.529687166214,False,hdf5,h5_tr_110.py,110,eager,M2,512,1,64,/pscratch/sd/s/satt/sprints/data/converted_10M/mc_normalized_rntuple_10M_10.h5,,,,5000,,,,,,,false,true,1,0,0,0.0,,0.0,0.0,1
974490,974728,worker,322.5031895637512,False,hdf5,h5_tr_110.py,110,eager,M2,512,1,64,/pscratch/sd/s/satt/sprints/data/converted_10M/mc_normalized_rntuple_10M_10.h5,,,,5000,,,,,,,false,true,1,0,0,0.0,,0.0,0.0,1
974490,974729,worker,322.5258650779724,False,hdf5,h5_tr_110.py,110,eager,M2,512,1,64,/pscratch/sd/s/satt/sprints/data/converted_10M/mc_normalized_rntuple_10M_10.h5,,,,5000,,,,,,,false,true,1,0,0,0.0,,0.0,0.0,1
974490,974730,worker,322.49453377723694,False,hdf5,h5_tr_110.py,110,eager,M2,512,1,64,/pscratch/sd/s/satt/sprints/data/converted_10M/mc_normalized_rntuple_10M_10.h5,,,,5000,,,,,,,false,true,1,0,0,0.0,,0.0,0.0,1
974490,974731,worker,322.52238631248474,False,hdf5,h5_tr_110.py,110,eager,M2,512,1,64,/pscratch/sd/s/satt/sprints/data/converted_10M/mc_normalized_rntuple_10M_10.h5,,,,5000,,,,,,,false,true,1,0,0,0.0,,0.0,0.0,1
974490,974732,worker,322.51530480384827,False,hdf5,h5_tr_110.py,110,eager,M2,512,1,64,/pscratch/sd/s/satt/sprints/data/converted_10M/mc_normalized_rntuple_10M_10.h5,,,,5000,,,,,,,false,true,1,0,0,0.0,,0.0,0.0,1
974490,974733,worker,322.50808453559875,False,hdf5,h5_tr_110.py,110,eager,M2,512,1,64,/pscratch/sd/s/satt/sprints/data/converted_10M/mc_normalized_rntuple_10M_10.h5,,,,5000,,,,,,,false,true,1,0,0,0.0,,0.0,0.0,1
974490,974734,worker,322.4876205921173,False,hdf5,h5_tr_110.py,110,eager,M2,512,1,64,/pscratch/sd/s/satt/sprints/data/converted_10M/mc_normalized_rntuple_10M_10.h5,,,,5000,,,,,,,false,true,1,0,0,0.0,,0.0,0.0,1
974490,974735,worker,322.46631717681885,False,hdf5,h5_tr_110.py,110,eager,M2,512,1,64,/pscratch/sd/s/satt/sprints/data/converted_10M/mc_normalized_rntuple_10M_10.h5,,,,5000,,,,,,,false,true,1,0,0,0.0,,0.0,0.0,1
974490,974736,worker,322.48463201522827,False,hdf5,h5_tr_110.py,110,eager,M2,512,1,64,/pscratch/sd/s/satt/sprints/data/converted_10M/mc_normalized_rntuple_10M_10.h5,,,,5000,,,,,,,false,true,1,0,0,0.0,,0.0,0.0,1
974490,974737,worker,322.4770805835724,False,hdf5,h5_tr_110.py,110,eager,M2,512,1,64,/pscratch/sd/s/satt/sprints/data/converted_10M/mc_normalized_rntuple_10M_10.h5,,,,5000,,,,,,,false,true,1,0,0,0.0,,0.0,0.0,1
974490,974738,worker,322.46624398231506,False,hdf5,h5_tr_110.py,110,eager,M2,512,1,64,/pscratch/sd/s/satt/sprints/data/converted_10M/mc_normalized_rntuple_10M_10.h5,,,,5000,,,,,,,false,true,1,0,0,0.0,,0.0,0.0,1
974490,974739,worker,322.42765069007874,False,hdf5,h5_tr_110.py,110,eager,M2,512,1,64,/pscratch/sd/s/satt/sprints/data/converted_10M/mc_normalized_rntuple_10M_10.h5,,,,5000,,,,,,,false,true,1,0,0,0.0,,0.0,0.0,1
974490,974740,worker,322.446337223053,False,hdf5,h5_tr_110.py,110,eager,M2,512,1,64,/pscratch/sd/s/satt/sprints/data/converted_10M/mc_normalized_rntuple_10M_10.h5,,,,5000,,,,,,,false,true,1,0,0,0.0,,0.0,0.0,1
974490,974741,worker,322.44654417037964,False,hdf5,h5_tr_110.py,110,eager,M2,512,1,64,/pscratch/sd/s/satt/sprints/data/converted_10M/mc_normalized_rntuple_10M_10.h5,,,,5000,,,,,,,false,true,1,0,0,0.0,,0.0,0.0,1
974490,974742,worker,322.4128978252411,False,hdf5,h5_tr_110.py,110,eager,M2,512,1,64,/pscratch/sd/s/satt/sprints/data/converted_10M/mc_normalized_rntuple_10M_10.h5,,,,5000,,,,,,,false,true,1,0,0,0.0,,0.0,0.0,1
974490,974743,worker,322.40617203712463,False,hdf5,h5_tr_110.py,110,eager,M2,512,1,64,/pscratch/sd/s/satt/sprints/data/converted_10M/mc_normalized_rntuple_10M_10.h5,,,,5000,,,,,,,false,true,1,0,0,0.0,,0.0,0.0,1
974490,974744,worker,322.43747305870056,False,hdf5,h5_tr_110.py,110,eager,M2,512,1,64,/pscratch/sd/s/satt/sprints/data/converted_10M/mc_normalized_rntuple_10M_10.h5,,,,5000,,,,,,,false,true,1,0,0,0.0,,0.0,0.0,1
974490,974745,worker,322.4125316143036,False,hdf5,h5_tr_110.py,110,eager,M2,512,1,64,/pscratch/sd/s/satt/sprints/data/converted_10M/mc_normalized_rntuple_10M_10.h5,,,,5000,,,,,,,false,true,1,0,0,0.0,,0.0,0.0,1
974490,974746,worker,322.42295694351196,False,hdf5,h5_tr_110.py,110,eager,M2,512,1,64,/pscratch/sd/s/satt/sprints/data/converted_10M/mc_normalized_rntuple_10M_10.h5,,,,5000,,,,,,,false,true,1,0,0,0.0,,0.0,0.0,1
974490,974747,worker,322.3736536502838,False,hdf5,h5_tr_110.py,110,eager,M2,512,1,64,/pscratch/sd/s/satt/sprints/data/converted_10M/mc_normalized_rntuple_10M_10.h5,,,,5000,,,,,,,false,true,1,0,0,0.0,,0.0,0.0,1
974490,974748,worker,322.3823997974396,False,hdf5,h5_tr_110.py,110,eager,M2,512,1,64,/pscratch/sd/s/satt/sprints/data/converted_10M/mc_normalized_rntuple_10M_10.h5,,,,5000,,,,,,,false,true,1,0,0,0.0,,0.0,0.0,1
974490,974749,worker,322.3702301979065,False,hdf5,h5_tr_110.py,110,eager,M2,512,1,64,/pscratch/sd/s/satt/sprints/data/converted_10M/mc_normalized_rntuple_10M_10.h5,,,,5000,,,,,,,false,true,1,0,0,0.0,,0.0,0.0,1
974490,974750,worker,322.3791506290436,False,hdf5,h5_tr_110.py,110,eager,M2,512,1,64,/pscratch/sd/s/satt/sprints/data/converted_10M/mc_normalized_rntuple_10M_10.h5,,,,5000,,,,,,,false,true,1,0,0,0.0,,0.0,0.0,1
974490,974751,worker,322.39022064208984,False,hdf5,h5_tr_110.py,110,eager,M2,512,1,64,/pscratch/sd/s/satt/sprints/data/converted_10M/mc_normalized_rntuple_10M_10.h5,,,,5000,,,,,,,false,true,1,0,0,0.0,,0.0,0.0,1
974490,974752,worker,322.3583083152771,False,hdf5,h5_tr_110.py,110,eager,M2,512,1,64,/pscratch/sd/s/satt/sprints/data/converted_10M/mc_normalized_rntuple_10M_10.h5,,,,5000,,,,,,,false,true,1,0,0,0.0,,0.0,0.0,1
974490,974753,worker,322.33763122558594,False,hdf5,h5_tr_110.py,110,eager,M2,512,1,64,/pscratch/sd/s/satt/sprints/data/converted_10M/mc_normalized_rntuple_10M_10.h5,,,,5000,,,,,,,false,true,1,0,0,0.0,,0.0,0.0,1
974490,974754,worker,322.33557057380676,False,hdf5,h5_tr_110.py,110,eager,M2,512,1,64,/pscratch/sd/s/satt/sprints/data/converted_10M/mc_normalized_rntuple_10M_10.h5,,,,5000,,,,,,,false,true,1,0,0,0.0,,0.0,0.0,1
974490,974755,worker,322.3581714630127,False,hdf5,h5_tr_110.py,110,eager,M2,512,1,64,/pscratch/sd/s/satt/sprints/data/converted_10M/mc_normalized_rntuple_10M_10.h5,,,,5000,,,,,,,false,true,1,0,0,0.0,,0.0,0.0,1
974490,974756,worker,322.31216764450073,False,hdf5,h5_tr_110.py,110,eager,M2,512,1,64,/pscratch/sd/s/satt/sprints/data/converted_10M/mc_normalized_rntuple_10M_10.h5,,,,5000,,,,,,,false,true,1,0,0,0.0,,0.0,0.0,1
974490,974757,worker,322.3044762611389,False,hdf5,h5_tr_110.py,110,eager,M2,512,1,64,/pscratch/sd/s/satt/sprints/data/converted_10M/mc_normalized_rntuple_10M_10.h5,,,,5000,,,,,,,false,true,1,0,0,0.0,,0.0,0.0,1
974490,974758,worker,322.3388776779175,False,hdf5,h5_tr_110.py,110,eager,M2,512,1,64,/pscratch/sd/s/satt/sprints/data/converted_10M/mc_normalized_rntuple_10M_10.h5,,,,5000,,,,,,,false,true,1,0,0,0.0,,0.0,0.0,1
974490,974759,worker,322.3162040710449,False,hdf5,h5_tr_110.py,110,eager,M2,512,1,64,/pscratch/sd/s/satt/sprints/data/converted_10M/mc_normalized_rntuple_10M_10.h5,,,,5000,,,,,,,false,true,1,0,0,0.0,,0.0,0.0,1
974490,974760,worker,322.29398679733276,False,hdf5,h5_tr_110.py,110,eager,M2,512,1,64,/pscratch/sd/s/satt/sprints/data/converted_10M/mc_normalized_rntuple_10M_10.h5,,,,5000,,,,,,,false,true,1,0,0,0.0,,0.0,0.0,1
974490,974761,worker,322.3198163509369,False,hdf5,h5_tr_110.py,110,eager,M2,512,1,64,/pscratch/sd/s/satt/sprints/data/converted_10M/mc_normalized_rntuple_10M_10.h5,,,,5000,,,,,,,false,true,1,0,0,0.0,,0.0,0.0,1
974490,974762,worker,322.2751672267914,False,hdf5,h5_tr_110.py,110,eager,M2,512,1,64,/pscratch/sd/s/satt/sprints/data/converted_10M/mc_normalized_rntuple_10M_10.h5,,,,5000,,,,,,,false,true,1,0,0,0.0,,0.0,0.0,1
974490,974763,worker,322.302579164505,False,hdf5,h5_tr_110.py,110,eager,M2,512,1,64,/pscratch/sd/s/satt/sprints/data/converted_10M/mc_normalized_rntuple_10M_10.h5,,,,5000,,,,,,,false,true,1,0,0,0.0,,0.0,0.0,1
974490,974764,worker,322.2958929538727,False,hdf5,h5_tr_110.py,110,eager,M2,512,1,64,/pscratch/sd/s/satt/sprints/data/converted_10M/mc_normalized_rntuple_10M_10.h5,,,,5000,,,,,,,false,true,1,0,0,0.0,,0.0,0.0,1
974490,974765,worker,322.26930594444275,False,hdf5,h5_tr_110.py,110,eager,M2,512,1,64,/pscratch/sd/s/satt/sprints/data/converted_10M/mc_normalized_rntuple_10M_10.h5,,,,5000,,,,,,,false,true,1,0,0,0.0,,0.0,0.0,1
974490,974766,worker,322.28149223327637,False,hdf5,h5_tr_110.py,110,eager,M2,512,1,64,/pscratch/sd/s/satt/sprints/data/converted_10M/mc_normalized_rntuple_10M_10.h5,,,,5000,,,,,,,false,true,1,0,0,0.0,,0.0,0.0,1
974490,974767,worker,322.2804708480835,False,hdf5,h5_tr_110.py,110,eager,M2,512,1,64,/pscratch/sd/s/satt/sprints/data/converted_10M/mc_normalized_rntuple_10M_10.h5,,,,5000,,,,,,,false,true,1,0,0,0.0,,0.0,0.0,1
974490,974768,worker,322.2716245651245,False,hdf5,h5_tr_110.py,110,eager,M2,512,1,64,/pscratch/sd/s/satt/sprints/data/converted_10M/mc_normalized_rntuple_10M_10.h5,,,,5000,,,,,,,false,true,1,0,0,0.0,,0.0,0.0,1
974490,974769,worker,322.2262704372406,False,hdf5,h5_tr_110.py,110,eager,M2,512,1,64,/pscratch/sd/s/satt/sprints/data/converted_10M/mc_normalized_rntuple_10M_10.h5,,,,5000,,,,,,,false,true,1,0,0,0.0,,0.0,0.0,1
974490,974770,worker,322.25603890419006,False,hdf5,h5_tr_110.py,110,eager,M2,512,1,64,/pscratch/sd/s/satt/sprints/data/converted_10M/mc_normalized_rntuple_10M_10.h5,,,,5000,,,,,,,false,true,1,0,0,0.0,,0.0,0.0,1
974490,974771,worker,322.2216947078705,False,hdf5,h5_tr_110.py,110,eager,M2,512,1,64,/pscratch/sd/s/satt/sprints/data/converted_10M/mc_normalized_rntuple_10M_10.h5,,,,5000,,,,,,,false,true,1,0,0,0.0,,0.0,0.0,1
974490,974772,worker,322.241370677948,False,hdf5,h5_tr_110.py,110,eager,M2,512,1,64,/pscratch/sd/s/satt/sprints/data/converted_10M/mc_normalized_rntuple_10M_10.h5,,,,5000,,,,,,,false,true,1,0,0,0.0,,0.0,0.0,1
974490,974773,worker,322.1928811073303,False,hdf5,h5_tr_110.py,110,eager,M2,512,1,64,/pscratch/sd/s/satt/sprints/data/converted_10M/mc_normalized_rntuple_10M_10.h5,,,,5000,,,,,,,false,true,1,0,0,0.0,,0.0,0.0,1
974490,974774,worker,322.1853051185608,False,hdf5,h5_tr_110.py,110,eager,M2,512,1,64,/pscratch/sd/s/satt/sprints/data/converted_10M/mc_normalized_rntuple_10M_10.h5,,,,5000,,,,,,,false,true,1,0,0,0.0,,0.0,0.0,1
974490,974775,worker,322.18416023254395,False,hdf5,h5_tr_110.py,110,eager,M2,512,1,64,/pscratch/sd/s/satt/sprints/data/converted_10M/mc_normalized_rntuple_10M_10.h5,,,,5000,,,,,,,false,true,1,0,0,0.0,,0.0,0.0,1
974490,974776,worker,322.214718580246,False,hdf5,h5_tr_110.py,110,eager,M2,512,1,64,/pscratch/sd/s/satt/sprints/data/converted_10M/mc_normalized_rntuple_10M_10.h5,,,,5000,,,,,,,false,true,1,0,0,0.0,,0.0,0.0,1
974490,974777,worker,322.1644334793091,False,hdf5,h5_tr_110.py,110,eager,M2,512,1,64,/pscratch/sd/s/satt/sprints/data/converted_10M/mc_normalized_rntuple_10M_10.h5,,,,5000,,,,,,,false,true,1,0,0,0.0,,0.0,0.0,1
974490,974778,worker,322.16870284080505,False,hdf5,h5_tr_110.py,110,eager,M2,512,1,64,/pscratch/sd/s/satt/sprints/data/converted_10M/mc_normalized_rntuple_10M_10.h5,,,,5000,,,,,,,false,true,1,0,0,0.0,,0.0,0.0,1
974490,974779,worker,322.19971346855164,False,hdf5,h5_tr_110.py,110,eager,M2,512,1,64,/pscratch/sd/s/satt/sprints/data/converted_10M/mc_normalized_rntuple_10M_10.h5,,,,5000,,,,,,,false,true,1,0,0,0.0,,0.0,0.0,1
974490,974780,worker,322.1839804649353,False,hdf5,h5_tr_110.py,110,eager,M2,512,1,64,/pscratch/sd/s/satt/sprints/data/converted_10M/mc_normalized_rntuple_10M_10.h5,,,,5000,,,,,,,false,true,1,0,0,0.0,,0.0,0.0,1
974490,974781,worker,322.13709688186646,False,hdf5,h5_tr_110.py,110,eager,M2,512,1,64,/pscratch/sd/s/satt/sprints/data/converted_10M/mc_normalized_rntuple_10M_10.h5,,,,5000,,,,,,,false,true,1,0,0,0.0,,0.0,0.0,1
974490,974782,worker,322.1741077899933,False,hdf5,h5_tr_110.py,110,eager,M2,512,1,64,/pscratch/sd/s/satt/sprints/data/converted_10M/mc_normalized_rntuple_10M_10.h5,,,,5000,,,,,,,false,true,1,0,0,0.0,,0.0,0.0,1
974490,974783,worker,322.12719535827637,False,hdf5,h5_tr_110.py,110,eager,M2,512,1,64,/pscratch/sd/s/satt/sprints/data/converted_10M/mc_normalized_rntuple_10M_10.h5,,,,5000,,,,,,,false,true,1,0,0,0.0,,0.0,0.0,1
974490,974784,worker,322.12637853622437,False,hdf5,h5_tr_110.py,110,eager,M2,512,1,64,/pscratch/sd/s/satt/sprints/data/converted_10M/mc_normalized_rntuple_10M_10.h5,,,,5000,,,,,,,false,true,1,0,0,0.0,,0.0,0.0,1
974490,974785,worker,322.1091208457947,False,hdf5,h5_tr_110.py,110,eager,M2,512,1,64,/pscratch/sd/s/satt/sprints/data/converted_10M/mc_normalized_rntuple_10M_10.h5,,,,5000,,,,,,,false,true,1,0,0,0.0,,0.0,0.0,1
974490,974786,worker,322.1483430862427,False,hdf5,h5_tr_110.py,110,eager,M2,512,1,64,/pscratch/sd/s/satt/sprints/data/converted_10M/mc_normalized_rntuple_10M_10.h5,,,,5000,,,,,,,false,true,1,0,0,0.0,,0.0,0.0,1
974490,974787,worker,322.1153130531311,False,hdf5,h5_tr_110.py,110,eager,M2,512,1,64,/pscratch/sd/s/satt/sprints/data/converted_10M/mc_normalized_rntuple_10M_10.h5,,,,5000,,,,,,,false,true,1,0,0,0.0,,0.0,0.0,1
974490,974788,worker,322.1375801563263,False,hdf5,h5_tr_110.py,110,eager,M2,512,1,64,/pscratch/sd/s/satt/sprints/data/converted_10M/mc_normalized_rntuple_10M_10.h5,,,,5000,,,,,,,false,true,1,0,0,0.0,,0.0,0.0,1
974490,974789,worker,322.1174590587616,False,hdf5,h5_tr_110.py,110,eager,M2,512,1,64,/pscratch/sd/s/satt/sprints/data/converted_10M/mc_normalized_rntuple_10M_10.h5,,,,5000,,,,,,,false,true,1,0,0,0.0,,0.0,0.0,1
974490,974790,worker,322.0779309272766,False,hdf5,h5_tr_110.py,110,eager,M2,512,1,64,/pscratch/sd/s/satt/sprints/data/converted_10M/mc_normalized_rntuple_10M_10.h5,,,,5000,,,,,,,false,true,1,0,0,0.0,,0.0,0.0,1
974490,974791,worker,322.07662558555603,False,hdf5,h5_tr_110.py,110,eager,M2,512,1,64,/pscratch/sd/s/satt/sprints/data/converted_10M/mc_normalized_rntuple_10M_10.h5,,,,5000,,,,,,,false,true,1,0,0,0.0,,0.0,0.0,1
974490,974792,worker,322.10435366630554,False,hdf5,h5_tr_110.py,110,eager,M2,512,1,64,/pscratch/sd/s/satt/sprints/data/converted_10M/mc_normalized_rntuple_10M_10.h5,,,,5000,,,,,,,false,true,1,0,0,0.0,,0.0,0.0,1
974490,974793,worker,322.0564193725586,False,hdf5,h5_tr_110.py,110,eager,M2,512,1,64,/pscratch/sd/s/satt/sprints/data/converted_10M/mc_normalized_rntuple_10M_10.h5,,,,5000,,,,,,,false,true,1,0,0,0.0,,0.0,0.0,1
974490,974794,worker,322.06066703796387,False,hdf5,h5_tr_110.py,110,eager,M2,512,1,64,/pscratch/sd/s/satt/sprints/data/converted_10M/mc_normalized_rntuple_10M_10.h5,,,,5000,,,,,,,false,true,1,0,0,0.0,,0.0,0.0,1
974490,974795,worker,322.08362650871277,False,hdf5,h5_tr_110.py,110,eager,M2,512,1,64,/pscratch/sd/s/satt/sprints/data/converted_10M/mc_normalized_rntuple_10M_10.h5,,,,5000,,,,,,,false,true,1,0,0,0.0,,0.0,0.0,1
974490,974796,worker,322.03041553497314,False,hdf5,h5_tr_110.py,110,eager,M2,512,1,64,/pscratch/sd/s/satt/sprints/data/converted_10M/mc_normalized_rntuple_10M_10.h5,,,,5000,,,,,,,false,true,1,0,0,0.0,,0.0,0.0,1
974490,974797,worker,322.0344247817993,False,hdf5,h5_tr_110.py,110,eager,M2,512,1,64,/pscratch/sd/s/satt/sprints/data/converted_10M/mc_normalized_rntuple_10M_10.h5,,,,5000,,,,,,,false,true,1,0,0,0.0,,0.0,0.0,1
974490,974798,worker,322.02130126953125,False,hdf5,h5_tr_110.py,110,eager,M2,512,1,64,/pscratch/sd/s/satt/sprints/data/converted_10M/mc_normalized_rntuple_10M_10.h5,,,,5000,,,,,,,false,true,1,0,0,0.0,,0.0,0.0,1
974490,974799,worker,322.02141880989075,False,hdf5,h5_tr_110.py,110,eager,M2,512,1,64,/pscratch/sd/s/satt/sprints/data/converted_10M/mc_normalized_rntuple_10M_10.h5,,,,5000,,,,,,,false,true,1,0,0,0.0,,0.0,0.0,1
974490,974800,worker,322.04543232917786,False,hdf5,h5_tr_110.py,110,eager,M2,512,1,64,/pscratch/sd/s/satt/sprints/data/converted_10M/mc_normalized_rntuple_10M_10.h5,,,,5000,,,,,,,false,true,1,0,0,0.0,,0.0,0.0,1
974490,974801,worker,322.0260877609253,False,hdf5,h5_tr_110.py,110,eager,M2,512,1,64,/pscratch/sd/s/satt/sprints/data/converted_10M/mc_normalized_rntuple_10M_10.h5,,,,5000,,,,,,,false,true,1,0,0,0.0,,0.0,0.0,1
974490,974802,worker,322.0037121772766,False,hdf5,h5_tr_110.py,110,eager,M2,512,1,64,/pscratch/sd/s/satt/sprints/data/converted_10M/mc_normalized_rntuple_10M_10.h5,,,,5000,,,,,,,false,true,1,0,0,0.0,,0.0,0.0,1
974490,974803,worker,322.02213501930237,False,hdf5,h5_tr_110.py,110,eager,M2,512,1,64,/pscratch/sd/s/satt/sprints/data/converted_10M/mc_normalized_rntuple_10M_10.h5,,,,5000,,,,,,,false,true,1,0,0,0.0,,0.0,0.0,1
974490,974804,worker,322.01964139938354,False,hdf5,h5_tr_110.py,110,eager,M2,512,1,64,/pscratch/sd/s/satt/sprints/data/converted_10M/mc_normalized_rntuple_10M_10.h5,,,,5000,,,,,,,false,true,1,0,0,0.0,,0.0,0.0,1
974490,974805,worker,322.01596903800964,False,hdf5,h5_tr_110.py,110,eager,M2,512,1,64,/pscratch/sd/s/satt/sprints/data/converted_10M/mc_normalized_rntuple_10M_10.h5,,,,5000,,,,,,,false,true,1,0,0,0.0,,0.0,0.0,1
974490,974806,worker,321.97476077079773,False,hdf5,h5_tr_110.py,110,eager,M2,512,1,64,/pscratch/sd/s/satt/sprints/data/converted_10M/mc_normalized_rntuple_10M_10.h5,,,,5000,,,,,,,false,true,1,0,0,0.0,,0.0,0.0,1
974490,974807,worker,321.97428464889526,False,hdf5,h5_tr_110.py,110,eager,M2,512,1,64,/pscratch/sd/s/satt/sprints/data/converted_10M/mc_normalized_rntuple_10M_10.h5,,,,5000,,,,,,,false,true,1,0,0,0.0,,0.0,0.0,1
974490,974808,worker,321.9444971084595,False,hdf5,h5_tr_110.py,110,eager,M2,512,1,64,/pscratch/sd/s/satt/sprints/data/converted_10M/mc_normalized_rntuple_10M_10.h5,,,,5000,,,,,,,false,true,1,0,0,0.0,,0.0,0.0,1
974490,974809,worker,321.98449206352234,False,hdf5,h5_tr_110.py,110,eager,M2,512,1,64,/pscratch/sd/s/satt/sprints/data/converted_10M/mc_normalized_rntuple_10M_10.h5,,,,5000,,,,,,,false,true,1,0,0,0.0,,0.0,0.0,1
974490,974810,worker,321.93106055259705,False,hdf5,h5_tr_110.py,110,eager,M2,512,1,64,/pscratch/sd/s/satt/sprints/data/converted_10M/mc_normalized_rntuple_10M_10.h5,,,,5000,,,,,,,false,true,1,0,0,0.0,,0.0,0.0,1
974490,974811,worker,321.9456751346588,False,hdf5,h5_tr_110.py,110,eager,M2,512,1,64,/pscratch/sd/s/satt/sprints/data/converted_10M/mc_normalized_rntuple_10M_10.h5,,,,5000,,,,,,,false,true,1,0,0,0.0,,0.0,0.0,1
974490,974812,worker,321.9624481201172,False,hdf5,h5_tr_110.py,110,eager,M2,512,1,64,/pscratch/sd/s/satt/sprints/data/converted_10M/mc_normalized_rntuple_10M_10.h5,,,,5000,,,,,,,false,true,1,0,0,0.0,,0.0,0.0,1
974490,974813,worker,321.95490884780884,False,hdf5,h5_tr_110.py,110,eager,M2,512,1,64,/pscratch/sd/s/satt/sprints/data/converted_10M/mc_normalized_rntuple_10M_10.h5,,,,5000,,,,,,,false,true,1,0,0,0.0,,0.0,0.0,1
974490,974814,worker,321.95055413246155,False,hdf5,h5_tr_110.py,110,eager,M2,512,1,64,/pscratch/sd/s/satt/sprints/data/converted_10M/mc_normalized_rntuple_10M_10.h5,,,,5000,,,,,,,false,true,1,0,0,0.0,,0.0,0.0,1
974490,974815,worker,321.9430067539215,False,hdf5,h5_tr_110.py,110,eager,M2,512,1,64,/pscratch/sd/s/satt/sprints/data/converted_10M/mc_normalized_rntuple_10M_10.h5,,,,5000,,,,,,,false,true,1,0,0,0.0,,0.0,0.0,1
974490,974816,worker,321.94697403907776,False,hdf5,h5_tr_110.py,110,eager,M2,512,1,64,/pscratch/sd/s/satt/sprints/data/converted_10M/mc_normalized_rntuple_10M_10.h5,,,,5000,,,,,,,false,true,1,0,0,0.0,,0.0,0.0,1
974490,974817,worker,321.9246232509613,False,hdf5,h5_tr_110.py,110,eager,M2,512,1,64,/pscratch/sd/s/satt/sprints/data/converted_10M/mc_normalized_rntuple_10M_10.h5,,,,5000,,,,,,,false,true,1,0,0,0.0,,0.0,0.0,1
974490,974818,worker,321.87848448753357,False,hdf5,h5_tr_110.py,110,eager,M2,512,1,64,/pscratch/sd/s/satt/sprints/data/converted_10M/mc_normalized_rntuple_10M_10.h5,,,,5000,,,,,,,false,true,1,0,0,0.0,,0.0,0.0,1
974490,974819,worker,321.8714334964752,False,hdf5,h5_tr_110.py,110,eager,M2,512,1,64,/pscratch/sd/s/satt/sprints/data/converted_10M/mc_normalized_rntuple_10M_10.h5,,,,5000,,,,,,,false,true,1,0,0,0.0,,0.0,0.0,1
974490,974820,worker,321.8581795692444,False,hdf5,h5_tr_110.py,110,eager,M2,512,1,64,/pscratch/sd/s/satt/sprints/data/converted_10M/mc_normalized_rntuple_10M_10.h5,,,,5000,,,,,,,false,true,1,0,0,0.0,,0.0,0.0,1
974490,974821,worker,321.87732791900635,False,hdf5,h5_tr_110.py,110,eager,M2,512,1,64,/pscratch/sd/s/satt/sprints/data/converted_10M/mc_normalized_rntuple_10M_10.h5,,,,5000,,,,,,,false,true,1,0,0,0.0,,0.0,0.0,1
974490,974822,worker,321.8906469345093,False,hdf5,h5_tr_110.py,110,eager,M2,512,1,64,/pscratch/sd/s/satt/sprints/data/converted_10M/mc_normalized_rntuple_10M_10.h5,,,,5000,,,,,,,false,true,1,0,0,0.0,,0.0,0.0,1
974490,974823,worker,321.88337659835815,False,hdf5,h5_tr_110.py,110,eager,M2,512,1,64,/pscratch/sd/s/satt/sprints/data/converted_10M/mc_normalized_rntuple_10M_10.h5,,,,5000,,,,,,,false,true,1,0,0,0.0,,0.0,0.0,1
974490,974824,worker,321.83492946624756,False,hdf5,h5_tr_110.py,110,eager,M2,512,1,64,/pscratch/sd/s/satt/sprints/data/converted_10M/mc_normalized_rntuple_10M_10.h5,,,,5000,,,,,,,false,true,1,0,0,0.0,,0.0,0.0,1
974490,974825,worker,321.8530626296997,False,hdf5,h5_tr_110.py,110,eager,M2,512,1,64,/pscratch/sd/s/satt/sprints/data/converted_10M/mc_normalized_rntuple_10M_10.h5,,,,5000,,,,,,,false,true,1,0,0,0.0,,0.0,0.0,1
974490,974826,worker,321.830331325531,False,hdf5,h5_tr_110.py,110,eager,M2,512,1,64,/pscratch/sd/s/satt/sprints/data/converted_10M/mc_normalized_rntuple_10M_10.h5,,,,5000,,,,,,,false,true,1,0,0,0.0,,0.0,0.0,1
974490,974827,worker,321.85755014419556,False,hdf5,h5_tr_110.py,110,eager,M2,512,1,64,/pscratch/sd/s/satt/sprints/data/converted_10M/mc_normalized_rntuple_10M_10.h5,,,,5000,,,,,,,false,true,1,0,0,0.0,,0.0,0.0,1
974490,974828,worker,321.83660364151,False,hdf5,h5_tr_110.py,110,eager,M2,512,1,64,/pscratch/sd/s/satt/sprints/data/converted_10M/mc_normalized_rntuple_10M_10.h5,,,,5000,,,,,,,false,true,1,0,0,0.0,,0.0,0.0,1
974490,974829,worker,321.7913727760315,False,hdf5,h5_tr_110.py,110,eager,M2,512,1,64,/pscratch/sd/s/satt/sprints/data/converted_10M/mc_normalized_rntuple_10M_10.h5,,,,5000,,,,,,,false,true,1,0,0,0.0,,0.0,0.0,1
974490,974830,worker,321.8141779899597,False,hdf5,h5_tr_110.py,110,eager,M2,512,1,64,/pscratch/sd/s/satt/sprints/data/converted_10M/mc_normalized_rntuple_10M_10.h5,,,,5000,,,,,,,false,true,1,0,0,0.0,,0.0,0.0,1
974490,974831,worker,321.8257167339325,False,hdf5,h5_tr_110.py,110,eager,M2,512,1,64,/pscratch/sd/s/satt/sprints/data/converted_10M/mc_normalized_rntuple_10M_10.h5,,,,5000,,,,,,,false,true,1,0,0,0.0,,0.0,0.0,1
974490,974832,worker,321.8178243637085,False,hdf5,h5_tr_110.py,110,eager,M2,512,1,64,/pscratch/sd/s/satt/sprints/data/converted_10M/mc_normalized_rntuple_10M_10.h5,,,,5000,,,,,,,false,true,1,0,0,0.0,,0.0,0.0,1
974490,974833,worker,321.7632336616516,False,hdf5,h5_tr_110.py,110,eager,M2,512,1,64,/pscratch/sd/s/satt/sprints/data/converted_10M/mc_normalized_rntuple_10M_10.h5,,,,5000,,,,,,,false,true,1,0,0,0.0,,0.0,0.0,1
974490,974834,worker,321.7608435153961,False,hdf5,h5_tr_110.py,110,eager,M2,512,1,64,/pscratch/sd/s/satt/sprints/data/converted_10M/mc_normalized_rntuple_10M_10.h5,,,,5000,,,,,,,false,true,1,0,0,0.0,,0.0,0.0,1
974490,974835,worker,321.79678106307983,False,hdf5,h5_tr_110.py,110,eager,M2,512,1,64,/pscratch/sd/s/satt/sprints/data/converted_10M/mc_normalized_rntuple_10M_10.h5,,,,5000,,,,,,,false,true,1,0,0,0.0,,0.0,0.0,1
974490,974836,worker,321.7600200176239,False,hdf5,h5_tr_110.py,110,eager,M2,512,1,64,/pscratch/sd/s/satt/sprints/data/converted_10M/mc_normalized_rntuple_10M_10.h5,,,,5000,,,,,,,false,true,1,0,0,0.0,,0.0,0.0,1
974490,974837,worker,321.733115196228,False,hdf5,h5_tr_110.py,110,eager,M2,512,1,64,/pscratch/sd/s/satt/sprints/data/converted_10M/mc_normalized_rntuple_10M_10.h5,,,,5000,,,,,,,false,true,1,0,0,0.0,,0.0,0.0,1
974490,974838,worker,321.73684453964233,False,hdf5,h5_tr_110.py,110,eager,M2,512,1,64,/pscratch/sd/s/satt/sprints/data/converted_10M/mc_normalized_rntuple_10M_10.h5,,,,5000,,,,,,,false,true,1,0,0,0.0,,0.0,0.0,1
974490,974839,worker,321.7497048377991,False,hdf5,h5_tr_110.py,110,eager,M2,512,1,64,/pscratch/sd/s/satt/sprints/data/converted_10M/mc_normalized_rntuple_10M_10.h5,,,,5000,,,,,,,false,true,1,0,0,0.0,,0.0,0.0,1
974490,974840,worker,321.7578446865082,False,hdf5,h5_tr_110.py,110,eager,M2,512,1,64,/pscratch/sd/s/satt/sprints/data/converted_10M/mc_normalized_rntuple_10M_10.h5,,,,5000,,,,,,,false,true,1,0,0,0.0,,0.0,0.0,1
974490,974841,worker,321.6973080635071,False,hdf5,h5_tr_110.py,110,eager,M2,512,1,64,/pscratch/sd/s/satt/sprints/data/converted_10M/mc_normalized_rntuple_10M_10.h5,,,,5000,,,,,,,false,true,1,0,0,0.0,,0.0,0.0,1
974490,974843,worker,321.7098217010498,False,hdf5,h5_tr_110.py,110,eager,M2,512,1,64,/pscratch/sd/s/satt/sprints/data/converted_10M/mc_normalized_rntuple_10M_10.h5,,,,5000,,,,,,,false,true,1,0,0,0.0,,0.0,0.0,1
974490,974844,worker,321.7369828224182,False,hdf5,h5_tr_110.py,110,eager,M2,512,1,64,/pscratch/sd/s/satt/sprints/data/converted_10M/mc_normalized_rntuple_10M_10.h5,,,,5000,,,,,,,false,true,1,0,0,0.0,,0.0,0.0,1
974490,974845,worker,321.6864445209503,False,hdf5,h5_tr_110.py,110,eager,M2,512,1,64,/pscratch/sd/s/satt/sprints/data/converted_10M/mc_normalized_rntuple_10M_10.h5,,,,5000,,,,,,,false,true,1,0,0,0.0,,0.0,0.0,1
974490,974846,worker,321.71875834465027,False,hdf5,h5_tr_110.py,110,eager,M2,512,1,64,/pscratch/sd/s/satt/sprints/data/converted_10M/mc_normalized_rntuple_10M_10.h5,,,,5000,,,,,,,false,true,1,0,0,0.0,,0.0,0.0,1
974490,974847,worker,321.66589975357056,False,hdf5,h5_tr_110.py,110,eager,M2,512,1,64,/pscratch/sd/s/satt/sprints/data/converted_10M/mc_normalized_rntuple_10M_10.h5,,,,5000,,,,,,,false,true,1,0,0,0.0,,0.0,0.0,1
974490,974848,worker,321.6531777381897,False,hdf5,h5_tr_110.py,110,eager,M2,512,1,64,/pscratch/sd/s/satt/sprints/data/converted_10M/mc_normalized_rntuple_10M_10.h5,,,,5000,,,,,,,false,true,1,0,0,0.0,,0.0,0.0,1
974490,974849,worker,321.6596875190735,False,hdf5,h5_tr_110.py,110,eager,M2,512,1,64,/pscratch/sd/s/satt/sprints/data/converted_10M/mc_normalized_rntuple_10M_10.h5,,,,5000,,,,,,,false,true,1,0,0,0.0,,0.0,0.0,1
974490,974850,worker,321.64473366737366,False,hdf5,h5_tr_110.py,110,eager,M2,512,1,64,/pscratch/sd/s/satt/sprints/data/converted_10M/mc_normalized_rntuple_10M_10.h5,,,,5000,,,,,,,false,true,1,0,0,0.0,,0.0,0.0,1
974490,974851,worker,321.6522443294525,False,hdf5,h5_tr_110.py,110,eager,M2,512,1,64,/pscratch/sd/s/satt/sprints/data/converted_10M/mc_normalized_rntuple_10M_10.h5,,,,5000,,,,,,,false,true,1,0,0,0.0,,0.0,0.0,1
974490,974852,worker,321.67179226875305,False,hdf5,h5_tr_110.py,110,eager,M2,512,1,64,/pscratch/sd/s/satt/sprints/data/converted_10M/mc_normalized_rntuple_10M_10.h5,,,,5000,,,,,,,false,true,1,0,0,0.0,,0.0,0.0,1
974490,974853,worker,321.61411905288696,False,hdf5,h5_tr_110.py,110,eager,M2,512,1,64,/pscratch/sd/s/satt/sprints/data/converted_10M/mc_normalized_rntuple_10M_10.h5,,,,5000,,,,,,,false,true,1,0,0,0.0,,0.0,0.0,1
974490,974854,worker,321.6238262653351,False,hdf5,h5_tr_110.py,110,eager,M2,512,1,64,/pscratch/sd/s/satt/sprints/data/converted_10M/mc_normalized_rntuple_10M_10.h5,,,,5000,,,,,,,false,true,1,0,0,0.0,,0.0,0.0,1
974490,974855,worker,321.64699363708496,False,hdf5,h5_tr_110.py,110,eager,M2,512,1,64,/pscratch/sd/s/satt/sprints/data/converted_10M/mc_normalized_rntuple_10M_10.h5,,,,5000,,,,,,,false,true,1,0,0,0.0,,0.0,0.0,1
974490,974856,worker,321.64219975471497,False,hdf5,h5_tr_110.py,110,eager,M2,512,1,64,/pscratch/sd/s/satt/sprints/data/converted_10M/mc_normalized_rntuple_10M_10.h5,,,,5000,,,,,,,false,true,1,0,0,0.0,,0.0,0.0,1
974490,974857,worker,321.6499662399292,False,hdf5,h5_tr_110.py,110,eager,M2,512,1,64,/pscratch/sd/s/satt/sprints/data/converted_10M/mc_normalized_rntuple_10M_10.h5,,,,5000,,,,,,,false,true,1,0,0,0.0,,0.0,0.0,1
974490,974858,worker,321.6277573108673,False,hdf5,h5_tr_110.py,110,eager,M2,512,1,64,/pscratch/sd/s/satt/sprints/data/converted_10M/mc_normalized_rntuple_10M_10.h5,,,,5000,,,,,,,false,true,1,0,0,0.0,,0.0,0.0,1
974490,974859,worker,321.57090616226196,False,hdf5,h5_tr_110.py,110,eager,M2,512,1,64,/pscratch/sd/s/satt/sprints/data/converted_10M/mc_normalized_rntuple_10M_10.h5,,,,5000,,,,,,,false,true,1,0,0,0.0,,0.0,0.0,1
974490,974860,worker,321.6149790287018,False,hdf5,h5_tr_110.py,110,eager,M2,512,1,64,/pscratch/sd/s/satt/sprints/data/converted_10M/mc_normalized_rntuple_10M_10.h5,,,,5000,,,,,,,false,true,1,0,0,0.0,,0.0,0.0,1
974490,974861,worker,321.6086850166321,False,hdf5,h5_tr_110.py,110,eager,M2,512,1,64,/pscratch/sd/s/satt/sprints/data/converted_10M/mc_normalized_rntuple_10M_10.h5,,,,5000,,,,,,,false,true,1,0,0,0.0,,0.0,0.0,1
974490,974862,worker,321.5897614955902,False,hdf5,h5_tr_110.py,110,eager,M2,512,1,64,/pscratch/sd/s/satt/sprints/data/converted_10M/mc_normalized_rntuple_10M_10.h5,,,,5000,,,,,,,false,true,1,0,0,0.0,,0.0,0.0,1
974490,974863,worker,321.59208703041077,False,hdf5,h5_tr_110.py,110,eager,M2,512,1,64,/pscratch/sd/s/satt/sprints/data/converted_10M/mc_normalized_rntuple_10M_10.h5,,,,5000,,,,,,,false,true,1,0,0,0.0,,0.0,0.0,1
974490,974864,worker,321.5578887462616,False,hdf5,h5_tr_110.py,110,eager,M2,512,1,64,/pscratch/sd/s/satt/sprints/data/converted_10M/mc_normalized_rntuple_10M_10.h5,,,,5000,,,,,,,false,true,1,0,0,0.0,,0.0,0.0,1
974490,974865,worker,321.57783818244934,False,hdf5,h5_tr_110.py,110,eager,M2,512,1,64,/pscratch/sd/s/satt/sprints/data/converted_10M/mc_normalized_rntuple_10M_10.h5,,,,5000,,,,,,,false,true,1,0,0,0.0,,0.0,0.0,1
974490,974866,worker,321.5698914527893,False,hdf5,h5_tr_110.py,110,eager,M2,512,1,64,/pscratch/sd/s/satt/sprints/data/converted_10M/mc_normalized_rntuple_10M_10.h5,,,,5000,,,,,,,false,true,1,0,0,0.0,,0.0,0.0,1
974490,974867,worker,321.56379747390747,False,hdf5,h5_tr_110.py,110,eager,M2,512,1,64,/pscratch/sd/s/satt/sprints/data/converted_10M/mc_normalized_rntuple_10M_10.h5,,,,5000,,,,,,,false,true,1,0,0,0.0,,0.0,0.0,1
974490,974868,worker,321.5535180568695,False,hdf5,h5_tr_110.py,110,eager,M2,512,1,64,/pscratch/sd/s/satt/sprints/data/converted_10M/mc_normalized_rntuple_10M_10.h5,,,,5000,,,,,,,false,true,1,0,0,0.0,,0.0,0.0,1
974490,974869,worker,321.501101732254,False,hdf5,h5_tr_110.py,110,eager,M2,512,1,64,/pscratch/sd/s/satt/sprints/data/converted_10M/mc_normalized_rntuple_10M_10.h5,,,,5000,,,,,,,false,true,1,0,0,0.0,,0.0,0.0,1
974490,974870,worker,321.51310300827026,False,hdf5,h5_tr_110.py,110,eager,M2,512,1,64,/pscratch/sd/s/satt/sprints/data/converted_10M/mc_normalized_rntuple_10M_10.h5,,,,5000,,,,,,,false,true,1,0,0,0.0,,0.0,0.0,1
974490,974871,worker,321.4794976711273,False,hdf5,h5_tr_110.py,110,eager,M2,512,1,64,/pscratch/sd/s/satt/sprints/data/converted_10M/mc_normalized_rntuple_10M_10.h5,,,,5000,,,,,,,false,true,1,0,0,0.0,,0.0,0.0,1
974490,974872,worker,321.5227358341217,False,hdf5,h5_tr_110.py,110,eager,M2,512,1,64,/pscratch/sd/s/satt/sprints/data/converted_10M/mc_normalized_rntuple_10M_10.h5,,,,5000,,,,,,,false,true,1,0,0,0.0,,0.0,0.0,1
974490,974873,worker,321.5064489841461,False,hdf5,h5_tr_110.py,110,eager,M2,512,1,64,/pscratch/sd/s/satt/sprints/data/converted_10M/mc_normalized_rntuple_10M_10.h5,,,,5000,,,,,,,false,true,1,0,0,0.0,,0.0,0.0,1
974490,974874,worker,321.51356077194214,False,hdf5,h5_tr_110.py,110,eager,M2,512,1,64,/pscratch/sd/s/satt/sprints/data/converted_10M/mc_normalized_rntuple_10M_10.h5,,,,5000,,,,,,,false,true,1,0,0,0.0,,0.0,0.0,1
974490,974875,worker,321.5001516342163,False,hdf5,h5_tr_110.py,110,eager,M2,512,1,64,/pscratch/sd/s/satt/sprints/data/converted_10M/mc_normalized_rntuple_10M_10.h5,,,,5000,,,,,,,false,true,1,0,0,0.0,,0.0,0.0,1
974490,974876,worker,321.4957113265991,False,hdf5,h5_tr_110.py,110,eager,M2,512,1,64,/pscratch/sd/s/satt/sprints/data/converted_10M/mc_normalized_rntuple_10M_10.h5,,,,5000,,,,,,,false,true,1,0,0,0.0,,0.0,0.0,1
974490,974877,worker,321.44977045059204,False,hdf5,h5_tr_110.py,110,eager,M2,512,1,64,/pscratch/sd/s/satt/sprints/data/converted_10M/mc_normalized_rntuple_10M_10.h5,,,,5000,,,,,,,false,true,1,0,0,0.0,,0.0,0.0,1
974490,974878,worker,321.4794156551361,False,hdf5,h5_tr_110.py,110,eager,M2,512,1,64,/pscratch/sd/s/satt/sprints/data/converted_10M/mc_normalized_rntuple_10M_10.h5,,,,5000,,,,,,,false,true,1,0,0,0.0,,0.0,0.0,1
974490,974879,worker,321.4702649116516,False,hdf5,h5_tr_110.py,110,eager,M2,512,1,64,/pscratch/sd/s/satt/sprints/data/converted_10M/mc_normalized_rntuple_10M_10.h5,,,,5000,,,,,,,false,true,1,0,0,0.0,,0.0,0.0,1
974490,974880,worker,321.4388566017151,False,hdf5,h5_tr_110.py,110,eager,M2,512,1,64,/pscratch/sd/s/satt/sprints/data/converted_10M/mc_normalized_rntuple_10M_10.h5,,,,5000,,,,,,,false,true,1,0,0,0.0,,0.0,0.0,1
974490,974881,worker,321.42487239837646,False,hdf5,h5_tr_110.py,110,eager,M2,512,1,64,/pscratch/sd/s/satt/sprints/data/converted_10M/mc_normalized_rntuple_10M_10.h5,,,,5000,,,,,,,false,true,1,0,0,0.0,,0.0,0.0,1
974490,974882,worker,321.3949248790741,False,hdf5,h5_tr_110.py,110,eager,M2,512,1,64,/pscratch/sd/s/satt/sprints/data/converted_10M/mc_normalized_rntuple_10M_10.h5,,,,5000,,,,,,,false,true,1,0,0,0.0,,0.0,0.0,1
974490,974883,worker,321.43698740005493,False,hdf5,h5_tr_110.py,110,eager,M2,512,1,64,/pscratch/sd/s/satt/sprints/data/converted_10M/mc_normalized_rntuple_10M_10.h5,,,,5000,,,,,,,false,true,1,0,0,0.0,,0.0,0.0,1
974490,974884,worker,321.4395191669464,False,hdf5,h5_tr_110.py,110,eager,M2,512,1,64,/pscratch/sd/s/satt/sprints/data/converted_10M/mc_normalized_rntuple_10M_10.h5,,,,5000,,,,,,,false,true,1,0,0,0.0,,0.0,0.0,1
974490,974885,worker,321.4285478591919,False,hdf5,h5_tr_110.py,110,eager,M2,512,1,64,/pscratch/sd/s/satt/sprints/data/converted_10M/mc_normalized_rntuple_10M_10.h5,,,,5000,,,,,,,false,true,1,0,0,0.0,,0.0,0.0,1
974490,974886,worker,321.3707082271576,False,hdf5,h5_tr_110.py,110,eager,M2,512,1,64,/pscratch/sd/s/satt/sprints/data/converted_10M/mc_normalized_rntuple_10M_10.h5,,,,5000,,,,,,,false,true,1,0,0,0.0,,0.0,0.0,1
974490,974887,worker,321.41909646987915,False,hdf5,h5_tr_110.py,110,eager,M2,512,1,64,/pscratch/sd/s/satt/sprints/data/converted_10M/mc_normalized_rntuple_10M_10.h5,,,,5000,,,,,,,false,true,1,0,0,0.0,,0.0,0.0,1
974490,974888,worker,321.3869342803955,False,hdf5,h5_tr_110.py,110,eager,M2,512,1,64,/pscratch/sd/s/satt/sprints/data/converted_10M/mc_normalized_rntuple_10M_10.h5,,,,5000,,,,,,,false,true,1,0,0,0.0,,0.0,0.0,1
974490,974889,worker,321.38467025756836,False,hdf5,h5_tr_110.py,110,eager,M2,512,1,64,/pscratch/sd/s/satt/sprints/data/converted_10M/mc_normalized_rntuple_10M_10.h5,,,,5000,,,,,,,false,true,1,0,0,0.0,,0.0,0.0,1
974490,974890,worker,321.3770155906677,False,hdf5,h5_tr_110.py,110,eager,M2,512,1,64,/pscratch/sd/s/satt/sprints/data/converted_10M/mc_normalized_rntuple_10M_10.h5,,,,5000,,,,,,,false,true,1,0,0,0.0,,0.0,0.0,1
974490,974891,worker,321.3261830806732,False,hdf5,h5_tr_110.py,110,eager,M2,512,1,64,/pscratch/sd/s/satt/sprints/data/converted_10M/mc_normalized_rntuple_10M_10.h5,,,,5000,,,,,,,false,true,1,0,0,0.0,,0.0,0.0,1
974490,974892,worker,321.37654209136963,False,hdf5,h5_tr_110.py,110,eager,M2,512,1,64,/pscratch/sd/s/satt/sprints/data/converted_10M/mc_normalized_rntuple_10M_10.h5,,,,5000,,,,,,,false,true,1,0,0,0.0,,0.0,0.0,1
974490,974893,worker,321.36738991737366,False,hdf5,h5_tr_110.py,110,eager,M2,512,1,64,/pscratch/sd/s/satt/sprints/data/converted_10M/mc_normalized_rntuple_10M_10.h5,,,,5000,,,,,,,false,true,1,0,0,0.0,,0.0,0.0,1
974490,974894,worker,321.36058950424194,False,hdf5,h5_tr_110.py,110,eager,M2,512,1,64,/pscratch/sd/s/satt/sprints/data/converted_10M/mc_normalized_rntuple_10M_10.h5,,,,5000,,,,,,,false,true,1,0,0,0.0,,0.0,0.0,1
974490,974895,worker,321.30195927619934,False,hdf5,h5_tr_110.py,110,eager,M2,512,1,64,/pscratch/sd/s/satt/sprints/data/converted_10M/mc_normalized_rntuple_10M_10.h5,,,,5000,,,,,,,false,true,1,0,0,0.0,,0.0,0.0,1
974490,974896,worker,321.3450622558594,False,hdf5,h5_tr_110.py,110,eager,M2,512,1,64,/pscratch/sd/s/satt/sprints/data/converted_10M/mc_normalized_rntuple_10M_10.h5,,,,5000,,,,,,,false,true,1,0,0,0.0,,0.0,0.0,1
974490,974897,worker,321.280597448349,False,hdf5,h5_tr_110.py,110,eager,M2,512,1,64,/pscratch/sd/s/satt/sprints/data/converted_10M/mc_normalized_rntuple_10M_10.h5,,,,5000,,,,,,,false,true,1,0,0,0.0,,0.0,0.0,1
974490,974898,worker,321.30791902542114,False,hdf5,h5_tr_110.py,110,eager,M2,512,1,64,/pscratch/sd/s/satt/sprints/data/converted_10M/mc_normalized_rntuple_10M_10.h5,,,,5000,,,,,,,false,true,1,0,0,0.0,,0.0,0.0,1
974490,974899,worker,321.31207251548767,False,hdf5,h5_tr_110.py,110,eager,M2,512,1,64,/pscratch/sd/s/satt/sprints/data/converted_10M/mc_normalized_rntuple_10M_10.h5,,,,5000,,,,,,,false,true,1,0,0,0.0,,0.0,0.0,1
974490,974900,worker,321.27616262435913,False,hdf5,h5_tr_110.py,110,eager,M2,512,1,64,/pscratch/sd/s/satt/sprints/data/converted_10M/mc_normalized_rntuple_10M_10.h5,,,,5000,,,,,,,false,true,1,0,0,0.0,,0.0,0.0,1
974490,974901,worker,321.2738242149353,False,hdf5,h5_tr_110.py,110,eager,M2,512,1,64,/pscratch/sd/s/satt/sprints/data/converted_10M/mc_normalized_rntuple_10M_10.h5,,,,5000,,,,,,,false,true,1,0,0,0.0,,0.0,0.0,1
974490,974902,worker,321.2962830066681,False,hdf5,h5_tr_110.py,110,eager,M2,512,1,64,/pscratch/sd/s/satt/sprints/data/converted_10M/mc_normalized_rntuple_10M_10.h5,,,,5000,,,,,,,false,true,1,0,0,0.0,,0.0,0.0,1
974490,974903,worker,321.23748087882996,False,hdf5,h5_tr_110.py,110,eager,M2,512,1,64,/pscratch/sd/s/satt/sprints/data/converted_10M/mc_normalized_rntuple_10M_10.h5,,,,5000,,,,,,,false,true,1,0,0,0.0,,0.0,0.0,1
974490,974904,worker,321.27538776397705,False,hdf5,h5_tr_110.py,110,eager,M2,512,1,64,/pscratch/sd/s/satt/sprints/data/converted_10M/mc_normalized_rntuple_10M_10.h5,,,,5000,,,,,,,false,true,1,0,0,0.0,,0.0,0.0,1
974490,974905,worker,321.2159254550934,False,hdf5,h5_tr_110.py,110,eager,M2,512,1,64,/pscratch/sd/s/satt/sprints/data/converted_10M/mc_normalized_rntuple_10M_10.h5,,,,5000,,,,,,,false,true,1,0,0,0.0,,0.0,0.0,1
974490,974906,worker,321.22338604927063,False,hdf5,h5_tr_110.py,110,eager,M2,512,1,64,/pscratch/sd/s/satt/sprints/data/converted_10M/mc_normalized_rntuple_10M_10.h5,,,,5000,,,,,,,false,true,1,0,0,0.0,,0.0,0.0,1
974490,974907,worker,321.21281027793884,False,hdf5,h5_tr_110.py,110,eager,M2,512,1,64,/pscratch/sd/s/satt/sprints/data/converted_10M/mc_normalized_rntuple_10M_10.h5,,,,5000,,,,,,,false,true,1,0,0,0.0,,0.0,0.0,1
974490,974908,worker,321.252153635025,False,hdf5,h5_tr_110.py,110,eager,M2,512,1,64,/pscratch/sd/s/satt/sprints/data/converted_10M/mc_normalized_rntuple_10M_10.h5,,,,5000,,,,,,,false,true,1,0,0,0.0,,0.0,0.0,1
974490,974909,worker,321.20848655700684,False,hdf5,h5_tr_110.py,110,eager,M2,512,1,64,/pscratch/sd/s/satt/sprints/data/converted_10M/mc_normalized_rntuple_10M_10.h5,,,,5000,,,,,,,false,true,1,0,0,0.0,,0.0,0.0,1
974490,974910,worker,321.19495487213135,False,hdf5,h5_tr_110.py,110,eager,M2,512,1,64,/pscratch/sd/s/satt/sprints/data/converted_10M/mc_normalized_rntuple_10M_10.h5,,,,5000,,,,,,,false,true,1,0,0,0.0,,0.0,0.0,1
974490,974911,worker,321.1754860877991,False,hdf5,h5_tr_110.py,110,eager,M2,512,1,64,/pscratch/sd/s/satt/sprints/data/converted_10M/mc_normalized_rntuple_10M_10.h5,,,,5000,,,,,,,false,true,1,0,0,0.0,,0.0,0.0,1
974490,974912,worker,321.1792085170746,False,hdf5,h5_tr_110.py,110,eager,M2,512,1,64,/pscratch/sd/s/satt/sprints/data/converted_10M/mc_normalized_rntuple_10M_10.h5,,,,5000,,,,,,,false,true,1,0,0,0.0,,0.0,0.0,1
974490,974913,worker,321.1848952770233,False,hdf5,h5_tr_110.py,110,eager,M2,512,1,64,/pscratch/sd/s/satt/sprints/data/converted_10M/mc_normalized_rntuple_10M_10.h5,,,,5000,,,,,,,false,true,1,0,0,0.0,,0.0,0.0,1
974490,974914,worker,321.2075891494751,False,hdf5,h5_tr_110.py,110,eager,M2,512,1,64,/pscratch/sd/s/satt/sprints/data/converted_10M/mc_normalized_rntuple_10M_10.h5,,,,5000,,,,,,,false,true,1,0,0,0.0,,0.0,0.0,1
974490,974915,worker,321.1707260608673,False,hdf5,h5_tr_110.py,110,eager,M2,512,1,64,/pscratch/sd/s/satt/sprints/data/converted_10M/mc_normalized_rntuple_10M_10.h5,,,,5000,,,,,,,false,true,1,0,0,0.0,,0.0,0.0,1
974490,974916,worker,321.14846110343933,False,hdf5,h5_tr_110.py,110,eager,M2,512,1,64,/pscratch/sd/s/satt/sprints/data/converted_10M/mc_normalized_rntuple_10M_10.h5,,,,5000,,,,,,,false,true,1,0,0,0.0,,0.0,0.0,1
974490,974917,worker,321.1237082481384,False,hdf5,h5_tr_110.py,110,eager,M2,512,1,64,/pscratch/sd/s/satt/sprints/data/converted_10M/mc_normalized_rntuple_10M_10.h5,,,,5000,,,,,,,false,true,1,0,0,0.0,,0.0,0.0,1
974490,974918,worker,321.1798963546753,False,hdf5,h5_tr_110.py,110,eager,M2,512,1,64,/pscratch/sd/s/satt/sprints/data/converted_10M/mc_normalized_rntuple_10M_10.h5,,,,5000,,,,,,,false,true,1,0,0,0.0,,0.0,0.0,1
974490,974919,worker,321.1305572986603,False,hdf5,h5_tr_110.py,110,eager,M2,512,1,64,/pscratch/sd/s/satt/sprints/data/converted_10M/mc_normalized_rntuple_10M_10.h5,,,,5000,,,,,,,false,true,1,0,0,0.0,,0.0,0.0,1
974490,974920,worker,321.1586010456085,False,hdf5,h5_tr_110.py,110,eager,M2,512,1,64,/pscratch/sd/s/satt/sprints/data/converted_10M/mc_normalized_rntuple_10M_10.h5,,,,5000,,,,,,,false,true,1,0,0,0.0,,0.0,0.0,1
974490,974921,worker,321.1599164009094,False,hdf5,h5_tr_110.py,110,eager,M2,512,1,64,/pscratch/sd/s/satt/sprints/data/converted_10M/mc_normalized_rntuple_10M_10.h5,,,,5000,,,,,,,false,true,1,0,0,0.0,,0.0,0.0,1
974490,974922,worker,321.0882475376129,False,hdf5,h5_tr_110.py,110,eager,M2,512,1,64,/pscratch/sd/s/satt/sprints/data/converted_10M/mc_normalized_rntuple_10M_10.h5,,,,5000,,,,,,,false,true,1,0,0,0.0,,0.0,0.0,1
974490,974923,worker,321.07956075668335,False,hdf5,h5_tr_110.py,110,eager,M2,512,1,64,/pscratch/sd/s/satt/sprints/data/converted_10M/mc_normalized_rntuple_10M_10.h5,,,,5000,,,,,,,false,true,1,0,0,0.0,,0.0,0.0,1
974490,974924,worker,321.1254768371582,False,hdf5,h5_tr_110.py,110,eager,M2,512,1,64,/pscratch/sd/s/satt/sprints/data/converted_10M/mc_normalized_rntuple_10M_10.h5,,,,5000,,,,,,,false,true,1,0,0,0.0,,0.0,0.0,1
974490,974925,worker,321.1137943267822,False,hdf5,h5_tr_110.py,110,eager,M2,512,1,64,/pscratch/sd/s/satt/sprints/data/converted_10M/mc_normalized_rntuple_10M_10.h5,,,,5000,,,,,,,false,true,1,0,0,0.0,,0.0,0.0,1
974490,974926,worker,321.1117935180664,False,hdf5,h5_tr_110.py,110,eager,M2,512,1,64,/pscratch/sd/s/satt/sprints/data/converted_10M/mc_normalized_rntuple_10M_10.h5,,,,5000,,,,,,,false,true,1,0,0,0.0,,0.0,0.0,1
974490,974927,worker,321.09998655319214,False,hdf5,h5_tr_110.py,110,eager,M2,512,1,64,/pscratch/sd/s/satt/sprints/data/converted_10M/mc_normalized_rntuple_10M_10.h5,,,,5000,,,,,,,false,true,1,0,0,0.0,,0.0,0.0,1
974490,974928,worker,321.0598895549774,False,hdf5,h5_tr_110.py,110,eager,M2,512,1,64,/pscratch/sd/s/satt/sprints/data/converted_10M/mc_normalized_rntuple_10M_10.h5,,,,5000,,,,,,,false,true,1,0,0,0.0,,0.0,0.0,1
974490,974929,worker,321.02443075180054,False,hdf5,h5_tr_110.py,110,eager,M2,512,1,64,/pscratch/sd/s/satt/sprints/data/converted_10M/mc_normalized_rntuple_10M_10.h5,,,,5000,,,,,,,false,true,1,0,0,0.0,,0.0,0.0,1
974490,974930,worker,321.07563066482544,False,hdf5,h5_tr_110.py,110,eager,M2,512,1,64,/pscratch/sd/s/satt/sprints/data/converted_10M/mc_normalized_rntuple_10M_10.h5,,,,5000,,,,,,,false,true,1,0,0,0.0,,0.0,0.0,1
974490,974931,worker,321.05110144615173,False,hdf5,h5_tr_110.py,110,eager,M2,512,1,64,/pscratch/sd/s/satt/sprints/data/converted_10M/mc_normalized_rntuple_10M_10.h5,,,,5000,,,,,,,false,true,1,0,0,0.0,,0.0,0.0,1
974490,974932,worker,320.9992997646332,False,hdf5,h5_tr_110.py,110,eager,M2,512,1,64,/pscratch/sd/s/satt/sprints/data/converted_10M/mc_normalized_rntuple_10M_10.h5,,,,5000,,,,,,,false,true,1,0,0,0.0,,0.0,0.0,1
974490,974933,worker,321.00281286239624,False,hdf5,h5_tr_110.py,110,eager,M2,512,1,64,/pscratch/sd/s/satt/sprints/data/converted_10M/mc_normalized_rntuple_10M_10.h5,,,,5000,,,,,,,false,true,1,0,0,0.0,,0.0,0.0,1
974490,974934,worker,320.98905420303345,False,hdf5,h5_tr_110.py,110,eager,M2,512,1,64,/pscratch/sd/s/satt/sprints/data/converted_10M/mc_normalized_rntuple_10M_10.h5,,,,5000,,,,,,,false,true,1,0,0,0.0,,0.0,0.0,1
974490,974935,worker,321.0388617515564,False,hdf5,h5_tr_110.py,110,eager,M2,512,1,64,/pscratch/sd/s/satt/sprints/data/converted_10M/mc_normalized_rntuple_10M_10.h5,,,,5000,,,,,,,false,true,1,0,0,0.0,,0.0,0.0,1
974490,974936,worker,321.02635884284973,False,hdf5,h5_tr_110.py,110,eager,M2,512,1,64,/pscratch/sd/s/satt/sprints/data/converted_10M/mc_normalized_rntuple_10M_10.h5,,,,5000,,,,,,,false,true,1,0,0,0.0,,0.0,0.0,1
974490,974937,worker,321.0278265476227,False,hdf5,h5_tr_110.py,110,eager,M2,512,1,64,/pscratch/sd/s/satt/sprints/data/converted_10M/mc_normalized_rntuple_10M_10.h5,,,,5000,,,,,,,false,true,1,0,0,0.0,,0.0,0.0,1
974490,974938,worker,320.9737606048584,False,hdf5,h5_tr_110.py,110,eager,M2,512,1,64,/pscratch/sd/s/satt/sprints/data/converted_10M/mc_normalized_rntuple_10M_10.h5,,,,5000,,,,,,,false,true,1,0,0,0.0,,0.0,0.0,1
974490,974939,worker,321.00051856040955,False,hdf5,h5_tr_110.py,110,eager,M2,512,1,64,/pscratch/sd/s/satt/sprints/data/converted_10M/mc_normalized_rntuple_10M_10.h5,,,,5000,,,,,,,false,true,1,0,0,0.0,,0.0,0.0,1
974490,974940,worker,320.94187664985657,False,hdf5,h5_tr_110.py,110,eager,M2,512,1,64,/pscratch/sd/s/satt/sprints/data/converted_10M/mc_normalized_rntuple_10M_10.h5,,,,5000,,,,,,,false,true,1,0,0,0.0,,0.0,0.0,1
974490,974941,worker,320.927649974823,False,hdf5,h5_tr_110.py,110,eager,M2,512,1,64,/pscratch/sd/s/satt/sprints/data/converted_10M/mc_normalized_rntuple_10M_10.h5,,,,5000,,,,,,,false,true,1,0,0,0.0,,0.0,0.0,1
974490,974942,worker,320.98612356185913,False,hdf5,h5_tr_110.py,110,eager,M2,512,1,64,/pscratch/sd/s/satt/sprints/data/converted_10M/mc_normalized_rntuple_10M_10.h5,,,,5000,,,,,,,false,true,1,0,0,0.0,,0.0,0.0,1
974490,974943,worker,320.9737241268158,False,hdf5,h5_tr_110.py,110,eager,M2,512,1,64,/pscratch/sd/s/satt/sprints/data/converted_10M/mc_normalized_rntuple_10M_10.h5,,,,5000,,,,,,,false,true,1,0,0,0.0,,0.0,0.0,1
974490,974944,worker,320.9704260826111,False,hdf5,h5_tr_110.py,110,eager,M2,512,1,64,/pscratch/sd/s/satt/sprints/data/converted_10M/mc_normalized_rntuple_10M_10.h5,,,,5000,,,,,,,false,true,1,0,0,0.0,,0.0,0.0,1
974490,974945,worker,320.9552230834961,False,hdf5,h5_tr_110.py,110,eager,M2,512,1,64,/pscratch/sd/s/satt/sprints/data/converted_10M/mc_normalized_rntuple_10M_10.h5,,,,5000,,,,,,,false,true,1,0,0,0.0,,0.0,0.0,1
974490,974946,worker,320.9512481689453,False,hdf5,h5_tr_110.py,110,eager,M2,512,1,64,/pscratch/sd/s/satt/sprints/data/converted_10M/mc_normalized_rntuple_10M_10.h5,,,,5000,,,,,,,false,true,1,0,0,0.0,,0.0,0.0,1
974490,974947,worker,320.8989999294281,False,hdf5,h5_tr_110.py,110,eager,M2,512,1,64,/pscratch/sd/s/satt/sprints/data/converted_10M/mc_normalized_rntuple_10M_10.h5,,,,5000,,,,,,,false,true,1,0,0,0.0,,0.0,0.0,1
974490,974948,worker,320.93368220329285,False,hdf5,h5_tr_110.py,110,eager,M2,512,1,64,/pscratch/sd/s/satt/sprints/data/converted_10M/mc_normalized_rntuple_10M_10.h5,,,,5000,,,,,,,false,true,1,0,0,0.0,,0.0,0.0,1
974490,974949,worker,320.8613860607147,False,hdf5,h5_tr_110.py,110,eager,M2,512,1,64,/pscratch/sd/s/satt/sprints/data/converted_10M/mc_normalized_rntuple_10M_10.h5,,,,5000,,,,,,,false,true,1,0,0,0.0,,0.0,0.0,1
974490,974950,worker,320.8572392463684,False,hdf5,h5_tr_110.py,110,eager,M2,512,1,64,/pscratch/sd/s/satt/sprints/data/converted_10M/mc_normalized_rntuple_10M_10.h5,,,,5000,,,,,,,false,true,1,0,0,0.0,,0.0,0.0,1
974490,974951,worker,320.900324344635,False,hdf5,h5_tr_110.py,110,eager,M2,512,1,64,/pscratch/sd/s/satt/sprints/data/converted_10M/mc_normalized_rntuple_10M_10.h5,,,,5000,,,,,,,false,true,1,0,0,0.0,,0.0,0.0,1
974490,974952,worker,320.8459053039551,False,hdf5,h5_tr_110.py,110,eager,M2,512,1,64,/pscratch/sd/s/satt/sprints/data/converted_10M/mc_normalized_rntuple_10M_10.h5,,,,5000,,,,,,,false,true,1,0,0,0.0,,0.0,0.0,1
974490,974953,worker,320.89546298980713,False,hdf5,h5_tr_110.py,110,eager,M2,512,1,64,/pscratch/sd/s/satt/sprints/data/converted_10M/mc_normalized_rntuple_10M_10.h5,,,,5000,,,,,,,false,true,1,0,0,0.0,,0.0,0.0,1
974490,974954,worker,320.839403629303,False,hdf5,h5_tr_110.py,110,eager,M2,512,1,64,/pscratch/sd/s/satt/sprints/data/converted_10M/mc_normalized_rntuple_10M_10.h5,,,,5000,,,,,,,false,true,1,0,0,0.0,,0.0,0.0,1
974490,974955,worker,320.8614387512207,False,hdf5,h5_tr_110.py,110,eager,M2,512,1,64,/pscratch/sd/s/satt/sprints/data/converted_10M/mc_normalized_rntuple_10M_10.h5,,,,5000,,,,,,,false,true,1,0,0,0.0,,0.0,0.0,1
974490,974956,worker,320.86099338531494,False,hdf5,h5_tr_110.py,110,eager,M2,512,1,64,/pscratch/sd/s/satt/sprints/data/converted_10M/mc_normalized_rntuple_10M_10.h5,,,,5000,,,,,,,false,true,1,0,0,0.0,,0.0,0.0,1
974490,974957,worker,320.8437542915344,False,hdf5,h5_tr_110.py,110,eager,M2,512,1,64,/pscratch/sd/s/satt/sprints/data/converted_10M/mc_normalized_rntuple_10M_10.h5,,,,5000,,,,,,,false,true,1,0,0,0.0,,0.0,0.0,1
974490,974958,worker,320.8536012172699,False,hdf5,h5_tr_110.py,110,eager,M2,512,1,64,/pscratch/sd/s/satt/sprints/data/converted_10M/mc_normalized_rntuple_10M_10.h5,,,,5000,,,,,,,false,true,1,0,0,0.0,,0.0,0.0,1
974490,974959,worker,320.77445101737976,False,hdf5,h5_tr_110.py,110,eager,M2,512,1,64,/pscratch/sd/s/satt/sprints/data/converted_10M/mc_normalized_rntuple_10M_10.h5,,,,5000,,,,,,,false,true,1,0,0,0.0,,0.0,0.0,1
974490,974960,worker,320.8295421600342,False,hdf5,h5_tr_110.py,110,eager,M2,512,1,64,/pscratch/sd/s/satt/sprints/data/converted_10M/mc_normalized_rntuple_10M_10.h5,,,,5000,,,,,,,false,true,1,0,0,0.0,,0.0,0.0,1
974490,974961,worker,320.774222612381,False,hdf5,h5_tr_110.py,110,eager,M2,512,1,64,/pscratch/sd/s/satt/sprints/data/converted_10M/mc_normalized_rntuple_10M_10.h5,,,,5000,,,,,,,false,true,1,0,0,0.0,,0.0,0.0,1
974490,974962,worker,320.81906366348267,False,hdf5,h5_tr_110.py,110,eager,M2,512,1,64,/pscratch/sd/s/satt/sprints/data/converted_10M/mc_normalized_rntuple_10M_10.h5,,,,5000,,,,,,,false,true,1,0,0,0.0,,0.0,0.0,1
974490,974963,worker,320.80287742614746,False,hdf5,h5_tr_110.py,110,eager,M2,512,1,64,/pscratch/sd/s/satt/sprints/data/converted_10M/mc_normalized_rntuple_10M_10.h5,,,,5000,,,,,,,false,true,1,0,0,0.0,,0.0,0.0,1
974490,974964,worker,320.73239159584045,False,hdf5,h5_tr_110.py,110,eager,M2,512,1,64,/pscratch/sd/s/satt/sprints/data/converted_10M/mc_normalized_rntuple_10M_10.h5,,,,5000,,,,,,,false,true,1,0,0,0.0,,0.0,0.0,1
974490,974965,worker,320.7352373600006,False,hdf5,h5_tr_110.py,110,eager,M2,512,1,64,/pscratch/sd/s/satt/sprints/data/converted_10M/mc_normalized_rntuple_10M_10.h5,,,,5000,,,,,,,false,true,1,0,0,0.0,,0.0,0.0,1
974490,974966,worker,320.73082160949707,False,hdf5,h5_tr_110.py,110,eager,M2,512,1,64,/pscratch/sd/s/satt/sprints/data/converted_10M/mc_normalized_rntuple_10M_10.h5,,,,5000,,,,,,,false,true,1,0,0,0.0,,0.0,0.0,1
974490,974967,worker,320.76872658729553,False,hdf5,h5_tr_110.py,110,eager,M2,512,1,64,/pscratch/sd/s/satt/sprints/data/converted_10M/mc_normalized_rntuple_10M_10.h5,,,,5000,,,,,,,false,true,1,0,0,0.0,,0.0,0.0,1
974490,974968,worker,320.72653126716614,False,hdf5,h5_tr_110.py,110,eager,M2,512,1,64,/pscratch/sd/s/satt/sprints/data/converted_10M/mc_normalized_rntuple_10M_10.h5,,,,5000,,,,,,,false,true,1,0,0,0.0,,0.0,0.0,1
974490,974969,worker,320.72232031822205,False,hdf5,h5_tr_110.py,110,eager,M2,512,1,64,/pscratch/sd/s/satt/sprints/data/converted_10M/mc_normalized_rntuple_10M_10.h5,,,,5000,,,,,,,false,true,1,0,0,0.0,,0.0,0.0,1
974490,974970,worker,320.68823170661926,False,hdf5,h5_tr_110.py,110,eager,M2,512,1,64,/pscratch/sd/s/satt/sprints/data/converted_10M/mc_normalized_rntuple_10M_10.h5,,,,5000,,,,,,,false,true,1,0,0,0.0,,0.0,0.0,1
974490,974971,worker,320.6742899417877,False,hdf5,h5_tr_110.py,110,eager,M2,512,1,64,/pscratch/sd/s/satt/sprints/data/converted_10M/mc_normalized_rntuple_10M_10.h5,,,,5000,,,,,,,false,true,1,0,0,0.0,,0.0,0.0,1
974490,974972,worker,320.73299646377563,False,hdf5,h5_tr_110.py,110,eager,M2,512,1,64,/pscratch/sd/s/satt/sprints/data/converted_10M/mc_normalized_rntuple_10M_10.h5,,,,5000,,,,,,,false,true,1,0,0,0.0,,0.0,0.0,1
974490,974973,worker,320.6700758934021,False,hdf5,h5_tr_110.py,110,eager,M2,512,1,64,/pscratch/sd/s/satt/sprints/data/converted_10M/mc_normalized_rntuple_10M_10.h5,,,,5000,,,,,,,false,true,1,0,0,0.0,,0.0,0.0,1
974490,974974,worker,320.69911909103394,False,hdf5,h5_tr_110.py,110,eager,M2,512,1,64,/pscratch/sd/s/satt/sprints/data/converted_10M/mc_normalized_rntuple_10M_10.h5,,,,5000,,,,,,,false,true,1,0,0,0.0,,0.0,0.0,1
974490,974975,worker,320.7079493999481,False,hdf5,h5_tr_110.py,110,eager,M2,512,1,64,/pscratch/sd/s/satt/sprints/data/converted_10M/mc_normalized_rntuple_10M_10.h5,,,,5000,,,,,,,false,true,1,0,0,0.0,,0.0,0.0,1
974490,974976,worker,320.692018032074,False,hdf5,h5_tr_110.py,110,eager,M2,512,1,64,/pscratch/sd/s/satt/sprints/data/converted_10M/mc_normalized_rntuple_10M_10.h5,,,,5000,,,,,,,false,true,1,0,0,0.0,,0.0,0.0,1
974490,974977,worker,320.6364495754242,False,hdf5,h5_tr_110.py,110,eager,M2,512,1,64,/pscratch/sd/s/satt/sprints/data/converted_10M/mc_normalized_rntuple_10M_10.h5,,,,5000,,,,,,,false,true,1,0,0,0.0,,0.0,0.0,1
974490,974978,worker,320.69031286239624,False,hdf5,h5_tr_110.py,110,eager,M2,512,1,64,/pscratch/sd/s/satt/sprints/data/converted_10M/mc_normalized_rntuple_10M_10.h5,,,,5000,,,,,,,false,true,1,0,0,0.0,,0.0,0.0,1
974490,974979,worker,320.65239238739014,False,hdf5,h5_tr_110.py,110,eager,M2,512,1,64,/pscratch/sd/s/satt/sprints/data/converted_10M/mc_normalized_rntuple_10M_10.h5,,,,5000,,,,,,,false,true,1,0,0,0.0,,0.0,0.0,1
974490,974980,worker,320.6072905063629,False,hdf5,h5_tr_110.py,110,eager,M2,512,1,64,/pscratch/sd/s/satt/sprints/data/converted_10M/mc_normalized_rntuple_10M_10.h5,,,,5000,,,,,,,false,true,1,0,0,0.0,,0.0,0.0,1
974490,974981,worker,320.66471767425537,False,hdf5,h5_tr_110.py,110,eager,M2,512,1,64,/pscratch/sd/s/satt/sprints/data/converted_10M/mc_normalized_rntuple_10M_10.h5,,,,5000,,,,,,,false,true,1,0,0,0.0,,0.0,0.0,1
974490,974982,worker,320.58533573150635,False,hdf5,h5_tr_110.py,110,eager,M2,512,1,64,/pscratch/sd/s/satt/sprints/data/converted_10M/mc_normalized_rntuple_10M_10.h5,,,,5000,,,,,,,false,true,1,0,0,0.0,,0.0,0.0,1
974490,974983,worker,320.5989851951599,False,hdf5,h5_tr_110.py,110,eager,M2,512,1,64,/pscratch/sd/s/satt/sprints/data/converted_10M/mc_normalized_rntuple_10M_10.h5,,,,5000,,,,,,,false,true,1,0,0,0.0,,0.0,0.0,1
974490,974984,worker,320.5748448371887,False,hdf5,h5_tr_110.py,110,eager,M2,512,1,64,/pscratch/sd/s/satt/sprints/data/converted_10M/mc_normalized_rntuple_10M_10.h5,,,,5000,,,,,,,false,true,1,0,0,0.0,,0.0,0.0,1
974490,974985,worker,320.62893176078796,False,hdf5,h5_tr_110.py,110,eager,M2,512,1,64,/pscratch/sd/s/satt/sprints/data/converted_10M/mc_normalized_rntuple_10M_10.h5,,,,5000,,,,,,,false,true,1,0,0,0.0,,0.0,0.0,1
974490,974986,worker,320.5870895385742,False,hdf5,h5_tr_110.py,110,eager,M2,512,1,64,/pscratch/sd/s/satt/sprints/data/converted_10M/mc_normalized_rntuple_10M_10.h5,,,,5000,,,,,,,false,true,1,0,0,0.0,,0.0,0.0,1
974490,974987,worker,320.6114320755005,False,hdf5,h5_tr_110.py,110,eager,M2,512,1,64,/pscratch/sd/s/satt/sprints/data/converted_10M/mc_normalized_rntuple_10M_10.h5,,,,5000,,,,,,,false,true,1,0,0,0.0,,0.0,0.0,1
974490,974988,worker,320.56755542755127,False,hdf5,h5_tr_110.py,110,eager,M2,512,1,64,/pscratch/sd/s/satt/sprints/data/converted_10M/mc_normalized_rntuple_10M_10.h5,,,,5000,,,,,,,false,true,1,0,0,0.0,,0.0,0.0,1
974490,974989,worker,320.5708782672882,False,hdf5,h5_tr_110.py,110,eager,M2,512,1,64,/pscratch/sd/s/satt/sprints/data/converted_10M/mc_normalized_rntuple_10M_10.h5,,,,5000,,,,,,,false,true,1,0,0,0.0,,0.0,0.0,1
974490,974990,worker,320.5820813179016,False,hdf5,h5_tr_110.py,110,eager,M2,512,1,64,/pscratch/sd/s/satt/sprints/data/converted_10M/mc_normalized_rntuple_10M_10.h5,,,,5000,,,,,,,false,true,1,0,0,0.0,,0.0,0.0,1
974490,974991,worker,320.5783181190491,False,hdf5,h5_tr_110.py,110,eager,M2,512,1,64,/pscratch/sd/s/satt/sprints/data/converted_10M/mc_normalized_rntuple_10M_10.h5,,,,5000,,,,,,,false,true,1,0,0,0.0,,0.0,0.0,1
974490,974992,worker,320.5460731983185,False,hdf5,h5_tr_110.py,110,eager,M2,512,1,64,/pscratch/sd/s/satt/sprints/data/converted_10M/mc_normalized_rntuple_10M_10.h5,,,,5000,,,,,,,false,true,1,0,0,0.0,,0.0,0.0,1
974490,974993,worker,320.4951558113098,False,hdf5,h5_tr_110.py,110,eager,M2,512,1,64,/pscratch/sd/s/satt/sprints/data/converted_10M/mc_normalized_rntuple_10M_10.h5,,,,5000,,,,,,,false,true,1,0,0,0.0,,0.0,0.0,1
974490,974994,worker,320.55520129203796,False,hdf5,h5_tr_110.py,110,eager,M2,512,1,64,/pscratch/sd/s/satt/sprints/data/converted_10M/mc_normalized_rntuple_10M_10.h5,,,,5000,,,,,,,false,true,1,0,0,0.0,,0.0,0.0,1
974490,974995,worker,320.54542779922485,False,hdf5,h5_tr_110.py,110,eager,M2,512,1,64,/pscratch/sd/s/satt/sprints/data/converted_10M/mc_normalized_rntuple_10M_10.h5,,,,5000,,,,,,,false,true,1,0,0,0.0,,0.0,0.0,1
974490,974996,worker,320.4695563316345,False,hdf5,h5_tr_110.py,110,eager,M2,512,1,64,/pscratch/sd/s/satt/sprints/data/converted_10M/mc_normalized_rntuple_10M_10.h5,,,,5000,,,,,,,false,true,1,0,0,0.0,,0.0,0.0,1
974490,974997,worker,320.51923084259033,False,hdf5,h5_tr_110.py,110,eager,M2,512,1,64,/pscratch/sd/s/satt/sprints/data/converted_10M/mc_normalized_rntuple_10M_10.h5,,,,5000,,,,,,,false,true,1,0,0,0.0,,0.0,0.0,1
974490,974998,worker,320.48047637939453,False,hdf5,h5_tr_110.py,110,eager,M2,512,1,64,/pscratch/sd/s/satt/sprints/data/converted_10M/mc_normalized_rntuple_10M_10.h5,,,,5000,,,,,,,false,true,1,0,0,0.0,,0.0,0.0,1
974490,974999,worker,320.4620041847229,False,hdf5,h5_tr_110.py,110,eager,M2,512,1,64,/pscratch/sd/s/satt/sprints/data/converted_10M/mc_normalized_rntuple_10M_10.h5,,,,5000,,,,,,,false,true,1,0,0,0.0,,0.0,0.0,1
974490,975000,worker,320.4854645729065,False,hdf5,h5_tr_110.py,110,eager,M2,512,1,64,/pscratch/sd/s/satt/sprints/data/converted_10M/mc_normalized_rntuple_10M_10.h5,,,,5000,,,,,,,false,true,1,0,0,0.0,,0.0,0.0,1
974490,975001,worker,320.44021582603455,False,hdf5,h5_tr_110.py,110,eager,M2,512,1,64,/pscratch/sd/s/satt/sprints/data/converted_10M/mc_normalized_rntuple_10M_10.h5,,,,5000,,,,,,,false,true,1,0,0,0.0,,0.0,0.0,1
974490,975002,worker,320.4786751270294,False,hdf5,h5_tr_110.py,110,eager,M2,512,1,64,/pscratch/sd/s/satt/sprints/data/converted_10M/mc_normalized_rntuple_10M_10.h5,,,,5000,,,,,,,false,true,1,0,0,0.0,,0.0,0.0,1
974490,975003,worker,320.4518427848816,False,hdf5,h5_tr_110.py,110,eager,M2,512,1,64,/pscratch/sd/s/satt/sprints/data/converted_10M/mc_normalized_rntuple_10M_10.h5,,,,5000,,,,,,,false,true,1,0,0,0.0,,0.0,0.0,1
974490,975004,worker,320.44682574272156,False,hdf5,h5_tr_110.py,110,eager,M2,512,1,64,/pscratch/sd/s/satt/sprints/data/converted_10M/mc_normalized_rntuple_10M_10.h5,,,,5000,,,,,,,false,true,1,0,0,0.0,,0.0,0.0,1
974490,975005,worker,320.46449422836304,False,hdf5,h5_tr_110.py,110,eager,M2,512,1,64,/pscratch/sd/s/satt/sprints/data/converted_10M/mc_normalized_rntuple_10M_10.h5,,,,5000,,,,,,,false,true,1,0,0,0.0,,0.0,0.0,1
974490,975006,worker,320.38801622390747,False,hdf5,h5_tr_110.py,110,eager,M2,512,1,64,/pscratch/sd/s/satt/sprints/data/converted_10M/mc_normalized_rntuple_10M_10.h5,,,,5000,,,,,,,false,true,1,0,0,0.0,,0.0,0.0,1
974490,975007,worker,320.4449634552002,False,hdf5,h5_tr_110.py,110,eager,M2,512,1,64,/pscratch/sd/s/satt/sprints/data/converted_10M/mc_normalized_rntuple_10M_10.h5,,,,5000,,,,,,,false,true,1,0,0,0.0,,0.0,0.0,1
974490,975008,worker,320.3879141807556,False,hdf5,h5_tr_110.py,110,eager,M2,512,1,64,/pscratch/sd/s/satt/sprints/data/converted_10M/mc_normalized_rntuple_10M_10.h5,,,,5000,,,,,,,false,true,1,0,0,0.0,,0.0,0.0,1
974490,975009,worker,320.39483284950256,False,hdf5,h5_tr_110.py,110,eager,M2,512,1,64,/pscratch/sd/s/satt/sprints/data/converted_10M/mc_normalized_rntuple_10M_10.h5,,,,5000,,,,,,,false,true,1,0,0,0.0,,0.0,0.0,1
974490,975010,worker,320.42380142211914,False,hdf5,h5_tr_110.py,110,eager,M2,512,1,64,/pscratch/sd/s/satt/sprints/data/converted_10M/mc_normalized_rntuple_10M_10.h5,,,,5000,,,,,,,false,true,1,0,0,0.0,,0.0,0.0,1
974490,975011,worker,320.41337966918945,False,hdf5,h5_tr_110.py,110,eager,M2,512,1,64,/pscratch/sd/s/satt/sprints/data/converted_10M/mc_normalized_rntuple_10M_10.h5,,,,5000,,,,,,,false,true,1,0,0,0.0,,0.0,0.0,1
974490,975012,worker,320.36389803886414,False,hdf5,h5_tr_110.py,110,eager,M2,512,1,64,/pscratch/sd/s/satt/sprints/data/converted_10M/mc_normalized_rntuple_10M_10.h5,,,,5000,,,,,,,false,true,1,0,0,0.0,,0.0,0.0,1
974490,975013,worker,320.3516619205475,False,hdf5,h5_tr_110.py,110,eager,M2,512,1,64,/pscratch/sd/s/satt/sprints/data/converted_10M/mc_normalized_rntuple_10M_10.h5,,,,5000,,,,,,,false,true,1,0,0,0.0,,0.0,0.0,1
974490,975014,worker,320.32230043411255,False,hdf5,h5_tr_110.py,110,eager,M2,512,1,64,/pscratch/sd/s/satt/sprints/data/converted_10M/mc_normalized_rntuple_10M_10.h5,,,,5000,,,,,,,false,true,1,0,0,0.0,,0.0,0.0,1
974490,975015,worker,320.3761532306671,False,hdf5,h5_tr_110.py,110,eager,M2,512,1,64,/pscratch/sd/s/satt/sprints/data/converted_10M/mc_normalized_rntuple_10M_10.h5,,,,5000,,,,,,,false,true,1,0,0,0.0,,0.0,0.0,1
974490,975016,worker,320.3170771598816,False,hdf5,h5_tr_110.py,110,eager,M2,512,1,64,/pscratch/sd/s/satt/sprints/data/converted_10M/mc_normalized_rntuple_10M_10.h5,,,,5000,,,,,,,false,true,1,0,0,0.0,,0.0,0.0,1
974490,975017,worker,320.36466908454895,False,hdf5,h5_tr_110.py,110,eager,M2,512,1,64,/pscratch/sd/s/satt/sprints/data/converted_10M/mc_normalized_rntuple_10M_10.h5,,,,5000,,,,,,,false,true,1,0,0,0.0,,0.0,0.0,1
974490,975018,worker,320.3578495979309,False,hdf5,h5_tr_110.py,110,eager,M2,512,1,64,/pscratch/sd/s/satt/sprints/data/converted_10M/mc_normalized_rntuple_10M_10.h5,,,,5000,,,,,,,false,true,1,0,0,0.0,,0.0,0.0,1
974490,975019,worker,320.34384393692017,False,hdf5,h5_tr_110.py,110,eager,M2,512,1,64,/pscratch/sd/s/satt/sprints/data/converted_10M/mc_normalized_rntuple_10M_10.h5,,,,5000,,,,,,,false,true,1,0,0,0.0,,0.0,0.0,1
974490,975020,worker,320.2829267978668,False,hdf5,h5_tr_110.py,110,eager,M2,512,1,64,/pscratch/sd/s/satt/sprints/data/converted_10M/mc_normalized_rntuple_10M_10.h5,,,,5000,,,,,,,false,true,1,0,0,0.0,,0.0,0.0,1
974490,975021,worker,320.3111388683319,False,hdf5,h5_tr_110.py,110,eager,M2,512,1,64,/pscratch/sd/s/satt/sprints/data/converted_10M/mc_normalized_rntuple_10M_10.h5,,,,5000,,,,,,,false,true,1,0,0,0.0,,0.0,0.0,1
974490,975022,worker,320.2618718147278,False,hdf5,h5_tr_110.py,110,eager,M2,512,1,64,/pscratch/sd/s/satt/sprints/data/converted_10M/mc_normalized_rntuple_10M_10.h5,,,,5000,,,,,,,false,true,1,0,0,0.0,,0.0,0.0,1
974490,975023,worker,320.29937195777893,False,hdf5,h5_tr_110.py,110,eager,M2,512,1,64,/pscratch/sd/s/satt/sprints/data/converted_10M/mc_normalized_rntuple_10M_10.h5,,,,5000,,,,,,,false,true,1,0,0,0.0,,0.0,0.0,1
974490,975024,worker,320.28467655181885,False,hdf5,h5_tr_110.py,110,eager,M2,512,1,64,/pscratch/sd/s/satt/sprints/data/converted_10M/mc_normalized_rntuple_10M_10.h5,,,,5000,,,,,,,false,true,1,0,0,0.0,,0.0,0.0,1
974490,975025,worker,320.22839999198914,False,hdf5,h5_tr_110.py,110,eager,M2,512,1,64,/pscratch/sd/s/satt/sprints/data/converted_10M/mc_normalized_rntuple_10M_10.h5,,,,5000,,,,,,,false,true,1,0,0,0.0,,0.0,0.0,1
974490,975026,worker,320.2726731300354,False,hdf5,h5_tr_110.py,110,eager,M2,512,1,64,/pscratch/sd/s/satt/sprints/data/converted_10M/mc_normalized_rntuple_10M_10.h5,,,,5000,,,,,,,false,true,1,0,0,0.0,,0.0,0.0,1
974490,975027,worker,320.2445409297943,False,hdf5,h5_tr_110.py,110,eager,M2,512,1,64,/pscratch/sd/s/satt/sprints/data/converted_10M/mc_normalized_rntuple_10M_10.h5,,,,5000,,,,,,,false,true,1,0,0,0.0,,0.0,0.0,1
974490,975028,worker,320.2757091522217,False,hdf5,h5_tr_110.py,110,eager,M2,512,1,64,/pscratch/sd/s/satt/sprints/data/converted_10M/mc_normalized_rntuple_10M_10.h5,,,,5000,,,,,,,false,true,1,0,0,0.0,,0.0,0.0,1
974490,975029,worker,320.2519419193268,False,hdf5,h5_tr_110.py,110,eager,M2,512,1,64,/pscratch/sd/s/satt/sprints/data/converted_10M/mc_normalized_rntuple_10M_10.h5,,,,5000,,,,,,,false,true,1,0,0,0.0,,0.0,0.0,1
