run_id,pid,role,file,reads,writes,opens,stats,seeks,metadata_ops,tracked_ops,metadata_ops_fraction,metadata_ops_pct,opens_per_file,stats_per_file,metadata_ops_per_file,opens_per_1000_reads,stats_per_1000_reads,metadata_ops_per_1000_reads,meta_time,meta_time_per_metadata_op,run_time,meta_time_per_runtime,metadata_time_pct_runtime
1609480,1609480,parent,/pscratch/sd/s/satt/sprints/a_star_campaign/h5/h5_tr_210.py,10,0,5,19,13,24,47,0.5106382978723404,51.06382978723404,5.0,19.0,24.0,500.0,1900.0,2400.0,0.0014357566833496094,5.9823195139567055e-05,330.99103832244873,4.337750927113945e-06,0.0004337750927113945
1609480,1609480,parent,/pscratch/sd/s/satt/sprints/data/converted_10M/mc_normalized_rntuple_10M_30.h5,17,0,2,4,0,6,23,0.2608695652173913,26.08695652173913,2.0,4.0,6.0,117.6470588235294,235.2941176470588,352.94117647058823,0.0005862712860107422,9.771188100179036e-05,330.99103832244873,1.7712603005269331e-06,0.00017712603005269332
1609480,1609503,worker,/pscratch/sd/s/satt/sprints/a_star_campaign/h5/h5_tr_210.py,0,0,0,3,0,3,3,1.0,100.0,0.0,3.0,3.0,,,,6.270408630371094e-05,2.090136210123698e-05,322.59257411956787,1.94375479580847e-07,1.94375479580847e-05
1609480,1609503,worker,/pscratch/sd/s/satt/sprints/data/converted_10M/mc_normalized_rntuple_10M_30.h5,17,0,1,2,0,3,20,0.15,15.0,1.0,2.0,3.0,58.8235294117647,117.6470588235294,176.47058823529412,7.891654968261719e-05,2.6305516560872395e-05,322.59257411956787,2.4463225757133216e-07,2.4463225757133215e-05
1609480,1609504,worker,/pscratch/sd/s/satt/sprints/a_star_campaign/h5/h5_tr_210.py,0,0,0,3,0,3,3,1.0,100.0,0.0,3.0,3.0,,,,6.198883056640625e-05,2.0662943522135418e-05,322.6186668872833,1.9214272740164766e-07,1.9214272740164765e-05
1609480,1609504,worker,/pscratch/sd/s/satt/sprints/data/converted_10M/mc_normalized_rntuple_10M_30.h5,17,0,1,2,0,3,20,0.15,15.0,1.0,2.0,3.0,58.8235294117647,117.6470588235294,176.47058823529412,8.845329284667969e-05,2.948443094889323e-05,322.6186668872833,2.7417289179235107e-07,2.7417289179235108e-05
1609480,1609505,worker,/pscratch/sd/s/satt/sprints/a_star_campaign/h5/h5_tr_210.py,0,0,0,3,0,3,3,1.0,100.0,0.0,3.0,3.0,,,,6.341934204101562e-05,2.1139780680338543e-05,322.58039355278015,1.966001136725597e-07,1.966001136725597e-05
1609480,1609505,worker,/pscratch/sd/s/satt/sprints/data/converted_10M/mc_normalized_rntuple_10M_30.h5,19,0,1,2,0,3,22,0.13636363636363635,13.636363636363637,1.0,2.0,3.0,52.63157894736842,105.26315789473684,157.89473684210526,9.107589721679688e-05,3.0358632405598957e-05,322.58039355278015,2.823355015899166e-07,2.823355015899166e-05
1609480,1609506,worker,/pscratch/sd/s/satt/sprints/a_star_campaign/h5/h5_tr_210.py,0,0,0,3,0,3,3,1.0,100.0,0.0,3.0,3.0,,,,5.984306335449219e-05,1.994768778483073e-05,322.57768082618713,1.855152011795172e-07,1.8551520117951718e-05
1609480,1609506,worker,/pscratch/sd/s/satt/sprints/data/converted_10M/mc_normalized_rntuple_10M_30.h5,17,0,1,2,0,3,20,0.15,15.0,1.0,2.0,3.0,58.8235294117647,117.6470588235294,176.47058823529412,7.843971252441406e-05,2.6146570841471355e-05,322.57768082618713,2.431653433787297e-07,2.431653433787297e-05
1609480,1609507,worker,/pscratch/sd/s/satt/sprints/a_star_campaign/h5/h5_tr_210.py,0,0,0,3,0,3,3,1.0,100.0,0.0,3.0,3.0,,,,6.0558319091796875e-05,2.0186106363932293e-05,322.5741403102875,1.877345748594267e-07,1.877345748594267e-05
1609480,1609507,worker,/pscratch/sd/s/satt/sprints/data/converted_10M/mc_normalized_rntuple_10M_30.h5,17,0,1,2,0,3,20,0.15,15.0,1.0,2.0,3.0,58.8235294117647,117.6470588235294,176.47058823529412,8.130073547363281e-05,2.7100245157877605e-05,322.5741403102875,2.5203736231127755e-07,2.520373623112776e-05
1609480,1609508,worker,/pscratch/sd/s/satt/sprints/a_star_campaign/h5/h5_tr_210.py,0,0,0,3,0,3,3,1.0,100.0,0.0,3.0,3.0,,,,6.246566772460938e-05,2.0821889241536457e-05,322.5678160190582,1.9365127152337705e-07,1.9365127152337702e-05
1609480,1609508,worker,/pscratch/sd/s/satt/sprints/data/converted_10M/mc_normalized_rntuple_10M_30.h5,19,0,1,2,0,3,22,0.13636363636363635,13.636363636363637,1.0,2.0,3.0,52.63157894736842,105.26315789473684,157.89473684210526,8.320808410644531e-05,2.773602803548177e-05,322.5678160190582,2.5795531970098697e-07,2.5795531970098698e-05
1609480,1609509,worker,/pscratch/sd/s/satt/sprints/a_star_campaign/h5/h5_tr_210.py,0,0,0,3,0,3,3,1.0,100.0,0.0,3.0,3.0,,,,6.0558319091796875e-05,2.0186106363932293e-05,322.5612094402313,1.8774210078418613e-07,1.8774210078418613e-05
1609480,1609509,worker,/pscratch/sd/s/satt/sprints/data/converted_10M/mc_normalized_rntuple_10M_30.h5,17,0,1,2,0,3,20,0.15,15.0,1.0,2.0,3.0,58.8235294117647,117.6470588235294,176.47058823529412,7.343292236328125e-05,2.4477640787760418e-05,322.5612094402313,2.2765577575405246e-07,2.2765577575405244e-05
1609480,1609510,worker,/pscratch/sd/s/satt/sprints/a_star_campaign/h5/h5_tr_210.py,0,0,0,3,0,3,3,1.0,100.0,0.0,3.0,3.0,,,,5.269050598144531e-05,1.7563501993815105e-05,322.56216859817505,1.6334992479258591e-07,1.633499247925859e-05
1609480,1609510,worker,/pscratch/sd/s/satt/sprints/data/converted_10M/mc_normalized_rntuple_10M_30.h5,17,0,1,2,0,3,20,0.15,15.0,1.0,2.0,3.0,58.8235294117647,117.6470588235294,176.47058823529412,9.083747863769531e-05,3.0279159545898438e-05,322.56216859817505,2.8161231378269335e-07,2.8161231378269338e-05
1609480,1609511,worker,/pscratch/sd/s/satt/sprints/a_star_campaign/h5/h5_tr_210.py,0,0,0,3,0,3,3,1.0,100.0,0.0,3.0,3.0,,,,6.031990051269531e-05,2.010663350423177e-05,322.5487895011902,1.8701015931877413e-07,1.8701015931877412e-05
1609480,1609511,worker,/pscratch/sd/s/satt/sprints/data/converted_10M/mc_normalized_rntuple_10M_30.h5,19,0,1,2,0,3,22,0.13636363636363635,13.636363636363637,1.0,2.0,3.0,52.63157894736842,105.26315789473684,157.89473684210526,8.511543273925781e-05,2.8371810913085938e-05,322.5487895011902,2.6388390069882353e-07,2.6388390069882355e-05
1609480,1609512,worker,/pscratch/sd/s/satt/sprints/a_star_campaign/h5/h5_tr_210.py,0,0,0,3,0,3,3,1.0,100.0,0.0,3.0,3.0,,,,5.7697296142578125e-05,1.9232432047526043e-05,322.5465362071991,1.788805324683885e-07,1.788805324683885e-05
1609480,1609512,worker,/pscratch/sd/s/satt/sprints/data/converted_10M/mc_normalized_rntuple_10M_30.h5,17,0,1,2,0,3,20,0.15,15.0,1.0,2.0,3.0,58.8235294117647,117.6470588235294,176.47058823529412,9.822845458984375e-05,3.2742818196614586e-05,322.5465362071991,3.0454041064866144e-07,3.045404106486614e-05
1609480,1609513,worker,/pscratch/sd/s/satt/sprints/a_star_campaign/h5/h5_tr_210.py,0,0,0,3,0,3,3,1.0,100.0,0.0,3.0,3.0,,,,6.413459777832031e-05,2.1378199259440105e-05,322.53884291648865,1.9884302057512483e-07,1.9884302057512484e-05
1609480,1609513,worker,/pscratch/sd/s/satt/sprints/data/converted_10M/mc_normalized_rntuple_10M_30.h5,17,0,1,2,0,3,20,0.15,15.0,1.0,2.0,3.0,58.8235294117647,117.6470588235294,176.47058823529412,0.00010037422180175781,3.345807393391927e-05,322.53884291648865,3.1120041510084595e-07,3.1120041510084595e-05
1609480,1609514,worker,/pscratch/sd/s/satt/sprints/a_star_campaign/h5/h5_tr_210.py,0,0,0,3,0,3,3,1.0,100.0,0.0,3.0,3.0,,,,6.341934204101562e-05,2.1139780680338543e-05,322.540940284729,1.966241618351798e-07,1.9662416183517983e-05
1609480,1609514,worker,/pscratch/sd/s/satt/sprints/data/converted_10M/mc_normalized_rntuple_10M_30.h5,19,0,1,2,0,3,22,0.13636363636363635,13.636363636363637,1.0,2.0,3.0,52.63157894736842,105.26315789473684,157.89473684210526,9.322166442871094e-05,3.107388814290365e-05,322.540940284729,2.8902273412614776e-07,2.890227341261478e-05
1609480,1609515,worker,/pscratch/sd/s/satt/sprints/a_star_campaign/h5/h5_tr_210.py,0,0,0,3,0,3,3,1.0,100.0,0.0,3.0,3.0,,,,6.604194641113281e-05,2.201398213704427e-05,322.52518248558044,2.0476524004163748e-07,2.0476524004163748e-05
1609480,1609515,worker,/pscratch/sd/s/satt/sprints/data/converted_10M/mc_normalized_rntuple_10M_30.h5,17,0,1,2,0,3,20,0.15,15.0,1.0,2.0,3.0,58.8235294117647,117.6470588235294,176.47058823529412,8.797645568847656e-05,2.9325485229492188e-05,322.52518248558044,2.7277391182441963e-07,2.7277391182441962e-05
1609480,1609516,worker,/pscratch/sd/s/satt/sprints/a_star_campaign/h5/h5_tr_210.py,0,0,0,3,0,3,3,1.0,100.0,0.0,3.0,3.0,,,,6.103515625e-05,2.0345052083333332e-05,322.5206983089447,1.8924415260794836e-07,1.8924415260794833e-05
1609480,1609516,worker,/pscratch/sd/s/satt/sprints/data/converted_10M/mc_normalized_rntuple_10M_30.h5,17,0,1,2,0,3,20,0.15,15.0,1.0,2.0,3.0,58.8235294117647,117.6470588235294,176.47058823529412,0.000133514404296875,4.4504801432291664e-05,322.5206983089447,4.13971583829887e-07,4.13971583829887e-05
1609480,1609517,worker,/pscratch/sd/s/satt/sprints/a_star_campaign/h5/h5_tr_210.py,0,0,0,3,0,3,3,1.0,100.0,0.0,3.0,3.0,,,,5.841255187988281e-05,1.9470850626627605e-05,322.51651525497437,1.811149169638744e-07,1.811149169638744e-05
1609480,1609517,worker,/pscratch/sd/s/satt/sprints/data/converted_10M/mc_normalized_rntuple_10M_30.h5,19,0,1,2,0,3,22,0.13636363636363635,13.636363636363637,1.0,2.0,3.0,52.63157894736842,105.26315789473684,157.89473684210526,8.702278137207031e-05,2.9007593790690105e-05,322.51651525497437,2.6982426404822103e-07,2.6982426404822103e-05
1609480,1609518,worker,/pscratch/sd/s/satt/sprints/a_star_campaign/h5/h5_tr_210.py,0,0,0,3,0,3,3,1.0,100.0,0.0,3.0,3.0,,,,5.793571472167969e-05,1.9311904907226562e-05,322.5224483013153,1.796331232967495e-07,1.796331232967495e-05
1609480,1609518,worker,/pscratch/sd/s/satt/sprints/data/converted_10M/mc_normalized_rntuple_10M_30.h5,17,0,1,2,0,3,20,0.15,15.0,1.0,2.0,3.0,58.8235294117647,117.6470588235294,176.47058823529412,8.296966552734375e-05,2.765655517578125e-05,322.5224483013153,2.5725237410398694e-07,2.5725237410398695e-05
1609480,1609519,worker,/pscratch/sd/s/satt/sprints/a_star_campaign/h5/h5_tr_210.py,0,0,0,3,0,3,3,1.0,100.0,0.0,3.0,3.0,,,,7.05718994140625e-05,2.3523966471354168e-05,322.50333642959595,2.1882533122093355e-07,2.1882533122093355e-05
1609480,1609519,worker,/pscratch/sd/s/satt/sprints/data/converted_10M/mc_normalized_rntuple_10M_30.h5,17,0,1,2,0,3,20,0.15,15.0,1.0,2.0,3.0,58.8235294117647,117.6470588235294,176.47058823529412,0.00010442733764648438,3.4809112548828125e-05,322.50333642959595,3.238023482255706e-07,3.238023482255706e-05
1609480,1609520,worker,/pscratch/sd/s/satt/sprints/a_star_campaign/h5/h5_tr_210.py,0,0,0,3,0,3,3,1.0,100.0,0.0,3.0,3.0,,,,5.698204040527344e-05,1.899401346842448e-05,322.50162959098816,1.766876045790552e-07,1.7668760457905516e-05
1609480,1609520,worker,/pscratch/sd/s/satt/sprints/data/converted_10M/mc_normalized_rntuple_10M_30.h5,19,0,1,2,0,3,22,0.13636363636363635,13.636363636363637,1.0,2.0,3.0,52.63157894736842,105.26315789473684,157.89473684210526,0.00010991096496582031,3.66369883219401e-05,322.50162959098816,3.408074715939098e-07,3.4080747159390976e-05
1609480,1609521,worker,/pscratch/sd/s/satt/sprints/a_star_campaign/h5/h5_tr_210.py,0,0,0,3,0,3,3,1.0,100.0,0.0,3.0,3.0,,,,6.198883056640625e-05,2.0662943522135418e-05,322.4929738044739,1.9221761589134594e-07,1.9221761589134596e-05
1609480,1609521,worker,/pscratch/sd/s/satt/sprints/data/converted_10M/mc_normalized_rntuple_10M_30.h5,17,0,1,2,0,3,20,0.15,15.0,1.0,2.0,3.0,58.8235294117647,117.6470588235294,176.47058823529412,0.00011301040649414062,3.7670135498046875e-05,322.4929738044739,3.5042749974037686e-07,3.504274997403769e-05
1609480,1609522,worker,/pscratch/sd/s/satt/sprints/a_star_campaign/h5/h5_tr_210.py,0,0,0,3,0,3,3,1.0,100.0,0.0,3.0,3.0,,,,5.841255187988281e-05,1.9470850626627605e-05,322.4870617389679,1.8113145862318017e-07,1.8113145862318017e-05
1609480,1609522,worker,/pscratch/sd/s/satt/sprints/data/converted_10M/mc_normalized_rntuple_10M_30.h5,17,0,1,2,0,3,20,0.15,15.0,1.0,2.0,3.0,58.8235294117647,117.6470588235294,176.47058823529412,7.557868957519531e-05,2.5192896525065105e-05,322.4870617389679,2.3436192809611476e-07,2.3436192809611475e-05
1609480,1609523,worker,/pscratch/sd/s/satt/sprints/a_star_campaign/h5/h5_tr_210.py,0,0,0,3,0,3,3,1.0,100.0,0.0,3.0,3.0,,,,6.0558319091796875e-05,2.0186106363932293e-05,322.4889757633209,1.877841527712918e-07,1.877841527712918e-05
1609480,1609523,worker,/pscratch/sd/s/satt/sprints/data/converted_10M/mc_normalized_rntuple_10M_30.h5,19,0,1,2,0,3,22,0.13636363636363635,13.636363636363637,1.0,2.0,3.0,52.63157894736842,105.26315789473684,157.89473684210526,7.319450378417969e-05,2.4398167928059895e-05,322.4889757633209,2.2696746023931725e-07,2.2696746023931725e-05
1609480,1609524,worker,/pscratch/sd/s/satt/sprints/a_star_campaign/h5/h5_tr_210.py,0,0,0,3,0,3,3,1.0,100.0,0.0,3.0,3.0,,,,6.0558319091796875e-05,2.0186106363932293e-05,322.47877860069275,1.877900907296068e-07,1.877900907296068e-05
1609480,1609524,worker,/pscratch/sd/s/satt/sprints/data/converted_10M/mc_normalized_rntuple_10M_30.h5,17,0,1,2,0,3,20,0.15,15.0,1.0,2.0,3.0,58.8235294117647,117.6470588235294,176.47058823529412,8.58306884765625e-05,2.86102294921875e-05,322.47877860069275,2.661591837112537e-07,2.6615918371125375e-05
1609480,1609525,worker,/pscratch/sd/s/satt/sprints/a_star_campaign/h5/h5_tr_210.py,0,0,0,3,0,3,3,1.0,100.0,0.0,3.0,3.0,,,,6.771087646484375e-05,2.2570292154947918e-05,322.47065258026123,2.0997531379383702e-07,2.09975313793837e-05
1609480,1609525,worker,/pscratch/sd/s/satt/sprints/data/converted_10M/mc_normalized_rntuple_10M_30.h5,17,0,1,2,0,3,20,0.15,15.0,1.0,2.0,3.0,58.8235294117647,117.6470588235294,176.47058823529412,8.58306884765625e-05,2.86102294921875e-05,322.47065258026123,2.6616589072458213e-07,2.6616589072458212e-05
1609480,1609526,worker,/pscratch/sd/s/satt/sprints/a_star_campaign/h5/h5_tr_210.py,0,0,0,3,0,3,3,1.0,100.0,0.0,3.0,3.0,,,,5.817413330078125e-05,1.9391377766927082e-05,322.49357557296753,1.803885029257544e-07,1.803885029257544e-05
1609480,1609526,worker,/pscratch/sd/s/satt/sprints/data/converted_10M/mc_normalized_rntuple_10M_30.h5,19,0,1,2,0,3,22,0.13636363636363635,13.636363636363637,1.0,2.0,3.0,52.63157894736842,105.26315789473684,157.89473684210526,0.00021910667419433594,7.303555806477864e-05,322.49357557296753,6.794140745441323e-07,6.794140745441323e-05
1609480,1609527,worker,/pscratch/sd/s/satt/sprints/a_star_campaign/h5/h5_tr_210.py,0,0,0,3,0,3,3,1.0,100.0,0.0,3.0,3.0,,,,8.106231689453125e-05,2.7020772298177082e-05,322.4521291255951,2.5139333740593007e-07,2.5139333740593004e-05
1609480,1609527,worker,/pscratch/sd/s/satt/sprints/data/converted_10M/mc_normalized_rntuple_10M_30.h5,17,0,1,2,0,3,20,0.15,15.0,1.0,2.0,3.0,58.8235294117647,117.6470588235294,176.47058823529412,0.00011897087097167969,3.96569569905599e-05,322.4521291255951,3.689566922516444e-07,3.689566922516444e-05
1609480,1609528,worker,/pscratch/sd/s/satt/sprints/a_star_campaign/h5/h5_tr_210.py,0,0,0,3,0,3,3,1.0,100.0,0.0,3.0,3.0,,,,6.151199340820312e-05,2.0503997802734375e-05,322.45102047920227,1.9076383544015046e-07,1.9076383544015045e-05
1609480,1609528,worker,/pscratch/sd/s/satt/sprints/data/converted_10M/mc_normalized_rntuple_10M_30.h5,17,0,1,2,0,3,20,0.15,15.0,1.0,2.0,3.0,58.8235294117647,117.6470588235294,176.47058823529412,0.00011277198791503906,3.759066263834635e-05,322.45102047920227,3.4973369830694247e-07,3.497336983069425e-05
1609480,1609529,worker,/pscratch/sd/s/satt/sprints/a_star_campaign/h5/h5_tr_210.py,0,0,0,3,0,3,3,1.0,100.0,0.0,3.0,3.0,,,,6.318092346191406e-05,2.106030782063802e-05,322.44120049476624,1.9594556578057274e-07,1.9594556578057276e-05
1609480,1609529,worker,/pscratch/sd/s/satt/sprints/data/converted_10M/mc_normalized_rntuple_10M_30.h5,19,0,1,2,0,3,22,0.13636363636363635,13.636363636363637,1.0,2.0,3.0,52.63157894736842,105.26315789473684,157.89473684210526,0.00012540817260742188,4.180272420247396e-05,322.44120049476624,3.889334626437029e-07,3.889334626437029e-05
1609480,1609530,worker,/pscratch/sd/s/satt/sprints/a_star_campaign/h5/h5_tr_210.py,0,0,0,3,0,3,3,1.0,100.0,0.0,3.0,3.0,,,,6.365776062011719e-05,2.1219253540039062e-05,322.44478702545166,1.9742220430157695e-07,1.9742220430157697e-05
1609480,1609530,worker,/pscratch/sd/s/satt/sprints/data/converted_10M/mc_normalized_rntuple_10M_30.h5,17,0,1,2,0,3,20,0.15,15.0,1.0,2.0,3.0,58.8235294117647,117.6470588235294,176.47058823529412,0.00018525123596191406,6.175041198730469e-05,322.44478702545166,5.745207967877351e-07,5.745207967877352e-05
1609480,1609531,worker,/pscratch/sd/s/satt/sprints/a_star_campaign/h5/h5_tr_210.py,0,0,0,3,0,3,3,1.0,100.0,0.0,3.0,3.0,,,,5.91278076171875e-05,1.9709269205729168e-05,322.4311361312866,1.833811967623127e-07,1.833811967623127e-05
1609480,1609531,worker,/pscratch/sd/s/satt/sprints/data/converted_10M/mc_normalized_rntuple_10M_30.h5,17,0,1,2,0,3,20,0.15,15.0,1.0,2.0,3.0,58.8235294117647,117.6470588235294,176.47058823529412,0.0002014636993408203,6.715456644694011e-05,322.4311361312866,6.24827061549009e-07,6.24827061549009e-05
1609480,1609532,worker,/pscratch/sd/s/satt/sprints/a_star_campaign/h5/h5_tr_210.py,0,0,0,3,0,3,3,1.0,100.0,0.0,3.0,3.0,,,,6.437301635742188e-05,2.1457672119140625e-05,322.426860332489,1.9965153117528713e-07,1.9965153117528713e-05
1609480,1609532,worker,/pscratch/sd/s/satt/sprints/data/converted_10M/mc_normalized_rntuple_10M_30.h5,19,0,1,2,0,3,22,0.13636363636363635,13.636363636363637,1.0,2.0,3.0,52.63157894736842,105.26315789473684,157.89473684210526,0.0002541542053222656,8.47180684407552e-05,322.426860332489,7.882538230846521e-07,7.88253823084652e-05
1609480,1609533,worker,/pscratch/sd/s/satt/sprints/a_star_campaign/h5/h5_tr_210.py,0,0,0,3,0,3,3,1.0,100.0,0.0,3.0,3.0,,,,6.031990051269531e-05,2.010663350423177e-05,322.4189884662628,1.8708544679590746e-07,1.8708544679590745e-05
1609480,1609533,worker,/pscratch/sd/s/satt/sprints/data/converted_10M/mc_normalized_rntuple_10M_30.h5,17,0,1,2,0,3,20,0.15,15.0,1.0,2.0,3.0,58.8235294117647,117.6470588235294,176.47058823529412,9.489059448242188e-05,3.163019816080729e-05,322.4189884662628,2.943083313232062e-07,2.943083313232062e-05
1609480,1609534,worker,/pscratch/sd/s/satt/sprints/a_star_campaign/h5/h5_tr_210.py,0,0,0,3,0,3,3,1.0,100.0,0.0,3.0,3.0,,,,6.866455078125e-05,2.288818359375e-05,322.4130690097809,2.1297074275598598e-07,2.1297074275598597e-05
1609480,1609534,worker,/pscratch/sd/s/satt/sprints/data/converted_10M/mc_normalized_rntuple_10M_30.h5,17,0,1,2,0,3,20,0.15,15.0,1.0,2.0,3.0,58.8235294117647,117.6470588235294,176.47058823529412,0.00010204315185546875,3.4014383951822914e-05,322.4130690097809,3.1649818715125695e-07,3.164981871512569e-05
1609480,1609535,worker,/pscratch/sd/s/satt/sprints/a_star_campaign/h5/h5_tr_210.py,0,0,0,3,0,3,3,1.0,100.0,0.0,3.0,3.0,,,,6.246566772460938e-05,2.0821889241536457e-05,322.4163291454315,1.9374225830985484e-07,1.9374225830985485e-05
1609480,1609535,worker,/pscratch/sd/s/satt/sprints/data/converted_10M/mc_normalized_rntuple_10M_30.h5,19,0,1,2,0,3,22,0.13636363636363635,13.636363636363637,1.0,2.0,3.0,52.63157894736842,105.26315789473684,157.89473684210526,0.00015592575073242188,5.1975250244140625e-05,322.4163291454315,4.836161715062789e-07,4.836161715062789e-05
1609480,1609536,worker,/pscratch/sd/s/satt/sprints/a_star_campaign/h5/h5_tr_210.py,0,0,0,3,0,3,3,1.0,100.0,0.0,3.0,3.0,,,,5.8650970458984375e-05,1.9550323486328125e-05,322.4055275917053,1.8191676457005422e-07,1.819167645700542e-05
1609480,1609536,worker,/pscratch/sd/s/satt/sprints/data/converted_10M/mc_normalized_rntuple_10M_30.h5,17,0,1,2,0,3,20,0.15,15.0,1.0,2.0,3.0,58.8235294117647,117.6470588235294,176.47058823529412,0.0001010894775390625,3.3696492513020836e-05,322.4055275917053,3.135475942183048e-07,3.135475942183048e-05
1609480,1609537,worker,/pscratch/sd/s/satt/sprints/a_star_campaign/h5/h5_tr_210.py,0,0,0,3,0,3,3,1.0,100.0,0.0,3.0,3.0,,,,5.888938903808594e-05,1.9629796346028645e-05,322.39654517173767,1.8266135267273445e-07,1.8266135267273444e-05
1609480,1609537,worker,/pscratch/sd/s/satt/sprints/data/converted_10M/mc_normalized_rntuple_10M_30.h5,17,0,1,2,0,3,20,0.15,15.0,1.0,2.0,3.0,58.8235294117647,117.6470588235294,176.47058823529412,0.00010585784912109375,3.528594970703125e-05,322.39654517173767,3.2834672302305303e-07,3.28346723023053e-05
1609480,1609538,worker,/pscratch/sd/s/satt/sprints/a_star_campaign/h5/h5_tr_210.py,0,0,0,3,0,3,3,1.0,100.0,0.0,3.0,3.0,,,,6.222724914550781e-05,2.0742416381835938e-05,322.39074659347534,1.9301809931900566e-07,1.9301809931900566e-05
1609480,1609538,worker,/pscratch/sd/s/satt/sprints/data/converted_10M/mc_normalized_rntuple_10M_30.h5,19,0,1,2,0,3,22,0.13636363636363635,13.636363636363637,1.0,2.0,3.0,52.63157894736842,105.26315789473684,157.89473684210526,9.417533874511719e-05,3.139177958170573e-05,322.39074659347534,2.921155142950469e-07,2.921155142950469e-05
1609480,1609539,worker,/pscratch/sd/s/satt/sprints/a_star_campaign/h5/h5_tr_210.py,0,0,0,3,0,3,3,1.0,100.0,0.0,3.0,3.0,,,,5.888938903808594e-05,1.9629796346028645e-05,322.3913586139679,1.8266429128641818e-07,1.826642912864182e-05
1609480,1609539,worker,/pscratch/sd/s/satt/sprints/data/converted_10M/mc_normalized_rntuple_10M_30.h5,17,0,1,2,0,3,20,0.15,15.0,1.0,2.0,3.0,58.8235294117647,117.6470588235294,176.47058823529412,0.00015497207641601562,5.165735880533854e-05,322.3913586139679,4.806955033853111e-07,4.8069550338531105e-05
1609480,1609540,worker,/pscratch/sd/s/satt/sprints/a_star_campaign/h5/h5_tr_210.py,0,0,0,3,0,3,3,1.0,100.0,0.0,3.0,3.0,,,,5.9604644775390625e-05,1.9868214925130207e-05,322.38004541397095,1.8488937396497912e-07,1.848893739649791e-05
1609480,1609540,worker,/pscratch/sd/s/satt/sprints/data/converted_10M/mc_normalized_rntuple_10M_30.h5,17,0,1,2,0,3,20,0.15,15.0,1.0,2.0,3.0,58.8235294117647,117.6470588235294,176.47058823529412,0.00011229515075683594,3.743171691894531e-05,322.38004541397095,3.4833158055002064e-07,3.4833158055002066e-05
1609480,1609541,worker,/pscratch/sd/s/satt/sprints/a_star_campaign/h5/h5_tr_210.py,0,0,0,3,0,3,3,1.0,100.0,0.0,3.0,3.0,,,,6.437301635742188e-05,2.1457672119140625e-05,322.37362456321716,1.9968450100296088e-07,1.996845010029609e-05
1609480,1609541,worker,/pscratch/sd/s/satt/sprints/data/converted_10M/mc_normalized_rntuple_10M_30.h5,19,0,1,2,0,3,22,0.13636363636363635,13.636363636363637,1.0,2.0,3.0,52.63157894736842,105.26315789473684,157.89473684210526,9.822845458984375e-05,3.2742818196614586e-05,322.37362456321716,3.0470375708599956e-07,3.0470375708599958e-05
1609480,1609542,worker,/pscratch/sd/s/satt/sprints/a_star_campaign/h5/h5_tr_210.py,0,0,0,3,0,3,3,1.0,100.0,0.0,3.0,3.0,,,,5.650520324707031e-05,1.8835067749023438e-05,322.36893224716187,1.752811688557739e-07,1.7528116885577388e-05
1609480,1609542,worker,/pscratch/sd/s/satt/sprints/data/converted_10M/mc_normalized_rntuple_10M_30.h5,17,0,1,2,0,3,20,0.15,15.0,1.0,2.0,3.0,58.8235294117647,117.6470588235294,176.47058823529412,8.821487426757812e-05,2.9404958089192707e-05,322.36893224716187,2.73645706652474e-07,2.7364570665247402e-05
1609480,1609543,worker,/pscratch/sd/s/satt/sprints/a_star_campaign/h5/h5_tr_210.py,0,0,0,3,0,3,3,1.0,100.0,0.0,3.0,3.0,,,,5.7220458984375e-05,1.9073486328125e-05,322.36701488494873,1.7750097355586058e-07,1.7750097355586057e-05
1609480,1609543,worker,/pscratch/sd/s/satt/sprints/data/converted_10M/mc_normalized_rntuple_10M_30.h5,17,0,1,2,0,3,20,0.15,15.0,1.0,2.0,3.0,58.8235294117647,117.6470588235294,176.47058823529412,0.00013709068298339844,4.569689432779948e-05,322.36701488494873,4.252627491442493e-07,4.252627491442493e-05
1609480,1609544,worker,/pscratch/sd/s/satt/sprints/a_star_campaign/h5/h5_tr_210.py,0,0,0,3,0,3,3,1.0,100.0,0.0,3.0,3.0,,,,5.745887756347656e-05,1.915295918782552e-05,322.3656404018402,1.7824132091699362e-07,1.7824132091699362e-05
1609480,1609544,worker,/pscratch/sd/s/satt/sprints/data/converted_10M/mc_normalized_rntuple_10M_30.h5,19,0,1,2,0,3,22,0.13636363636363635,13.636363636363637,1.0,2.0,3.0,52.63157894736842,105.26315789473684,157.89473684210526,0.00010585784912109375,3.528594970703125e-05,322.3656404018402,3.283782011914737e-07,3.283782011914737e-05
1609480,1609545,worker,/pscratch/sd/s/satt/sprints/a_star_campaign/h5/h5_tr_210.py,0,0,0,3,0,3,3,1.0,100.0,0.0,3.0,3.0,,,,5.9604644775390625e-05,1.9868214925130207e-05,322.35084891319275,1.8490612007490576e-07,1.8490612007490575e-05
1609480,1609545,worker,/pscratch/sd/s/satt/sprints/data/converted_10M/mc_normalized_rntuple_10M_30.h5,19,0,1,2,0,3,22,0.13636363636363635,13.636363636363637,1.0,2.0,3.0,52.63157894736842,105.26315789473684,157.89473684210526,9.679794311523438e-05,3.226598103841146e-05,322.35084891319275,3.0028753900164697e-07,3.0028753900164696e-05
1609480,1609546,worker,/pscratch/sd/s/satt/sprints/a_star_campaign/h5/h5_tr_210.py,0,0,0,3,0,3,3,1.0,100.0,0.0,3.0,3.0,,,,5.9604644775390625e-05,1.9868214925130207e-05,322.3458459377289,1.8490898991422123e-07,1.8490898991422124e-05
1609480,1609546,worker,/pscratch/sd/s/satt/sprints/data/converted_10M/mc_normalized_rntuple_10M_30.h5,19,0,1,2,0,3,22,0.13636363636363635,13.636363636363637,1.0,2.0,3.0,52.63157894736842,105.26315789473684,157.89473684210526,0.00011849403381347656,3.949801127115885e-05,322.3458459377289,3.6759907194947184e-07,3.675990719494719e-05
1609480,1609547,worker,/pscratch/sd/s/satt/sprints/a_star_campaign/h5/h5_tr_210.py,0,0,0,3,0,3,3,1.0,100.0,0.0,3.0,3.0,,,,6.914138793945312e-05,2.3047129313151043e-05,322.35401678085327,2.1448899141982055e-07,2.1448899141982056e-05
1609480,1609547,worker,/pscratch/sd/s/satt/sprints/data/converted_10M/mc_normalized_rntuple_10M_30.h5,17,0,1,2,0,3,20,0.15,15.0,1.0,2.0,3.0,58.8235294117647,117.6470588235294,176.47058823529412,9.274482727050781e-05,3.09149424235026e-05,322.35401678085327,2.877110953872765e-07,2.8771109538727653e-05
1609480,1609548,worker,/pscratch/sd/s/satt/sprints/a_star_campaign/h5/h5_tr_210.py,0,0,0,3,0,3,3,1.0,100.0,0.0,3.0,3.0,,,,5.793571472167969e-05,1.9311904907226562e-05,322.33728218078613,1.797363132483876e-07,1.797363132483876e-05
1609480,1609548,worker,/pscratch/sd/s/satt/sprints/data/converted_10M/mc_normalized_rntuple_10M_30.h5,17,0,1,2,0,3,20,0.15,15.0,1.0,2.0,3.0,58.8235294117647,117.6470588235294,176.47058823529412,0.00010943412780761719,3.647804260253906e-05,322.33728218078613,3.395019250247322e-07,3.3950192502473216e-05
1609480,1609549,worker,/pscratch/sd/s/satt/sprints/a_star_campaign/h5/h5_tr_210.py,0,0,0,3,0,3,3,1.0,100.0,0.0,3.0,3.0,,,,5.745887756347656e-05,1.915295918782552e-05,322.32798647880554,1.7826214282902404e-07,1.7826214282902405e-05
1609480,1609549,worker,/pscratch/sd/s/satt/sprints/data/converted_10M/mc_normalized_rntuple_10M_30.h5,19,0,1,2,0,3,22,0.13636363636363635,13.636363636363637,1.0,2.0,3.0,52.63157894736842,105.26315789473684,157.89473684210526,0.00010013580322265625,3.337860107421875e-05,322.32798647880554,3.106643153036933e-07,3.106643153036934e-05
1609480,1609550,worker,/pscratch/sd/s/satt/sprints/a_star_campaign/h5/h5_tr_210.py,0,0,0,3,0,3,3,1.0,100.0,0.0,3.0,3.0,,,,5.602836608886719e-05,1.8676122029622395e-05,322.32688307762146,1.738246762227855e-07,1.738246762227855e-05
1609480,1609550,worker,/pscratch/sd/s/satt/sprints/data/converted_10M/mc_normalized_rntuple_10M_30.h5,17,0,1,2,0,3,20,0.15,15.0,1.0,2.0,3.0,58.8235294117647,117.6470588235294,176.47058823529412,0.00012111663818359375,4.0372212727864586e-05,322.32688307762146,3.7575717243053206e-07,3.7575717243053204e-05
1609480,1609551,worker,/pscratch/sd/s/satt/sprints/a_star_campaign/h5/h5_tr_210.py,0,0,0,3,0,3,3,1.0,100.0,0.0,3.0,3.0,,,,5.745887756347656e-05,1.915295918782552e-05,322.31787300109863,1.782677362210091e-07,1.782677362210091e-05
1609480,1609551,worker,/pscratch/sd/s/satt/sprints/data/converted_10M/mc_normalized_rntuple_10M_30.h5,17,0,1,2,0,3,20,0.15,15.0,1.0,2.0,3.0,58.8235294117647,117.6470588235294,176.47058823529412,9.918212890625e-05,3.3060709635416664e-05,322.31787300109863,3.077152625225717e-07,3.077152625225717e-05
1609480,1609552,worker,/pscratch/sd/s/satt/sprints/a_star_campaign/h5/h5_tr_210.py,0,0,0,3,0,3,3,1.0,100.0,0.0,3.0,3.0,,,,7.05718994140625e-05,2.3523966471354168e-05,322.3109345436096,2.189559578982075e-07,2.189559578982075e-05
1609480,1609552,worker,/pscratch/sd/s/satt/sprints/data/converted_10M/mc_normalized_rntuple_10M_30.h5,19,0,1,2,0,3,22,0.13636363636363635,13.636363636363637,1.0,2.0,3.0,52.63157894736842,105.26315789473684,157.89473684210526,0.00011420249938964844,3.806749979654948e-05,322.3109345436096,3.5432399943662633e-07,3.543239994366263e-05
1609480,1609553,worker,/pscratch/sd/s/satt/sprints/a_star_campaign/h5/h5_tr_210.py,0,0,0,3,0,3,3,1.0,100.0,0.0,3.0,3.0,,,,6.365776062011719e-05,2.1219253540039062e-05,322.3248097896576,1.974956897101992e-07,1.974956897101992e-05
1609480,1609553,worker,/pscratch/sd/s/satt/sprints/data/converted_10M/mc_normalized_rntuple_10M_30.h5,17,0,1,2,0,3,20,0.15,15.0,1.0,2.0,3.0,58.8235294117647,117.6470588235294,176.47058823529412,0.00010061264038085938,3.353754679361979e-05,322.3248097896576,3.121467455344721e-07,3.1214674553447215e-05
1609480,1609554,worker,/pscratch/sd/s/satt/sprints/a_star_campaign/h5/h5_tr_210.py,0,0,0,3,0,3,3,1.0,100.0,0.0,3.0,3.0,,,,5.53131103515625e-05,1.8437703450520832e-05,322.3012762069702,1.7161927188908313e-07,1.7161927188908313e-05
1609480,1609554,worker,/pscratch/sd/s/satt/sprints/data/converted_10M/mc_normalized_rntuple_10M_30.h5,17,0,1,2,0,3,20,0.15,15.0,1.0,2.0,3.0,58.8235294117647,117.6470588235294,176.47058823529412,8.893013000488281e-05,2.964337666829427e-05,322.3012762069702,2.759223638561552e-07,2.759223638561552e-05
1609480,1609555,worker,/pscratch/sd/s/satt/sprints/a_star_campaign/h5/h5_tr_210.py,0,0,0,3,0,3,3,1.0,100.0,0.0,3.0,3.0,,,,5.888938903808594e-05,1.9629796346028645e-05,322.2980201244354,1.827171914222416e-07,1.827171914222416e-05
1609480,1609555,worker,/pscratch/sd/s/satt/sprints/data/converted_10M/mc_normalized_rntuple_10M_30.h5,19,0,1,2,0,3,22,0.13636363636363635,13.636363636363637,1.0,2.0,3.0,52.63157894736842,105.26315789473684,157.89473684210526,9.036064147949219e-05,3.0120213826497395e-05,322.2980201244354,2.803636257045731e-07,2.803636257045731e-05
1609480,1609556,worker,/pscratch/sd/s/satt/sprints/a_star_campaign/h5/h5_tr_210.py,0,0,0,3,0,3,3,1.0,100.0,0.0,3.0,3.0,,,,6.0558319091796875e-05,2.0186106363932293e-05,322.29717898368835,1.8789590179708576e-07,1.8789590179708573e-05
1609480,1609556,worker,/pscratch/sd/s/satt/sprints/data/converted_10M/mc_normalized_rntuple_10M_30.h5,17,0,1,2,0,3,20,0.15,15.0,1.0,2.0,3.0,58.8235294117647,117.6470588235294,176.47058823529412,0.00010037422180175781,3.345807393391927e-05,322.29717898368835,3.1143375849044526e-07,3.1143375849044524e-05
1609480,1609557,worker,/pscratch/sd/s/satt/sprints/a_star_campaign/h5/h5_tr_210.py,0,0,0,3,0,3,3,1.0,100.0,0.0,3.0,3.0,,,,6.4849853515625e-05,2.1616617838541668e-05,322.2831058502197,2.0122014569936474e-07,2.0122014569936472e-05
1609480,1609557,worker,/pscratch/sd/s/satt/sprints/data/converted_10M/mc_normalized_rntuple_10M_30.h5,17,0,1,2,0,3,20,0.15,15.0,1.0,2.0,3.0,58.8235294117647,117.6470588235294,176.47058823529412,0.00010037422180175781,3.345807393391927e-05,322.2831058502197,3.1144735786556083e-07,3.1144735786556085e-05
1609480,1609558,worker,/pscratch/sd/s/satt/sprints/a_star_campaign/h5/h5_tr_210.py,0,0,0,3,0,3,3,1.0,100.0,0.0,3.0,3.0,,,,5.53131103515625e-05,1.8437703450520832e-05,322.279581785202,1.7163082453181428e-07,1.716308245318143e-05
1609480,1609558,worker,/pscratch/sd/s/satt/sprints/data/converted_10M/mc_normalized_rntuple_10M_30.h5,19,0,1,2,0,3,22,0.13636363636363635,13.636363636363637,1.0,2.0,3.0,52.63157894736842,105.26315789473684,157.89473684210526,9.584426879882812e-05,3.1948089599609375e-05,322.279581785202,2.973947907835748e-07,2.9739479078357474e-05
1609480,1609559,worker,/pscratch/sd/s/satt/sprints/a_star_campaign/h5/h5_tr_210.py,0,0,0,3,0,3,3,1.0,100.0,0.0,3.0,3.0,,,,5.841255187988281e-05,1.9470850626627605e-05,322.2745592594147,1.8125089369174708e-07,1.812508936917471e-05
1609480,1609559,worker,/pscratch/sd/s/satt/sprints/data/converted_10M/mc_normalized_rntuple_10M_30.h5,17,0,1,2,0,3,20,0.15,15.0,1.0,2.0,3.0,58.8235294117647,117.6470588235294,176.47058823529412,0.00010132789611816406,3.377596537272135e-05,322.2745592594147,3.144148155877245e-07,3.144148155877245e-05
1609480,1609560,worker,/pscratch/sd/s/satt/sprints/a_star_campaign/h5/h5_tr_210.py,0,0,0,3,0,3,3,1.0,100.0,0.0,3.0,3.0,,,,6.4849853515625e-05,2.1616617838541668e-05,322.2795557975769,2.0122236222876345e-07,2.0122236222876344e-05
1609480,1609560,worker,/pscratch/sd/s/satt/sprints/data/converted_10M/mc_normalized_rntuple_10M_30.h5,17,0,1,2,0,3,20,0.15,15.0,1.0,2.0,3.0,58.8235294117647,117.6470588235294,176.47058823529412,9.441375732421875e-05,3.147125244140625e-05,322.2795557975769,2.9295608618599386e-07,2.9295608618599383e-05
1609480,1609561,worker,/pscratch/sd/s/satt/sprints/a_star_campaign/h5/h5_tr_210.py,0,0,0,3,0,3,3,1.0,100.0,0.0,3.0,3.0,,,,6.413459777832031e-05,2.1378199259440105e-05,322.2608335018158,1.9901455935990726e-07,1.9901455935990725e-05
1609480,1609561,worker,/pscratch/sd/s/satt/sprints/data/converted_10M/mc_normalized_rntuple_10M_30.h5,19,0,1,2,0,3,22,0.13636363636363635,13.636363636363637,1.0,2.0,3.0,52.63157894736842,105.26315789473684,157.89473684210526,9.72747802734375e-05,3.24249267578125e-05,322.2608335018158,3.0185107888045413e-07,3.0185107888045414e-05
1609480,1609562,worker,/pscratch/sd/s/satt/sprints/a_star_campaign/h5/h5_tr_210.py,0,0,0,3,0,3,3,1.0,100.0,0.0,3.0,3.0,,,,5.3882598876953125e-05,1.7960866292317707e-05,322.25875186920166,1.6720290314667075e-07,1.6720290314667074e-05
1609480,1609562,worker,/pscratch/sd/s/satt/sprints/data/converted_10M/mc_normalized_rntuple_10M_30.h5,17,0,1,2,0,3,20,0.15,15.0,1.0,2.0,3.0,58.8235294117647,117.6470588235294,176.47058823529412,0.00010228157043457031,3.409385681152344e-05,322.25875186920166,3.173895816368219e-07,3.173895816368219e-05
1609480,1609563,worker,/pscratch/sd/s/satt/sprints/a_star_campaign/h5/h5_tr_210.py,0,0,0,3,0,3,3,1.0,100.0,0.0,3.0,3.0,,,,6.198883056640625e-05,2.0662943522135418e-05,322.2481918334961,1.9236362573117414e-07,1.9236362573117414e-05
1609480,1609563,worker,/pscratch/sd/s/satt/sprints/data/converted_10M/mc_normalized_rntuple_10M_30.h5,17,0,1,2,0,3,20,0.15,15.0,1.0,2.0,3.0,58.8235294117647,117.6470588235294,176.47058823529412,0.000102996826171875,3.4332275390625e-05,322.2481918334961,3.196195627533355e-07,3.196195627533355e-05
1609480,1609564,worker,/pscratch/sd/s/satt/sprints/a_star_campaign/h5/h5_tr_210.py,0,0,0,3,0,3,3,1.0,100.0,0.0,3.0,3.0,,,,5.888938903808594e-05,1.9629796346028645e-05,322.2435212135315,1.8274809316977225e-07,1.8274809316977226e-05
1609480,1609564,worker,/pscratch/sd/s/satt/sprints/data/converted_10M/mc_normalized_rntuple_10M_30.h5,19,0,1,2,0,3,22,0.13636363636363635,13.636363636363637,1.0,2.0,3.0,52.63157894736842,105.26315789473684,157.89473684210526,0.00013184547424316406,4.394849141438802e-05,322.2435212135315,4.0914856486997596e-07,4.09148564869976e-05
1609480,1609565,worker,/pscratch/sd/s/satt/sprints/a_star_campaign/h5/h5_tr_210.py,0,0,0,3,0,3,3,1.0,100.0,0.0,3.0,3.0,,,,5.4836273193359375e-05,1.8278757731119793e-05,322.24707436561584,1.7016841285933012e-07,1.7016841285933012e-05
1609480,1609565,worker,/pscratch/sd/s/satt/sprints/data/converted_10M/mc_normalized_rntuple_10M_30.h5,17,0,1,2,0,3,20,0.15,15.0,1.0,2.0,3.0,58.8235294117647,117.6470588235294,176.47058823529412,8.893013000488281e-05,2.964337666829427e-05,322.24707436561584,2.759687738979571e-07,2.7596877389795713e-05
1609480,1609566,worker,/pscratch/sd/s/satt/sprints/a_star_campaign/h5/h5_tr_210.py,0,0,0,3,0,3,3,1.0,100.0,0.0,3.0,3.0,,,,5.984306335449219e-05,1.994768778483073e-05,322.23191022872925,1.8571426806244577e-07,1.8571426806244578e-05
1609480,1609566,worker,/pscratch/sd/s/satt/sprints/data/converted_10M/mc_normalized_rntuple_10M_30.h5,17,0,1,2,0,3,20,0.15,15.0,1.0,2.0,3.0,58.8235294117647,117.6470588235294,176.47058823529412,9.965896606445312e-05,3.321965535481771e-05,322.23191022872925,3.0927714760996944e-07,3.092771476099695e-05
1609480,1609567,worker,/pscratch/sd/s/satt/sprints/a_star_campaign/h5/h5_tr_210.py,0,0,0,3,0,3,3,1.0,100.0,0.0,3.0,3.0,,,,5.841255187988281e-05,1.9470850626627605e-05,322.22910928726196,1.8127645888071826e-07,1.8127645888071824e-05
1609480,1609567,worker,/pscratch/sd/s/satt/sprints/data/converted_10M/mc_normalized_rntuple_10M_30.h5,19,0,1,2,0,3,22,0.13636363636363635,13.636363636363637,1.0,2.0,3.0,52.63157894736842,105.26315789473684,157.89473684210526,9.226799011230469e-05,3.075599670410156e-05,322.22910928726196,2.8634281464015494e-07,2.8634281464015497e-05
1609480,1609568,worker,/pscratch/sd/s/satt/sprints/a_star_campaign/h5/h5_tr_210.py,0,0,0,3,0,3,3,1.0,100.0,0.0,3.0,3.0,,,,7.653236389160156e-05,2.5510787963867188e-05,322.2244658470154,2.3751257897324697e-07,2.3751257897324698e-05
1609480,1609568,worker,/pscratch/sd/s/satt/sprints/data/converted_10M/mc_normalized_rntuple_10M_30.h5,17,0,1,2,0,3,20,0.15,15.0,1.0,2.0,3.0,58.8235294117647,117.6470588235294,176.47058823529412,9.036064147949219e-05,3.0120213826497395e-05,322.2244658470154,2.804276243952044e-07,2.8042762439520437e-05
1609480,1609569,worker,/pscratch/sd/s/satt/sprints/a_star_campaign/h5/h5_tr_210.py,0,0,0,3,0,3,3,1.0,100.0,0.0,3.0,3.0,,,,7.700920104980469e-05,2.566973368326823e-05,322.2146825790405,2.389996645510219e-07,2.3899966455102192e-05
1609480,1609569,worker,/pscratch/sd/s/satt/sprints/data/converted_10M/mc_normalized_rntuple_10M_30.h5,17,0,1,2,0,3,20,0.15,15.0,1.0,2.0,3.0,58.8235294117647,117.6470588235294,176.47058823529412,0.00010561943054199219,3.520647684733073e-05,322.2146825790405,3.277921095854573e-07,3.277921095854573e-05
1609480,1609570,worker,/pscratch/sd/s/satt/sprints/a_star_campaign/h5/h5_tr_210.py,0,0,0,3,0,3,3,1.0,100.0,0.0,3.0,3.0,,,,5.888938903808594e-05,1.9629796346028645e-05,322.23251366615295,1.827543358926776e-07,1.8275433589267758e-05
1609480,1609570,worker,/pscratch/sd/s/satt/sprints/data/converted_10M/mc_normalized_rntuple_10M_30.h5,19,0,1,2,0,3,22,0.13636363636363635,13.636363636363637,1.0,2.0,3.0,52.63157894736842,105.26315789473684,157.89473684210526,0.00010180473327636719,3.39349110921224e-05,322.23251366615295,3.1593563330434545e-07,3.1593563330434546e-05
1609480,1609571,worker,/pscratch/sd/s/satt/sprints/a_star_campaign/h5/h5_tr_210.py,0,0,0,3,0,3,3,1.0,100.0,0.0,3.0,3.0,,,,6.198883056640625e-05,2.0662943522135418e-05,322.2111785411835,1.923857230747292e-07,1.923857230747292e-05
1609480,1609571,worker,/pscratch/sd/s/satt/sprints/data/converted_10M/mc_normalized_rntuple_10M_30.h5,17,0,1,2,0,3,20,0.15,15.0,1.0,2.0,3.0,58.8235294117647,117.6470588235294,176.47058823529412,0.00010395050048828125,3.4650166829427086e-05,322.2111785411835,3.226160586945459e-07,3.226160586945459e-05
1609480,1609572,worker,/pscratch/sd/s/satt/sprints/a_star_campaign/h5/h5_tr_210.py,0,0,0,3,0,3,3,1.0,100.0,0.0,3.0,3.0,,,,6.008148193359375e-05,2.002716064453125e-05,322.19794607162476,1.864738204142295e-07,1.8647382041422948e-05
1609480,1609572,worker,/pscratch/sd/s/satt/sprints/data/converted_10M/mc_normalized_rntuple_10M_30.h5,17,0,1,2,0,3,20,0.15,15.0,1.0,2.0,3.0,58.8235294117647,117.6470588235294,176.47058823529412,0.00010085105895996094,3.361701965332031e-05,322.19794607162476,3.130096271238852e-07,3.130096271238852e-05
1609480,1609573,worker,/pscratch/sd/s/satt/sprints/a_star_campaign/h5/h5_tr_210.py,0,0,0,3,0,3,3,1.0,100.0,0.0,3.0,3.0,,,,6.103515625e-05,2.0345052083333332e-05,322.19343423843384,1.894363750591887e-07,1.894363750591887e-05
1609480,1609573,worker,/pscratch/sd/s/satt/sprints/data/converted_10M/mc_normalized_rntuple_10M_30.h5,19,0,1,2,0,3,22,0.13636363636363635,13.636363636363637,1.0,2.0,3.0,52.63157894736842,105.26315789473684,157.89473684210526,0.000102996826171875,3.4332275390625e-05,322.19343423843384,3.196738829123809e-07,3.196738829123809e-05
1609480,1609574,worker,/pscratch/sd/s/satt/sprints/a_star_campaign/h5/h5_tr_210.py,0,0,0,3,0,3,3,1.0,100.0,0.0,3.0,3.0,,,,5.984306335449219e-05,1.994768778483073e-05,322.1902596950531,1.8573827592160142e-07,1.8573827592160143e-05
1609480,1609574,worker,/pscratch/sd/s/satt/sprints/data/converted_10M/mc_normalized_rntuple_10M_30.h5,17,0,1,2,0,3,20,0.15,15.0,1.0,2.0,3.0,58.8235294117647,117.6470588235294,176.47058823529412,0.00010657310485839844,3.552436828613281e-05,322.1902596950531,3.307769296293061e-07,3.307769296293061e-05
1609480,1609575,worker,/pscratch/sd/s/satt/sprints/a_star_campaign/h5/h5_tr_210.py,0,0,0,3,0,3,3,1.0,100.0,0.0,3.0,3.0,,,,6.008148193359375e-05,2.002716064453125e-05,322.1843149662018,1.8648170982468993e-07,1.8648170982468996e-05
1609480,1609575,worker,/pscratch/sd/s/satt/sprints/data/converted_10M/mc_normalized_rntuple_10M_30.h5,17,0,1,2,0,3,20,0.15,15.0,1.0,2.0,3.0,58.8235294117647,117.6470588235294,176.47058823529412,0.00011229515075683594,3.743171691894531e-05,322.1843149662018,3.4854319574376573e-07,3.485431957437657e-05
1609480,1609576,worker,/pscratch/sd/s/satt/sprints/a_star_campaign/h5/h5_tr_210.py,0,0,0,3,0,3,3,1.0,100.0,0.0,3.0,3.0,,,,5.9604644775390625e-05,1.9868214925130207e-05,322.17432618141174,1.8500743210006158e-07,1.8500743210006158e-05
1609480,1609576,worker,/pscratch/sd/s/satt/sprints/data/converted_10M/mc_normalized_rntuple_10M_30.h5,19,0,1,2,0,3,22,0.13636363636363635,13.636363636363637,1.0,2.0,3.0,52.63157894736842,105.26315789473684,157.89473684210526,0.00011229515075683594,3.743171691894531e-05,322.17432618141174,3.48554002076516e-07,3.48554002076516e-05
1609480,1609577,worker,/pscratch/sd/s/satt/sprints/a_star_campaign/h5/h5_tr_210.py,0,0,0,3,0,3,3,1.0,100.0,0.0,3.0,3.0,,,,5.817413330078125e-05,1.9391377766927082e-05,322.1718957424164,1.8056861591456992e-07,1.805686159145699e-05
1609480,1609577,worker,/pscratch/sd/s/satt/sprints/data/converted_10M/mc_normalized_rntuple_10M_30.h5,17,0,1,2,0,3,20,0.15,15.0,1.0,2.0,3.0,58.8235294117647,117.6470588235294,176.47058823529412,8.988380432128906e-05,2.9961268107096355e-05,322.1718957424164,2.78993312294233e-07,2.7899331229423306e-05
1609480,1609578,worker,/pscratch/sd/s/satt/sprints/a_star_campaign/h5/h5_tr_210.py,0,0,0,3,0,3,3,1.0,100.0,0.0,3.0,3.0,,,,5.888938903808594e-05,1.9629796346028645e-05,322.1761257648468,1.8278632191718864e-07,1.8278632191718863e-05
1609480,1609578,worker,/pscratch/sd/s/satt/sprints/data/converted_10M/mc_normalized_rntuple_10M_30.h5,17,0,1,2,0,3,20,0.15,15.0,1.0,2.0,3.0,58.8235294117647,117.6470588235294,176.47058823529412,8.869171142578125e-05,2.956390380859375e-05,322.1761257648468,2.752895212679926e-07,2.752895212679926e-05
1609480,1609579,worker,/pscratch/sd/s/satt/sprints/a_star_campaign/h5/h5_tr_210.py,0,0,0,3,0,3,3,1.0,100.0,0.0,3.0,3.0,,,,5.602836608886719e-05,1.8676122029622395e-05,322.161239862442,1.7391405034569167e-07,1.7391405034569167e-05
1609480,1609579,worker,/pscratch/sd/s/satt/sprints/data/converted_10M/mc_normalized_rntuple_10M_30.h5,19,0,1,2,0,3,22,0.13636363636363635,13.636363636363637,1.0,2.0,3.0,52.63157894736842,105.26315789473684,157.89473684210526,0.0001125335693359375,3.7511189778645836e-05,322.161239862442,3.4930822026879346e-07,3.4930822026879345e-05
1609480,1609580,worker,/pscratch/sd/s/satt/sprints/a_star_campaign/h5/h5_tr_210.py,0,0,0,3,0,3,3,1.0,100.0,0.0,3.0,3.0,,,,5.793571472167969e-05,1.9311904907226562e-05,322.1606090068817,1.798348808076723e-07,1.798348808076723e-05
1609480,1609580,worker,/pscratch/sd/s/satt/sprints/data/converted_10M/mc_normalized_rntuple_10M_30.h5,17,0,1,2,0,3,20,0.15,15.0,1.0,2.0,3.0,58.8235294117647,117.6470588235294,176.47058823529412,0.00010466575622558594,3.488858540852865e-05,322.1606090068817,3.2488688343443676e-07,3.248868834344368e-05
1609480,1609581,worker,/pscratch/sd/s/satt/sprints/a_star_campaign/h5/h5_tr_210.py,0,0,0,3,0,3,3,1.0,100.0,0.0,3.0,3.0,,,,5.650520324707031e-05,1.8835067749023438e-05,322.15903973579407,1.7539536774572836e-07,1.7539536774572835e-05
1609480,1609581,worker,/pscratch/sd/s/satt/sprints/data/converted_10M/mc_normalized_rntuple_10M_30.h5,17,0,1,2,0,3,20,0.15,15.0,1.0,2.0,3.0,58.8235294117647,117.6470588235294,176.47058823529412,8.96453857421875e-05,2.9881795247395832e-05,322.15903973579407,2.7826438089617665e-07,2.7826438089617664e-05
1609480,1609582,worker,/pscratch/sd/s/satt/sprints/a_star_campaign/h5/h5_tr_210.py,0,0,0,3,0,3,3,1.0,100.0,0.0,3.0,3.0,,,,5.888938903808594e-05,1.9629796346028645e-05,322.14374136924744,1.8280469702059422e-07,1.828046970205942e-05
1609480,1609582,worker,/pscratch/sd/s/satt/sprints/data/converted_10M/mc_normalized_rntuple_10M_30.h5,19,0,1,2,0,3,22,0.13636363636363635,13.636363636363637,1.0,2.0,3.0,52.63157894736842,105.26315789473684,157.89473684210526,0.00010776519775390625,3.5921732584635414e-05,322.14374136924744,3.34525194547808e-07,3.34525194547808e-05
1609480,1609583,worker,/pscratch/sd/s/satt/sprints/a_star_campaign/h5/h5_tr_210.py,0,0,0,3,0,3,3,1.0,100.0,0.0,3.0,3.0,,,,6.079673767089844e-05,2.0265579223632812e-05,322.1345133781433,1.8873090322840107e-07,1.887309032284011e-05
1609480,1609583,worker,/pscratch/sd/s/satt/sprints/data/converted_10M/mc_normalized_rntuple_10M_30.h5,17,0,1,2,0,3,20,0.15,15.0,1.0,2.0,3.0,58.8235294117647,117.6470588235294,176.47058823529412,9.870529174804688e-05,3.2901763916015625e-05,322.1345133781433,3.0641017230022764e-07,3.064101723002276e-05
1609480,1609584,worker,/pscratch/sd/s/satt/sprints/a_star_campaign/h5/h5_tr_210.py,0,0,0,3,0,3,3,1.0,100.0,0.0,3.0,3.0,,,,5.698204040527344e-05,1.899401346842448e-05,322.13701152801514,1.7688759244082672e-07,1.768875924408267e-05
1609480,1609584,worker,/pscratch/sd/s/satt/sprints/data/converted_10M/mc_normalized_rntuple_10M_30.h5,17,0,1,2,0,3,20,0.15,15.0,1.0,2.0,3.0,58.8235294117647,117.6470588235294,176.47058823529412,8.416175842285156e-05,2.8053919474283855e-05,322.13701152801514,2.6126075368875243e-07,2.612607536887524e-05
1609480,1609585,worker,/pscratch/sd/s/satt/sprints/a_star_campaign/h5/h5_tr_210.py,0,0,0,3,0,3,3,1.0,100.0,0.0,3.0,3.0,,,,5.650520324707031e-05,1.8835067749023438e-05,322.13078474998474,1.7541075216057255e-07,1.7541075216057253e-05
1609480,1609585,worker,/pscratch/sd/s/satt/sprints/data/converted_10M/mc_normalized_rntuple_10M_30.h5,19,0,1,2,0,3,22,0.13636363636363635,13.636363636363637,1.0,2.0,3.0,52.63157894736842,105.26315789473684,157.89473684210526,8.96453857421875e-05,2.9881795247395832e-05,322.13078474998474,2.7828878823787034e-07,2.7828878823787036e-05
1609480,1609586,worker,/pscratch/sd/s/satt/sprints/a_star_campaign/h5/h5_tr_210.py,0,0,0,3,0,3,3,1.0,100.0,0.0,3.0,3.0,,,,5.7220458984375e-05,1.9073486328125e-05,322.12035846710205,1.776368909331724e-07,1.7763689093317238e-05
1609480,1609586,worker,/pscratch/sd/s/satt/sprints/data/converted_10M/mc_normalized_rntuple_10M_30.h5,17,0,1,2,0,3,20,0.15,15.0,1.0,2.0,3.0,58.8235294117647,117.6470588235294,176.47058823529412,8.726119995117188e-05,2.9087066650390625e-05,322.12035846710205,2.708962586730879e-07,2.708962586730879e-05
1609480,1609587,worker,/pscratch/sd/s/satt/sprints/a_star_campaign/h5/h5_tr_210.py,0,0,0,3,0,3,3,1.0,100.0,0.0,3.0,3.0,,,,6.008148193359375e-05,2.002716064453125e-05,322.1145181655884,1.8652211727602994e-07,1.8652211727602993e-05
1609480,1609587,worker,/pscratch/sd/s/satt/sprints/data/converted_10M/mc_normalized_rntuple_10M_30.h5,21,0,1,2,0,3,24,0.125,12.5,1.0,2.0,3.0,47.61904761904762,95.23809523809524,142.85714285714286,8.7738037109375e-05,2.9246012369791668e-05,322.1145181655884,2.723815045935675e-07,2.723815045935675e-05
1609480,1609588,worker,/pscratch/sd/s/satt/sprints/a_star_campaign/h5/h5_tr_210.py,0,0,0,3,0,3,3,1.0,100.0,0.0,3.0,3.0,,,,6.127357482910156e-05,2.0424524943033855e-05,322.1139597892761,1.902232826828932e-07,1.902232826828932e-05
1609480,1609588,worker,/pscratch/sd/s/satt/sprints/data/converted_10M/mc_normalized_rntuple_10M_30.h5,17,0,1,2,0,3,20,0.15,15.0,1.0,2.0,3.0,58.8235294117647,117.6470588235294,176.47058823529412,8.940696716308594e-05,2.9802322387695312e-05,322.1139597892761,2.775631556657002e-07,2.775631556657002e-05
1609480,1609589,worker,/pscratch/sd/s/satt/sprints/a_star_campaign/h5/h5_tr_210.py,0,0,0,3,0,3,3,1.0,100.0,0.0,3.0,3.0,,,,6.151199340820312e-05,2.0503997802734375e-05,322.1120252609253,1.9096459797915223e-07,1.909645979791522e-05
1609480,1609589,worker,/pscratch/sd/s/satt/sprints/data/converted_10M/mc_normalized_rntuple_10M_30.h5,17,0,1,2,0,3,20,0.15,15.0,1.0,2.0,3.0,58.8235294117647,117.6470588235294,176.47058823529412,8.821487426757812e-05,2.9404958089192707e-05,322.1120252609253,2.7386395834219507e-07,2.7386395834219506e-05
1609480,1609590,worker,/pscratch/sd/s/satt/sprints/a_star_campaign/h5/h5_tr_210.py,0,0,0,3,0,3,3,1.0,100.0,0.0,3.0,3.0,,,,6.699562072753906e-05,2.2331873575846355e-05,322.111279964447,2.0798905500898227e-07,2.0798905500898228e-05
1609480,1609590,worker,/pscratch/sd/s/satt/sprints/data/converted_10M/mc_normalized_rntuple_10M_30.h5,19,0,1,2,0,3,22,0.13636363636363635,13.636363636363637,1.0,2.0,3.0,52.63157894736842,105.26315789473684,157.89473684210526,9.059906005859375e-05,3.0199686686197918e-05,322.111279964447,2.812663377345668e-07,2.8126633773456677e-05
1609480,1609591,worker,/pscratch/sd/s/satt/sprints/a_star_campaign/h5/h5_tr_210.py,0,0,0,3,0,3,3,1.0,100.0,0.0,3.0,3.0,,,,5.841255187988281e-05,1.9470850626627605e-05,322.08977484703064,1.8135487817837294e-07,1.8135487817837294e-05
1609480,1609591,worker,/pscratch/sd/s/satt/sprints/data/converted_10M/mc_normalized_rntuple_10M_30.h5,17,0,1,2,0,3,20,0.15,15.0,1.0,2.0,3.0,58.8235294117647,117.6470588235294,176.47058823529412,8.845329284667969e-05,2.948443094889323e-05,322.08977484703064,2.746231012415362e-07,2.7462310124153617e-05
1609480,1609592,worker,/pscratch/sd/s/satt/sprints/a_star_campaign/h5/h5_tr_210.py,0,0,0,3,0,3,3,1.0,100.0,0.0,3.0,3.0,,,,5.8650970458984375e-05,1.9550323486328125e-05,322.0936872959137,1.8209289027481186e-07,1.8209289027481186e-05
1609480,1609592,worker,/pscratch/sd/s/satt/sprints/data/converted_10M/mc_normalized_rntuple_10M_30.h5,17,0,1,2,0,3,20,0.15,15.0,1.0,2.0,3.0,58.8235294117647,117.6470588235294,176.47058823529412,9.751319885253906e-05,3.250439961751302e-05,322.0936872959137,3.0274793545690266e-07,3.0274793545690264e-05
1609480,1609593,worker,/pscratch/sd/s/satt/sprints/a_star_campaign/h5/h5_tr_210.py,0,0,0,3,0,3,3,1.0,100.0,0.0,3.0,3.0,,,,5.7220458984375e-05,1.9073486328125e-05,322.0792410373688,1.776595684964871e-07,1.7765956849648712e-05
1609480,1609593,worker,/pscratch/sd/s/satt/sprints/data/converted_10M/mc_normalized_rntuple_10M_30.h5,19,0,1,2,0,3,22,0.13636363636363635,13.636363636363637,1.0,2.0,3.0,52.63157894736842,105.26315789473684,157.89473684210526,8.249282836914062e-05,2.7497609456380207e-05,322.0792410373688,2.561258779157689e-07,2.561258779157689e-05
1609480,1609594,worker,/pscratch/sd/s/satt/sprints/a_star_campaign/h5/h5_tr_210.py,0,0,0,3,0,3,3,1.0,100.0,0.0,3.0,3.0,,,,5.817413330078125e-05,1.9391377766927082e-05,322.06998085975647,1.8062575451921066e-07,1.8062575451921067e-05
1609480,1609594,worker,/pscratch/sd/s/satt/sprints/data/converted_10M/mc_normalized_rntuple_10M_30.h5,17,0,1,2,0,3,20,0.15,15.0,1.0,2.0,3.0,58.8235294117647,117.6470588235294,176.47058823529412,8.392333984375e-05,2.7974446614583332e-05,322.06998085975647,2.6057485897853344e-07,2.6057485897853343e-05
1609480,1609595,worker,/pscratch/sd/s/satt/sprints/a_star_campaign/h5/h5_tr_210.py,0,0,0,3,0,3,3,1.0,100.0,0.0,3.0,3.0,,,,5.817413330078125e-05,1.9391377766927082e-05,322.0726697444916,1.8062424653085983e-07,1.8062424653085984e-05
1609480,1609595,worker,/pscratch/sd/s/satt/sprints/data/converted_10M/mc_normalized_rntuple_10M_30.h5,17,0,1,2,0,3,20,0.15,15.0,1.0,2.0,3.0,58.8235294117647,117.6470588235294,176.47058823529412,9.083747863769531e-05,3.0279159545898438e-05,322.0726697444916,2.820403193781049e-07,2.8204031937810493e-05
1609480,1609596,worker,/pscratch/sd/s/satt/sprints/a_star_campaign/h5/h5_tr_210.py,0,0,0,3,0,3,3,1.0,100.0,0.0,3.0,3.0,,,,5.841255187988281e-05,1.9470850626627605e-05,322.0614655017853,1.813708193523668e-07,1.813708193523668e-05
1609480,1609596,worker,/pscratch/sd/s/satt/sprints/data/converted_10M/mc_normalized_rntuple_10M_30.h5,19,0,1,2,0,3,22,0.13636363636363635,13.636363636363637,1.0,2.0,3.0,52.63157894736842,105.26315789473684,157.89473684210526,9.107589721679688e-05,3.0358632405598957e-05,322.0614655017853,2.82790420377976e-07,2.82790420377976e-05
1609480,1609597,worker,/pscratch/sd/s/satt/sprints/a_star_campaign/h5/h5_tr_210.py,0,0,0,3,0,3,3,1.0,100.0,0.0,3.0,3.0,,,,7.128715515136719e-05,2.376238505045573e-05,322.0547819137573,2.2135102210796264e-07,2.2135102210796265e-05
1609480,1609597,worker,/pscratch/sd/s/satt/sprints/data/converted_10M/mc_normalized_rntuple_10M_30.h5,17,0,1,2,0,3,20,0.15,15.0,1.0,2.0,3.0,58.8235294117647,117.6470588235294,176.47058823529412,0.00010776519775390625,3.5921732584635414e-05,322.0547819137573,3.3461759863812417e-07,3.346175986381241e-05
1609480,1609598,worker,/pscratch/sd/s/satt/sprints/a_star_campaign/h5/h5_tr_210.py,0,0,0,3,0,3,3,1.0,100.0,0.0,3.0,3.0,,,,6.341934204101562e-05,2.1139780680338543e-05,322.0697491168976,1.9691182489168551e-07,1.9691182489168554e-05
1609480,1609598,worker,/pscratch/sd/s/satt/sprints/data/converted_10M/mc_normalized_rntuple_10M_30.h5,17,0,1,2,0,3,20,0.15,15.0,1.0,2.0,3.0,58.8235294117647,117.6470588235294,176.47058823529412,0.00010895729064941406,3.631909688313802e-05,322.0697491168976,3.383033984041364e-07,3.383033984041364e-05
1609480,1609599,worker,/pscratch/sd/s/satt/sprints/a_star_campaign/h5/h5_tr_210.py,0,0,0,3,0,3,3,1.0,100.0,0.0,3.0,3.0,,,,5.817413330078125e-05,1.9391377766927082e-05,322.0444893836975,1.8064005197576944e-07,1.8064005197576946e-05
1609480,1609599,worker,/pscratch/sd/s/satt/sprints/data/converted_10M/mc_normalized_rntuple_10M_30.h5,19,0,1,2,0,3,22,0.13636363636363635,13.636363636363637,1.0,2.0,3.0,52.63157894736842,105.26315789473684,157.89473684210526,0.0001010894775390625,3.3696492513020836e-05,322.0444893836975,3.138991067119928e-07,3.138991067119928e-05
1609480,1609600,worker,/pscratch/sd/s/satt/sprints/a_star_campaign/h5/h5_tr_210.py,0,0,0,3,0,3,3,1.0,100.0,0.0,3.0,3.0,,,,5.8650970458984375e-05,1.9550323486328125e-05,322.0376617908478,1.821245693215725e-07,1.821245693215725e-05
1609480,1609600,worker,/pscratch/sd/s/satt/sprints/data/converted_10M/mc_normalized_rntuple_10M_30.h5,17,0,1,2,0,3,20,0.15,15.0,1.0,2.0,3.0,58.8235294117647,117.6470588235294,176.47058823529412,0.00010180473327636719,3.39349110921224e-05,322.0376617908478,3.16126793090697e-07,3.16126793090697e-05
1609480,1609601,worker,/pscratch/sd/s/satt/sprints/a_star_campaign/h5/h5_tr_210.py,0,0,0,3,0,3,3,1.0,100.0,0.0,3.0,3.0,,,,6.0558319091796875e-05,2.0186106363932293e-05,322.0287232398987,1.8805253917267287e-07,1.8805253917267285e-05
1609480,1609601,worker,/pscratch/sd/s/satt/sprints/data/converted_10M/mc_normalized_rntuple_10M_30.h5,17,0,1,2,0,3,20,0.15,15.0,1.0,2.0,3.0,58.8235294117647,117.6470588235294,176.47058823529412,9.465217590332031e-05,3.155072530110677e-05,322.0287232398987,2.939246379982328e-07,2.9392463799823277e-05
1609480,1609602,worker,/pscratch/sd/s/satt/sprints/a_star_campaign/h5/h5_tr_210.py,0,0,0,3,0,3,3,1.0,100.0,0.0,3.0,3.0,,,,6.389617919921875e-05,2.1298726399739582e-05,322.02575182914734,1.9841947060531744e-07,1.9841947060531745e-05
1609480,1609602,worker,/pscratch/sd/s/satt/sprints/data/converted_10M/mc_normalized_rntuple_10M_30.h5,19,0,1,2,0,3,22,0.13636363636363635,13.636363636363637,1.0,2.0,3.0,52.63157894736842,105.26315789473684,157.89473684210526,0.00012302398681640625,4.100799560546875e-05,322.02575182914734,3.820315180311336e-07,3.820315180311336e-05
1609480,1609603,worker,/pscratch/sd/s/satt/sprints/a_star_campaign/h5/h5_tr_210.py,0,0,0,3,0,3,3,1.0,100.0,0.0,3.0,3.0,,,,6.0558319091796875e-05,2.0186106363932293e-05,322.02115297317505,1.880569600247394e-07,1.880569600247394e-05
1609480,1609603,worker,/pscratch/sd/s/satt/sprints/data/converted_10M/mc_normalized_rntuple_10M_30.h5,17,0,1,2,0,3,20,0.15,15.0,1.0,2.0,3.0,58.8235294117647,117.6470588235294,176.47058823529412,0.00011467933654785156,3.822644551595052e-05,322.02115297317505,3.561236132751955e-07,3.561236132751955e-05
1609480,1609604,worker,/pscratch/sd/s/satt/sprints/a_star_campaign/h5/h5_tr_210.py,0,0,0,3,0,3,3,1.0,100.0,0.0,3.0,3.0,,,,6.031990051269531e-05,2.010663350423177e-05,322.02313208580017,1.8731542706883434e-07,1.8731542706883435e-05
1609480,1609604,worker,/pscratch/sd/s/satt/sprints/data/converted_10M/mc_normalized_rntuple_10M_30.h5,17,0,1,2,0,3,20,0.15,15.0,1.0,2.0,3.0,58.8235294117647,117.6470588235294,176.47058823529412,0.0001068115234375,3.5603841145833336e-05,322.02313208580017,3.3168897757643395e-07,3.31688977576434e-05
1609480,1609605,worker,/pscratch/sd/s/satt/sprints/a_star_campaign/h5/h5_tr_210.py,0,0,0,3,0,3,3,1.0,100.0,0.0,3.0,3.0,,,,5.602836608886719e-05,1.8676122029622395e-05,322.00860571861267,1.7399648672069217e-07,1.7399648672069215e-05
1609480,1609605,worker,/pscratch/sd/s/satt/sprints/data/converted_10M/mc_normalized_rntuple_10M_30.h5,19,0,1,2,0,3,22,0.13636363636363635,13.636363636363637,1.0,2.0,3.0,52.63157894736842,105.26315789473684,157.89473684210526,0.00010657310485839844,3.552436828613281e-05,322.00860571861267,3.309635300602102e-07,3.309635300602102e-05
1609480,1609606,worker,/pscratch/sd/s/satt/sprints/a_star_campaign/h5/h5_tr_210.py,0,0,0,3,0,3,3,1.0,100.0,0.0,3.0,3.0,,,,5.7220458984375e-05,1.9073486328125e-05,322.00648379325867,1.776997106092835e-07,1.776997106092835e-05
1609480,1609606,worker,/pscratch/sd/s/satt/sprints/data/converted_10M/mc_normalized_rntuple_10M_30.h5,17,0,1,2,0,3,20,0.15,15.0,1.0,2.0,3.0,58.8235294117647,117.6470588235294,176.47058823529412,9.322166442871094e-05,3.107388814290365e-05,322.00648379325867,2.895024452009577e-07,2.895024452009577e-05
1609480,1609607,worker,/pscratch/sd/s/satt/sprints/a_star_campaign/h5/h5_tr_210.py,0,0,0,3,0,3,3,1.0,100.0,0.0,3.0,3.0,,,,5.698204040527344e-05,1.899401346842448e-05,322.00144386291504,1.7696206489537443e-07,1.7696206489537442e-05
1609480,1609607,worker,/pscratch/sd/s/satt/sprints/data/converted_10M/mc_normalized_rntuple_10M_30.h5,17,0,1,2,0,3,20,0.15,15.0,1.0,2.0,3.0,58.8235294117647,117.6470588235294,176.47058823529412,0.00014638900756835938,4.879633585611979e-05,322.00144386291504,4.5462220855966484e-07,4.546222085596648e-05
1609480,1609608,worker,/pscratch/sd/s/satt/sprints/a_star_campaign/h5/h5_tr_210.py,0,0,0,3,0,3,3,1.0,100.0,0.0,3.0,3.0,,,,6.723403930664062e-05,2.2411346435546875e-05,321.9944999217987,2.0880493090089874e-07,2.0880493090089874e-05
1609480,1609608,worker,/pscratch/sd/s/satt/sprints/data/converted_10M/mc_normalized_rntuple_10M_30.h5,19,0,1,2,0,3,22,0.13636363636363635,13.636363636363637,1.0,2.0,3.0,52.63157894736842,105.26315789473684,157.89473684210526,0.00011610984802246094,3.870328267415365e-05,321.9944999217987,3.6059574946360884e-07,3.605957494636088e-05
1609480,1609609,worker,/pscratch/sd/s/satt/sprints/a_star_campaign/h5/h5_tr_210.py,0,0,0,3,0,3,3,1.0,100.0,0.0,3.0,3.0,,,,6.0558319091796875e-05,2.0186106363932293e-05,321.98997616767883,1.88075168713515e-07,1.88075168713515e-05
1609480,1609609,worker,/pscratch/sd/s/satt/sprints/data/converted_10M/mc_normalized_rntuple_10M_30.h5,17,0,1,2,0,3,20,0.15,15.0,1.0,2.0,3.0,58.8235294117647,117.6470588235294,176.47058823529412,9.894371032714844e-05,3.298123677571615e-05,321.98997616767883,3.072881693547588e-07,3.072881693547588e-05
1609480,1609610,worker,/pscratch/sd/s/satt/sprints/a_star_campaign/h5/h5_tr_210.py,0,0,0,3,0,3,3,1.0,100.0,0.0,3.0,3.0,,,,5.9604644775390625e-05,1.9868214925130207e-05,321.97857570648193,1.8511990943685229e-07,1.8511990943685228e-05
1609480,1609610,worker,/pscratch/sd/s/satt/sprints/data/converted_10M/mc_normalized_rntuple_10M_30.h5,17,0,1,2,0,3,20,0.15,15.0,1.0,2.0,3.0,58.8235294117647,117.6470588235294,176.47058823529412,9.918212890625e-05,3.3060709635416664e-05,321.97857570648193,3.080395293029222e-07,3.080395293029222e-05
1609480,1609611,worker,/pscratch/sd/s/satt/sprints/a_star_campaign/h5/h5_tr_210.py,0,0,0,3,0,3,3,1.0,100.0,0.0,3.0,3.0,,,,6.318092346191406e-05,2.106030782063802e-05,321.97361302375793,1.9623012851445077e-07,1.962301285144508e-05
1609480,1609611,worker,/pscratch/sd/s/satt/sprints/data/converted_10M/mc_normalized_rntuple_10M_30.h5,19,0,1,2,0,3,22,0.13636363636363635,13.636363636363637,1.0,2.0,3.0,52.63157894736842,105.26315789473684,157.89473684210526,0.00011229515075683594,3.743171691894531e-05,321.97361302375793,3.4877128502002383e-07,3.4877128502002386e-05
1609480,1609612,worker,/pscratch/sd/s/satt/sprints/a_star_campaign/h5/h5_tr_210.py,0,0,0,3,0,3,3,1.0,100.0,0.0,3.0,3.0,,,,5.650520324707031e-05,1.8835067749023438e-05,321.9668855667114,1.7550004606098678e-07,1.7550004606098678e-05
1609480,1609612,worker,/pscratch/sd/s/satt/sprints/data/converted_10M/mc_normalized_rntuple_10M_30.h5,17,0,1,2,0,3,20,0.15,15.0,1.0,2.0,3.0,58.8235294117647,117.6470588235294,176.47058823529412,0.00011444091796875,3.814697265625e-05,321.9668855667114,3.55443131262758e-07,3.55443131262758e-05
1609480,1609613,worker,/pscratch/sd/s/satt/sprints/a_star_campaign/h5/h5_tr_210.py,0,0,0,3,0,3,3,1.0,100.0,0.0,3.0,3.0,,,,7.700920104980469e-05,2.566973368326823e-05,321.9653832912445,2.391847230984564e-07,2.3918472309845636e-05
1609480,1609613,worker,/pscratch/sd/s/satt/sprints/data/converted_10M/mc_normalized_rntuple_10M_30.h5,17,0,1,2,0,3,20,0.15,15.0,1.0,2.0,3.0,58.8235294117647,117.6470588235294,176.47058823529412,0.00012302398681640625,4.100799560546875e-05,321.9653832912445,3.821031489746238e-07,3.821031489746238e-05
1609480,1609614,worker,/pscratch/sd/s/satt/sprints/a_star_campaign/h5/h5_tr_210.py,0,0,0,3,0,3,3,1.0,100.0,0.0,3.0,3.0,,,,5.841255187988281e-05,1.9470850626627605e-05,321.95454835891724,1.814310503691474e-07,1.814310503691474e-05
1609480,1609614,worker,/pscratch/sd/s/satt/sprints/data/converted_10M/mc_normalized_rntuple_10M_30.h5,19,0,1,2,0,3,22,0.13636363636363635,13.636363636363637,1.0,2.0,3.0,52.63157894736842,105.26315789473684,157.89473684210526,8.606910705566406e-05,2.868970235188802e-05,321.95454835891724,2.673330987071927e-07,2.673330987071927e-05
1609480,1609615,worker,/pscratch/sd/s/satt/sprints/a_star_campaign/h5/h5_tr_210.py,0,0,0,3,0,3,3,1.0,100.0,0.0,3.0,3.0,,,,6.508827209472656e-05,2.1696090698242188e-05,321.9453957080841,2.021717749731191e-07,2.021717749731191e-05
1609480,1609615,worker,/pscratch/sd/s/satt/sprints/data/converted_10M/mc_normalized_rntuple_10M_30.h5,17,0,1,2,0,3,20,0.15,15.0,1.0,2.0,3.0,58.8235294117647,117.6470588235294,176.47058823529412,9.083747863769531e-05,3.0279159545898438e-05,321.9453957080841,2.821518178196278e-07,2.8215181781962774e-05
1609480,1609616,worker,/pscratch/sd/s/satt/sprints/a_star_campaign/h5/h5_tr_210.py,0,0,0,3,0,3,3,1.0,100.0,0.0,3.0,3.0,,,,5.793571472167969e-05,1.9311904907226562e-05,321.9530758857727,1.7995080358305065e-07,1.7995080358305066e-05
1609480,1609616,worker,/pscratch/sd/s/satt/sprints/data/converted_10M/mc_normalized_rntuple_10M_30.h5,17,0,1,2,0,3,20,0.15,15.0,1.0,2.0,3.0,58.8235294117647,117.6470588235294,176.47058823529412,0.000118255615234375,3.9418538411458336e-05,321.9530758857727,3.673069900296013e-07,3.673069900296014e-05
1609480,1609617,worker,/pscratch/sd/s/satt/sprints/a_star_campaign/h5/h5_tr_210.py,0,0,0,3,0,3,3,1.0,100.0,0.0,3.0,3.0,,,,6.246566772460938e-05,2.0821889241536457e-05,321.9407207965851,1.9402847695081624e-07,1.9402847695081625e-05
1609480,1609617,worker,/pscratch/sd/s/satt/sprints/data/converted_10M/mc_normalized_rntuple_10M_30.h5,19,0,1,2,0,3,22,0.13636363636363635,13.636363636363637,1.0,2.0,3.0,52.63157894736842,105.26315789473684,157.89473684210526,0.000110626220703125,3.6875406901041664e-05,321.9407207965851,3.436229515464837e-07,3.436229515464837e-05
1609480,1609618,worker,/pscratch/sd/s/satt/sprints/a_star_campaign/h5/h5_tr_210.py,0,0,0,3,0,3,3,1.0,100.0,0.0,3.0,3.0,,,,6.175041198730469e-05,2.0583470662434895e-05,321.9308862686157,1.918126362556614e-07,1.9181263625566142e-05
1609480,1609618,worker,/pscratch/sd/s/satt/sprints/data/converted_10M/mc_normalized_rntuple_10M_30.h5,17,0,1,2,0,3,20,0.15,15.0,1.0,2.0,3.0,58.8235294117647,117.6470588235294,176.47058823529412,0.00011086463928222656,3.695487976074219e-05,321.9308862686157,3.443740380651836e-07,3.443740380651836e-05
1609480,1609619,worker,/pscratch/sd/s/satt/sprints/a_star_campaign/h5/h5_tr_210.py,0,0,0,3,0,3,3,1.0,100.0,0.0,3.0,3.0,,,,6.341934204101562e-05,2.1139780680338543e-05,321.92994952201843,1.969973347778817e-07,1.9699733477788172e-05
1609480,1609619,worker,/pscratch/sd/s/satt/sprints/data/converted_10M/mc_normalized_rntuple_10M_30.h5,17,0,1,2,0,3,20,0.15,15.0,1.0,2.0,3.0,58.8235294117647,117.6470588235294,176.47058823529412,0.00011682510375976562,3.894170125325521e-05,321.92994952201843,3.628898272224137e-07,3.628898272224137e-05
1609480,1609620,worker,/pscratch/sd/s/satt/sprints/a_star_campaign/h5/h5_tr_210.py,0,0,0,3,0,3,3,1.0,100.0,0.0,3.0,3.0,,,,5.984306335449219e-05,1.994768778483073e-05,321.91916942596436,1.8589468735646393e-07,1.8589468735646395e-05
1609480,1609620,worker,/pscratch/sd/s/satt/sprints/data/converted_10M/mc_normalized_rntuple_10M_30.h5,19,0,1,2,0,3,22,0.13636363636363635,13.636363636363637,1.0,2.0,3.0,52.63157894736842,105.26315789473684,157.89473684210526,8.368492126464844e-05,2.7894973754882812e-05,321.91916942596436,2.5995631578533404e-07,2.5995631578533404e-05
1609480,1609621,worker,/pscratch/sd/s/satt/sprints/a_star_campaign/h5/h5_tr_210.py,0,0,0,3,0,3,3,1.0,100.0,0.0,3.0,3.0,,,,5.698204040527344e-05,1.899401346842448e-05,321.9127199649811,1.7701083825290336e-07,1.7701083825290336e-05
1609480,1609621,worker,/pscratch/sd/s/satt/sprints/data/converted_10M/mc_normalized_rntuple_10M_30.h5,17,0,1,2,0,3,20,0.15,15.0,1.0,2.0,3.0,58.8235294117647,117.6470588235294,176.47058823529412,9.274482727050781e-05,3.09149424235026e-05,321.9127199649811,2.8810550661246613e-07,2.8810550661246612e-05
1609480,1609622,worker,/pscratch/sd/s/satt/sprints/a_star_campaign/h5/h5_tr_210.py,0,0,0,3,0,3,3,1.0,100.0,0.0,3.0,3.0,,,,5.7697296142578125e-05,1.9232432047526043e-05,321.90202379226685,1.7923868717213143e-07,1.7923868717213143e-05
1609480,1609622,worker,/pscratch/sd/s/satt/sprints/data/converted_10M/mc_normalized_rntuple_10M_30.h5,17,0,1,2,0,3,20,0.15,15.0,1.0,2.0,3.0,58.8235294117647,117.6470588235294,176.47058823529412,9.417533874511719e-05,3.139177958170573e-05,321.90202379226685,2.92559014185917e-07,2.92559014185917e-05
1609480,1609623,worker,/pscratch/sd/s/satt/sprints/a_star_campaign/h5/h5_tr_210.py,0,0,0,3,0,3,3,1.0,100.0,0.0,3.0,3.0,,,,5.745887756347656e-05,1.915295918782552e-05,321.90056467056274,1.7849884054189445e-07,1.7849884054189444e-05
1609480,1609623,worker,/pscratch/sd/s/satt/sprints/data/converted_10M/mc_normalized_rntuple_10M_30.h5,19,0,1,2,0,3,22,0.13636363636363635,13.636363636363637,1.0,2.0,3.0,52.63157894736842,105.26315789473684,157.89473684210526,9.72747802734375e-05,3.24249267578125e-05,321.90056467056274,3.021889084692653e-07,3.021889084692653e-05
1609480,1609624,worker,/pscratch/sd/s/satt/sprints/a_star_campaign/h5/h5_tr_210.py,0,0,0,3,0,3,3,1.0,100.0,0.0,3.0,3.0,,,,6.103515625e-05,2.0345052083333332e-05,321.89460015296936,1.896122402208522e-07,1.896122402208522e-05
1609480,1609624,worker,/pscratch/sd/s/satt/sprints/data/converted_10M/mc_normalized_rntuple_10M_30.h5,17,0,1,2,0,3,20,0.15,15.0,1.0,2.0,3.0,58.8235294117647,117.6470588235294,176.47058823529412,0.0001125335693359375,3.7511189778645836e-05,321.89460015296936,3.495975679071963e-07,3.4959756790719625e-05
1609480,1609625,worker,/pscratch/sd/s/satt/sprints/a_star_campaign/h5/h5_tr_210.py,0,0,0,3,0,3,3,1.0,100.0,0.0,3.0,3.0,,,,5.8650970458984375e-05,1.9550323486328125e-05,321.8935024738312,1.8220613342064118e-07,1.8220613342064117e-05
1609480,1609625,worker,/pscratch/sd/s/satt/sprints/data/converted_10M/mc_normalized_rntuple_10M_30.h5,17,0,1,2,0,3,20,0.15,15.0,1.0,2.0,3.0,58.8235294117647,117.6470588235294,176.47058823529412,9.679794311523438e-05,3.226598103841146e-05,321.8935024738312,3.0071418767796876e-07,3.0071418767796878e-05
1609480,1609626,worker,/pscratch/sd/s/satt/sprints/a_star_campaign/h5/h5_tr_210.py,0,0,0,3,0,3,3,1.0,100.0,0.0,3.0,3.0,,,,5.888938903808594e-05,1.9629796346028645e-05,321.89292216300964,1.829471385775416e-07,1.829471385775416e-05
1609480,1609626,worker,/pscratch/sd/s/satt/sprints/data/converted_10M/mc_normalized_rntuple_10M_30.h5,19,0,1,2,0,3,22,0.13636363636363635,13.636363636363637,1.0,2.0,3.0,52.63157894736842,105.26315789473684,157.89473684210526,0.00011730194091796875,3.910064697265625e-05,321.89292216300964,3.644129238062772e-07,3.644129238062772e-05
1609480,1609627,worker,/pscratch/sd/s/satt/sprints/a_star_campaign/h5/h5_tr_210.py,0,0,0,3,0,3,3,1.0,100.0,0.0,3.0,3.0,,,,5.507469177246094e-05,1.8358230590820312e-05,321.87701439857483,1.7110476768702374e-07,1.7110476768702372e-05
1609480,1609627,worker,/pscratch/sd/s/satt/sprints/data/converted_10M/mc_normalized_rntuple_10M_30.h5,17,0,1,2,0,3,20,0.15,15.0,1.0,2.0,3.0,58.8235294117647,117.6470588235294,176.47058823529412,0.00010180473327636719,3.39349110921224e-05,321.87701439857483,3.1628457057298325e-07,3.162845705729832e-05
1609480,1609628,worker,/pscratch/sd/s/satt/sprints/a_star_campaign/h5/h5_tr_210.py,0,0,0,3,0,3,3,1.0,100.0,0.0,3.0,3.0,,,,6.008148193359375e-05,2.002716064453125e-05,321.8708736896515,1.8666330769501198e-07,1.8666330769501196e-05
1609480,1609628,worker,/pscratch/sd/s/satt/sprints/data/converted_10M/mc_normalized_rntuple_10M_30.h5,17,0,1,2,0,3,20,0.15,15.0,1.0,2.0,3.0,58.8235294117647,117.6470588235294,176.47058823529412,0.00010323524475097656,3.441174825032552e-05,321.8708736896515,3.207349691743658e-07,3.2073496917436584e-05
1609480,1609629,worker,/pscratch/sd/s/satt/sprints/a_star_campaign/h5/h5_tr_210.py,0,0,0,3,0,3,3,1.0,100.0,0.0,3.0,3.0,,,,6.67572021484375e-05,2.2252400716145832e-05,321.86551237106323,2.07407129942758e-07,2.07407129942758e-05
1609480,1609629,worker,/pscratch/sd/s/satt/sprints/data/converted_10M/mc_normalized_rntuple_10M_30.h5,19,0,1,2,0,3,22,0.13636363636363635,13.636363636363637,1.0,2.0,3.0,52.63157894736842,105.26315789473684,157.89473684210526,8.845329284667969e-05,2.948443094889323e-05,321.86551237106323,2.7481444717415436e-07,2.7481444717415437e-05
1609480,1609630,worker,/pscratch/sd/s/satt/sprints/a_star_campaign/h5/h5_tr_210.py,0,0,0,3,0,3,3,1.0,100.0,0.0,3.0,3.0,,,,5.8650970458984375e-05,1.9550323486328125e-05,321.858350276947,1.822260333109811e-07,1.822260333109811e-05
1609480,1609630,worker,/pscratch/sd/s/satt/sprints/data/converted_10M/mc_normalized_rntuple_10M_30.h5,19,0,1,2,0,3,22,0.13636363636363635,13.636363636363637,1.0,2.0,3.0,52.63157894736842,105.26315789473684,157.89473684210526,9.989738464355469e-05,3.329912821451823e-05,321.858350276947,3.103768616150451e-07,3.103768616150451e-05
1609480,1609631,worker,/pscratch/sd/s/satt/sprints/a_star_campaign/h5/h5_tr_210.py,0,0,0,3,0,3,3,1.0,100.0,0.0,3.0,3.0,,,,5.841255187988281e-05,1.9470850626627605e-05,321.8531470298767,1.8148821106434776e-07,1.8148821106434774e-05
1609480,1609631,worker,/pscratch/sd/s/satt/sprints/data/converted_10M/mc_normalized_rntuple_10M_30.h5,19,0,1,2,0,3,22,0.13636363636363635,13.636363636363637,1.0,2.0,3.0,52.63157894736842,105.26315789473684,157.89473684210526,0.00010704994201660156,3.568331400553385e-05,321.8531470298767,3.3260492558323324e-07,3.326049255832332e-05
1609480,1609632,worker,/pscratch/sd/s/satt/sprints/a_star_campaign/h5/h5_tr_210.py,0,0,0,3,0,3,3,1.0,100.0,0.0,3.0,3.0,,,,5.841255187988281e-05,1.9470850626627605e-05,321.8509871959686,1.8148942897079442e-07,1.814894289707944e-05
1609480,1609632,worker,/pscratch/sd/s/satt/sprints/data/converted_10M/mc_normalized_rntuple_10M_30.h5,17,0,1,2,0,3,20,0.15,15.0,1.0,2.0,3.0,58.8235294117647,117.6470588235294,176.47058823529412,9.584426879882812e-05,3.1948089599609375e-05,321.8509871959686,2.977908181479974e-07,2.9779081814799738e-05
1609480,1609633,worker,/pscratch/sd/s/satt/sprints/a_star_campaign/h5/h5_tr_210.py,0,0,0,3,0,3,3,1.0,100.0,0.0,3.0,3.0,,,,6.175041198730469e-05,2.0583470662434895e-05,321.84049248695374,1.918665097425795e-07,1.9186650974257947e-05
1609480,1609633,worker,/pscratch/sd/s/satt/sprints/data/converted_10M/mc_normalized_rntuple_10M_30.h5,17,0,1,2,0,3,20,0.15,15.0,1.0,2.0,3.0,58.8235294117647,117.6470588235294,176.47058823529412,0.00010919570922851562,3.639856974283854e-05,321.84049248695374,3.392851793903529e-07,3.392851793903529e-05
1609480,1609634,worker,/pscratch/sd/s/satt/sprints/a_star_campaign/h5/h5_tr_210.py,0,0,0,3,0,3,3,1.0,100.0,0.0,3.0,3.0,,,,6.198883056640625e-05,2.0662943522135418e-05,321.8387596607208,1.9260834410297332e-07,1.9260834410297332e-05
1609480,1609634,worker,/pscratch/sd/s/satt/sprints/data/converted_10M/mc_normalized_rntuple_10M_30.h5,19,0,1,2,0,3,22,0.13636363636363635,13.636363636363637,1.0,2.0,3.0,52.63157894736842,105.26315789473684,157.89473684210526,0.00012755393981933594,4.251797993977865e-05,321.8387596607208,3.9632870805804127e-07,3.963287080580413e-05
1609480,1609635,worker,/pscratch/sd/s/satt/sprints/a_star_campaign/h5/h5_tr_210.py,0,0,0,3,0,3,3,1.0,100.0,0.0,3.0,3.0,,,,5.817413330078125e-05,1.9391377766927082e-05,321.8236930370331,1.8076398524855347e-07,1.8076398524855346e-05
1609480,1609635,worker,/pscratch/sd/s/satt/sprints/data/converted_10M/mc_normalized_rntuple_10M_30.h5,17,0,1,2,0,3,20,0.15,15.0,1.0,2.0,3.0,58.8235294117647,117.6470588235294,176.47058823529412,8.416175842285156e-05,2.8053919474283855e-05,321.8236930370331,2.6151510980630895e-07,2.6151510980630893e-05
1609480,1609636,worker,/pscratch/sd/s/satt/sprints/a_star_campaign/h5/h5_tr_210.py,0,0,0,3,0,3,3,1.0,100.0,0.0,3.0,3.0,,,,5.793571472167969e-05,1.9311904907226562e-05,321.8223292827606,1.8002391210951686e-07,1.8002391210951686e-05
1609480,1609636,worker,/pscratch/sd/s/satt/sprints/data/converted_10M/mc_normalized_rntuple_10M_30.h5,17,0,1,2,0,3,20,0.15,15.0,1.0,2.0,3.0,58.8235294117647,117.6470588235294,176.47058823529412,9.703636169433594e-05,3.234545389811198e-05,321.8223292827606,3.0152153180482864e-07,3.0152153180482864e-05
1609480,1609637,worker,/pscratch/sd/s/satt/sprints/a_star_campaign/h5/h5_tr_210.py,0,0,0,3,0,3,3,1.0,100.0,0.0,3.0,3.0,,,,5.841255187988281e-05,1.9470850626627605e-05,321.8122589588165,1.8151127016997224e-07,1.8151127016997224e-05
1609480,1609637,worker,/pscratch/sd/s/satt/sprints/data/converted_10M/mc_normalized_rntuple_10M_30.h5,19,0,1,2,0,3,22,0.13636363636363635,13.636363636363637,1.0,2.0,3.0,52.63157894736842,105.26315789473684,157.89473684210526,9.72747802734375e-05,3.24249267578125e-05,321.8122589588165,3.0227182950754557e-07,3.022718295075456e-05
1609480,1609638,worker,/pscratch/sd/s/satt/sprints/a_star_campaign/h5/h5_tr_210.py,0,0,0,3,0,3,3,1.0,100.0,0.0,3.0,3.0,,,,5.841255187988281e-05,1.9470850626627605e-05,321.8233428001404,1.8150501878342098e-07,1.81505018783421e-05
1609480,1609638,worker,/pscratch/sd/s/satt/sprints/data/converted_10M/mc_normalized_rntuple_10M_30.h5,17,0,1,2,0,3,20,0.15,15.0,1.0,2.0,3.0,58.8235294117647,117.6470588235294,176.47058823529412,8.940696716308594e-05,2.9802322387695312e-05,321.8233428001404,2.7781380426033823e-07,2.7781380426033825e-05
1609480,1609639,worker,/pscratch/sd/s/satt/sprints/a_star_campaign/h5/h5_tr_210.py,0,0,0,3,0,3,3,1.0,100.0,0.0,3.0,3.0,,,,5.7697296142578125e-05,1.9232432047526043e-05,321.8091802597046,1.792903984156561e-07,1.7929039841565608e-05
1609480,1609639,worker,/pscratch/sd/s/satt/sprints/data/converted_10M/mc_normalized_rntuple_10M_30.h5,17,0,1,2,0,3,20,0.15,15.0,1.0,2.0,3.0,58.8235294117647,117.6470588235294,176.47058823529412,0.00012969970703125,4.3233235677083336e-05,321.8091802597046,4.0303296172775586e-07,4.0303296172775585e-05
1609480,1609640,worker,/pscratch/sd/s/satt/sprints/a_star_campaign/h5/h5_tr_210.py,0,0,0,3,0,3,3,1.0,100.0,0.0,3.0,3.0,,,,6.008148193359375e-05,2.002716064453125e-05,321.7980284690857,1.8670556255246176e-07,1.8670556255246176e-05
1609480,1609640,worker,/pscratch/sd/s/satt/sprints/data/converted_10M/mc_normalized_rntuple_10M_30.h5,19,0,1,2,0,3,22,0.13636363636363635,13.636363636363637,1.0,2.0,3.0,52.63157894736842,105.26315789473684,157.89473684210526,0.00010538101196289062,3.512700398763021e-05,321.7980284690857,3.2747562955630196e-07,3.2747562955630195e-05
1609480,1609641,worker,/pscratch/sd/s/satt/sprints/a_star_campaign/h5/h5_tr_210.py,0,0,0,3,0,3,3,1.0,100.0,0.0,3.0,3.0,,,,5.626678466796875e-05,1.8755594889322918e-05,321.79322481155396,1.7485385126091225e-07,1.7485385126091225e-05
1609480,1609641,worker,/pscratch/sd/s/satt/sprints/data/converted_10M/mc_normalized_rntuple_10M_30.h5,17,0,1,2,0,3,20,0.15,15.0,1.0,2.0,3.0,58.8235294117647,117.6470588235294,176.47058823529412,0.0001125335693359375,3.7511189778645836e-05,321.79322481155396,3.497077025218245e-07,3.497077025218245e-05
1609480,1609642,worker,/pscratch/sd/s/satt/sprints/a_star_campaign/h5/h5_tr_210.py,0,0,0,3,0,3,3,1.0,100.0,0.0,3.0,3.0,,,,5.6743621826171875e-05,1.8914540608723957e-05,321.790776014328,1.7633700545737618e-07,1.763370054573762e-05
1609480,1609642,worker,/pscratch/sd/s/satt/sprints/data/converted_10M/mc_normalized_rntuple_10M_30.h5,17,0,1,2,0,3,20,0.15,15.0,1.0,2.0,3.0,58.8235294117647,117.6470588235294,176.47058823529412,0.00011396408081054688,3.798802693684896e-05,321.790776014328,3.5415583449002446e-07,3.541558344900244e-05
1609480,1609643,worker,/pscratch/sd/s/satt/sprints/a_star_campaign/h5/h5_tr_210.py,0,0,0,3,0,3,3,1.0,100.0,0.0,3.0,3.0,,,,5.9604644775390625e-05,1.9868214925130207e-05,321.78014397621155,1.852340670833843e-07,1.852340670833843e-05
1609480,1609643,worker,/pscratch/sd/s/satt/sprints/data/converted_10M/mc_normalized_rntuple_10M_30.h5,19,0,1,2,0,3,22,0.13636363636363635,13.636363636363637,1.0,2.0,3.0,52.63157894736842,105.26315789473684,157.89473684210526,0.00011897087097167969,3.96569569905599e-05,321.78014397621155,3.6972719789843505e-07,3.69727197898435e-05
1609480,1609644,worker,/pscratch/sd/s/satt/sprints/a_star_campaign/h5/h5_tr_210.py,0,0,0,3,0,3,3,1.0,100.0,0.0,3.0,3.0,,,,5.6743621826171875e-05,1.8914540608723957e-05,321.78274941444397,1.763414040355788e-07,1.763414040355788e-05
1609480,1609644,worker,/pscratch/sd/s/satt/sprints/data/converted_10M/mc_normalized_rntuple_10M_30.h5,17,0,1,2,0,3,20,0.15,15.0,1.0,2.0,3.0,58.8235294117647,117.6470588235294,176.47058823529412,0.000110626220703125,3.6875406901041664e-05,321.78274941444397,3.4379164484247296e-07,3.43791644842473e-05
1609480,1609645,worker,/pscratch/sd/s/satt/sprints/a_star_campaign/h5/h5_tr_210.py,0,0,0,3,0,3,3,1.0,100.0,0.0,3.0,3.0,,,,5.8650970458984375e-05,1.9550323486328125e-05,321.77042627334595,1.8227582670745514e-07,1.8227582670745515e-05
1609480,1609645,worker,/pscratch/sd/s/satt/sprints/data/converted_10M/mc_normalized_rntuple_10M_30.h5,17,0,1,2,0,3,20,0.15,15.0,1.0,2.0,3.0,58.8235294117647,117.6470588235294,176.47058823529412,0.00010514259338378906,3.504753112792969e-05,321.77042627334595,3.267627625121452e-07,3.267627625121452e-05
1609480,1609646,worker,/pscratch/sd/s/satt/sprints/a_star_campaign/h5/h5_tr_210.py,0,0,0,3,0,3,3,1.0,100.0,0.0,3.0,3.0,,,,5.8650970458984375e-05,1.9550323486328125e-05,321.7663822174072,1.822781176044544e-07,1.822781176044544e-05
1609480,1609646,worker,/pscratch/sd/s/satt/sprints/data/converted_10M/mc_normalized_rntuple_10M_30.h5,19,0,1,2,0,3,22,0.13636363636363635,13.636363636363637,1.0,2.0,3.0,52.63157894736842,105.26315789473684,157.89473684210526,0.00011730194091796875,3.910064697265625e-05,321.7663822174072,3.645562352089088e-07,3.645562352089088e-05
1609480,1609647,worker,/pscratch/sd/s/satt/sprints/a_star_campaign/h5/h5_tr_210.py,0,0,0,3,0,3,3,1.0,100.0,0.0,3.0,3.0,,,,5.984306335449219e-05,1.994768778483073e-05,321.76495480537415,1.8598378244979923e-07,1.8598378244979924e-05
1609480,1609647,worker,/pscratch/sd/s/satt/sprints/data/converted_10M/mc_normalized_rntuple_10M_30.h5,17,0,1,2,0,3,20,0.15,15.0,1.0,2.0,3.0,58.8235294117647,117.6470588235294,176.47058823529412,0.00011682510375976562,3.894170125325521e-05,321.76495480537415,3.6307590996175946e-07,3.6307590996175944e-05
1609480,1609648,worker,/pscratch/sd/s/satt/sprints/a_star_campaign/h5/h5_tr_210.py,0,0,0,3,0,3,3,1.0,100.0,0.0,3.0,3.0,,,,5.8650970458984375e-05,1.9550323486328125e-05,321.7721230983734,1.8227486549869136e-07,1.8227486549869137e-05
1609480,1609648,worker,/pscratch/sd/s/satt/sprints/data/converted_10M/mc_normalized_rntuple_10M_30.h5,17,0,1,2,0,3,20,0.15,15.0,1.0,2.0,3.0,58.8235294117647,117.6470588235294,176.47058823529412,0.00011372566223144531,3.790855407714844e-05,321.7721230983734,3.5343540993038934e-07,3.534354099303894e-05
1609480,1609649,worker,/pscratch/sd/s/satt/sprints/a_star_campaign/h5/h5_tr_210.py,0,0,0,3,0,3,3,1.0,100.0,0.0,3.0,3.0,,,,7.152557373046875e-05,2.384185791015625e-05,321.7516839504242,2.2230054199650896e-07,2.2230054199650897e-05
1609480,1609649,worker,/pscratch/sd/s/satt/sprints/data/converted_10M/mc_normalized_rntuple_10M_30.h5,19,0,1,2,0,3,22,0.13636363636363635,13.636363636363637,1.0,2.0,3.0,52.63157894736842,105.26315789473684,157.89473684210526,0.00011515617370605469,3.838539123535156e-05,321.7516839504242,3.579038726143794e-07,3.579038726143794e-05
1609480,1609650,worker,/pscratch/sd/s/satt/sprints/a_star_campaign/h5/h5_tr_210.py,0,0,0,3,0,3,3,1.0,100.0,0.0,3.0,3.0,,,,5.984306335449219e-05,1.994768778483073e-05,321.75017619132996,1.8599232504819605e-07,1.8599232504819603e-05
1609480,1609650,worker,/pscratch/sd/s/satt/sprints/data/converted_10M/mc_normalized_rntuple_10M_30.h5,17,0,1,2,0,3,20,0.15,15.0,1.0,2.0,3.0,58.8235294117647,117.6470588235294,176.47058823529412,0.00012230873107910156,4.076957702636719e-05,321.75017619132996,3.8013570816623335e-07,3.8013570816623336e-05
1609480,1609651,worker,/pscratch/sd/s/satt/sprints/a_star_campaign/h5/h5_tr_210.py,0,0,0,3,0,3,3,1.0,100.0,0.0,3.0,3.0,,,,6.29425048828125e-05,2.09808349609375e-05,321.7266116142273,1.9563972208268854e-07,1.9563972208268852e-05
1609480,1609651,worker,/pscratch/sd/s/satt/sprints/data/converted_10M/mc_normalized_rntuple_10M_30.h5,17,0,1,2,0,3,20,0.15,15.0,1.0,2.0,3.0,58.8235294117647,117.6470588235294,176.47058823529412,0.000110626220703125,3.6875406901041664e-05,321.7266116142273,3.4385163275139196e-07,3.4385163275139194e-05
1609480,1609652,worker,/pscratch/sd/s/satt/sprints/a_star_campaign/h5/h5_tr_210.py,0,0,0,3,0,3,3,1.0,100.0,0.0,3.0,3.0,,,,5.7697296142578125e-05,1.9232432047526043e-05,321.7294945716858,1.7933480490929118e-07,1.7933480490929118e-05
1609480,1609652,worker,/pscratch/sd/s/satt/sprints/data/converted_10M/mc_normalized_rntuple_10M_30.h5,19,0,1,2,0,3,22,0.13636363636363635,13.636363636363637,1.0,2.0,3.0,52.63157894736842,105.26315789473684,157.89473684210526,0.00010752677917480469,3.58422597249349e-05,321.7294945716858,3.3421486369458807e-07,3.342148636945881e-05
1609480,1609653,worker,/pscratch/sd/s/satt/sprints/a_star_campaign/h5/h5_tr_210.py,0,0,0,3,0,3,3,1.0,100.0,0.0,3.0,3.0,,,,5.793571472167969e-05,1.9311904907226562e-05,321.72304368019104,1.800794685358961e-07,1.800794685358961e-05
1609480,1609653,worker,/pscratch/sd/s/satt/sprints/data/converted_10M/mc_normalized_rntuple_10M_30.h5,17,0,1,2,0,3,20,0.15,15.0,1.0,2.0,3.0,58.8235294117647,117.6470588235294,176.47058823529412,0.00011587142944335938,3.8623809814453125e-05,321.72304368019104,3.601589370717922e-07,3.601589370717922e-05
1609480,1609654,worker,/pscratch/sd/s/satt/sprints/a_star_campaign/h5/h5_tr_210.py,0,0,0,3,0,3,3,1.0,100.0,0.0,3.0,3.0,,,,5.936622619628906e-05,1.9788742065429688e-05,321.7164852619171,1.84529636856991e-07,1.84529636856991e-05
1609480,1609654,worker,/pscratch/sd/s/satt/sprints/data/converted_10M/mc_normalized_rntuple_10M_30.h5,17,0,1,2,0,3,20,0.15,15.0,1.0,2.0,3.0,58.8235294117647,117.6470588235294,176.47058823529412,0.00013709068298339844,4.569689432779948e-05,321.7164852619171,4.261226553926499e-07,4.261226553926499e-05
1609480,1609655,worker,/pscratch/sd/s/satt/sprints/a_star_campaign/h5/h5_tr_210.py,0,0,0,3,0,3,3,1.0,100.0,0.0,3.0,3.0,,,,5.888938903808594e-05,1.9629796346028645e-05,321.7107858657837,1.8305071394980934e-07,1.8305071394980936e-05
1609480,1609655,worker,/pscratch/sd/s/satt/sprints/data/converted_10M/mc_normalized_rntuple_10M_30.h5,19,0,1,2,0,3,22,0.13636363636363635,13.636363636363637,1.0,2.0,3.0,52.63157894736842,105.26315789473684,157.89473684210526,0.0001361370086669922,4.53790028889974e-05,321.7107858657837,4.2316582050745397e-07,4.2316582050745396e-05
1609480,1609656,worker,/pscratch/sd/s/satt/sprints/a_star_campaign/h5/h5_tr_210.py,0,0,0,3,0,3,3,1.0,100.0,0.0,3.0,3.0,,,,7.033348083496094e-05,2.3444493611653645e-05,321.69945788383484,2.186310206974556e-07,2.186310206974556e-05
1609480,1609656,worker,/pscratch/sd/s/satt/sprints/data/converted_10M/mc_normalized_rntuple_10M_30.h5,17,0,1,2,0,3,20,0.15,15.0,1.0,2.0,3.0,58.8235294117647,117.6470588235294,176.47058823529412,0.00010776519775390625,3.5921732584635414e-05,321.69945788383484,3.349871910347455e-07,3.349871910347455e-05
1609480,1609657,worker,/pscratch/sd/s/satt/sprints/a_star_campaign/h5/h5_tr_210.py,0,0,0,3,0,3,3,1.0,100.0,0.0,3.0,3.0,,,,5.841255187988281e-05,1.9470850626627605e-05,321.70795941352844,1.8157011715336022e-07,1.815701171533602e-05
1609480,1609657,worker,/pscratch/sd/s/satt/sprints/data/converted_10M/mc_normalized_rntuple_10M_30.h5,17,0,1,2,0,3,20,0.15,15.0,1.0,2.0,3.0,58.8235294117647,117.6470588235294,176.47058823529412,9.703636169433594e-05,3.234545389811198e-05,321.70795941352844,3.0162872523027593e-07,3.0162872523027594e-05
1609480,1609658,worker,/pscratch/sd/s/satt/sprints/a_star_campaign/h5/h5_tr_210.py,0,0,0,3,0,3,3,1.0,100.0,0.0,3.0,3.0,,,,5.698204040527344e-05,1.899401346842448e-05,321.6835083961487,1.7713696511634928e-07,1.7713696511634926e-05
1609480,1609658,worker,/pscratch/sd/s/satt/sprints/data/converted_10M/mc_normalized_rntuple_10M_30.h5,19,0,1,2,0,3,22,0.13636363636363635,13.636363636363637,1.0,2.0,3.0,52.63157894736842,105.26315789473684,157.89473684210526,0.00010251998901367188,3.417332967122396e-05,321.6835083961487,3.1869830543945685e-07,3.1869830543945687e-05
1609480,1609659,worker,/pscratch/sd/s/satt/sprints/a_star_campaign/h5/h5_tr_210.py,0,0,0,3,0,3,3,1.0,100.0,0.0,3.0,3.0,,,,5.7220458984375e-05,1.9073486328125e-05,321.6864333152771,1.7787650661753152e-07,1.7787650661753153e-05
1609480,1609659,worker,/pscratch/sd/s/satt/sprints/data/converted_10M/mc_normalized_rntuple_10M_30.h5,17,0,1,2,0,3,20,0.15,15.0,1.0,2.0,3.0,58.8235294117647,117.6470588235294,176.47058823529412,0.00010013580322265625,3.337860107421875e-05,321.6864333152771,3.112838865806802e-07,3.1128388658068013e-05
1609480,1609660,worker,/pscratch/sd/s/satt/sprints/a_star_campaign/h5/h5_tr_210.py,0,0,0,3,0,3,3,1.0,100.0,0.0,3.0,3.0,,,,6.508827209472656e-05,2.1696090698242188e-05,321.6791591644287,2.0233910168067869e-07,2.0233910168067868e-05
1609480,1609660,worker,/pscratch/sd/s/satt/sprints/data/converted_10M/mc_normalized_rntuple_10M_30.h5,17,0,1,2,0,3,20,0.15,15.0,1.0,2.0,3.0,58.8235294117647,117.6470588235294,176.47058823529412,9.632110595703125e-05,3.2107035319010414e-05,321.6791591644287,2.9943222373257947e-07,2.9943222373257945e-05
1609480,1609661,worker,/pscratch/sd/s/satt/sprints/a_star_campaign/h5/h5_tr_210.py,0,0,0,3,0,3,3,1.0,100.0,0.0,3.0,3.0,,,,7.224082946777344e-05,2.4080276489257812e-05,321.67438411712646,2.2457750145709292e-07,2.245775014570929e-05
1609480,1609661,worker,/pscratch/sd/s/satt/sprints/data/converted_10M/mc_normalized_rntuple_10M_30.h5,19,0,1,2,0,3,22,0.13636363636363635,13.636363636363637,1.0,2.0,3.0,52.63157894736842,105.26315789473684,157.89473684210526,0.00010132789611816406,3.377596537272135e-05,321.67438411712646,3.1500144593816665e-07,3.150014459381666e-05
1609480,1609662,worker,/pscratch/sd/s/satt/sprints/a_star_campaign/h5/h5_tr_210.py,0,0,0,3,0,3,3,1.0,100.0,0.0,3.0,3.0,,,,6.29425048828125e-05,2.09808349609375e-05,321.6723110675812,1.9567274744262555e-07,1.9567274744262555e-05
1609480,1609662,worker,/pscratch/sd/s/satt/sprints/data/converted_10M/mc_normalized_rntuple_10M_30.h5,17,0,1,2,0,3,20,0.15,15.0,1.0,2.0,3.0,58.8235294117647,117.6470588235294,176.47058823529412,0.00011754035949707031,3.918011983235677e-05,321.6723110675812,3.6540403215611515e-07,3.654040321561151e-05
1609480,1609663,worker,/pscratch/sd/s/satt/sprints/a_star_campaign/h5/h5_tr_210.py,0,0,0,3,0,3,3,1.0,100.0,0.0,3.0,3.0,,,,6.008148193359375e-05,2.002716064453125e-05,321.66221380233765,1.86784394795324e-07,1.86784394795324e-05
1609480,1609663,worker,/pscratch/sd/s/satt/sprints/data/converted_10M/mc_normalized_rntuple_10M_30.h5,17,0,1,2,0,3,20,0.15,15.0,1.0,2.0,3.0,58.8235294117647,117.6470588235294,176.47058823529412,9.989738464355469e-05,3.329912821451823e-05,321.66221380233765,3.105661167430189e-07,3.105661167430189e-05
1609480,1609664,worker,/pscratch/sd/s/satt/sprints/a_star_campaign/h5/h5_tr_210.py,0,0,0,3,0,3,3,1.0,100.0,0.0,3.0,3.0,,,,5.8650970458984375e-05,1.9550323486328125e-05,321.66020941734314,1.8233828351111574e-07,1.8233828351111574e-05
1609480,1609664,worker,/pscratch/sd/s/satt/sprints/data/converted_10M/mc_normalized_rntuple_10M_30.h5,19,0,1,2,0,3,22,0.13636363636363635,13.636363636363637,1.0,2.0,3.0,52.63157894736842,105.26315789473684,157.89473684210526,0.00011730194091796875,3.910064697265625e-05,321.66020941734314,3.646765670222315e-07,3.646765670222315e-05
1609480,1609665,worker,/pscratch/sd/s/satt/sprints/a_star_campaign/h5/h5_tr_210.py,0,0,0,3,0,3,3,1.0,100.0,0.0,3.0,3.0,,,,6.151199340820312e-05,2.0503997802734375e-05,321.65021085739136,1.912387784364781e-07,1.912387784364781e-05
1609480,1609665,worker,/pscratch/sd/s/satt/sprints/data/converted_10M/mc_normalized_rntuple_10M_30.h5,17,0,1,2,0,3,20,0.15,15.0,1.0,2.0,3.0,58.8235294117647,117.6470588235294,176.47058823529412,8.368492126464844e-05,2.7894973754882812e-05,321.65021085739136,2.6017368694265043e-07,2.601736869426504e-05
1609480,1609666,worker,/pscratch/sd/s/satt/sprints/a_star_campaign/h5/h5_tr_210.py,0,0,0,3,0,3,3,1.0,100.0,0.0,3.0,3.0,,,,6.365776062011719e-05,2.1219253540039062e-05,321.64890122413635,1.9791070442910733e-07,1.9791070442910732e-05
1609480,1609666,worker,/pscratch/sd/s/satt/sprints/data/converted_10M/mc_normalized_rntuple_10M_30.h5,17,0,1,2,0,3,20,0.15,15.0,1.0,2.0,3.0,58.8235294117647,117.6470588235294,176.47058823529412,0.0001983642578125,6.612141927083333e-05,321.64890122413635,6.167105096817127e-07,6.167105096817127e-05
1609480,1609667,worker,/pscratch/sd/s/satt/sprints/a_star_campaign/h5/h5_tr_210.py,0,0,0,3,0,3,3,1.0,100.0,0.0,3.0,3.0,,,,6.175041198730469e-05,2.0583470662434895e-05,321.63193225860596,1.9199092438885917e-07,1.9199092438885916e-05
1609480,1609667,worker,/pscratch/sd/s/satt/sprints/data/converted_10M/mc_normalized_rntuple_10M_30.h5,19,0,1,2,0,3,22,0.13636363636363635,13.636363636363637,1.0,2.0,3.0,52.63157894736842,105.26315789473684,157.89473684210526,0.00015878677368164062,5.2928924560546875e-05,321.63193225860596,4.936909484284949e-07,4.93690948428495e-05
1609480,1609668,worker,/pscratch/sd/s/satt/sprints/a_star_campaign/h5/h5_tr_210.py,0,0,0,3,0,3,3,1.0,100.0,0.0,3.0,3.0,,,,5.888938903808594e-05,1.9629796346028645e-05,321.62110924720764,1.8310175341389606e-07,1.8310175341389607e-05
1609480,1609668,worker,/pscratch/sd/s/satt/sprints/data/converted_10M/mc_normalized_rntuple_10M_30.h5,17,0,1,2,0,3,20,0.15,15.0,1.0,2.0,3.0,58.8235294117647,117.6470588235294,176.47058823529412,0.00013947486877441406,4.649162292480469e-05,321.62110924720764,4.336620475592275e-07,4.336620475592275e-05
1609480,1609669,worker,/pscratch/sd/s/satt/sprints/a_star_campaign/h5/h5_tr_210.py,0,0,0,3,0,3,3,1.0,100.0,0.0,3.0,3.0,,,,5.888938903808594e-05,1.9629796346028645e-05,321.6296181678772,1.8309690933795823e-07,1.8309690933795824e-05
1609480,1609669,worker,/pscratch/sd/s/satt/sprints/data/converted_10M/mc_normalized_rntuple_10M_30.h5,17,0,1,2,0,3,20,0.15,15.0,1.0,2.0,3.0,58.8235294117647,117.6470588235294,176.47058823529412,0.00016951560974121094,5.650520324707031e-05,321.6296181678772,5.270522370011673e-07,5.2705223700116723e-05
1609480,1609670,worker,/pscratch/sd/s/satt/sprints/a_star_campaign/h5/h5_tr_210.py,0,0,0,3,0,3,3,1.0,100.0,0.0,3.0,3.0,,,,6.008148193359375e-05,2.002716064453125e-05,321.6189720630646,1.868095079969744e-07,1.8680950799697442e-05
1609480,1609670,worker,/pscratch/sd/s/satt/sprints/data/converted_10M/mc_normalized_rntuple_10M_30.h5,19,0,1,2,0,3,22,0.13636363636363635,13.636363636363637,1.0,2.0,3.0,52.63157894736842,105.26315789473684,157.89473684210526,0.00010991096496582031,3.66369883219401e-05,321.6189720630646,3.417427904230365e-07,3.417427904230365e-05
1609480,1609671,worker,/pscratch/sd/s/satt/sprints/a_star_campaign/h5/h5_tr_210.py,0,0,0,3,0,3,3,1.0,100.0,0.0,3.0,3.0,,,,5.626678466796875e-05,1.8755594889322918e-05,321.61245226860046,1.7495213344841675e-07,1.7495213344841675e-05
1609480,1609671,worker,/pscratch/sd/s/satt/sprints/data/converted_10M/mc_normalized_rntuple_10M_30.h5,17,0,1,2,0,3,20,0.15,15.0,1.0,2.0,3.0,58.8235294117647,117.6470588235294,176.47058823529412,0.00015497207641601562,5.165735880533854e-05,321.61245226860046,4.818596895825038e-07,4.8185968958250374e-05
1609480,1609672,worker,/pscratch/sd/s/satt/sprints/a_star_campaign/h5/h5_tr_210.py,0,0,0,3,0,3,3,1.0,100.0,0.0,3.0,3.0,,,,5.745887756347656e-05,1.915295918782552e-05,321.6069881916046,1.7866178184301188e-07,1.7866178184301188e-05
1609480,1609672,worker,/pscratch/sd/s/satt/sprints/data/converted_10M/mc_normalized_rntuple_10M_30.h5,21,0,1,2,0,3,24,0.125,12.5,1.0,2.0,3.0,47.61904761904762,95.23809523809524,142.85714285714286,0.00014352798461914062,4.784266153971354e-05,321.6069881916046,4.4628378701034505e-07,4.46283787010345e-05
1609480,1609673,worker,/pscratch/sd/s/satt/sprints/a_star_campaign/h5/h5_tr_210.py,0,0,0,3,0,3,3,1.0,100.0,0.0,3.0,3.0,,,,5.817413330078125e-05,1.9391377766927082e-05,321.5892722606659,1.8089575218674552e-07,1.808957521867455e-05
1609480,1609673,worker,/pscratch/sd/s/satt/sprints/data/converted_10M/mc_normalized_rntuple_10M_30.h5,17,0,1,2,0,3,20,0.15,15.0,1.0,2.0,3.0,58.8235294117647,117.6470588235294,176.47058823529412,0.00013685226440429688,4.561742146809896e-05,321.5892722606659,4.255498432589833e-07,4.255498432589833e-05
1609480,1609674,worker,/pscratch/sd/s/satt/sprints/a_star_campaign/h5/h5_tr_210.py,0,0,0,3,0,3,3,1.0,100.0,0.0,3.0,3.0,,,,6.437301635742188e-05,2.1457672119140625e-05,321.59506916999817,2.0016792086881686e-07,2.0016792086881687e-05
1609480,1609674,worker,/pscratch/sd/s/satt/sprints/data/converted_10M/mc_normalized_rntuple_10M_30.h5,17,0,1,2,0,3,20,0.15,15.0,1.0,2.0,3.0,58.8235294117647,117.6470588235294,176.47058823529412,0.0002346038818359375,7.82012939453125e-05,321.59506916999817,7.295008671663548e-07,7.295008671663547e-05
1609480,1609675,worker,/pscratch/sd/s/satt/sprints/a_star_campaign/h5/h5_tr_210.py,0,0,0,3,0,3,3,1.0,100.0,0.0,3.0,3.0,,,,5.626678466796875e-05,1.8755594889322918e-05,321.59522771835327,1.7496150383564176e-07,1.7496150383564176e-05
1609480,1609675,worker,/pscratch/sd/s/satt/sprints/data/converted_10M/mc_normalized_rntuple_10M_30.h5,19,0,1,2,0,3,22,0.13636363636363635,13.636363636363637,1.0,2.0,3.0,52.63157894736842,105.26315789473684,157.89473684210526,0.00011849403381347656,3.949801127115885e-05,321.59522771835327,3.684570652809913e-07,3.684570652809913e-05
1609480,1609676,worker,/pscratch/sd/s/satt/sprints/a_star_campaign/h5/h5_tr_210.py,0,0,0,3,0,3,3,1.0,100.0,0.0,3.0,3.0,,,,5.7697296142578125e-05,1.9232432047526043e-05,321.57664155960083,1.7942004699954097e-07,1.79420046999541e-05
1609480,1609676,worker,/pscratch/sd/s/satt/sprints/data/converted_10M/mc_normalized_rntuple_10M_30.h5,17,0,1,2,0,3,20,0.15,15.0,1.0,2.0,3.0,58.8235294117647,117.6470588235294,176.47058823529412,0.00012421607971191406,4.140535990397135e-05,321.57664155960083,3.8627208465603657e-07,3.862720846560366e-05
1609480,1609677,worker,/pscratch/sd/s/satt/sprints/a_star_campaign/h5/h5_tr_210.py,0,0,0,3,0,3,3,1.0,100.0,0.0,3.0,3.0,,,,5.4836273193359375e-05,1.8278757731119793e-05,321.58060026168823,1.7052108600063566e-07,1.7052108600063565e-05
1609480,1609677,worker,/pscratch/sd/s/satt/sprints/data/converted_10M/mc_normalized_rntuple_10M_30.h5,17,0,1,2,0,3,20,0.15,15.0,1.0,2.0,3.0,58.8235294117647,117.6470588235294,176.47058823529412,0.00015354156494140625,5.1180521647135414e-05,321.58060026168823,4.774590408017798e-07,4.774590408017798e-05
1609480,1609678,worker,/pscratch/sd/s/satt/sprints/a_star_campaign/h5/h5_tr_210.py,0,0,0,3,0,3,3,1.0,100.0,0.0,3.0,3.0,,,,5.5789947509765625e-05,1.8596649169921875e-05,321.5750014781952,1.734896905957055e-07,1.734896905957055e-05
1609480,1609678,worker,/pscratch/sd/s/satt/sprints/data/converted_10M/mc_normalized_rntuple_10M_30.h5,19,0,1,2,0,3,22,0.13636363636363635,13.636363636363637,1.0,2.0,3.0,52.63157894736842,105.26315789473684,157.89473684210526,0.000213623046875,7.120768229166667e-05,321.5750014781952,6.643024050160347e-07,6.643024050160348e-05
1609480,1609679,worker,/pscratch/sd/s/satt/sprints/a_star_campaign/h5/h5_tr_210.py,0,0,0,3,0,3,3,1.0,100.0,0.0,3.0,3.0,,,,6.270408630371094e-05,2.090136210123698e-05,321.5615200996399,1.9499872461195384e-07,1.9499872461195382e-05
1609480,1609679,worker,/pscratch/sd/s/satt/sprints/data/converted_10M/mc_normalized_rntuple_10M_30.h5,17,0,1,2,0,3,20,0.15,15.0,1.0,2.0,3.0,58.8235294117647,117.6470588235294,176.47058823529412,0.00019168853759765625,6.389617919921875e-05,321.5615200996399,5.961177740989007e-07,5.961177740989007e-05
1609480,1609680,worker,/pscratch/sd/s/satt/sprints/a_star_campaign/h5/h5_tr_210.py,0,0,0,3,0,3,3,1.0,100.0,0.0,3.0,3.0,,,,5.841255187988281e-05,1.9470850626627605e-05,321.5710458755493,1.8164742326486994e-07,1.8164742326486993e-05
1609480,1609680,worker,/pscratch/sd/s/satt/sprints/data/converted_10M/mc_normalized_rntuple_10M_30.h5,17,0,1,2,0,3,20,0.15,15.0,1.0,2.0,3.0,58.8235294117647,117.6470588235294,176.47058823529412,0.0001270771026611328,4.23590342203776e-05,321.5710458755493,3.951758228578599e-07,3.951758228578599e-05
1609480,1609681,worker,/pscratch/sd/s/satt/sprints/a_star_campaign/h5/h5_tr_210.py,0,0,0,3,0,3,3,1.0,100.0,0.0,3.0,3.0,,,,5.698204040527344e-05,1.899401346842448e-05,321.55848503112793,1.772058367539497e-07,1.7720583675394973e-05
1609480,1609681,worker,/pscratch/sd/s/satt/sprints/data/converted_10M/mc_normalized_rntuple_10M_30.h5,19,0,1,2,0,3,22,0.13636363636363635,13.636363636363637,1.0,2.0,3.0,52.63157894736842,105.26315789473684,157.89473684210526,0.0002167224884033203,7.224082946777344e-05,321.55848503112793,6.739753372775744e-07,6.739753372775744e-05
1609480,1609682,worker,/pscratch/sd/s/satt/sprints/a_star_campaign/h5/h5_tr_210.py,0,0,0,3,0,3,3,1.0,100.0,0.0,3.0,3.0,,,,5.5789947509765625e-05,1.8596649169921875e-05,321.55149102211,1.7350237541249496e-07,1.7350237541249496e-05
1609480,1609682,worker,/pscratch/sd/s/satt/sprints/data/converted_10M/mc_normalized_rntuple_10M_30.h5,17,0,1,2,0,3,20,0.15,15.0,1.0,2.0,3.0,58.8235294117647,117.6470588235294,176.47058823529412,0.00018262863159179688,6.087621053059896e-05,321.55149102211,5.67960767375945e-07,5.67960767375945e-05
1609480,1609683,worker,/pscratch/sd/s/satt/sprints/a_star_campaign/h5/h5_tr_210.py,0,0,0,3,0,3,3,1.0,100.0,0.0,3.0,3.0,,,,6.175041198730469e-05,2.0583470662434895e-05,321.5428261756897,1.9204412899438943e-07,1.920441289943894e-05
1609480,1609683,worker,/pscratch/sd/s/satt/sprints/data/converted_10M/mc_normalized_rntuple_10M_30.h5,17,0,1,2,0,3,20,0.15,15.0,1.0,2.0,3.0,58.8235294117647,117.6470588235294,176.47058823529412,0.00017952919006347656,5.984306335449219e-05,321.5428261756897,5.583367920184372e-07,5.583367920184372e-05
1609480,1609684,worker,/pscratch/sd/s/satt/sprints/a_star_campaign/h5/h5_tr_210.py,0,0,0,3,0,3,3,1.0,100.0,0.0,3.0,3.0,,,,6.103515625e-05,2.0345052083333332e-05,321.536568403244,1.8982337391078596e-07,1.89823373910786e-05
1609480,1609684,worker,/pscratch/sd/s/satt/sprints/data/converted_10M/mc_normalized_rntuple_10M_30.h5,19,0,1,2,0,3,22,0.13636363636363635,13.636363636363637,1.0,2.0,3.0,52.63157894736842,105.26315789473684,157.89473684210526,0.00022482872009277344,7.494290669759114e-05,321.536568403244,6.992321937416843e-07,6.992321937416842e-05
1609480,1609685,worker,/pscratch/sd/s/satt/sprints/a_star_campaign/h5/h5_tr_210.py,0,0,0,3,0,3,3,1.0,100.0,0.0,3.0,3.0,,,,5.626678466796875e-05,1.8755594889322918e-05,321.5297269821167,1.7499714628594288e-07,1.7499714628594286e-05
1609480,1609685,worker,/pscratch/sd/s/satt/sprints/data/converted_10M/mc_normalized_rntuple_10M_30.h5,17,0,1,2,0,3,20,0.15,15.0,1.0,2.0,3.0,58.8235294117647,117.6470588235294,176.47058823529412,0.00018978118896484375,6.326039632161458e-05,321.5297269821167,5.902446120491972e-07,5.902446120491972e-05
1609480,1609686,worker,/pscratch/sd/s/satt/sprints/a_star_campaign/h5/h5_tr_210.py,0,0,0,3,0,3,3,1.0,100.0,0.0,3.0,3.0,,,,6.103515625e-05,2.0345052083333332e-05,321.5247712135315,1.8983033879360183e-07,1.898303387936018e-05
1609480,1609686,worker,/pscratch/sd/s/satt/sprints/data/converted_10M/mc_normalized_rntuple_10M_30.h5,17,0,1,2,0,3,20,0.15,15.0,1.0,2.0,3.0,58.8235294117647,117.6470588235294,176.47058823529412,0.0002582073211669922,8.606910705566406e-05,321.5247712135315,8.030713160682452e-07,8.030713160682452e-05
1609480,1609687,worker,/pscratch/sd/s/satt/sprints/a_star_campaign/h5/h5_tr_210.py,0,0,0,3,0,3,3,1.0,100.0,0.0,3.0,3.0,,,,5.817413330078125e-05,1.9391377766927082e-05,321.5180311203003,1.80935834603362e-07,1.80935834603362e-05
1609480,1609687,worker,/pscratch/sd/s/satt/sprints/data/converted_10M/mc_normalized_rntuple_10M_30.h5,19,0,1,2,0,3,22,0.13636363636363635,13.636363636363637,1.0,2.0,3.0,52.63157894736842,105.26315789473684,157.89473684210526,0.00020051002502441406,6.683667500813802e-05,321.5180311203003,6.236353971369978e-07,6.236353971369977e-05
1609480,1609688,worker,/pscratch/sd/s/satt/sprints/a_star_campaign/h5/h5_tr_210.py,0,0,0,3,0,3,3,1.0,100.0,0.0,3.0,3.0,,,,5.5789947509765625e-05,1.8596649169921875e-05,321.4952929019928,1.735327040286499e-07,1.735327040286499e-05
1609480,1609688,worker,/pscratch/sd/s/satt/sprints/data/converted_10M/mc_normalized_rntuple_10M_30.h5,17,0,1,2,0,3,20,0.15,15.0,1.0,2.0,3.0,58.8235294117647,117.6470588235294,176.47058823529412,0.00018167495727539062,6.0558319091796875e-05,321.4952929019928,5.65093677221501e-07,5.65093677221501e-05
1609480,1609689,worker,/pscratch/sd/s/satt/sprints/a_star_campaign/h5/h5_tr_210.py,0,0,0,3,0,3,3,1.0,100.0,0.0,3.0,3.0,,,,5.9604644775390625e-05,1.9868214925130207e-05,321.509348154068,1.8539008311144953e-07,1.853900831114495e-05
1609480,1609689,worker,/pscratch/sd/s/satt/sprints/data/converted_10M/mc_normalized_rntuple_10M_30.h5,17,0,1,2,0,3,20,0.15,15.0,1.0,2.0,3.0,58.8235294117647,117.6470588235294,176.47058823529412,0.00017786026000976562,5.928675333658854e-05,321.509348154068,5.532040080045654e-07,5.5320400800456536e-05
1609480,1609690,worker,/pscratch/sd/s/satt/sprints/a_star_campaign/h5/h5_tr_210.py,0,0,0,3,0,3,3,1.0,100.0,0.0,3.0,3.0,,,,6.437301635742188e-05,2.1457672119140625e-05,321.50592160224915,2.0022342368256877e-07,2.002234236825688e-05
1609480,1609690,worker,/pscratch/sd/s/satt/sprints/data/converted_10M/mc_normalized_rntuple_10M_30.h5,19,0,1,2,0,3,22,0.13636363636363635,13.636363636363637,1.0,2.0,3.0,52.63157894736842,105.26315789473684,157.89473684210526,0.0002448558807373047,8.161862691243489e-05,321.50592160224915,7.615905782296228e-07,7.615905782296228e-05
1609480,1609691,worker,/pscratch/sd/s/satt/sprints/a_star_campaign/h5/h5_tr_210.py,0,0,0,3,0,3,3,1.0,100.0,0.0,3.0,3.0,,,,6.29425048828125e-05,2.09808349609375e-05,321.4969458580017,1.9577948000356076e-07,1.9577948000356075e-05
1609480,1609691,worker,/pscratch/sd/s/satt/sprints/data/converted_10M/mc_normalized_rntuple_10M_30.h5,17,0,1,2,0,3,20,0.15,15.0,1.0,2.0,3.0,58.8235294117647,117.6470588235294,176.47058823529412,0.00044536590576171875,0.0001484553019205729,321.4969458580017,1.3852881388130738e-06,0.00013852881388130739
1609480,1609692,worker,/pscratch/sd/s/satt/sprints/a_star_campaign/h5/h5_tr_210.py,0,0,0,3,0,3,3,1.0,100.0,0.0,3.0,3.0,,,,5.7220458984375e-05,1.9073486328125e-05,321.4914183616638,1.779844055433059e-07,1.779844055433059e-05
1609480,1609692,worker,/pscratch/sd/s/satt/sprints/data/converted_10M/mc_normalized_rntuple_10M_30.h5,17,0,1,2,0,3,20,0.15,15.0,1.0,2.0,3.0,58.8235294117647,117.6470588235294,176.47058823529412,0.00032401084899902344,0.00010800361633300781,321.4914183616638,1.0078366963889698e-06,0.00010078366963889697
1609480,1609693,worker,/pscratch/sd/s/satt/sprints/a_star_campaign/h5/h5_tr_210.py,0,0,0,3,0,3,3,1.0,100.0,0.0,3.0,3.0,,,,5.793571472167969e-05,1.9311904907226562e-05,321.47480940818787,1.8021852109761008e-07,1.802185210976101e-05
1609480,1609693,worker,/pscratch/sd/s/satt/sprints/data/converted_10M/mc_normalized_rntuple_10M_30.h5,19,0,1,2,0,3,22,0.13636363636363635,13.636363636363637,1.0,2.0,3.0,52.63157894736842,105.26315789473684,157.89473684210526,0.0003390312194824219,0.00011301040649414062,321.47480940818787,1.0546120864230517e-06,0.00010546120864230516
1609480,1609694,worker,/pscratch/sd/s/satt/sprints/a_star_campaign/h5/h5_tr_210.py,0,0,0,3,0,3,3,1.0,100.0,0.0,3.0,3.0,,,,5.698204040527344e-05,1.899401346842448e-05,321.4677097797394,1.7725587569686526e-07,1.7725587569686526e-05
1609480,1609694,worker,/pscratch/sd/s/satt/sprints/data/converted_10M/mc_normalized_rntuple_10M_30.h5,17,0,1,2,0,3,20,0.15,15.0,1.0,2.0,3.0,58.8235294117647,117.6470588235294,176.47058823529412,0.0003077983856201172,0.00010259946187337239,321.4677097797394,9.574783913165398e-07,9.574783913165399e-05
1609480,1609695,worker,/pscratch/sd/s/satt/sprints/a_star_campaign/h5/h5_tr_210.py,0,0,0,3,0,3,3,1.0,100.0,0.0,3.0,3.0,,,,5.817413330078125e-05,1.9391377766927082e-05,321.46777725219727,1.8096411963287566e-07,1.8096411963287567e-05
1609480,1609695,worker,/pscratch/sd/s/satt/sprints/data/converted_10M/mc_normalized_rntuple_10M_30.h5,17,0,1,2,0,3,20,0.15,15.0,1.0,2.0,3.0,58.8235294117647,117.6470588235294,176.47058823529412,0.00025582313537597656,8.527437845865886e-05,321.46777725219727,7.957971326478508e-07,7.957971326478508e-05
1609480,1609696,worker,/pscratch/sd/s/satt/sprints/a_star_campaign/h5/h5_tr_210.py,0,0,0,3,0,3,3,1.0,100.0,0.0,3.0,3.0,,,,5.8650970458984375e-05,1.9550323486328125e-05,321.44465160369873,1.824605578794751e-07,1.824605578794751e-05
1609480,1609696,worker,/pscratch/sd/s/satt/sprints/data/converted_10M/mc_normalized_rntuple_10M_30.h5,19,0,1,2,0,3,22,0.13636363636363635,13.636363636363637,1.0,2.0,3.0,52.63157894736842,105.26315789473684,157.89473684210526,0.0007157325744628906,0.00023857752482096353,321.44465160369873,2.2266121737974968e-06,0.00022266121737974967
1609480,1609697,worker,/pscratch/sd/s/satt/sprints/a_star_campaign/h5/h5_tr_210.py,0,0,0,3,0,3,3,1.0,100.0,0.0,3.0,3.0,,,,6.151199340820312e-05,2.0503997802734375e-05,321.4585907459259,1.9135277506651208e-07,1.913527750665121e-05
1609480,1609697,worker,/pscratch/sd/s/satt/sprints/data/converted_10M/mc_normalized_rntuple_10M_30.h5,17,0,1,2,0,3,20,0.15,15.0,1.0,2.0,3.0,58.8235294117647,117.6470588235294,176.47058823529412,0.0005321502685546875,0.0001773834228515625,321.4585907459259,1.6554240075521511e-06,0.00016554240075521511
1609480,1609698,worker,/pscratch/sd/s/satt/sprints/a_star_campaign/h5/h5_tr_210.py,0,0,0,3,0,3,3,1.0,100.0,0.0,3.0,3.0,,,,5.7220458984375e-05,1.9073486328125e-05,321.43877053260803,1.7801355726181863e-07,1.7801355726181863e-05
1609480,1609698,worker,/pscratch/sd/s/satt/sprints/data/converted_10M/mc_normalized_rntuple_10M_30.h5,17,0,1,2,0,3,20,0.15,15.0,1.0,2.0,3.0,58.8235294117647,117.6470588235294,176.47058823529412,0.0007517337799072266,0.0002505779266357422,321.43877053260803,2.3386531085271424e-06,0.00023386531085271424
1609480,1609699,worker,/pscratch/sd/s/satt/sprints/a_star_campaign/h5/h5_tr_210.py,0,0,0,3,0,3,3,1.0,100.0,0.0,3.0,3.0,,,,5.817413330078125e-05,1.9391377766927082e-05,321.44993138313293,1.809741661803128e-07,1.8097416618031282e-05
1609480,1609699,worker,/pscratch/sd/s/satt/sprints/data/converted_10M/mc_normalized_rntuple_10M_30.h5,19,0,1,2,0,3,22,0.13636363636363635,13.636363636363637,1.0,2.0,3.0,52.63157894736842,105.26315789473684,157.89473684210526,0.0006215572357177734,0.0002071857452392578,321.44993138313293,1.9336051280003096e-06,0.00019336051280003093
1609480,1609700,worker,/pscratch/sd/s/satt/sprints/a_star_campaign/h5/h5_tr_210.py,0,0,0,3,0,3,3,1.0,100.0,0.0,3.0,3.0,,,,6.246566772460938e-05,2.0821889241536457e-05,321.43995332717896,1.9433075160083924e-07,1.9433075160083925e-05
1609480,1609700,worker,/pscratch/sd/s/satt/sprints/data/converted_10M/mc_normalized_rntuple_10M_30.h5,17,0,1,2,0,3,20,0.15,15.0,1.0,2.0,3.0,58.8235294117647,117.6470588235294,176.47058823529412,0.000667572021484375,0.00022252400716145834,321.43995332717896,2.0768171926807247e-06,0.0002076817192680725
1609480,1609701,worker,/pscratch/sd/s/satt/sprints/a_star_campaign/h5/h5_tr_210.py,0,0,0,3,0,3,3,1.0,100.0,0.0,3.0,3.0,,,,5.984306335449219e-05,1.994768778483073e-05,321.4330711364746,1.8617581303289081e-07,1.8617581303289082e-05
1609480,1609701,worker,/pscratch/sd/s/satt/sprints/data/converted_10M/mc_normalized_rntuple_10M_30.h5,17,0,1,2,0,3,20,0.15,15.0,1.0,2.0,3.0,58.8235294117647,117.6470588235294,176.47058823529412,0.0007481575012207031,0.0002493858337402344,321.4330711364746,2.327568531064587e-06,0.00023275685310645872
1609480,1609702,worker,/pscratch/sd/s/satt/sprints/a_star_campaign/h5/h5_tr_210.py,0,0,0,3,0,3,3,1.0,100.0,0.0,3.0,3.0,,,,5.936622619628906e-05,1.9788742065429688e-05,321.4070861339569,1.8470727235785413e-07,1.8470727235785414e-05
1609480,1609702,worker,/pscratch/sd/s/satt/sprints/data/converted_10M/mc_normalized_rntuple_10M_30.h5,19,0,1,2,0,3,22,0.13636363636363635,13.636363636363637,1.0,2.0,3.0,52.63157894736842,105.26315789473684,157.89473684210526,0.0004863739013671875,0.0001621246337890625,321.4070861339569,1.5132644000402508e-06,0.00015132644000402507
1609480,1609703,worker,/pscratch/sd/s/satt/sprints/a_star_campaign/h5/h5_tr_210.py,0,0,0,3,0,3,3,1.0,100.0,0.0,3.0,3.0,,,,5.745887756347656e-05,1.915295918782552e-05,321.4109206199646,1.787707693710127e-07,1.787707693710127e-05
1609480,1609703,worker,/pscratch/sd/s/satt/sprints/data/converted_10M/mc_normalized_rntuple_10M_30.h5,17,0,1,2,0,3,20,0.15,15.0,1.0,2.0,3.0,58.8235294117647,117.6470588235294,176.47058823529412,0.0005567073822021484,0.00018556912740071615,321.4109206199646,1.7320736368519281e-06,0.0001732073636851928
1609480,1609704,worker,/pscratch/sd/s/satt/sprints/a_star_campaign/h5/h5_tr_210.py,0,0,0,3,0,3,3,1.0,100.0,0.0,3.0,3.0,,,,6.461143493652344e-05,2.1537144978841145e-05,321.4138882160187,2.0102253606757284e-07,2.0102253606757283e-05
1609480,1609704,worker,/pscratch/sd/s/satt/sprints/data/converted_10M/mc_normalized_rntuple_10M_30.h5,17,0,1,2,0,3,20,0.15,15.0,1.0,2.0,3.0,58.8235294117647,117.6470588235294,176.47058823529412,0.0003998279571533203,0.00013327598571777344,321.4138882160187,1.2439660257760873e-06,0.00012439660257760872
1609480,1609705,worker,/pscratch/sd/s/satt/sprints/a_star_campaign/h5/h5_tr_210.py,0,0,0,3,0,3,3,1.0,100.0,0.0,3.0,3.0,,,,5.8650970458984375e-05,1.9550323486328125e-05,321.41170024871826,1.8247926386500072e-07,1.824792638650007e-05
1609480,1609705,worker,/pscratch/sd/s/satt/sprints/data/converted_10M/mc_normalized_rntuple_10M_30.h5,19,0,1,2,0,3,22,0.13636363636363635,13.636363636363637,1.0,2.0,3.0,52.63157894736842,105.26315789473684,157.89473684210526,0.0007488727569580078,0.00024962425231933594,321.41170024871826,2.3299486495933628e-06,0.00023299486495933626
1609480,1609706,worker,/pscratch/sd/s/satt/sprints/a_star_campaign/h5/h5_tr_210.py,0,0,0,3,0,3,3,1.0,100.0,0.0,3.0,3.0,,,,5.793571472167969e-05,1.9311904907226562e-05,321.385719537735,1.8026847865241648e-07,1.802684786524165e-05
1609480,1609706,worker,/pscratch/sd/s/satt/sprints/data/converted_10M/mc_normalized_rntuple_10M_30.h5,17,0,1,2,0,3,20,0.15,15.0,1.0,2.0,3.0,58.8235294117647,117.6470588235294,176.47058823529412,0.0005970001220703125,0.00019900004069010416,321.385719537735,1.857581360270168e-06,0.0001857581360270168
1609480,1609707,worker,/pscratch/sd/s/satt/sprints/a_star_campaign/h5/h5_tr_210.py,0,0,0,3,0,3,3,1.0,100.0,0.0,3.0,3.0,,,,5.888938903808594e-05,1.9629796346028645e-05,321.39475893974304,1.832307074090367e-07,1.8323070740903668e-05
1609480,1609707,worker,/pscratch/sd/s/satt/sprints/data/converted_10M/mc_normalized_rntuple_10M_30.h5,17,0,1,2,0,3,20,0.15,15.0,1.0,2.0,3.0,58.8235294117647,117.6470588235294,176.47058823529412,0.0006854534149169922,0.0002284844716389974,321.39475893974304,2.132746088263079e-06,0.0002132746088263079
1609480,1609708,worker,/pscratch/sd/s/satt/sprints/a_star_campaign/h5/h5_tr_210.py,0,0,0,3,0,3,3,1.0,100.0,0.0,3.0,3.0,,,,5.888938903808594e-05,1.9629796346028645e-05,321.3920147418976,1.8323227191994373e-07,1.832322719199437e-05
1609480,1609708,worker,/pscratch/sd/s/satt/sprints/data/converted_10M/mc_normalized_rntuple_10M_30.h5,19,0,1,2,0,3,22,0.13636363636363635,13.636363636363637,1.0,2.0,3.0,52.63157894736842,105.26315789473684,157.89473684210526,0.0007045269012451172,0.00023484230041503906,321.3920147418976,2.192110783495683e-06,0.0002192110783495683
1609480,1609709,worker,/pscratch/sd/s/satt/sprints/a_star_campaign/h5/h5_tr_210.py,0,0,0,3,0,3,3,1.0,100.0,0.0,3.0,3.0,,,,5.8650970458984375e-05,1.9550323486328125e-05,321.38155794143677,1.824963785559592e-07,1.824963785559592e-05
1609480,1609709,worker,/pscratch/sd/s/satt/sprints/data/converted_10M/mc_normalized_rntuple_10M_30.h5,17,0,1,2,0,3,20,0.15,15.0,1.0,2.0,3.0,58.8235294117647,117.6470588235294,176.47058823529412,0.0009694099426269531,0.0003231366475423177,321.38155794143677,3.0163832325550003e-06,0.0003016383232555
1609480,1609710,worker,/pscratch/sd/s/satt/sprints/a_star_campaign/h5/h5_tr_210.py,0,0,0,3,0,3,3,1.0,100.0,0.0,3.0,3.0,,,,5.793571472167969e-05,1.9311904907226562e-05,321.3803005218506,1.8027151828411665e-07,1.8027151828411665e-05
1609480,1609710,worker,/pscratch/sd/s/satt/sprints/data/converted_10M/mc_normalized_rntuple_10M_30.h5,17,0,1,2,0,3,20,0.15,15.0,1.0,2.0,3.0,58.8235294117647,117.6470588235294,176.47058823529412,0.000982522964477539,0.00032750765482584637,321.3803005218506,3.0571972298306367e-06,0.00030571972298306364
1609480,1609711,worker,/pscratch/sd/s/satt/sprints/a_star_campaign/h5/h5_tr_210.py,0,0,0,3,0,3,3,1.0,100.0,0.0,3.0,3.0,,,,5.793571472167969e-05,1.9311904907226562e-05,321.3728668689728,1.8027568813175727e-07,1.8027568813175728e-05
1609480,1609711,worker,/pscratch/sd/s/satt/sprints/data/converted_10M/mc_normalized_rntuple_10M_30.h5,19,0,1,2,0,3,22,0.13636363636363635,13.636363636363637,1.0,2.0,3.0,52.63157894736842,105.26315789473684,157.89473684210526,0.0008919239044189453,0.00029730796813964844,321.3728668689728,2.7753553469173004e-06,0.00027753553469173005
1609480,1609712,worker,/pscratch/sd/s/satt/sprints/a_star_campaign/h5/h5_tr_210.py,0,0,0,3,0,3,3,1.0,100.0,0.0,3.0,3.0,,,,6.222724914550781e-05,2.0742416381835938e-05,321.3470859527588,1.9364497724014163e-07,1.9364497724014164e-05
1609480,1609712,worker,/pscratch/sd/s/satt/sprints/data/converted_10M/mc_normalized_rntuple_10M_30.h5,17,0,1,2,0,3,20,0.15,15.0,1.0,2.0,3.0,58.8235294117647,117.6470588235294,176.47058823529412,0.0009400844573974609,0.00031336148579915363,321.3470859527588,2.9254488324056645e-06,0.00029254488324056646
1609480,1609713,worker,/pscratch/sd/s/satt/sprints/a_star_campaign/h5/h5_tr_210.py,0,0,0,3,0,3,3,1.0,100.0,0.0,3.0,3.0,,,,5.698204040527344e-05,1.899401346842448e-05,321.3565547466278,1.7731718729123382e-07,1.7731718729123384e-05
1609480,1609713,worker,/pscratch/sd/s/satt/sprints/data/converted_10M/mc_normalized_rntuple_10M_30.h5,17,0,1,2,0,3,20,0.15,15.0,1.0,2.0,3.0,58.8235294117647,117.6470588235294,176.47058823529412,0.0009036064147949219,0.00030120213826497394,321.3565547466278,2.8118499574634987e-06,0.0002811849957463499
1609480,1609714,worker,/pscratch/sd/s/satt/sprints/a_star_campaign/h5/h5_tr_210.py,0,0,0,3,0,3,3,1.0,100.0,0.0,3.0,3.0,,,,6.175041198730469e-05,2.0583470662434895e-05,321.3492410182953,1.9215981899203884e-07,1.9215981899203883e-05
1609480,1609714,worker,/pscratch/sd/s/satt/sprints/data/converted_10M/mc_normalized_rntuple_10M_30.h5,19,0,1,2,0,3,22,0.13636363636363635,13.636363636363637,1.0,2.0,3.0,52.63157894736842,105.26315789473684,157.89473684210526,0.0007727146148681641,0.000257571538289388,321.3492410182953,2.4045944917111886e-06,0.0002404594491711189
1609480,1609715,worker,/pscratch/sd/s/satt/sprints/a_star_campaign/h5/h5_tr_210.py,0,0,0,3,0,3,3,1.0,100.0,0.0,3.0,3.0,,,,6.365776062011719e-05,2.1219253540039062e-05,321.3443615436554,1.9809826540699744e-07,1.9809826540699744e-05
1609480,1609715,worker,/pscratch/sd/s/satt/sprints/data/converted_10M/mc_normalized_rntuple_10M_30.h5,19,0,1,2,0,3,22,0.13636363636363635,13.636363636363637,1.0,2.0,3.0,52.63157894736842,105.26315789473684,157.89473684210526,0.0004482269287109375,0.00014940897623697916,321.3443615436554,1.3948492096073227e-06,0.00013948492096073229
1609480,1609716,worker,/pscratch/sd/s/satt/sprints/a_star_campaign/h5/h5_tr_210.py,0,0,0,3,0,3,3,1.0,100.0,0.0,3.0,3.0,,,,6.914138793945312e-05,2.3047129313151043e-05,321.34044551849365,2.1516553208199846e-07,2.1516553208199846e-05
1609480,1609716,worker,/pscratch/sd/s/satt/sprints/data/converted_10M/mc_normalized_rntuple_10M_30.h5,19,0,1,2,0,3,22,0.13636363636363635,13.636363636363637,1.0,2.0,3.0,52.63157894736842,105.26315789473684,157.89473684210526,0.0006334781646728516,0.00021115938822428385,321.34044551849365,1.9713614439374824e-06,0.00019713614439374825
1609480,1609717,worker,/pscratch/sd/s/satt/sprints/a_star_campaign/h5/h5_tr_210.py,0,0,0,3,0,3,3,1.0,100.0,0.0,3.0,3.0,,,,6.866455078125e-05,2.288818359375e-05,321.33602571487427,2.136845709362727e-07,2.136845709362727e-05
1609480,1609717,worker,/pscratch/sd/s/satt/sprints/data/converted_10M/mc_normalized_rntuple_10M_30.h5,17,0,1,2,0,3,20,0.15,15.0,1.0,2.0,3.0,58.8235294117647,117.6470588235294,176.47058823529412,0.00038361549377441406,0.00012787183125813803,321.33602571487427,1.1938141480432736e-06,0.00011938141480432735
1609480,1609718,worker,/pscratch/sd/s/satt/sprints/a_star_campaign/h5/h5_tr_210.py,0,0,0,3,0,3,3,1.0,100.0,0.0,3.0,3.0,,,,5.8650970458984375e-05,1.9550323486328125e-05,321.3196129798889,1.8253156075678233e-07,1.8253156075678233e-05
1609480,1609718,worker,/pscratch/sd/s/satt/sprints/data/converted_10M/mc_normalized_rntuple_10M_30.h5,17,0,1,2,0,3,20,0.15,15.0,1.0,2.0,3.0,58.8235294117647,117.6470588235294,176.47058823529412,0.000431060791015625,0.00014368693033854166,321.3196129798889,1.3415327717409041e-06,0.00013415327717409043
1609480,1609719,worker,/pscratch/sd/s/satt/sprints/a_star_campaign/h5/h5_tr_210.py,0,0,0,3,0,3,3,1.0,100.0,0.0,3.0,3.0,,,,5.841255187988281e-05,1.9470850626627605e-05,321.319198846817,1.8178979684226687e-07,1.8178979684226685e-05
1609480,1609719,worker,/pscratch/sd/s/satt/sprints/data/converted_10M/mc_normalized_rntuple_10M_30.h5,19,0,1,2,0,3,22,0.13636363636363635,13.636363636363637,1.0,2.0,3.0,52.63157894736842,105.26315789473684,157.89473684210526,0.0005178451538085938,0.00017261505126953125,321.319198846817,1.6116221989445046e-06,0.00016116221989445045
1609480,1609720,worker,/pscratch/sd/s/satt/sprints/a_star_campaign/h5/h5_tr_210.py,0,0,0,3,0,3,3,1.0,100.0,0.0,3.0,3.0,,,,5.793571472167969e-05,1.9311904907226562e-05,321.2903175354004,1.8032200648342358e-07,1.803220064834236e-05
1609480,1609720,worker,/pscratch/sd/s/satt/sprints/data/converted_10M/mc_normalized_rntuple_10M_30.h5,17,0,1,2,0,3,20,0.15,15.0,1.0,2.0,3.0,58.8235294117647,117.6470588235294,176.47058823529412,0.0002608299255371094,8.69433085123698e-05,321.2903175354004,8.118200621105571e-07,8.118200621105571e-05
1609480,1609721,worker,/pscratch/sd/s/satt/sprints/a_star_campaign/h5/h5_tr_210.py,0,0,0,3,0,3,3,1.0,100.0,0.0,3.0,3.0,,,,5.793571472167969e-05,1.9311904907226562e-05,321.3132498264313,1.8030913680956423e-07,1.8030913680956423e-05
1609480,1609721,worker,/pscratch/sd/s/satt/sprints/data/converted_10M/mc_normalized_rntuple_10M_30.h5,17,0,1,2,0,3,20,0.15,15.0,1.0,2.0,3.0,58.8235294117647,117.6470588235294,176.47058823529412,0.0003676414489746094,0.00012254714965820312,321.3132498264313,1.1441839051866174e-06,0.00011441839051866175
1609480,1609722,worker,/pscratch/sd/s/satt/sprints/a_star_campaign/h5/h5_tr_210.py,0,0,0,3,0,3,3,1.0,100.0,0.0,3.0,3.0,,,,5.936622619628906e-05,1.9788742065429688e-05,321.29816198349,1.8476989046498067e-07,1.8476989046498066e-05
1609480,1609722,worker,/pscratch/sd/s/satt/sprints/data/converted_10M/mc_normalized_rntuple_10M_30.h5,19,0,1,2,0,3,22,0.13636363636363635,13.636363636363637,1.0,2.0,3.0,52.63157894736842,105.26315789473684,157.89473684210526,0.0003082752227783203,0.00010275840759277344,321.29816198349,9.594677444627309e-07,9.59467744462731e-05
1609480,1609723,worker,/pscratch/sd/s/satt/sprints/a_star_campaign/h5/h5_tr_210.py,0,0,0,3,0,3,3,1.0,100.0,0.0,3.0,3.0,,,,5.841255187988281e-05,1.9470850626627605e-05,321.29307103157043,1.8180458013718934e-07,1.8180458013718933e-05
1609480,1609723,worker,/pscratch/sd/s/satt/sprints/data/converted_10M/mc_normalized_rntuple_10M_30.h5,17,0,1,2,0,3,20,0.15,15.0,1.0,2.0,3.0,58.8235294117647,117.6470588235294,176.47058823529412,0.00032711029052734375,0.00010903676350911458,321.29307103157043,1.0181056487682604e-06,0.00010181056487682602
1609480,1609724,worker,/pscratch/sd/s/satt/sprints/a_star_campaign/h5/h5_tr_210.py,0,0,0,3,0,3,3,1.0,100.0,0.0,3.0,3.0,,,,6.532669067382812e-05,2.1775563557942707e-05,321.2860817909241,2.0332872905568088e-07,2.0332872905568087e-05
1609480,1609724,worker,/pscratch/sd/s/satt/sprints/data/converted_10M/mc_normalized_rntuple_10M_30.h5,17,0,1,2,0,3,20,0.15,15.0,1.0,2.0,3.0,58.8235294117647,117.6470588235294,176.47058823529412,0.00026726722717285156,8.908907572428386e-05,321.2860817909241,8.318668075599207e-07,8.318668075599206e-05
1609480,1609725,worker,/pscratch/sd/s/satt/sprints/a_star_campaign/h5/h5_tr_210.py,0,0,0,3,0,3,3,1.0,100.0,0.0,3.0,3.0,,,,6.461143493652344e-05,2.1537144978841145e-05,321.27986669540405,2.011063923833722e-07,2.011063923833722e-05
1609480,1609725,worker,/pscratch/sd/s/satt/sprints/data/converted_10M/mc_normalized_rntuple_10M_30.h5,19,0,1,2,0,3,22,0.13636363636363635,13.636363636363637,1.0,2.0,3.0,52.63157894736842,105.26315789473684,157.89473684210526,0.0003256797790527344,0.00010855992635091145,321.27986669540405,1.013694952013603e-06,0.0001013694952013603
1609480,1609726,worker,/pscratch/sd/s/satt/sprints/a_star_campaign/h5/h5_tr_210.py,0,0,0,3,0,3,3,1.0,100.0,0.0,3.0,3.0,,,,5.650520324707031e-05,1.8835067749023438e-05,321.27285838127136,1.7587916866607083e-07,1.7587916866607084e-05
1609480,1609726,worker,/pscratch/sd/s/satt/sprints/data/converted_10M/mc_normalized_rntuple_10M_30.h5,17,0,1,2,0,3,20,0.15,15.0,1.0,2.0,3.0,58.8235294117647,117.6470588235294,176.47058823529412,0.00046324729919433594,0.00015441576639811197,321.27285838127136,1.4419123405830195e-06,0.00014419123405830196
1609480,1609727,worker,/pscratch/sd/s/satt/sprints/a_star_campaign/h5/h5_tr_210.py,0,0,0,3,0,3,3,1.0,100.0,0.0,3.0,3.0,,,,6.0558319091796875e-05,2.0186106363932293e-05,321.2709491252899,1.8849609420545588e-07,1.8849609420545588e-05
1609480,1609727,worker,/pscratch/sd/s/satt/sprints/data/converted_10M/mc_normalized_rntuple_10M_30.h5,17,0,1,2,0,3,20,0.15,15.0,1.0,2.0,3.0,58.8235294117647,117.6470588235294,176.47058823529412,0.0005750656127929688,0.00019168853759765625,321.2709491252899,1.7899707843447228e-06,0.0001789970784344723
1609480,1609728,worker,/pscratch/sd/s/satt/sprints/a_star_campaign/h5/h5_tr_210.py,0,0,0,3,0,3,3,1.0,100.0,0.0,3.0,3.0,,,,6.151199340820312e-05,2.0503997802734375e-05,321.23886489868164,1.9148365944950009e-07,1.914836594495001e-05
1609480,1609728,worker,/pscratch/sd/s/satt/sprints/data/converted_10M/mc_normalized_rntuple_10M_30.h5,19,0,1,2,0,3,22,0.13636363636363635,13.636363636363637,1.0,2.0,3.0,52.63157894736842,105.26315789473684,157.89473684210526,0.0004849433898925781,0.00016164779663085938,321.23886489868164,1.5096037337995472e-06,0.00015096037337995473
1609480,1609729,worker,/pscratch/sd/s/satt/sprints/a_star_campaign/h5/h5_tr_210.py,0,0,0,3,0,3,3,1.0,100.0,0.0,3.0,3.0,,,,6.461143493652344e-05,2.1537144978841145e-05,321.2574472427368,2.011204269070348e-07,2.011204269070348e-05
1609480,1609729,worker,/pscratch/sd/s/satt/sprints/data/converted_10M/mc_normalized_rntuple_10M_30.h5,17,0,1,2,0,3,20,0.15,15.0,1.0,2.0,3.0,58.8235294117647,117.6470588235294,176.47058823529412,0.0003352165222167969,0.0001117388407389323,321.2574472427368,1.0434513661671251e-06,0.00010434513661671252
1609480,1609730,worker,/pscratch/sd/s/satt/sprints/a_star_campaign/h5/h5_tr_210.py,0,0,0,3,0,3,3,1.0,100.0,0.0,3.0,3.0,,,,6.008148193359375e-05,2.002716064453125e-05,321.2319984436035,1.870345489387535e-07,1.870345489387535e-05
1609480,1609730,worker,/pscratch/sd/s/satt/sprints/data/converted_10M/mc_normalized_rntuple_10M_30.h5,17,0,1,2,0,3,20,0.15,15.0,1.0,2.0,3.0,58.8235294117647,117.6470588235294,176.47058823529412,0.0002529621124267578,8.432070414225261e-05,321.2319984436035,7.874748270794344e-07,7.874748270794344e-05
1609480,1609731,worker,/pscratch/sd/s/satt/sprints/a_star_campaign/h5/h5_tr_210.py,0,0,0,3,0,3,3,1.0,100.0,0.0,3.0,3.0,,,,5.8650970458984375e-05,1.9550323486328125e-05,321.2242124080658,1.8258577091466994e-07,1.8258577091466994e-05
1609480,1609731,worker,/pscratch/sd/s/satt/sprints/data/converted_10M/mc_normalized_rntuple_10M_30.h5,19,0,1,2,0,3,22,0.13636363636363635,13.636363636363637,1.0,2.0,3.0,52.63157894736842,105.26315789473684,157.89473684210526,0.0004954338073730469,0.00016514460245768228,321.2242124080658,1.542330211222293e-06,0.0001542330211222293
1609480,1609732,worker,/pscratch/sd/s/satt/sprints/a_star_campaign/h5/h5_tr_210.py,0,0,0,3,0,3,3,1.0,100.0,0.0,3.0,3.0,,,,5.936622619628906e-05,1.9788742065429688e-05,321.2128052711487,1.848189898474802e-07,1.848189898474802e-05
1609480,1609732,worker,/pscratch/sd/s/satt/sprints/data/converted_10M/mc_normalized_rntuple_10M_30.h5,17,0,1,2,0,3,20,0.15,15.0,1.0,2.0,3.0,58.8235294117647,117.6470588235294,176.47058823529412,0.0002505779266357422,8.352597554524739e-05,321.2128052711487,7.800994310429787e-07,7.800994310429787e-05
1609480,1609733,worker,/pscratch/sd/s/satt/sprints/a_star_campaign/h5/h5_tr_210.py,0,0,0,3,0,3,3,1.0,100.0,0.0,3.0,3.0,,,,5.7697296142578125e-05,1.9232432047526043e-05,321.2345049381256,1.796111415667861e-07,1.796111415667861e-05
1609480,1609733,worker,/pscratch/sd/s/satt/sprints/data/converted_10M/mc_normalized_rntuple_10M_30.h5,17,0,1,2,0,3,20,0.15,15.0,1.0,2.0,3.0,58.8235294117647,117.6470588235294,176.47058823529412,0.0003592967987060547,0.00011976559956868489,321.2345049381256,1.118487563393168e-06,0.0001118487563393168
1609480,1609734,worker,/pscratch/sd/s/satt/sprints/a_star_campaign/h5/h5_tr_210.py,0,0,0,3,0,3,3,1.0,100.0,0.0,3.0,3.0,,,,5.6743621826171875e-05,1.8914540608723957e-05,321.22351002693176,1.766484085221982e-07,1.766484085221982e-05
1609480,1609734,worker,/pscratch/sd/s/satt/sprints/data/converted_10M/mc_normalized_rntuple_10M_30.h5,19,0,1,2,0,3,22,0.13636363636363635,13.636363636363637,1.0,2.0,3.0,52.63157894736842,105.26315789473684,157.89473684210526,0.0003352165222167969,0.0001117388407389323,321.22351002693176,1.0435616066479441e-06,0.0001043561606647944
1609480,1609735,worker,/pscratch/sd/s/satt/sprints/a_star_campaign/h5/h5_tr_210.py,0,0,0,3,0,3,3,1.0,100.0,0.0,3.0,3.0,,,,5.793571472167969e-05,1.9311904907226562e-05,321.21824741363525,1.8036246442461725e-07,1.8036246442461725e-05
1609480,1609735,worker,/pscratch/sd/s/satt/sprints/data/converted_10M/mc_normalized_rntuple_10M_30.h5,17,0,1,2,0,3,20,0.15,15.0,1.0,2.0,3.0,58.8235294117647,117.6470588235294,176.47058823529412,0.00024390220642089844,8.130073547363281e-05,321.21824741363525,7.59303708256722e-07,7.59303708256722e-05
1609480,1609736,worker,/pscratch/sd/s/satt/sprints/a_star_campaign/h5/h5_tr_210.py,0,0,0,3,0,3,3,1.0,100.0,0.0,3.0,3.0,,,,5.7697296142578125e-05,1.9232432047526043e-05,321.21539974212646,1.7962182444832296e-07,1.7962182444832298e-05
1609480,1609736,worker,/pscratch/sd/s/satt/sprints/data/converted_10M/mc_normalized_rntuple_10M_30.h5,17,0,1,2,0,3,20,0.15,15.0,1.0,2.0,3.0,58.8235294117647,117.6470588235294,176.47058823529412,0.00018835067749023438,6.278355916341145e-05,321.21539974212646,5.863687657610543e-07,5.863687657610543e-05
1609480,1609737,worker,/pscratch/sd/s/satt/sprints/a_star_campaign/h5/h5_tr_210.py,0,0,0,3,0,3,3,1.0,100.0,0.0,3.0,3.0,,,,5.888938903808594e-05,1.9629796346028645e-05,321.1953010559082,1.8334449116936327e-07,1.8334449116936326e-05
1609480,1609737,worker,/pscratch/sd/s/satt/sprints/data/converted_10M/mc_normalized_rntuple_10M_30.h5,19,0,1,2,0,3,22,0.13636363636363635,13.636363636363637,1.0,2.0,3.0,52.63157894736842,105.26315789473684,157.89473684210526,0.00022792816162109375,7.597605387369792e-05,321.1953010559082,7.096248322182643e-07,7.096248322182643e-05
1609480,1609738,worker,/pscratch/sd/s/satt/sprints/a_star_campaign/h5/h5_tr_210.py,0,0,0,3,0,3,3,1.0,100.0,0.0,3.0,3.0,,,,5.6743621826171875e-05,1.8914540608723957e-05,321.19742345809937,1.766627553087273e-07,1.766627553087273e-05
1609480,1609738,worker,/pscratch/sd/s/satt/sprints/data/converted_10M/mc_normalized_rntuple_10M_30.h5,17,0,1,2,0,3,20,0.15,15.0,1.0,2.0,3.0,58.8235294117647,117.6470588235294,176.47058823529412,0.00017547607421875,5.8492024739583336e-05,321.19742345809937,5.463184365849718e-07,5.463184365849718e-05
1609480,1609739,worker,/pscratch/sd/s/satt/sprints/a_star_campaign/h5/h5_tr_210.py,0,0,0,3,0,3,3,1.0,100.0,0.0,3.0,3.0,,,,5.8650970458984375e-05,1.9550323486328125e-05,321.1912806034088,1.826044914693799e-07,1.826044914693799e-05
1609480,1609739,worker,/pscratch/sd/s/satt/sprints/data/converted_10M/mc_normalized_rntuple_10M_30.h5,17,0,1,2,0,3,20,0.15,15.0,1.0,2.0,3.0,58.8235294117647,117.6470588235294,176.47058823529412,0.00016570091247558594,5.523363749186198e-05,321.1912806034088,5.158948031350367e-07,5.1589480313503675e-05
1609480,1609740,worker,/pscratch/sd/s/satt/sprints/a_star_campaign/h5/h5_tr_210.py,0,0,0,3,0,3,3,1.0,100.0,0.0,3.0,3.0,,,,5.841255187988281e-05,1.9470850626627605e-05,321.1934745311737,1.8186095456996446e-07,1.8186095456996445e-05
1609480,1609740,worker,/pscratch/sd/s/satt/sprints/data/converted_10M/mc_normalized_rntuple_10M_30.h5,19,0,1,2,0,3,22,0.13636363636363635,13.636363636363637,1.0,2.0,3.0,52.63157894736842,105.26315789473684,157.89473684210526,0.0001633167266845703,5.443890889485677e-05,321.1934745311737,5.084683831854108e-07,5.084683831854108e-05
1609480,1609741,worker,/pscratch/sd/s/satt/sprints/a_star_campaign/h5/h5_tr_210.py,0,0,0,3,0,3,3,1.0,100.0,0.0,3.0,3.0,,,,6.67572021484375e-05,2.2252400716145832e-05,321.1786570549011,2.0785067962042778e-07,2.0785067962042778e-05
1609480,1609741,worker,/pscratch/sd/s/satt/sprints/data/converted_10M/mc_normalized_rntuple_10M_30.h5,17,0,1,2,0,3,20,0.15,15.0,1.0,2.0,3.0,58.8235294117647,117.6470588235294,176.47058823529412,0.00013256072998046875,4.4186909993489586e-05,321.1786570549011,4.127320638177066e-07,4.127320638177066e-05
1609480,1609742,worker,/pscratch/sd/s/satt/sprints/a_star_campaign/h5/h5_tr_210.py,0,0,0,3,0,3,3,1.0,100.0,0.0,3.0,3.0,,,,5.745887756347656e-05,1.915295918782552e-05,321.16823077201843,1.7890585698765392e-07,1.7890585698765393e-05
1609480,1609742,worker,/pscratch/sd/s/satt/sprints/data/converted_10M/mc_normalized_rntuple_10M_30.h5,17,0,1,2,0,3,20,0.15,15.0,1.0,2.0,3.0,58.8235294117647,117.6470588235294,176.47058823529412,0.00014019012451171875,4.673004150390625e-05,321.16823077201843,4.3650059713170337e-07,4.365005971317033e-05
1609480,1609743,worker,/pscratch/sd/s/satt/sprints/a_star_campaign/h5/h5_tr_210.py,0,0,0,3,0,3,3,1.0,100.0,0.0,3.0,3.0,,,,5.793571472167969e-05,1.9311904907226562e-05,321.16623044013977,1.803916764296238e-07,1.803916764296238e-05
1609480,1609743,worker,/pscratch/sd/s/satt/sprints/data/converted_10M/mc_normalized_rntuple_10M_30.h5,19,0,1,2,0,3,22,0.13636363636363635,13.636363636363637,1.0,2.0,3.0,52.63157894736842,105.26315789473684,157.89473684210526,0.0001380443572998047,4.601478576660156e-05,321.16623044013977,4.2982214260391846e-07,4.298221426039184e-05
1609480,1609744,worker,/pscratch/sd/s/satt/sprints/a_star_campaign/h5/h5_tr_210.py,0,0,0,3,0,3,3,1.0,100.0,0.0,3.0,3.0,,,,5.698204040527344e-05,1.899401346842448e-05,321.1633126735687,1.7742387799813904e-07,1.7742387799813902e-05
1609480,1609744,worker,/pscratch/sd/s/satt/sprints/data/converted_10M/mc_normalized_rntuple_10M_30.h5,17,0,1,2,0,3,20,0.15,15.0,1.0,2.0,3.0,58.8235294117647,117.6470588235294,176.47058823529412,0.00015735626220703125,5.245208740234375e-05,321.1633126735687,4.899571526308442e-07,4.899571526308442e-05
1609480,1609745,worker,/pscratch/sd/s/satt/sprints/a_star_campaign/h5/h5_tr_210.py,0,0,0,3,0,3,3,1.0,100.0,0.0,3.0,3.0,,,,5.817413330078125e-05,1.9391377766927082e-05,321.1264097690582,1.8115649018907492e-07,1.8115649018907494e-05
1609480,1609745,worker,/pscratch/sd/s/satt/sprints/data/converted_10M/mc_normalized_rntuple_10M_30.h5,17,0,1,2,0,3,20,0.15,15.0,1.0,2.0,3.0,58.8235294117647,117.6470588235294,176.47058823529412,0.00010538101196289062,3.512700398763021e-05,321.1264097690582,3.281605273097177e-07,3.281605273097177e-05
1609480,1609746,worker,/pscratch/sd/s/satt/sprints/a_star_campaign/h5/h5_tr_210.py,0,0,0,3,0,3,3,1.0,100.0,0.0,3.0,3.0,,,,5.793571472167969e-05,1.9311904907226562e-05,321.145711183548,1.8040320235996253e-07,1.8040320235996253e-05
1609480,1609746,worker,/pscratch/sd/s/satt/sprints/data/converted_10M/mc_normalized_rntuple_10M_30.h5,19,0,1,2,0,3,22,0.13636363636363635,13.636363636363637,1.0,2.0,3.0,52.63157894736842,105.26315789473684,157.89473684210526,0.00011897087097167969,3.96569569905599e-05,321.145711183548,3.704576048461782e-07,3.704576048461782e-05
1609480,1609747,worker,/pscratch/sd/s/satt/sprints/a_star_campaign/h5/h5_tr_210.py,0,0,0,3,0,3,3,1.0,100.0,0.0,3.0,3.0,,,,5.936622619628906e-05,1.9788742065429688e-05,321.12511825561523,1.8486945686084144e-07,1.848694568608414e-05
1609480,1609747,worker,/pscratch/sd/s/satt/sprints/data/converted_10M/mc_normalized_rntuple_10M_30.h5,17,0,1,2,0,3,20,0.15,15.0,1.0,2.0,3.0,58.8235294117647,117.6470588235294,176.47058823529412,8.7738037109375e-05,2.9246012369791668e-05,321.12511825561523,2.732207233927295e-07,2.732207233927295e-05
1609480,1609748,worker,/pscratch/sd/s/satt/sprints/a_star_campaign/h5/h5_tr_210.py,0,0,0,3,0,3,3,1.0,100.0,0.0,3.0,3.0,,,,5.8650970458984375e-05,1.9550323486328125e-05,321.1356613636017,1.8263611773896882e-07,1.8263611773896883e-05
1609480,1609748,worker,/pscratch/sd/s/satt/sprints/data/converted_10M/mc_normalized_rntuple_10M_30.h5,17,0,1,2,0,3,20,0.15,15.0,1.0,2.0,3.0,58.8235294117647,117.6470588235294,176.47058823529412,7.748603820800781e-05,2.582867940266927e-05,321.1356613636017,2.412875539234344e-07,2.412875539234344e-05
1609480,1609749,worker,/pscratch/sd/s/satt/sprints/a_star_campaign/h5/h5_tr_210.py,0,0,0,3,0,3,3,1.0,100.0,0.0,3.0,3.0,,,,6.961822509765625e-05,2.3206075032552082e-05,321.1124188899994,2.1680327823603964e-07,2.1680327823603965e-05
1609480,1609749,worker,/pscratch/sd/s/satt/sprints/data/converted_10M/mc_normalized_rntuple_10M_30.h5,19,0,1,2,0,3,22,0.13636363636363635,13.636363636363637,1.0,2.0,3.0,52.63157894736842,105.26315789473684,157.89473684210526,8.368492126464844e-05,2.7894973754882812e-05,321.1124188899994,2.6060942007140383e-07,2.606094200714038e-05
1609480,1609750,worker,/pscratch/sd/s/satt/sprints/a_star_campaign/h5/h5_tr_210.py,0,0,0,3,0,3,3,1.0,100.0,0.0,3.0,3.0,,,,6.985664367675781e-05,2.3285547892252605e-05,321.1110005378723,2.175467161191783e-07,2.175467161191783e-05
1609480,1609750,worker,/pscratch/sd/s/satt/sprints/data/converted_10M/mc_normalized_rntuple_10M_30.h5,17,0,1,2,0,3,20,0.15,15.0,1.0,2.0,3.0,58.8235294117647,117.6470588235294,176.47058823529412,8.225440979003906e-05,2.7418136596679688e-05,321.1110005378723,2.5615568962838396e-07,2.56155689628384e-05
1609480,1609751,worker,/pscratch/sd/s/satt/sprints/a_star_campaign/h5/h5_tr_210.py,0,0,0,3,0,3,3,1.0,100.0,0.0,3.0,3.0,,,,6.437301635742188e-05,2.1457672119140625e-05,321.11463165283203,2.0046740326369724e-07,2.0046740326369725e-05
1609480,1609751,worker,/pscratch/sd/s/satt/sprints/data/converted_10M/mc_normalized_rntuple_10M_30.h5,17,0,1,2,0,3,20,0.15,15.0,1.0,2.0,3.0,58.8235294117647,117.6470588235294,176.47058823529412,8.225440979003906e-05,2.7418136596679688e-05,321.11463165283203,2.561527930591687e-07,2.561527930591687e-05
1609480,1609752,worker,/pscratch/sd/s/satt/sprints/a_star_campaign/h5/h5_tr_210.py,0,0,0,3,0,3,3,1.0,100.0,0.0,3.0,3.0,,,,6.246566772460938e-05,2.0821889241536457e-05,321.106032371521,1.9453283783948456e-07,1.9453283783948457e-05
1609480,1609752,worker,/pscratch/sd/s/satt/sprints/data/converted_10M/mc_normalized_rntuple_10M_30.h5,19,0,1,2,0,3,22,0.13636363636363635,13.636363636363637,1.0,2.0,3.0,52.63157894736842,105.26315789473684,157.89473684210526,0.00011134147644042969,3.711382548014323e-05,321.106032371521,3.4674364607266906e-07,3.4674364607266905e-05
1609480,1609753,worker,/pscratch/sd/s/satt/sprints/a_star_campaign/h5/h5_tr_210.py,0,0,0,3,0,3,3,1.0,100.0,0.0,3.0,3.0,,,,6.461143493652344e-05,2.1537144978841145e-05,321.1003351211548,2.0121883370861265e-07,2.0121883370861265e-05
1609480,1609753,worker,/pscratch/sd/s/satt/sprints/data/converted_10M/mc_normalized_rntuple_10M_30.h5,17,0,1,2,0,3,20,0.15,15.0,1.0,2.0,3.0,58.8235294117647,117.6470588235294,176.47058823529412,8.440017700195312e-05,2.8133392333984375e-05,321.1003351211548,2.6284674218763425e-07,2.6284674218763424e-05
1609480,1609754,worker,/pscratch/sd/s/satt/sprints/a_star_campaign/h5/h5_tr_210.py,0,0,0,3,0,3,3,1.0,100.0,0.0,3.0,3.0,,,,6.031990051269531e-05,2.010663350423177e-05,321.0965588092804,1.8785595440941216e-07,1.8785595440941217e-05
1609480,1609754,worker,/pscratch/sd/s/satt/sprints/data/converted_10M/mc_normalized_rntuple_10M_30.h5,17,0,1,2,0,3,20,0.15,15.0,1.0,2.0,3.0,58.8235294117647,117.6470588235294,176.47058823529412,9.012222290039062e-05,3.0040740966796875e-05,321.0965588092804,2.8067016113343007e-07,2.8067016113343005e-05
1609480,1609755,worker,/pscratch/sd/s/satt/sprints/a_star_campaign/h5/h5_tr_210.py,0,0,0,3,0,3,3,1.0,100.0,0.0,3.0,3.0,,,,6.031990051269531e-05,2.010663350423177e-05,321.08797097206116,1.8786097881550327e-07,1.8786097881550327e-05
1609480,1609755,worker,/pscratch/sd/s/satt/sprints/data/converted_10M/mc_normalized_rntuple_10M_30.h5,19,0,1,2,0,3,22,0.13636363636363635,13.636363636363637,1.0,2.0,3.0,52.63157894736842,105.26315789473684,157.89473684210526,8.177757263183594e-05,2.7259190877278645e-05,321.08797097206116,2.546889949949313e-07,2.5468899499493133e-05
1609480,1609756,worker,/pscratch/sd/s/satt/sprints/a_star_campaign/h5/h5_tr_210.py,0,0,0,3,0,3,3,1.0,100.0,0.0,3.0,3.0,,,,6.127357482910156e-05,2.0424524943033855e-05,321.0806772708893,1.908354478068024e-07,1.908354478068024e-05
1609480,1609756,worker,/pscratch/sd/s/satt/sprints/data/converted_10M/mc_normalized_rntuple_10M_30.h5,17,0,1,2,0,3,20,0.15,15.0,1.0,2.0,3.0,58.8235294117647,117.6470588235294,176.47058823529412,9.250640869140625e-05,3.0835469563802086e-05,321.0806772708893,2.881095476616317e-07,2.8810954766163168e-05
1609480,1609757,worker,/pscratch/sd/s/satt/sprints/a_star_campaign/h5/h5_tr_210.py,0,0,0,3,0,3,3,1.0,100.0,0.0,3.0,3.0,,,,6.461143493652344e-05,2.1537144978841145e-05,321.0493862628937,2.0125076608499068e-07,2.012507660849907e-05
1609480,1609757,worker,/pscratch/sd/s/satt/sprints/data/converted_10M/mc_normalized_rntuple_10M_30.h5,21,0,1,2,0,3,24,0.125,12.5,1.0,2.0,3.0,47.61904761904762,95.23809523809524,142.85714285714286,0.00011539459228515625,3.8464864095052086e-05,321.0493862628937,3.594294124912749e-07,3.594294124912749e-05
1609480,1609758,worker,/pscratch/sd/s/satt/sprints/a_star_campaign/h5/h5_tr_210.py,0,0,0,3,0,3,3,1.0,100.0,0.0,3.0,3.0,,,,6.079673767089844e-05,2.0265579223632812e-05,321.07429003715515,1.8935411385278764e-07,1.8935411385278765e-05
1609480,1609758,worker,/pscratch/sd/s/satt/sprints/data/converted_10M/mc_normalized_rntuple_10M_30.h5,17,0,1,2,0,3,20,0.15,15.0,1.0,2.0,3.0,58.8235294117647,117.6470588235294,176.47058823529412,8.082389831542969e-05,2.6941299438476562e-05,321.07429003715515,2.51729586651353e-07,2.5172958665135298e-05
1609480,1609759,worker,/pscratch/sd/s/satt/sprints/a_star_campaign/h5/h5_tr_210.py,0,0,0,3,0,3,3,1.0,100.0,0.0,3.0,3.0,,,,6.079673767089844e-05,2.0265579223632812e-05,321.06208205223083,1.8936131380661743e-07,1.8936131380661744e-05
1609480,1609759,worker,/pscratch/sd/s/satt/sprints/data/converted_10M/mc_normalized_rntuple_10M_30.h5,17,0,1,2,0,3,20,0.15,15.0,1.0,2.0,3.0,58.8235294117647,117.6470588235294,176.47058823529412,0.00010013580322265625,3.337860107421875e-05,321.06208205223083,3.118892227403111e-07,3.1188922274031105e-05
1609480,1609760,worker,/pscratch/sd/s/satt/sprints/a_star_campaign/h5/h5_tr_210.py,0,0,0,3,0,3,3,1.0,100.0,0.0,3.0,3.0,,,,6.318092346191406e-05,2.106030782063802e-05,321.0545904636383,1.9679183957679543e-07,1.9679183957679543e-05
1609480,1609760,worker,/pscratch/sd/s/satt/sprints/data/converted_10M/mc_normalized_rntuple_10M_30.h5,19,0,1,2,0,3,22,0.13636363636363635,13.636363636363637,1.0,2.0,3.0,52.63157894736842,105.26315789473684,157.89473684210526,7.2479248046875e-05,2.4159749348958332e-05,321.0545904636383,2.2575365747677663e-07,2.2575365747677665e-05
1609480,1609761,worker,/pscratch/sd/s/satt/sprints/a_star_campaign/h5/h5_tr_210.py,0,0,0,3,0,3,3,1.0,100.0,0.0,3.0,3.0,,,,6.341934204101562e-05,2.1139780680338543e-05,321.04869747161865,1.975380761251088e-07,1.975380761251088e-05
1609480,1609761,worker,/pscratch/sd/s/satt/sprints/data/converted_10M/mc_normalized_rntuple_10M_30.h5,17,0,1,2,0,3,20,0.15,15.0,1.0,2.0,3.0,58.8235294117647,117.6470588235294,176.47058823529412,7.677078247070312e-05,2.5590260823567707e-05,321.04869747161865,2.3912503951986854e-07,2.391250395198685e-05
1609480,1609762,worker,/pscratch/sd/s/satt/sprints/a_star_campaign/h5/h5_tr_210.py,0,0,0,3,0,3,3,1.0,100.0,0.0,3.0,3.0,,,,5.626678466796875e-05,1.8755594889322918e-05,321.0421516895294,1.7526291912715166e-07,1.7526291912715166e-05
1609480,1609762,worker,/pscratch/sd/s/satt/sprints/data/converted_10M/mc_normalized_rntuple_10M_30.h5,17,0,1,2,0,3,20,0.15,15.0,1.0,2.0,3.0,58.8235294117647,117.6470588235294,176.47058823529412,9.751319885253906e-05,3.250439961751302e-05,321.0421516895294,3.0373955052120775e-07,3.0373955052120774e-05
1609480,1609763,worker,/pscratch/sd/s/satt/sprints/a_star_campaign/h5/h5_tr_210.py,0,0,0,3,0,3,3,1.0,100.0,0.0,3.0,3.0,,,,6.198883056640625e-05,2.0662943522135418e-05,321.0386161804199,1.9308839324042333e-07,1.930883932404233e-05
1609480,1609763,worker,/pscratch/sd/s/satt/sprints/data/converted_10M/mc_normalized_rntuple_10M_30.h5,19,0,1,2,0,3,22,0.13636363636363635,13.636363636363637,1.0,2.0,3.0,52.63157894736842,105.26315789473684,157.89473684210526,7.843971252441406e-05,2.6146570841471355e-05,321.0386161804199,2.443310822157664e-07,2.4433108221576643e-05
1609480,1609764,worker,/pscratch/sd/s/satt/sprints/a_star_campaign/h5/h5_tr_210.py,0,0,0,3,0,3,3,1.0,100.0,0.0,3.0,3.0,,,,5.6743621826171875e-05,1.8914540608723957e-05,321.0222997665405,1.767591281585048e-07,1.7675912815850477e-05
1609480,1609764,worker,/pscratch/sd/s/satt/sprints/data/converted_10M/mc_normalized_rntuple_10M_30.h5,17,0,1,2,0,3,20,0.15,15.0,1.0,2.0,3.0,58.8235294117647,117.6470588235294,176.47058823529412,0.0001277923583984375,4.2597452799479164e-05,321.0222997665405,3.9807938106285107e-07,3.980793810628511e-05
1609480,1609765,worker,/pscratch/sd/s/satt/sprints/a_star_campaign/h5/h5_tr_210.py,0,0,0,3,0,3,3,1.0,100.0,0.0,3.0,3.0,,,,5.984306335449219e-05,1.994768778483073e-05,321.0253565311432,1.8641226350818402e-07,1.8641226350818402e-05
1609480,1609765,worker,/pscratch/sd/s/satt/sprints/data/converted_10M/mc_normalized_rntuple_10M_30.h5,17,0,1,2,0,3,20,0.15,15.0,1.0,2.0,3.0,58.8235294117647,117.6470588235294,176.47058823529412,0.0005574226379394531,0.00018580754597981772,321.0253565311432,1.7363819604865906e-06,0.00017363819604865907
1609480,1609766,worker,/pscratch/sd/s/satt/sprints/a_star_campaign/h5/h5_tr_210.py,0,0,0,3,0,3,3,1.0,100.0,0.0,3.0,3.0,,,,6.508827209472656e-05,2.1696090698242188e-05,321.01849341392517,2.0275552166024575e-07,2.0275552166024575e-05
1609480,1609766,worker,/pscratch/sd/s/satt/sprints/data/converted_10M/mc_normalized_rntuple_10M_30.h5,19,0,1,2,0,3,22,0.13636363636363635,13.636363636363637,1.0,2.0,3.0,52.63157894736842,105.26315789473684,157.89473684210526,0.0001239776611328125,4.1325887044270836e-05,321.01849341392517,3.862009936385633e-07,3.8620099363856335e-05
1609480,1609767,worker,/pscratch/sd/s/satt/sprints/a_star_campaign/h5/h5_tr_210.py,0,0,0,3,0,3,3,1.0,100.0,0.0,3.0,3.0,,,,6.842613220214844e-05,2.280871073404948e-05,320.9830849170685,2.1317675422001603e-07,2.1317675422001602e-05
1609480,1609767,worker,/pscratch/sd/s/satt/sprints/data/converted_10M/mc_normalized_rntuple_10M_30.h5,17,0,1,2,0,3,20,0.15,15.0,1.0,2.0,3.0,58.8235294117647,117.6470588235294,176.47058823529412,8.678436279296875e-05,2.8928120930989582e-05,320.9830849170685,2.7037051754733737e-07,2.7037051754733737e-05
1609480,1609768,worker,/pscratch/sd/s/satt/sprints/a_star_campaign/h5/h5_tr_210.py,0,0,0,3,0,3,3,1.0,100.0,0.0,3.0,3.0,,,,5.888938903808594e-05,1.9629796346028645e-05,320.97996616363525,1.8346749095257922e-07,1.8346749095257924e-05
1609480,1609768,worker,/pscratch/sd/s/satt/sprints/data/converted_10M/mc_normalized_rntuple_10M_30.h5,17,0,1,2,0,3,20,0.15,15.0,1.0,2.0,3.0,58.8235294117647,117.6470588235294,176.47058823529412,0.0003108978271484375,0.00010363260904947917,320.97996616363525,9.685895068913495e-07,9.685895068913495e-05
1609480,1609769,worker,/pscratch/sd/s/satt/sprints/a_star_campaign/h5/h5_tr_210.py,0,0,0,3,0,3,3,1.0,100.0,0.0,3.0,3.0,,,,6.413459777832031e-05,2.1378199259440105e-05,320.9748685359955,1.9981189826744328e-07,1.9981189826744327e-05
1609480,1609769,worker,/pscratch/sd/s/satt/sprints/data/converted_10M/mc_normalized_rntuple_10M_30.h5,19,0,1,2,0,3,22,0.13636363636363635,13.636363636363637,1.0,2.0,3.0,52.63157894736842,105.26315789473684,157.89473684210526,0.0008711814880371094,0.0002903938293457031,320.9748685359955,2.7141735177295086e-06,0.00027141735177295086
1609480,1609770,worker,/pscratch/sd/s/satt/sprints/a_star_campaign/h5/h5_tr_210.py,0,0,0,3,0,3,3,1.0,100.0,0.0,3.0,3.0,,,,5.817413330078125e-05,1.9391377766927082e-05,320.9729027748108,1.8124312924195737e-07,1.8124312924195736e-05
1609480,1609770,worker,/pscratch/sd/s/satt/sprints/data/converted_10M/mc_normalized_rntuple_10M_30.h5,17,0,1,2,0,3,20,0.15,15.0,1.0,2.0,3.0,58.8235294117647,117.6470588235294,176.47058823529412,0.0012707710266113281,0.00042359034220377606,320.9729027748108,3.959122454342757e-06,0.0003959122454342757
1609480,1609771,worker,/pscratch/sd/s/satt/sprints/a_star_campaign/h5/h5_tr_210.py,0,0,0,3,0,3,3,1.0,100.0,0.0,3.0,3.0,,,,5.6743621826171875e-05,1.8914540608723957e-05,320.99024963378906,1.7677677714793352e-07,1.7677677714793353e-05
1609480,1609771,worker,/pscratch/sd/s/satt/sprints/data/converted_10M/mc_normalized_rntuple_10M_30.h5,17,0,1,2,0,3,20,0.15,15.0,1.0,2.0,3.0,58.8235294117647,117.6470588235294,176.47058823529412,0.0016493797302246094,0.0005497932434082031,320.99024963378906,5.1384106903756475e-06,0.0005138410690375647
1609480,1609772,worker,/pscratch/sd/s/satt/sprints/a_star_campaign/h5/h5_tr_210.py,0,0,0,3,0,3,3,1.0,100.0,0.0,3.0,3.0,,,,5.745887756347656e-05,1.915295918782552e-05,320.9498507976532,1.790275877077825e-07,1.790275877077825e-05
1609480,1609772,worker,/pscratch/sd/s/satt/sprints/data/converted_10M/mc_normalized_rntuple_10M_30.h5,19,0,1,2,0,3,22,0.13636363636363635,13.636363636363637,1.0,2.0,3.0,52.63157894736842,105.26315789473684,157.89473684210526,0.000865936279296875,0.0002886454264322917,320.9498507976532,2.698042317654216e-06,0.0002698042317654216
1609480,1609773,worker,/pscratch/sd/s/satt/sprints/a_star_campaign/h5/h5_tr_210.py,0,0,0,3,0,3,3,1.0,100.0,0.0,3.0,3.0,,,,5.602836608886719e-05,1.8676122029622395e-05,320.9717195034027,1.7455857536468478e-07,1.745585753646848e-05
1609480,1609773,worker,/pscratch/sd/s/satt/sprints/data/converted_10M/mc_normalized_rntuple_10M_30.h5,17,0,1,2,0,3,20,0.15,15.0,1.0,2.0,3.0,58.8235294117647,117.6470588235294,176.47058823529412,0.0014214515686035156,0.0004738171895345052,320.9717195034027,4.428588197124471e-06,0.0004428588197124471
1609480,1609774,worker,/pscratch/sd/s/satt/sprints/a_star_campaign/h5/h5_tr_210.py,0,0,0,3,0,3,3,1.0,100.0,0.0,3.0,3.0,,,,5.936622619628906e-05,1.9788742065429688e-05,320.96459579467773,1.8496191472241337e-07,1.849619147224134e-05
1609480,1609774,worker,/pscratch/sd/s/satt/sprints/data/converted_10M/mc_normalized_rntuple_10M_30.h5,17,0,1,2,0,3,20,0.15,15.0,1.0,2.0,3.0,58.8235294117647,117.6470588235294,176.47058823529412,0.002964496612548828,0.0009881655375162761,320.96459579467773,9.236210633166619e-06,0.0009236210633166618
1609480,1609775,worker,/pscratch/sd/s/satt/sprints/a_star_campaign/h5/h5_tr_210.py,0,0,0,3,0,3,3,1.0,100.0,0.0,3.0,3.0,,,,6.127357482910156e-05,2.0424524943033855e-05,320.96924209594727,1.909017026958149e-07,1.909017026958149e-05
1609480,1609775,worker,/pscratch/sd/s/satt/sprints/data/converted_10M/mc_normalized_rntuple_10M_30.h5,19,0,1,2,0,3,22,0.13636363636363635,13.636363636363637,1.0,2.0,3.0,52.63157894736842,105.26315789473684,157.89473684210526,0.0032644271850585938,0.0010881423950195312,320.96924209594727,1.017052962377859e-05,0.001017052962377859
1609480,1609776,worker,/pscratch/sd/s/satt/sprints/a_star_campaign/h5/h5_tr_210.py,0,0,0,3,0,3,3,1.0,100.0,0.0,3.0,3.0,,,,5.7220458984375e-05,1.9073486328125e-05,320.95243549346924,1.7828329888320579e-07,1.7828329888320578e-05
1609480,1609776,worker,/pscratch/sd/s/satt/sprints/data/converted_10M/mc_normalized_rntuple_10M_30.h5,17,0,1,2,0,3,20,0.15,15.0,1.0,2.0,3.0,58.8235294117647,117.6470588235294,176.47058823529412,0.0030128955841064453,0.0010042985280354817,320.95243549346924,9.387358533279464e-06,0.0009387358533279464
1609480,1609777,worker,/pscratch/sd/s/satt/sprints/a_star_campaign/h5/h5_tr_210.py,0,0,0,3,0,3,3,1.0,100.0,0.0,3.0,3.0,,,,5.888938903808594e-05,1.9629796346028645e-05,320.94591188430786,1.834869579498303e-07,1.834869579498303e-05
1609480,1609777,worker,/pscratch/sd/s/satt/sprints/data/converted_10M/mc_normalized_rntuple_10M_30.h5,17,0,1,2,0,3,20,0.15,15.0,1.0,2.0,3.0,58.8235294117647,117.6470588235294,176.47058823529412,0.007718563079833984,0.0025728543599446616,320.94591188430786,2.4049420148452656e-05,0.002404942014845266
1609480,1609778,worker,/pscratch/sd/s/satt/sprints/a_star_campaign/h5/h5_tr_210.py,0,0,0,3,0,3,3,1.0,100.0,0.0,3.0,3.0,,,,5.841255187988281e-05,1.9470850626627605e-05,320.939790725708,1.8200470483202017e-07,1.8200470483202018e-05
1609480,1609778,worker,/pscratch/sd/s/satt/sprints/data/converted_10M/mc_normalized_rntuple_10M_30.h5,19,0,1,2,0,3,22,0.13636363636363635,13.636363636363637,1.0,2.0,3.0,52.63157894736842,105.26315789473684,157.89473684210526,0.005590200424194336,0.001863400141398112,320.939790725708,1.7418221690597457e-05,0.0017418221690597457
1609480,1609779,worker,/pscratch/sd/s/satt/sprints/a_star_campaign/h5/h5_tr_210.py,0,0,0,3,0,3,3,1.0,100.0,0.0,3.0,3.0,,,,6.175041198730469e-05,2.0583470662434895e-05,320.922563791275,1.924153018653639e-07,1.924153018653639e-05
1609480,1609779,worker,/pscratch/sd/s/satt/sprints/data/converted_10M/mc_normalized_rntuple_10M_30.h5,17,0,1,2,0,3,20,0.15,15.0,1.0,2.0,3.0,58.8235294117647,117.6470588235294,176.47058823529412,0.004991054534912109,0.0016636848449707031,320.922563791275,1.555220822104065e-05,0.001555220822104065
1609480,1609780,worker,/pscratch/sd/s/satt/sprints/a_star_campaign/h5/h5_tr_210.py,0,0,0,3,0,3,3,1.0,100.0,0.0,3.0,3.0,,,,5.745887756347656e-05,1.915295918782552e-05,320.93210315704346,1.790374879865474e-07,1.7903748798654742e-05
1609480,1609780,worker,/pscratch/sd/s/satt/sprints/data/converted_10M/mc_normalized_rntuple_10M_30.h5,17,0,1,2,0,3,20,0.15,15.0,1.0,2.0,3.0,58.8235294117647,117.6470588235294,176.47058823529412,0.0038056373596191406,0.0012685457865397136,320.93210315704346,1.1858076279009417e-05,0.0011858076279009418
1609480,1609781,worker,/pscratch/sd/s/satt/sprints/a_star_campaign/h5/h5_tr_210.py,0,0,0,3,0,3,3,1.0,100.0,0.0,3.0,3.0,,,,5.888938903808594e-05,1.9629796346028645e-05,320.9237096309662,1.8349965200702532e-07,1.8349965200702532e-05
1609480,1609781,worker,/pscratch/sd/s/satt/sprints/data/converted_10M/mc_normalized_rntuple_10M_30.h5,19,0,1,2,0,3,22,0.13636363636363635,13.636363636363637,1.0,2.0,3.0,52.63157894736842,105.26315789473684,157.89473684210526,0.003728151321411133,0.0012427171071370442,320.9237096309662,1.1616939507829373e-05,0.0011616939507829373
1609480,1609782,worker,/pscratch/sd/s/satt/sprints/a_star_campaign/h5/h5_tr_210.py,0,0,0,3,0,3,3,1.0,100.0,0.0,3.0,3.0,,,,6.341934204101562e-05,2.1139780680338543e-05,320.91546988487244,1.9762008376775088e-07,1.9762008376775088e-05
1609480,1609782,worker,/pscratch/sd/s/satt/sprints/data/converted_10M/mc_normalized_rntuple_10M_30.h5,17,0,1,2,0,3,20,0.15,15.0,1.0,2.0,3.0,58.8235294117647,117.6470588235294,176.47058823529412,0.00441288948059082,0.0014709631601969402,320.91546988487244,1.3750940340065041e-05,0.001375094034006504
1609480,1609783,worker,/pscratch/sd/s/satt/sprints/a_star_campaign/h5/h5_tr_210.py,0,0,0,3,0,3,3,1.0,100.0,0.0,3.0,3.0,,,,5.841255187988281e-05,1.9470850626627605e-05,320.8917510509491,1.820319521725831e-07,1.820319521725831e-05
1609480,1609783,worker,/pscratch/sd/s/satt/sprints/data/converted_10M/mc_normalized_rntuple_10M_30.h5,17,0,1,2,0,3,20,0.15,15.0,1.0,2.0,3.0,58.8235294117647,117.6470588235294,176.47058823529412,0.004088878631591797,0.0013629595438639324,320.8917510509491,1.2742236652080818e-05,0.0012742236652080819
1609480,1609784,worker,/pscratch/sd/s/satt/sprints/a_star_campaign/h5/h5_tr_210.py,0,0,0,3,0,3,3,1.0,100.0,0.0,3.0,3.0,,,,6.008148193359375e-05,2.002716064453125e-05,320.90028142929077,1.87227887946968e-07,1.87227887946968e-05
1609480,1609784,worker,/pscratch/sd/s/satt/sprints/data/converted_10M/mc_normalized_rntuple_10M_30.h5,19,0,1,2,0,3,22,0.13636363636363635,13.636363636363637,1.0,2.0,3.0,52.63157894736842,105.26315789473684,157.89473684210526,0.004898548126220703,0.0016328493754069011,320.90028142929077,1.52650166101524e-05,0.00152650166101524
1609480,1609785,worker,/pscratch/sd/s/satt/sprints/a_star_campaign/h5/h5_tr_210.py,0,0,0,3,0,3,3,1.0,100.0,0.0,3.0,3.0,,,,5.984306335449219e-05,1.994768778483073e-05,320.89073872566223,1.8649046585808002e-07,1.8649046585808003e-05
1609480,1609785,worker,/pscratch/sd/s/satt/sprints/data/converted_10M/mc_normalized_rntuple_10M_30.h5,17,0,1,2,0,3,20,0.15,15.0,1.0,2.0,3.0,58.8235294117647,117.6470588235294,176.47058823529412,0.004903078079223633,0.001634359359741211,320.89073872566223,1.5279587371997673e-05,0.0015279587371997672
1609480,1609786,worker,/pscratch/sd/s/satt/sprints/a_star_campaign/h5/h5_tr_210.py,0,0,0,3,0,3,3,1.0,100.0,0.0,3.0,3.0,,,,5.8650970458984375e-05,1.9550323486328125e-05,320.88500475883484,1.8277878239609312e-07,1.827787823960931e-05
1609480,1609786,worker,/pscratch/sd/s/satt/sprints/data/converted_10M/mc_normalized_rntuple_10M_30.h5,17,0,1,2,0,3,20,0.15,15.0,1.0,2.0,3.0,58.8235294117647,117.6470588235294,176.47058823529412,0.0063936710357666016,0.002131223678588867,320.88500475883484,1.9925116290715565e-05,0.0019925116290715563
1609480,1609787,worker,/pscratch/sd/s/satt/sprints/a_star_campaign/h5/h5_tr_210.py,0,0,0,3,0,3,3,1.0,100.0,0.0,3.0,3.0,,,,6.222724914550781e-05,2.0742416381835938e-05,320.85450530052185,1.9394226391561472e-07,1.9394226391561474e-05
1609480,1609787,worker,/pscratch/sd/s/satt/sprints/data/converted_10M/mc_normalized_rntuple_10M_30.h5,19,0,1,2,0,3,22,0.13636363636363635,13.636363636363637,1.0,2.0,3.0,52.63157894736842,105.26315789473684,157.89473684210526,0.0048809051513671875,0.0016269683837890625,320.85450530052185,1.521220699954201e-05,0.001521220699954201
1609480,1609788,worker,/pscratch/sd/s/satt/sprints/a_star_campaign/h5/h5_tr_210.py,0,0,0,3,0,3,3,1.0,100.0,0.0,3.0,3.0,,,,5.91278076171875e-05,1.9709269205729168e-05,320.8424508571625,1.8428922812184513e-07,1.8428922812184513e-05
1609480,1609788,worker,/pscratch/sd/s/satt/sprints/data/converted_10M/mc_normalized_rntuple_10M_30.h5,17,0,1,2,0,3,20,0.15,15.0,1.0,2.0,3.0,58.8235294117647,117.6470588235294,176.47058823529412,0.008845806121826172,0.002948602040608724,320.8424508571625,2.757056024909959e-05,0.002757056024909959
1609480,1609789,worker,/pscratch/sd/s/satt/sprints/a_star_campaign/h5/h5_tr_210.py,0,0,0,3,0,3,3,1.0,100.0,0.0,3.0,3.0,,,,5.745887756347656e-05,1.915295918782552e-05,320.8657371997833,1.7907451903379906e-07,1.7907451903379903e-05
1609480,1609789,worker,/pscratch/sd/s/satt/sprints/data/converted_10M/mc_normalized_rntuple_10M_30.h5,17,0,1,2,0,3,20,0.15,15.0,1.0,2.0,3.0,58.8235294117647,117.6470588235294,176.47058823529412,0.00628352165222168,0.0020945072174072266,320.8657371997833,1.958302468521068e-05,0.001958302468521068
1609480,1609790,worker,/pscratch/sd/s/satt/sprints/a_star_campaign/h5/h5_tr_210.py,0,0,0,3,0,3,3,1.0,100.0,0.0,3.0,3.0,,,,5.8650970458984375e-05,1.9550323486328125e-05,320.85821437835693,1.827940436950228e-07,1.827940436950228e-05
1609480,1609790,worker,/pscratch/sd/s/satt/sprints/data/converted_10M/mc_normalized_rntuple_10M_30.h5,19,0,1,2,0,3,22,0.13636363636363635,13.636363636363637,1.0,2.0,3.0,52.63157894736842,105.26315789473684,157.89473684210526,0.007575511932373047,0.002525170644124349,320.85821437835693,2.361015424538884e-05,0.0023610154245388842
1609480,1609791,worker,/pscratch/sd/s/satt/sprints/a_star_campaign/h5/h5_tr_210.py,0,0,0,3,0,3,3,1.0,100.0,0.0,3.0,3.0,,,,5.817413330078125e-05,1.9391377766927082e-05,320.85920810699463,1.8130735173223497e-07,1.8130735173223498e-05
1609480,1609791,worker,/pscratch/sd/s/satt/sprints/data/converted_10M/mc_normalized_rntuple_10M_30.h5,17,0,1,2,0,3,20,0.15,15.0,1.0,2.0,3.0,58.8235294117647,117.6470588235294,176.47058823529412,0.005828380584716797,0.0019427935282389324,320.85920810699463,1.8164916067402525e-05,0.0018164916067402524
1609480,1609792,worker,/pscratch/sd/s/satt/sprints/a_star_campaign/h5/h5_tr_210.py,0,0,0,3,0,3,3,1.0,100.0,0.0,3.0,3.0,,,,5.7220458984375e-05,1.9073486328125e-05,320.8484842777252,1.7834106061989431e-07,1.783410606198943e-05
1609480,1609792,worker,/pscratch/sd/s/satt/sprints/data/converted_10M/mc_normalized_rntuple_10M_30.h5,17,0,1,2,0,3,20,0.15,15.0,1.0,2.0,3.0,58.8235294117647,117.6470588235294,176.47058823529412,0.009091854095458984,0.0030306180318196616,320.8484842777252,2.833690835699604e-05,0.002833690835699604
1609480,1609793,worker,/pscratch/sd/s/satt/sprints/a_star_campaign/h5/h5_tr_210.py,0,0,0,3,0,3,3,1.0,100.0,0.0,3.0,3.0,,,,6.437301635742188e-05,2.1457672119140625e-05,320.8434262275696,2.0063685615850216e-07,2.0063685615850217e-05
1609480,1609793,worker,/pscratch/sd/s/satt/sprints/data/converted_10M/mc_normalized_rntuple_10M_30.h5,19,0,1,2,0,3,22,0.13636363636363635,13.636363636363637,1.0,2.0,3.0,52.63157894736842,105.26315789473684,157.89473684210526,0.006681203842163086,0.0022270679473876953,320.8434262275696,2.0823876370850764e-05,0.0020823876370850763
1609480,1609794,worker,/pscratch/sd/s/satt/sprints/a_star_campaign/h5/h5_tr_210.py,0,0,0,3,0,3,3,1.0,100.0,0.0,3.0,3.0,,,,5.8650970458984375e-05,1.9550323486328125e-05,320.8013310432434,1.8282645607563995e-07,1.8282645607563997e-05
1609480,1609794,worker,/pscratch/sd/s/satt/sprints/data/converted_10M/mc_normalized_rntuple_10M_30.h5,17,0,1,2,0,3,20,0.15,15.0,1.0,2.0,3.0,58.8235294117647,117.6470588235294,176.47058823529412,0.006127357482910156,0.0020424524943033853,320.8013310432434,1.9100162281072955e-05,0.0019100162281072955
1609480,1609795,worker,/pscratch/sd/s/satt/sprints/a_star_campaign/h5/h5_tr_210.py,0,0,0,3,0,3,3,1.0,100.0,0.0,3.0,3.0,,,,5.745887756347656e-05,1.915295918782552e-05,320.815146446228,1.791027580834849e-07,1.791027580834849e-05
1609480,1609795,worker,/pscratch/sd/s/satt/sprints/data/converted_10M/mc_normalized_rntuple_10M_30.h5,17,0,1,2,0,3,20,0.15,15.0,1.0,2.0,3.0,58.8235294117647,117.6470588235294,176.47058823529412,0.007407665252685547,0.002469221750895182,320.815146446228,2.309013565831484e-05,0.002309013565831484
1609480,1609796,worker,/pscratch/sd/s/satt/sprints/a_star_campaign/h5/h5_tr_210.py,0,0,0,3,0,3,3,1.0,100.0,0.0,3.0,3.0,,,,5.9604644775390625e-05,1.9868214925130207e-05,320.79377579689026,1.858036198717557e-07,1.858036198717557e-05
1609480,1609796,worker,/pscratch/sd/s/satt/sprints/data/converted_10M/mc_normalized_rntuple_10M_30.h5,19,0,1,2,0,3,22,0.13636363636363635,13.636363636363637,1.0,2.0,3.0,52.63157894736842,105.26315789473684,157.89473684210526,0.007203578948974609,0.0024011929829915366,320.79377579689026,2.245548228322091e-05,0.002245548228322091
1609480,1609797,worker,/pscratch/sd/s/satt/sprints/a_star_campaign/h5/h5_tr_210.py,0,0,0,3,0,3,3,1.0,100.0,0.0,3.0,3.0,,,,5.91278076171875e-05,1.9709269205729168e-05,320.81011414527893,1.843078039316786e-07,1.843078039316786e-05
1609480,1609797,worker,/pscratch/sd/s/satt/sprints/data/converted_10M/mc_normalized_rntuple_10M_30.h5,17,0,1,2,0,3,20,0.15,15.0,1.0,2.0,3.0,58.8235294117647,117.6470588235294,176.47058823529412,0.007670879364013672,0.002556959788004557,320.81011414527893,2.3910964853620272e-05,0.002391096485362027
1609480,1609798,worker,/pscratch/sd/s/satt/sprints/a_star_campaign/h5/h5_tr_210.py,0,0,0,3,0,3,3,1.0,100.0,0.0,3.0,3.0,,,,5.7220458984375e-05,1.9073486328125e-05,320.8059380054474,1.783647127610318e-07,1.783647127610318e-05
1609480,1609798,worker,/pscratch/sd/s/satt/sprints/data/converted_10M/mc_normalized_rntuple_10M_30.h5,17,0,1,2,0,3,20,0.15,15.0,1.0,2.0,3.0,58.8235294117647,117.6470588235294,176.47058823529412,0.007823705673217773,0.0026079018910725913,320.8059380054474,2.4387658538555246e-05,0.0024387658538555243
1609480,1609799,worker,/pscratch/sd/s/satt/sprints/a_star_campaign/h5/h5_tr_210.py,0,0,0,3,0,3,3,1.0,100.0,0.0,3.0,3.0,,,,6.008148193359375e-05,2.002716064453125e-05,320.8023798465729,1.872850256358084e-07,1.8728502563580843e-05
1609480,1609799,worker,/pscratch/sd/s/satt/sprints/data/converted_10M/mc_normalized_rntuple_10M_30.h5,19,0,1,2,0,3,22,0.13636363636363635,13.636363636363637,1.0,2.0,3.0,52.63157894736842,105.26315789473684,157.89473684210526,0.007501363754272461,0.002500454584757487,320.8023798465729,2.338313000626762e-05,0.002338313000626762
1609480,1609800,worker,/pscratch/sd/s/satt/sprints/a_star_campaign/h5/h5_tr_210.py,0,0,0,3,0,3,3,1.0,100.0,0.0,3.0,3.0,,,,5.888938903808594e-05,1.9629796346028645e-05,320.79273867607117,1.8357456992675585e-07,1.8357456992675585e-05
1609480,1609800,worker,/pscratch/sd/s/satt/sprints/data/converted_10M/mc_normalized_rntuple_10M_30.h5,19,0,1,2,0,3,22,0.13636363636363635,13.636363636363637,1.0,2.0,3.0,52.63157894736842,105.26315789473684,157.89473684210526,0.006996870040893555,0.002332290013631185,320.79273867607117,2.1811185844698393e-05,0.0021811185844698394
1609480,1609801,worker,/pscratch/sd/s/satt/sprints/a_star_campaign/h5/h5_tr_210.py,0,0,0,3,0,3,3,1.0,100.0,0.0,3.0,3.0,,,,5.507469177246094e-05,1.8358230590820312e-05,320.79127979278564,1.7168388058439837e-07,1.7168388058439836e-05
1609480,1609801,worker,/pscratch/sd/s/satt/sprints/data/converted_10M/mc_normalized_rntuple_10M_30.h5,19,0,1,2,0,3,22,0.13636363636363635,13.636363636363637,1.0,2.0,3.0,52.63157894736842,105.26315789473684,157.89473684210526,0.0065021514892578125,0.002167383829752604,320.79127979278564,2.026910299263079e-05,0.002026910299263079
1609480,1609802,worker,/pscratch/sd/s/satt/sprints/a_star_campaign/h5/h5_tr_210.py,0,0,0,3,0,3,3,1.0,100.0,0.0,3.0,3.0,,,,5.793571472167969e-05,1.9311904907226562e-05,320.782594203949,1.806074137702278e-07,1.8060741377022778e-05
1609480,1609802,worker,/pscratch/sd/s/satt/sprints/data/converted_10M/mc_normalized_rntuple_10M_30.h5,17,0,1,2,0,3,20,0.15,15.0,1.0,2.0,3.0,58.8235294117647,117.6470588235294,176.47058823529412,0.0077016353607177734,0.0025672117869059243,320.782594203949,2.4008894185266126e-05,0.0024008894185266125
1609480,1609803,worker,/pscratch/sd/s/satt/sprints/a_star_campaign/h5/h5_tr_210.py,0,0,0,3,0,3,3,1.0,100.0,0.0,3.0,3.0,,,,5.698204040527344e-05,1.899401346842448e-05,320.7669131755829,1.7764313607395766e-07,1.7764313607395767e-05
1609480,1609803,worker,/pscratch/sd/s/satt/sprints/data/converted_10M/mc_normalized_rntuple_10M_30.h5,17,0,1,2,0,3,20,0.15,15.0,1.0,2.0,3.0,58.8235294117647,117.6470588235294,176.47058823529412,0.007710456848144531,0.0025701522827148438,320.7669131755829,2.403756912398239e-05,0.002403756912398239
1609480,1609804,worker,/pscratch/sd/s/satt/sprints/a_star_campaign/h5/h5_tr_210.py,0,0,0,3,0,3,3,1.0,100.0,0.0,3.0,3.0,,,,5.9604644775390625e-05,1.9868214925130207e-05,320.7637393474579,1.8582101859969167e-07,1.858210185996917e-05
1609480,1609804,worker,/pscratch/sd/s/satt/sprints/data/converted_10M/mc_normalized_rntuple_10M_30.h5,19,0,1,2,0,3,22,0.13636363636363635,13.636363636363637,1.0,2.0,3.0,52.63157894736842,105.26315789473684,157.89473684210526,0.007646322250366211,0.002548774083455404,320.7637393474579,2.3837863550042847e-05,0.002383786355004285
1609480,1609805,worker,/pscratch/sd/s/satt/sprints/a_star_campaign/h5/h5_tr_210.py,0,0,0,3,0,3,3,1.0,100.0,0.0,3.0,3.0,,,,5.53131103515625e-05,1.8437703450520832e-05,320.7622718811035,1.724426941709196e-07,1.724426941709196e-05
1609480,1609805,worker,/pscratch/sd/s/satt/sprints/data/converted_10M/mc_normalized_rntuple_10M_30.h5,17,0,1,2,0,3,20,0.15,15.0,1.0,2.0,3.0,58.8235294117647,117.6470588235294,176.47058823529412,0.009483098983764648,0.0031610329945882163,320.7622718811035,2.956425931313934e-05,0.0029564259313139343
1609480,1609806,worker,/pscratch/sd/s/satt/sprints/a_star_campaign/h5/h5_tr_210.py,0,0,0,3,0,3,3,1.0,100.0,0.0,3.0,3.0,,,,5.841255187988281e-05,1.9470850626627605e-05,320.7200503349304,1.821294048154524e-07,1.821294048154524e-05
1609480,1609806,worker,/pscratch/sd/s/satt/sprints/data/converted_10M/mc_normalized_rntuple_10M_30.h5,17,0,1,2,0,3,20,0.15,15.0,1.0,2.0,3.0,58.8235294117647,117.6470588235294,176.47058823529412,0.009338140487670898,0.0031127134958902993,320.7200503349304,2.911617305472173e-05,0.002911617305472173
1609480,1609807,worker,/pscratch/sd/s/satt/sprints/a_star_campaign/h5/h5_tr_210.py,0,0,0,3,0,3,3,1.0,100.0,0.0,3.0,3.0,,,,5.6743621826171875e-05,1.8914540608723957e-05,320.71735310554504,1.7692719547825055e-07,1.7692719547825057e-05
1609480,1609807,worker,/pscratch/sd/s/satt/sprints/data/converted_10M/mc_normalized_rntuple_10M_30.h5,19,0,1,2,0,3,22,0.13636363636363635,13.636363636363637,1.0,2.0,3.0,52.63157894736842,105.26315789473684,157.89473684210526,0.005700826644897461,0.0019002755482991536,320.71735310554504,1.7775236012943064e-05,0.0017775236012943063
1609480,1609808,worker,/pscratch/sd/s/satt/sprints/a_star_campaign/h5/h5_tr_210.py,0,0,0,3,0,3,3,1.0,100.0,0.0,3.0,3.0,,,,6.031990051269531e-05,2.010663350423177e-05,320.73968052864075,1.880649765980826e-07,1.880649765980826e-05
1609480,1609808,worker,/pscratch/sd/s/satt/sprints/data/converted_10M/mc_normalized_rntuple_10M_30.h5,17,0,1,2,0,3,20,0.15,15.0,1.0,2.0,3.0,58.8235294117647,117.6470588235294,176.47058823529412,0.0055272579193115234,0.0018424193064371746,320.73968052864075,1.7232847242977663e-05,0.0017232847242977664
1609480,1609809,worker,/pscratch/sd/s/satt/sprints/a_star_campaign/h5/h5_tr_210.py,0,0,0,3,0,3,3,1.0,100.0,0.0,3.0,3.0,,,,6.4849853515625e-05,2.1616617838541668e-05,320.7286512851715,2.0219538621127002e-07,2.0219538621127003e-05
1609480,1609809,worker,/pscratch/sd/s/satt/sprints/data/converted_10M/mc_normalized_rntuple_10M_30.h5,17,0,1,2,0,3,20,0.15,15.0,1.0,2.0,3.0,58.8235294117647,117.6470588235294,176.47058823529412,0.005477190017700195,0.0018257300059000652,320.7286512851715,1.707733311555701e-05,0.0017077333115557009
1609480,1609810,worker,/pscratch/sd/s/satt/sprints/a_star_campaign/h5/h5_tr_210.py,0,0,0,3,0,3,3,1.0,100.0,0.0,3.0,3.0,,,,6.747245788574219e-05,2.2490819295247395e-05,320.7022783756256,2.1038970545358716e-07,2.1038970545358715e-05
1609480,1609810,worker,/pscratch/sd/s/satt/sprints/data/converted_10M/mc_normalized_rntuple_10M_30.h5,19,0,1,2,0,3,22,0.13636363636363635,13.636363636363637,1.0,2.0,3.0,52.63157894736842,105.26315789473684,157.89473684210526,0.012867450714111328,0.004289150238037109,320.7022783756256,4.012272934038904e-05,0.004012272934038904
1609480,1609811,worker,/pscratch/sd/s/satt/sprints/a_star_campaign/h5/h5_tr_210.py,0,0,0,3,0,3,3,1.0,100.0,0.0,3.0,3.0,,,,6.0558319091796875e-05,2.0186106363932293e-05,320.7190160751343,1.8882048165678452e-07,1.8882048165678453e-05
1609480,1609811,worker,/pscratch/sd/s/satt/sprints/data/converted_10M/mc_normalized_rntuple_10M_30.h5,17,0,1,2,0,3,20,0.15,15.0,1.0,2.0,3.0,58.8235294117647,117.6470588235294,176.47058823529412,0.0054857730865478516,0.001828591028849284,320.7190160751343,1.710460811984628e-05,0.001710460811984628
1609480,1609812,worker,/pscratch/sd/s/satt/sprints/a_star_campaign/h5/h5_tr_210.py,0,0,0,3,0,3,3,1.0,100.0,0.0,3.0,3.0,,,,5.6743621826171875e-05,1.8914540608723957e-05,320.7092115879059,1.769316869485008e-07,1.7693168694850083e-05
1609480,1609812,worker,/pscratch/sd/s/satt/sprints/data/converted_10M/mc_normalized_rntuple_10M_30.h5,17,0,1,2,0,3,20,0.15,15.0,1.0,2.0,3.0,58.8235294117647,117.6470588235294,176.47058823529412,0.005006313323974609,0.0016687711079915364,320.7092115879059,1.5610132615733697e-05,0.00156101326157337
1609480,1609813,worker,/pscratch/sd/s/satt/sprints/a_star_campaign/h5/h5_tr_210.py,0,0,0,3,0,3,3,1.0,100.0,0.0,3.0,3.0,,,,5.9604644775390625e-05,1.9868214925130207e-05,320.7082931995392,1.8585314455309593e-07,1.8585314455309592e-05
1609480,1609813,worker,/pscratch/sd/s/satt/sprints/data/converted_10M/mc_normalized_rntuple_10M_30.h5,19,0,1,2,0,3,22,0.13636363636363635,13.636363636363637,1.0,2.0,3.0,52.63157894736842,105.26315789473684,157.89473684210526,0.004711151123046875,0.0015703837076822917,320.7082931995392,1.4689832545476701e-05,0.0014689832545476701
1609480,1609814,worker,/pscratch/sd/s/satt/sprints/a_star_campaign/h5/h5_tr_210.py,0,0,0,3,0,3,3,1.0,100.0,0.0,3.0,3.0,,,,5.9604644775390625e-05,1.9868214925130207e-05,320.69452118873596,1.8586112589155194e-07,1.8586112589155194e-05
1609480,1609814,worker,/pscratch/sd/s/satt/sprints/data/converted_10M/mc_normalized_rntuple_10M_30.h5,17,0,1,2,0,3,20,0.15,15.0,1.0,2.0,3.0,58.8235294117647,117.6470588235294,176.47058823529412,0.004130840301513672,0.0013769467671712239,320.69452118873596,1.2880919468788116e-05,0.0012880919468788116
1609480,1609815,worker,/pscratch/sd/s/satt/sprints/a_star_campaign/h5/h5_tr_210.py,0,0,0,3,0,3,3,1.0,100.0,0.0,3.0,3.0,,,,5.7697296142578125e-05,1.9232432047526043e-05,320.6669690608978,1.799290282736319e-07,1.799290282736319e-05
1609480,1609815,worker,/pscratch/sd/s/satt/sprints/data/converted_10M/mc_normalized_rntuple_10M_30.h5,17,0,1,2,0,3,20,0.15,15.0,1.0,2.0,3.0,58.8235294117647,117.6470588235294,176.47058823529412,0.0038251876831054688,0.0012750625610351562,320.6669690608978,1.1928848469513017e-05,0.0011928848469513016
1609480,1609816,worker,/pscratch/sd/s/satt/sprints/a_star_campaign/h5/h5_tr_210.py,0,0,0,3,0,3,3,1.0,100.0,0.0,3.0,3.0,,,,6.0558319091796875e-05,2.0186106363932293e-05,320.6496353149414,1.8886133780353944e-07,1.8886133780353943e-05
1609480,1609816,worker,/pscratch/sd/s/satt/sprints/data/converted_10M/mc_normalized_rntuple_10M_30.h5,19,0,1,2,0,3,22,0.13636363636363635,13.636363636363637,1.0,2.0,3.0,52.63157894736842,105.26315789473684,157.89473684210526,0.0034563541412353516,0.0011521180470784504,320.6496353149414,1.0779223677708311e-05,0.0010779223677708312
1609480,1609817,worker,/pscratch/sd/s/satt/sprints/a_star_campaign/h5/h5_tr_210.py,0,0,0,3,0,3,3,1.0,100.0,0.0,3.0,3.0,,,,5.8650970458984375e-05,1.9550323486328125e-05,320.6595356464386,1.8290730179205814e-07,1.8290730179205815e-05
1609480,1609817,worker,/pscratch/sd/s/satt/sprints/data/converted_10M/mc_normalized_rntuple_10M_30.h5,17,0,1,2,0,3,20,0.15,15.0,1.0,2.0,3.0,58.8235294117647,117.6470588235294,176.47058823529412,0.003443479537963867,0.0011478265126546223,320.6595356464386,1.0738740486921529e-05,0.0010738740486921528
1609480,1609818,worker,/pscratch/sd/s/satt/sprints/a_star_campaign/h5/h5_tr_210.py,0,0,0,3,0,3,3,1.0,100.0,0.0,3.0,3.0,,,,6.0558319091796875e-05,2.0186106363932293e-05,320.67049837112427,1.8884905034734568e-07,1.8884905034734568e-05
1609480,1609818,worker,/pscratch/sd/s/satt/sprints/data/converted_10M/mc_normalized_rntuple_10M_30.h5,17,0,1,2,0,3,20,0.15,15.0,1.0,2.0,3.0,58.8235294117647,117.6470588235294,176.47058823529412,0.0038194656372070312,0.0012731552124023438,320.67049837112427,1.1910873175450699e-05,0.0011910873175450698
1609480,1609819,worker,/pscratch/sd/s/satt/sprints/a_star_campaign/h5/h5_tr_210.py,0,0,0,3,0,3,3,1.0,100.0,0.0,3.0,3.0,,,,6.270408630371094e-05,2.090136210123698e-05,320.6638560295105,1.9554460262568638e-07,1.9554460262568638e-05
1609480,1609819,worker,/pscratch/sd/s/satt/sprints/data/converted_10M/mc_normalized_rntuple_10M_30.h5,19,0,1,2,0,3,22,0.13636363636363635,13.636363636363637,1.0,2.0,3.0,52.63157894736842,105.26315789473684,157.89473684210526,0.003629446029663086,0.0012098153432210286,320.6638560295105,1.1318537968710356e-05,0.0011318537968710357
1609480,1609820,worker,/pscratch/sd/s/satt/sprints/a_star_campaign/h5/h5_tr_210.py,0,0,0,3,0,3,3,1.0,100.0,0.0,3.0,3.0,,,,5.936622619628906e-05,1.9788742065429688e-05,320.6572530269623,1.8513919655919116e-07,1.8513919655919117e-05
1609480,1609820,worker,/pscratch/sd/s/satt/sprints/data/converted_10M/mc_normalized_rntuple_10M_30.h5,17,0,1,2,0,3,20,0.15,15.0,1.0,2.0,3.0,58.8235294117647,117.6470588235294,176.47058823529412,0.0035829544067382812,0.001194318135579427,320.6572530269623,1.1173782513620581e-05,0.0011173782513620582
1609480,1609821,worker,/pscratch/sd/s/satt/sprints/a_star_campaign/h5/h5_tr_210.py,0,0,0,3,0,3,3,1.0,100.0,0.0,3.0,3.0,,,,5.8650970458984375e-05,1.9550323486328125e-05,320.6147954463959,1.8293282559628577e-07,1.8293282559628577e-05
1609480,1609821,worker,/pscratch/sd/s/satt/sprints/data/converted_10M/mc_normalized_rntuple_10M_30.h5,17,0,1,2,0,3,20,0.15,15.0,1.0,2.0,3.0,58.8235294117647,117.6470588235294,176.47058823529412,0.0031838417053222656,0.0010612805684407551,320.6147954463959,9.930426638263415e-06,0.0009930426638263415
1609480,1609822,worker,/pscratch/sd/s/satt/sprints/a_star_campaign/h5/h5_tr_210.py,0,0,0,3,0,3,3,1.0,100.0,0.0,3.0,3.0,,,,5.745887756347656e-05,1.915295918782552e-05,320.6486005783081,1.7919578460609585e-07,1.7919578460609585e-05
1609480,1609822,worker,/pscratch/sd/s/satt/sprints/data/converted_10M/mc_normalized_rntuple_10M_30.h5,19,0,1,2,0,3,22,0.13636363636363635,13.636363636363637,1.0,2.0,3.0,52.63157894736842,105.26315789473684,157.89473684210526,0.0032448768615722656,0.0010816256205240886,320.6486005783081,1.0119728748916866e-05,0.0010119728748916865
1609480,1609823,worker,/pscratch/sd/s/satt/sprints/a_star_campaign/h5/h5_tr_210.py,0,0,0,3,0,3,3,1.0,100.0,0.0,3.0,3.0,,,,5.435943603515625e-05,1.811981201171875e-05,320.61197996139526,1.6954898579180243e-07,1.6954898579180242e-05
1609480,1609823,worker,/pscratch/sd/s/satt/sprints/data/converted_10M/mc_normalized_rntuple_10M_30.h5,17,0,1,2,0,3,20,0.15,15.0,1.0,2.0,3.0,58.8235294117647,117.6470588235294,176.47058823529412,0.0031256675720214844,0.0010418891906738281,320.61197996139526,9.749066683028639e-06,0.000974906668302864
1609480,1609824,worker,/pscratch/sd/s/satt/sprints/a_star_campaign/h5/h5_tr_210.py,0,0,0,3,0,3,3,1.0,100.0,0.0,3.0,3.0,,,,5.984306335449219e-05,1.994768778483073e-05,320.62859535217285,1.866429389704359e-07,1.866429389704359e-05
1609480,1609824,worker,/pscratch/sd/s/satt/sprints/data/converted_10M/mc_normalized_rntuple_10M_30.h5,17,0,1,2,0,3,20,0.15,15.0,1.0,2.0,3.0,58.8235294117647,117.6470588235294,176.47058823529412,0.002888917922973633,0.0009629726409912109,320.62859535217285,9.010169288863633e-06,0.0009010169288863633
1609480,1609825,worker,/pscratch/sd/s/satt/sprints/a_star_campaign/h5/h5_tr_210.py,0,0,0,3,0,3,3,1.0,100.0,0.0,3.0,3.0,,,,6.4849853515625e-05,2.1616617838541668e-05,320.6233124732971,2.022618162583732e-07,2.022618162583732e-05
1609480,1609825,worker,/pscratch/sd/s/satt/sprints/data/converted_10M/mc_normalized_rntuple_10M_30.h5,19,0,1,2,0,3,22,0.13636363636363635,13.636363636363637,1.0,2.0,3.0,52.63157894736842,105.26315789473684,157.89473684210526,0.0029039382934570312,0.0009679794311523438,320.6233124732971,9.057165154510976e-06,0.0009057165154510977
1609480,1609826,worker,/pscratch/sd/s/satt/sprints/a_star_campaign/h5/h5_tr_210.py,0,0,0,3,0,3,3,1.0,100.0,0.0,3.0,3.0,,,,7.176399230957031e-05,2.392133076985677e-05,320.6137640476227,2.2383316113312832e-07,2.2383316113312832e-05
1609480,1609826,worker,/pscratch/sd/s/satt/sprints/data/converted_10M/mc_normalized_rntuple_10M_30.h5,17,0,1,2,0,3,20,0.15,15.0,1.0,2.0,3.0,58.8235294117647,117.6470588235294,176.47058823529412,0.002906322479248047,0.000968774159749349,320.6137640476227,9.064871210009416e-06,0.0009064871210009417
1609480,1609827,worker,/pscratch/sd/s/satt/sprints/a_star_campaign/h5/h5_tr_210.py,0,0,0,3,0,3,3,1.0,100.0,0.0,3.0,3.0,,,,6.842613220214844e-05,2.280871073404948e-05,320.6149878501892,2.1342150178619e-07,2.1342150178618998e-05
1609480,1609827,worker,/pscratch/sd/s/satt/sprints/data/converted_10M/mc_normalized_rntuple_10M_30.h5,17,0,1,2,0,3,20,0.15,15.0,1.0,2.0,3.0,58.8235294117647,117.6470588235294,176.47058823529412,0.002704620361328125,0.0009015401204427084,320.6149878501892,8.435726537500136e-06,0.0008435726537500137
1609480,1609828,worker,/pscratch/sd/s/satt/sprints/a_star_campaign/h5/h5_tr_210.py,0,0,0,3,0,3,3,1.0,100.0,0.0,3.0,3.0,,,,6.413459777832031e-05,2.1378199259440105e-05,320.6015968322754,2.0004453630925832e-07,2.0004453630925833e-05
1609480,1609828,worker,/pscratch/sd/s/satt/sprints/data/converted_10M/mc_normalized_rntuple_10M_30.h5,19,0,1,2,0,3,22,0.13636363636363635,13.636363636363637,1.0,2.0,3.0,52.63157894736842,105.26315789473684,157.89473684210526,0.002543926239013672,0.0008479754130045573,320.6015968322754,7.934852053605154e-06,0.0007934852053605154
1609480,1609829,worker,/pscratch/sd/s/satt/sprints/a_star_campaign/h5/h5_tr_210.py,0,0,0,3,0,3,3,1.0,100.0,0.0,3.0,3.0,,,,6.0558319091796875e-05,2.0186106363932293e-05,320.59767603874207,1.888919465669452e-07,1.888919465669452e-05
1609480,1609829,worker,/pscratch/sd/s/satt/sprints/data/converted_10M/mc_normalized_rntuple_10M_30.h5,17,0,1,2,0,3,20,0.15,15.0,1.0,2.0,3.0,58.8235294117647,117.6470588235294,176.47058823529412,0.0013802051544189453,0.0004600683848063151,320.59767603874207,4.305100309748212e-06,0.0004305100309748212
1609480,1609830,worker,/pscratch/sd/s/satt/sprints/a_star_campaign/h5/h5_tr_210.py,0,0,0,3,0,3,3,1.0,100.0,0.0,3.0,3.0,,,,5.7697296142578125e-05,1.9232432047526043e-05,320.5581524372101,1.7999010695533532e-07,1.799901069553353e-05
1609480,1609830,worker,/pscratch/sd/s/satt/sprints/data/converted_10M/mc_normalized_rntuple_10M_30.h5,17,0,1,2,0,3,20,0.15,15.0,1.0,2.0,3.0,58.8235294117647,117.6470588235294,176.47058823529412,0.0010640621185302734,0.0003546873728434245,320.5581524372101,3.3194043278581054e-06,0.0003319404327858105
1609480,1609831,worker,/pscratch/sd/s/satt/sprints/a_star_campaign/h5/h5_tr_210.py,0,0,0,3,0,3,3,1.0,100.0,0.0,3.0,3.0,,,,5.793571472167969e-05,1.9311904907226562e-05,320.5794141292572,1.8072188096993678e-07,1.807218809699368e-05
1609480,1609831,worker,/pscratch/sd/s/satt/sprints/data/converted_10M/mc_normalized_rntuple_10M_30.h5,19,0,1,2,0,3,22,0.13636363636363635,13.636363636363637,1.0,2.0,3.0,52.63157894736842,105.26315789473684,157.89473684210526,0.0009725093841552734,0.0003241697947184245,320.5794141292572,3.0335989813842472e-06,0.00030335989813842475
1609480,1609832,worker,/pscratch/sd/s/satt/sprints/a_star_campaign/h5/h5_tr_210.py,0,0,0,3,0,3,3,1.0,100.0,0.0,3.0,3.0,,,,5.745887756347656e-05,1.915295918782552e-05,320.5695426464081,1.7923997735135547e-07,1.7923997735135546e-05
1609480,1609832,worker,/pscratch/sd/s/satt/sprints/data/converted_10M/mc_normalized_rntuple_10M_30.h5,17,0,1,2,0,3,20,0.15,15.0,1.0,2.0,3.0,58.8235294117647,117.6470588235294,176.47058823529412,0.0010175704956054688,0.00033919016520182293,320.5695426464081,3.174258188114461e-06,0.0003174258188114461
1609480,1609833,worker,/pscratch/sd/s/satt/sprints/a_star_campaign/h5/h5_tr_210.py,0,0,0,3,0,3,3,1.0,100.0,0.0,3.0,3.0,,,,5.7697296142578125e-05,1.9232432047526043e-05,320.54129815101624,1.7999957096135322e-07,1.7999957096135322e-05
1609480,1609833,worker,/pscratch/sd/s/satt/sprints/data/converted_10M/mc_normalized_rntuple_10M_30.h5,17,0,1,2,0,3,20,0.15,15.0,1.0,2.0,3.0,58.8235294117647,117.6470588235294,176.47058823529412,0.0009202957153320312,0.00030676523844401043,320.54129815101624,2.871067536821584e-06,0.00028710675368215843
1609480,1609834,worker,/pscratch/sd/s/satt/sprints/a_star_campaign/h5/h5_tr_210.py,0,0,0,3,0,3,3,1.0,100.0,0.0,3.0,3.0,,,,5.841255187988281e-05,1.9470850626627605e-05,320.5499436855316,1.8222605566010376e-07,1.8222605566010378e-05
1609480,1609834,worker,/pscratch/sd/s/satt/sprints/data/converted_10M/mc_normalized_rntuple_10M_30.h5,19,0,1,2,0,3,22,0.13636363636363635,13.636363636363637,1.0,2.0,3.0,52.63157894736842,105.26315789473684,157.89473684210526,0.0003676414489746094,0.00012254714965820312,320.5499436855316,1.1469084809301225e-06,0.00011469084809301226
1609480,1609835,worker,/pscratch/sd/s/satt/sprints/a_star_campaign/h5/h5_tr_210.py,0,0,0,3,0,3,3,1.0,100.0,0.0,3.0,3.0,,,,6.222724914550781e-05,2.0742416381835938e-05,320.5672461986542,1.9411605484780515e-07,1.9411605484780516e-05
1609480,1609835,worker,/pscratch/sd/s/satt/sprints/data/converted_10M/mc_normalized_rntuple_10M_30.h5,17,0,1,2,0,3,20,0.15,15.0,1.0,2.0,3.0,58.8235294117647,117.6470588235294,176.47058823529412,0.0004591941833496094,0.00015306472778320312,320.5672461986542,1.4324426116355277e-06,0.00014324426116355278
1609480,1609836,worker,/pscratch/sd/s/satt/sprints/a_star_campaign/h5/h5_tr_210.py,0,0,0,3,0,3,3,1.0,100.0,0.0,3.0,3.0,,,,5.984306335449219e-05,1.994768778483073e-05,320.5104835033417,1.8671171906883432e-07,1.867117190688343e-05
1609480,1609836,worker,/pscratch/sd/s/satt/sprints/data/converted_10M/mc_normalized_rntuple_10M_30.h5,17,0,1,2,0,3,20,0.15,15.0,1.0,2.0,3.0,58.8235294117647,117.6470588235294,176.47058823529412,0.00044155120849609375,0.0001471837361653646,320.5104835033417,1.3776498155995264e-06,0.00013776498155995267
1609480,1609837,worker,/pscratch/sd/s/satt/sprints/a_star_campaign/h5/h5_tr_210.py,0,0,0,3,0,3,3,1.0,100.0,0.0,3.0,3.0,,,,5.817413330078125e-05,1.9391377766927082e-05,320.52432465553284,1.814967814480256e-07,1.8149678144802562e-05
1609480,1609837,worker,/pscratch/sd/s/satt/sprints/data/converted_10M/mc_normalized_rntuple_10M_30.h5,19,0,1,2,0,3,22,0.13636363636363635,13.636363636363637,1.0,2.0,3.0,52.63157894736842,105.26315789473684,157.89473684210526,0.0008864402770996094,0.00029548009236653644,320.52432465553284,2.765594399277702e-06,0.00027655943992777016
1609480,1609838,worker,/pscratch/sd/s/satt/sprints/a_star_campaign/h5/h5_tr_210.py,0,0,0,3,0,3,3,1.0,100.0,0.0,3.0,3.0,,,,5.412101745605469e-05,1.804033915201823e-05,320.52363204956055,1.6885187875222348e-07,1.6885187875222346e-05
1609480,1609838,worker,/pscratch/sd/s/satt/sprints/data/converted_10M/mc_normalized_rntuple_10M_30.h5,17,0,1,2,0,3,20,0.15,15.0,1.0,2.0,3.0,58.8235294117647,117.6470588235294,176.47058823529412,0.00029349327087402344,9.783109029134114e-05,320.52363204956055,9.156681178149211e-07,9.156681178149211e-05
1609480,1609839,worker,/pscratch/sd/s/satt/sprints/a_star_campaign/h5/h5_tr_210.py,0,0,0,3,0,3,3,1.0,100.0,0.0,3.0,3.0,,,,7.319450378417969e-05,2.4398167928059895e-05,320.4936020374298,2.283805458794508e-07,2.283805458794508e-05
1609480,1609839,worker,/pscratch/sd/s/satt/sprints/data/converted_10M/mc_normalized_rntuple_10M_30.h5,17,0,1,2,0,3,20,0.15,15.0,1.0,2.0,3.0,58.8235294117647,117.6470588235294,176.47058823529412,0.0005764961242675781,0.00019216537475585938,320.4936020374298,1.7987757652655115e-06,0.00017987757652655116
1609480,1609840,worker,/pscratch/sd/s/satt/sprints/a_star_campaign/h5/h5_tr_210.py,0,0,0,3,0,3,3,1.0,100.0,0.0,3.0,3.0,,,,7.128715515136719e-05,2.376238505045573e-05,320.5236306190491,2.2240842278519516e-07,2.2240842278519514e-05
1609480,1609840,worker,/pscratch/sd/s/satt/sprints/data/converted_10M/mc_normalized_rntuple_10M_30.h5,19,0,1,2,0,3,22,0.13636363636363635,13.636363636363637,1.0,2.0,3.0,52.63157894736842,105.26315789473684,157.89473684210526,0.0005681514739990234,0.00018938382466634115,320.5236306190491,1.772572814371639e-06,0.00017725728143716388
1609480,1609841,worker,/pscratch/sd/s/satt/sprints/a_star_campaign/h5/h5_tr_210.py,0,0,0,3,0,3,3,1.0,100.0,0.0,3.0,3.0,,,,5.9604644775390625e-05,1.9868214925130207e-05,320.51188254356384,1.859670359250696e-07,1.859670359250696e-05
1609480,1609841,worker,/pscratch/sd/s/satt/sprints/data/converted_10M/mc_normalized_rntuple_10M_30.h5,17,0,1,2,0,3,20,0.15,15.0,1.0,2.0,3.0,58.8235294117647,117.6470588235294,176.47058823529412,0.0008437633514404297,0.00028125445048014325,320.51188254356384,2.6325493605552853e-06,0.00026325493605552854
1609480,1609842,worker,/pscratch/sd/s/satt/sprints/a_star_campaign/h5/h5_tr_210.py,0,0,0,3,0,3,3,1.0,100.0,0.0,3.0,3.0,,,,5.8650970458984375e-05,1.9550323486328125e-05,320.50551676750183,1.8299519786902894e-07,1.8299519786902897e-05
1609480,1609842,worker,/pscratch/sd/s/satt/sprints/data/converted_10M/mc_normalized_rntuple_10M_30.h5,21,0,1,2,0,3,24,0.125,12.5,1.0,2.0,3.0,47.61904761904762,95.23809523809524,142.85714285714286,0.00045561790466308594,0.0001518726348876953,320.50551676750183,1.421560256616725e-06,0.0001421560256616725
1609480,1609843,worker,/pscratch/sd/s/satt/sprints/a_star_campaign/h5/h5_tr_210.py,0,0,0,3,0,3,3,1.0,100.0,0.0,3.0,3.0,,,,5.7697296142578125e-05,1.9232432047526043e-05,320.5015790462494,1.800218779398033e-07,1.800218779398033e-05
1609480,1609843,worker,/pscratch/sd/s/satt/sprints/data/converted_10M/mc_normalized_rntuple_10M_30.h5,17,0,1,2,0,3,20,0.15,15.0,1.0,2.0,3.0,58.8235294117647,117.6470588235294,176.47058823529412,0.0007767677307128906,0.0002589225769042969,320.5015790462494,2.4236003236689222e-06,0.0002423600323668922
1609480,1609844,worker,/pscratch/sd/s/satt/sprints/a_star_campaign/h5/h5_tr_210.py,0,0,0,3,0,3,3,1.0,100.0,0.0,3.0,3.0,,,,5.364418029785156e-05,1.7881393432617188e-05,320.49052262306213,1.6738148716161563e-07,1.6738148716161566e-05
1609480,1609844,worker,/pscratch/sd/s/satt/sprints/data/converted_10M/mc_normalized_rntuple_10M_30.h5,17,0,1,2,0,3,20,0.15,15.0,1.0,2.0,3.0,58.8235294117647,117.6470588235294,176.47058823529412,0.0009222030639648438,0.00030740102132161457,320.49052262306213,2.8774737437383524e-06,0.00028774737437383524
1609480,1609845,worker,/pscratch/sd/s/satt/sprints/a_star_campaign/h5/h5_tr_210.py,0,0,0,3,0,3,3,1.0,100.0,0.0,3.0,3.0,,,,5.9604644775390625e-05,1.9868214925130207e-05,320.4820942878723,1.8598432123902339e-07,1.859843212390234e-05
1609480,1609845,worker,/pscratch/sd/s/satt/sprints/data/converted_10M/mc_normalized_rntuple_10M_30.h5,19,0,1,2,0,3,22,0.13636363636363635,13.636363636363637,1.0,2.0,3.0,52.63157894736842,105.26315789473684,157.89473684210526,0.0014986991882324219,0.000499566396077474,320.4820942878723,4.676389773234004e-06,0.0004676389773234004
1609480,1609846,worker,/pscratch/sd/s/satt/sprints/a_star_campaign/h5/h5_tr_210.py,0,0,0,3,0,3,3,1.0,100.0,0.0,3.0,3.0,,,,6.699562072753906e-05,2.2331873575846355e-05,320.47767329216003,2.0904926087148425e-07,2.0904926087148426e-05
1609480,1609846,worker,/pscratch/sd/s/satt/sprints/data/converted_10M/mc_normalized_rntuple_10M_30.h5,17,0,1,2,0,3,20,0.15,15.0,1.0,2.0,3.0,58.8235294117647,117.6470588235294,176.47058823529412,0.0019104480743408203,0.0006368160247802734,320.47767329216003,5.961251698801435e-06,0.0005961251698801436
1609480,1609847,worker,/pscratch/sd/s/satt/sprints/a_star_campaign/h5/h5_tr_210.py,0,0,0,3,0,3,3,1.0,100.0,0.0,3.0,3.0,,,,6.008148193359375e-05,2.002716064453125e-05,320.4490876197815,1.8749150568617467e-07,1.874915056861747e-05
1609480,1609847,worker,/pscratch/sd/s/satt/sprints/data/converted_10M/mc_normalized_rntuple_10M_30.h5,17,0,1,2,0,3,20,0.15,15.0,1.0,2.0,3.0,58.8235294117647,117.6470588235294,176.47058823529412,0.0033736228942871094,0.0011245409647623699,320.4490876197815,1.0527796847061e-05,0.0010527796847061
1609480,1609848,worker,/pscratch/sd/s/satt/sprints/a_star_campaign/h5/h5_tr_210.py,0,0,0,3,0,3,3,1.0,100.0,0.0,3.0,3.0,,,,6.4849853515625e-05,2.1616617838541668e-05,320.45952582359314,2.0236519213762928e-07,2.0236519213762927e-05
1609480,1609848,worker,/pscratch/sd/s/satt/sprints/data/converted_10M/mc_normalized_rntuple_10M_30.h5,19,0,1,2,0,3,22,0.13636363636363635,13.636363636363637,1.0,2.0,3.0,52.63157894736842,105.26315789473684,157.89473684210526,0.045026540756225586,0.015008846918741861,320.45952582359314,0.00014050617044541168,0.014050617044541169
1609480,1609849,worker,/pscratch/sd/s/satt/sprints/a_star_campaign/h5/h5_tr_210.py,0,0,0,3,0,3,3,1.0,100.0,0.0,3.0,3.0,,,,5.793571472167969e-05,1.9311904907226562e-05,320.4344491958618,1.808036397680424e-07,1.8080363976804242e-05
1609480,1609849,worker,/pscratch/sd/s/satt/sprints/data/converted_10M/mc_normalized_rntuple_10M_30.h5,17,0,1,2,0,3,20,0.15,15.0,1.0,2.0,3.0,58.8235294117647,117.6470588235294,176.47058823529412,0.02511906623840332,0.008373022079467773,320.4344491958618,7.839065462980101e-05,0.007839065462980101
1609480,1609850,worker,/pscratch/sd/s/satt/sprints/a_star_campaign/h5/h5_tr_210.py,0,0,0,3,0,3,3,1.0,100.0,0.0,3.0,3.0,,,,5.459785461425781e-05,1.819928487141927e-05,320.44900369644165,1.7037923034386418e-07,1.703792303438642e-05
1609480,1609850,worker,/pscratch/sd/s/satt/sprints/data/converted_10M/mc_normalized_rntuple_10M_30.h5,17,0,1,2,0,3,20,0.15,15.0,1.0,2.0,3.0,58.8235294117647,117.6470588235294,176.47058823529412,0.01938796043395996,0.006462653477986653,320.44900369644165,6.0502483110623105e-05,0.00605024831106231
1609480,1609851,worker,/pscratch/sd/s/satt/sprints/a_star_campaign/h5/h5_tr_210.py,0,0,0,3,0,3,3,1.0,100.0,0.0,3.0,3.0,,,,5.817413330078125e-05,1.9391377766927082e-05,320.40695977211,1.8156326361374204e-07,1.8156326361374205e-05
1609480,1609851,worker,/pscratch/sd/s/satt/sprints/data/converted_10M/mc_normalized_rntuple_10M_30.h5,19,0,1,2,0,3,22,0.13636363636363635,13.636363636363637,1.0,2.0,3.0,52.63157894736842,105.26315789473684,157.89473684210526,0.0034024715423583984,0.0011341571807861328,320.40695977211,1.0619218586195544e-05,0.0010619218586195545
1609480,1609852,worker,/pscratch/sd/s/satt/sprints/a_star_campaign/h5/h5_tr_210.py,0,0,0,3,0,3,3,1.0,100.0,0.0,3.0,3.0,,,,6.127357482910156e-05,2.0424524943033855e-05,320.3955397605896,1.9124353252510086e-07,1.9124353252510087e-05
1609480,1609852,worker,/pscratch/sd/s/satt/sprints/data/converted_10M/mc_normalized_rntuple_10M_30.h5,17,0,1,2,0,3,20,0.15,15.0,1.0,2.0,3.0,58.8235294117647,117.6470588235294,176.47058823529412,0.003370523452758789,0.001123507817586263,320.3955397605896,1.0519882565398253e-05,0.0010519882565398252
1609480,1609853,worker,/pscratch/sd/s/satt/sprints/a_star_campaign/h5/h5_tr_210.py,0,0,0,3,0,3,3,1.0,100.0,0.0,3.0,3.0,,,,6.008148193359375e-05,2.002716064453125e-05,320.43832182884216,1.8749780485270882e-07,1.874978048527088e-05
1609480,1609853,worker,/pscratch/sd/s/satt/sprints/data/converted_10M/mc_normalized_rntuple_10M_30.h5,17,0,1,2,0,3,20,0.15,15.0,1.0,2.0,3.0,58.8235294117647,117.6470588235294,176.47058823529412,0.0037131309509277344,0.0012377103169759114,320.43832182884216,1.1587661955460663e-05,0.0011587661955460662
1609480,1609854,worker,/pscratch/sd/s/satt/sprints/a_star_campaign/h5/h5_tr_210.py,0,0,0,3,0,3,3,1.0,100.0,0.0,3.0,3.0,,,,5.888938903808594e-05,1.9629796346028645e-05,320.4224865436554,1.8378669260486705e-07,1.8378669260486703e-05
1609480,1609854,worker,/pscratch/sd/s/satt/sprints/data/converted_10M/mc_normalized_rntuple_10M_30.h5,19,0,1,2,0,3,22,0.13636363636363635,13.636363636363637,1.0,2.0,3.0,52.63157894736842,105.26315789473684,157.89473684210526,0.019626140594482422,0.006542046864827474,320.4224865436554,6.125082170788439e-05,0.006125082170788439
1609480,1609855,worker,/pscratch/sd/s/satt/sprints/a_star_campaign/h5/h5_tr_210.py,0,0,0,3,0,3,3,1.0,100.0,0.0,3.0,3.0,,,,5.817413330078125e-05,1.9391377766927082e-05,320.41072392463684,1.8156113062702693e-07,1.815611306270269e-05
1609480,1609855,worker,/pscratch/sd/s/satt/sprints/data/converted_10M/mc_normalized_rntuple_10M_30.h5,17,0,1,2,0,3,20,0.15,15.0,1.0,2.0,3.0,58.8235294117647,117.6470588235294,176.47058823529412,0.019272327423095703,0.006424109141031901,320.41072392463684,6.014882144715203e-05,0.0060148821447152025
1609480,1609856,worker,/pscratch/sd/s/satt/sprints/a_star_campaign/h5/h5_tr_210.py,0,0,0,3,0,3,3,1.0,100.0,0.0,3.0,3.0,,,,5.5789947509765625e-05,1.8596649169921875e-05,320.374356508255,1.7413986599245218e-07,1.7413986599245217e-05
1609480,1609856,worker,/pscratch/sd/s/satt/sprints/data/converted_10M/mc_normalized_rntuple_10M_30.h5,17,0,1,2,0,3,20,0.15,15.0,1.0,2.0,3.0,58.8235294117647,117.6470588235294,176.47058823529412,0.0036153793334960938,0.001205126444498698,320.374356508255,1.1284858666280105e-05,0.0011284858666280105
1609480,1609857,worker,/pscratch/sd/s/satt/sprints/a_star_campaign/h5/h5_tr_210.py,0,0,0,3,0,3,3,1.0,100.0,0.0,3.0,3.0,,,,5.984306335449219e-05,1.994768778483073e-05,320.3697602748871,1.8679373266423461e-07,1.8679373266423462e-05
1609480,1609857,worker,/pscratch/sd/s/satt/sprints/data/converted_10M/mc_normalized_rntuple_10M_30.h5,19,0,1,2,0,3,22,0.13636363636363635,13.636363636363637,1.0,2.0,3.0,52.63157894736842,105.26315789473684,157.89473684210526,0.02137303352355957,0.00712434450785319,320.3697602748871,6.671364209037972e-05,0.006671364209037973
1609480,1609858,worker,/pscratch/sd/s/satt/sprints/a_star_campaign/h5/h5_tr_210.py,0,0,0,3,0,3,3,1.0,100.0,0.0,3.0,3.0,,,,6.67572021484375e-05,2.2252400716145832e-05,320.36312222480774,2.083797962912601e-07,2.0837979629126012e-05
1609480,1609858,worker,/pscratch/sd/s/satt/sprints/data/converted_10M/mc_normalized_rntuple_10M_30.h5,17,0,1,2,0,3,20,0.15,15.0,1.0,2.0,3.0,58.8235294117647,117.6470588235294,176.47058823529412,0.05002021789550781,0.01667340596516927,320.36312222480774,0.00015613600450680847,0.015613600450680847
1609480,1609859,worker,/pscratch/sd/s/satt/sprints/a_star_campaign/h5/h5_tr_210.py,0,0,0,3,0,3,3,1.0,100.0,0.0,3.0,3.0,,,,5.7220458984375e-05,1.9073486328125e-05,320.34776425361633,1.7861981686587984e-07,1.7861981686587984e-05
1609480,1609859,worker,/pscratch/sd/s/satt/sprints/data/converted_10M/mc_normalized_rntuple_10M_30.h5,17,0,1,2,0,3,20,0.15,15.0,1.0,2.0,3.0,58.8235294117647,117.6470588235294,176.47058823529412,0.050573110580444336,0.016857703526814777,320.34776425361633,0.0001578694038907232,0.01578694038907232
1609480,1609860,worker,/pscratch/sd/s/satt/sprints/a_star_campaign/h5/h5_tr_210.py,0,0,0,3,0,3,3,1.0,100.0,0.0,3.0,3.0,,,,5.817413330078125e-05,1.9391377766927082e-05,320.34433579444885,1.815987573387565e-07,1.815987573387565e-05
1609480,1609860,worker,/pscratch/sd/s/satt/sprints/data/converted_10M/mc_normalized_rntuple_10M_30.h5,19,0,1,2,0,3,22,0.13636363636363635,13.636363636363637,1.0,2.0,3.0,52.63157894736842,105.26315789473684,157.89473684210526,0.05059528350830078,0.016865094502766926,320.34433579444885,0.00015794030939496803,0.015794030939496804
1609480,1609861,worker,/pscratch/sd/s/satt/sprints/a_star_campaign/h5/h5_tr_210.py,0,0,0,3,0,3,3,1.0,100.0,0.0,3.0,3.0,,,,6.0558319091796875e-05,2.0186106363932293e-05,320.37501406669617,1.890232272582585e-07,1.890232272582585e-05
1609480,1609861,worker,/pscratch/sd/s/satt/sprints/data/converted_10M/mc_normalized_rntuple_10M_30.h5,17,0,1,2,0,3,20,0.15,15.0,1.0,2.0,3.0,58.8235294117647,117.6470588235294,176.47058823529412,0.0763092041015625,0.0254364013671875,320.37501406669617,0.00023818712680782382,0.02381871268078238
1609480,1609862,worker,/pscratch/sd/s/satt/sprints/a_star_campaign/h5/h5_tr_210.py,0,0,0,3,0,3,3,1.0,100.0,0.0,3.0,3.0,,,,5.602836608886719e-05,1.8676122029622395e-05,320.3670060634613,1.7488806596322395e-07,1.7488806596322393e-05
1609480,1609862,worker,/pscratch/sd/s/satt/sprints/data/converted_10M/mc_normalized_rntuple_10M_30.h5,17,0,1,2,0,3,20,0.15,15.0,1.0,2.0,3.0,58.8235294117647,117.6470588235294,176.47058823529412,0.005748271942138672,0.0019160906473795574,320.3670060634613,1.7942771363290765e-05,0.0017942771363290764
1609480,1609863,worker,/pscratch/sd/s/satt/sprints/a_star_campaign/h5/h5_tr_210.py,0,0,0,3,0,3,3,1.0,100.0,0.0,3.0,3.0,,,,6.270408630371094e-05,2.090136210123698e-05,320.3611626625061,1.9572936301822702e-07,1.9572936301822703e-05
1609480,1609863,worker,/pscratch/sd/s/satt/sprints/data/converted_10M/mc_normalized_rntuple_10M_30.h5,19,0,1,2,0,3,22,0.13636363636363635,13.636363636363637,1.0,2.0,3.0,52.63157894736842,105.26315789473684,157.89473684210526,0.07656431198120117,0.02552143732706706,320.3611626625061,0.0002389937386444689,0.02389937386444689
1609480,1609864,worker,/pscratch/sd/s/satt/sprints/a_star_campaign/h5/h5_tr_210.py,0,0,0,3,0,3,3,1.0,100.0,0.0,3.0,3.0,,,,5.793571472167969e-05,1.9311904907226562e-05,320.30836725234985,1.8087480891823208e-07,1.8087480891823207e-05
1609480,1609864,worker,/pscratch/sd/s/satt/sprints/data/converted_10M/mc_normalized_rntuple_10M_30.h5,17,0,1,2,0,3,20,0.15,15.0,1.0,2.0,3.0,58.8235294117647,117.6470588235294,176.47058823529412,0.007584095001220703,0.002528031667073568,320.30836725234985,2.3677480130407255e-05,0.0023677480130407254
1609480,1609865,worker,/pscratch/sd/s/satt/sprints/a_star_campaign/h5/h5_tr_210.py,0,0,0,3,0,3,3,1.0,100.0,0.0,3.0,3.0,,,,5.91278076171875e-05,1.9709269205729168e-05,320.34388399124146,1.8457604646762702e-07,1.8457604646762702e-05
1609480,1609865,worker,/pscratch/sd/s/satt/sprints/data/converted_10M/mc_normalized_rntuple_10M_30.h5,17,0,1,2,0,3,20,0.15,15.0,1.0,2.0,3.0,58.8235294117647,117.6470588235294,176.47058823529412,0.010490894317626953,0.003496964772542318,320.34388399124146,3.2748851599469855e-05,0.0032748851599469853
1609480,1609866,worker,/pscratch/sd/s/satt/sprints/a_star_campaign/h5/h5_tr_210.py,0,0,0,3,0,3,3,1.0,100.0,0.0,3.0,3.0,,,,5.888938903808594e-05,1.9629796346028645e-05,320.3365728855133,1.8383598384544343e-07,1.8383598384544345e-05
1609480,1609866,worker,/pscratch/sd/s/satt/sprints/data/converted_10M/mc_normalized_rntuple_10M_30.h5,19,0,1,2,0,3,22,0.13636363636363635,13.636363636363637,1.0,2.0,3.0,52.63157894736842,105.26315789473684,157.89473684210526,0.007715702056884766,0.0025719006856282554,320.3365728855133,2.4086235259944293e-05,0.0024086235259944294
1609480,1609867,worker,/pscratch/sd/s/satt/sprints/a_star_campaign/h5/h5_tr_210.py,0,0,0,3,0,3,3,1.0,100.0,0.0,3.0,3.0,,,,5.5789947509765625e-05,1.8596649169921875e-05,320.2890865802765,1.741862269034339e-07,1.741862269034339e-05
1609480,1609867,worker,/pscratch/sd/s/satt/sprints/data/converted_10M/mc_normalized_rntuple_10M_30.h5,17,0,1,2,0,3,20,0.15,15.0,1.0,2.0,3.0,58.8235294117647,117.6470588235294,176.47058823529412,0.007662534713745117,0.002554178237915039,320.2890865802765,2.3923808318160095e-05,0.0023923808318160092
1609480,1609868,worker,/pscratch/sd/s/satt/sprints/a_star_campaign/h5/h5_tr_210.py,0,0,0,3,0,3,3,1.0,100.0,0.0,3.0,3.0,,,,5.7697296142578125e-05,1.9232432047526043e-05,320.3075740337372,1.8013091422090761e-07,1.8013091422090762e-05
1609480,1609868,worker,/pscratch/sd/s/satt/sprints/data/converted_10M/mc_normalized_rntuple_10M_30.h5,17,0,1,2,0,3,20,0.15,15.0,1.0,2.0,3.0,58.8235294117647,117.6470588235294,176.47058823529412,0.022058963775634766,0.007352987925211589,320.3075740337372,6.886806795680501e-05,0.006886806795680501
1609480,1609869,worker,/pscratch/sd/s/satt/sprints/a_star_campaign/h5/h5_tr_210.py,0,0,0,3,0,3,3,1.0,100.0,0.0,3.0,3.0,,,,5.53131103515625e-05,1.8437703450520832e-05,320.3188810348511,1.72681392282787e-07,1.72681392282787e-05
1609480,1609869,worker,/pscratch/sd/s/satt/sprints/data/converted_10M/mc_normalized_rntuple_10M_30.h5,19,0,1,2,0,3,22,0.13636363636363635,13.636363636363637,1.0,2.0,3.0,52.63157894736842,105.26315789473684,157.89473684210526,0.007519960403442383,0.0025066534678141275,320.3188810348511,2.347648187065252e-05,0.002347648187065252
1609480,1609870,worker,/pscratch/sd/s/satt/sprints/a_star_campaign/h5/h5_tr_210.py,0,0,0,3,0,3,3,1.0,100.0,0.0,3.0,3.0,,,,5.8650970458984375e-05,1.9550323486328125e-05,320.2754330635071,1.8312666038095572e-07,1.831266603809557e-05
1609480,1609870,worker,/pscratch/sd/s/satt/sprints/data/converted_10M/mc_normalized_rntuple_10M_30.h5,17,0,1,2,0,3,20,0.15,15.0,1.0,2.0,3.0,58.8235294117647,117.6470588235294,176.47058823529412,0.0075490474700927734,0.0025163491566975913,320.2754330635071,2.3570485559521142e-05,0.0023570485559521142
1609480,1609871,worker,/pscratch/sd/s/satt/sprints/a_star_campaign/h5/h5_tr_210.py,0,0,0,3,0,3,3,1.0,100.0,0.0,3.0,3.0,,,,5.793571472167969e-05,1.9311904907226562e-05,320.29508876800537,1.8088230745131222e-07,1.808823074513122e-05
1609480,1609871,worker,/pscratch/sd/s/satt/sprints/data/converted_10M/mc_normalized_rntuple_10M_30.h5,17,0,1,2,0,3,20,0.15,15.0,1.0,2.0,3.0,58.8235294117647,117.6470588235294,176.47058823529412,0.08440065383911133,0.028133551279703777,320.29508876800537,0.00026350904774641743,0.02635090477464174
1609480,1609872,worker,/pscratch/sd/s/satt/sprints/a_star_campaign/h5/h5_tr_210.py,0,0,0,3,0,3,3,1.0,100.0,0.0,3.0,3.0,,,,5.6743621826171875e-05,1.8914540608723957e-05,320.2559061050415,1.771821244962783e-07,1.7718212449627828e-05
1609480,1609872,worker,/pscratch/sd/s/satt/sprints/data/converted_10M/mc_normalized_rntuple_10M_30.h5,19,0,1,2,0,3,22,0.13636363636363635,13.636363636363637,1.0,2.0,3.0,52.63157894736842,105.26315789473684,157.89473684210526,0.04556775093078613,0.015189250310262045,320.2559061050415,0.00014228543506029912,0.01422854350602991
1609480,1609873,worker,/pscratch/sd/s/satt/sprints/a_star_campaign/h5/h5_tr_210.py,0,0,0,3,0,3,3,1.0,100.0,0.0,3.0,3.0,,,,5.9604644775390625e-05,1.9868214925130207e-05,320.29711151123047,1.8609173368490002e-07,1.8609173368490002e-05
1609480,1609873,worker,/pscratch/sd/s/satt/sprints/data/converted_10M/mc_normalized_rntuple_10M_30.h5,17,0,1,2,0,3,20,0.15,15.0,1.0,2.0,3.0,58.8235294117647,117.6470588235294,176.47058823529412,0.008027791976928711,0.002675930658976237,320.29711151123047,2.5063579059617073e-05,0.0025063579059617074
1609480,1609874,worker,/pscratch/sd/s/satt/sprints/a_star_campaign/h5/h5_tr_210.py,0,0,0,3,0,3,3,1.0,100.0,0.0,3.0,3.0,,,,5.841255187988281e-05,1.9470850626627605e-05,320.2475550174713,1.8239811971927804e-07,1.8239811971927804e-05
1609480,1609874,worker,/pscratch/sd/s/satt/sprints/data/converted_10M/mc_normalized_rntuple_10M_30.h5,17,0,1,2,0,3,20,0.15,15.0,1.0,2.0,3.0,58.8235294117647,117.6470588235294,176.47058823529412,0.008062362670898438,0.0026874542236328125,320.2475550174713,2.517540741398819e-05,0.0025175407413988186
1609480,1609875,worker,/pscratch/sd/s/satt/sprints/a_star_campaign/h5/h5_tr_210.py,0,0,0,3,0,3,3,1.0,100.0,0.0,3.0,3.0,,,,5.817413330078125e-05,1.9391377766927082e-05,320.2726266384125,1.8163941736569264e-07,1.8163941736569263e-05
1609480,1609875,worker,/pscratch/sd/s/satt/sprints/data/converted_10M/mc_normalized_rntuple_10M_30.h5,19,0,1,2,0,3,22,0.13636363636363635,13.636363636363637,1.0,2.0,3.0,52.63157894736842,105.26315789473684,157.89473684210526,0.007975339889526367,0.0026584466298421225,320.2726266384125,2.4901721927458133e-05,0.002490172192745813
1609480,1609876,worker,/pscratch/sd/s/satt/sprints/a_star_campaign/h5/h5_tr_210.py,0,0,0,3,0,3,3,1.0,100.0,0.0,3.0,3.0,,,,5.841255187988281e-05,1.9470850626627605e-05,320.2429983615875,1.824007150155676e-07,1.8240071501556762e-05
1609480,1609876,worker,/pscratch/sd/s/satt/sprints/data/converted_10M/mc_normalized_rntuple_10M_30.h5,17,0,1,2,0,3,20,0.15,15.0,1.0,2.0,3.0,58.8235294117647,117.6470588235294,176.47058823529412,0.08773446083068848,0.02924482027689616,320.2429983615875,0.0002739621514898108,0.027396215148981082
1609480,1609877,worker,/pscratch/sd/s/satt/sprints/a_star_campaign/h5/h5_tr_210.py,0,0,0,3,0,3,3,1.0,100.0,0.0,3.0,3.0,,,,5.6743621826171875e-05,1.8914540608723957e-05,320.2583260536194,1.771807856657302e-07,1.771807856657302e-05
1609480,1609877,worker,/pscratch/sd/s/satt/sprints/data/converted_10M/mc_normalized_rntuple_10M_30.h5,17,0,1,2,0,3,20,0.15,15.0,1.0,2.0,3.0,58.8235294117647,117.6470588235294,176.47058823529412,0.11516237258911133,0.038387457529703774,320.2583260536194,0.00035959212679401257,0.03595921267940126
1609480,1609878,worker,/pscratch/sd/s/satt/sprints/a_star_campaign/h5/h5_tr_210.py,0,0,0,3,0,3,3,1.0,100.0,0.0,3.0,3.0,,,,6.079673767089844e-05,2.0265579223632812e-05,320.2177023887634,1.8986063923813794e-07,1.8986063923813794e-05
1609480,1609878,worker,/pscratch/sd/s/satt/sprints/data/converted_10M/mc_normalized_rntuple_10M_30.h5,19,0,1,2,0,3,22,0.13636363636363635,13.636363636363637,1.0,2.0,3.0,52.63157894736842,105.26315789473684,157.89473684210526,0.08622026443481445,0.028740088144938152,320.2177023887634,0.0002692551467068423,0.026925514670684228
1609480,1609879,worker,/pscratch/sd/s/satt/sprints/a_star_campaign/h5/h5_tr_210.py,0,0,0,3,0,3,3,1.0,100.0,0.0,3.0,3.0,,,,5.602836608886719e-05,1.8676122029622395e-05,320.236718416214,1.7495921881152527e-07,1.7495921881152526e-05
1609480,1609879,worker,/pscratch/sd/s/satt/sprints/data/converted_10M/mc_normalized_rntuple_10M_30.h5,17,0,1,2,0,3,20,0.15,15.0,1.0,2.0,3.0,58.8235294117647,117.6470588235294,176.47058823529412,0.026164770126342773,0.008721590042114258,320.236718416214,8.170446617035411e-05,0.008170446617035412
1609480,1609880,worker,/pscratch/sd/s/satt/sprints/a_star_campaign/h5/h5_tr_210.py,0,0,0,3,0,3,3,1.0,100.0,0.0,3.0,3.0,,,,5.841255187988281e-05,1.9470850626627605e-05,320.20855021476746,1.8242033774771118e-07,1.8242033774771116e-05
1609480,1609880,worker,/pscratch/sd/s/satt/sprints/data/converted_10M/mc_normalized_rntuple_10M_30.h5,17,0,1,2,0,3,20,0.15,15.0,1.0,2.0,3.0,58.8235294117647,117.6470588235294,176.47058823529412,0.11681818962097168,0.03893939654032389,320.20855021476746,0.00036481908288401547,0.036481908288401546
1609480,1609881,worker,/pscratch/sd/s/satt/sprints/a_star_campaign/h5/h5_tr_210.py,0,0,0,3,0,3,3,1.0,100.0,0.0,3.0,3.0,,,,5.888938903808594e-05,1.9629796346028645e-05,320.185373544693,1.8392279567969047e-07,1.8392279567969045e-05
1609480,1609881,worker,/pscratch/sd/s/satt/sprints/data/converted_10M/mc_normalized_rntuple_10M_30.h5,19,0,1,2,0,3,22,0.13636363636363635,13.636363636363637,1.0,2.0,3.0,52.63157894736842,105.26315789473684,157.89473684210526,0.05645394325256348,0.018817981084187824,320.185373544693,0.00017631643390694538,0.017631643390694538
1609480,1609882,worker,/pscratch/sd/s/satt/sprints/a_star_campaign/h5/h5_tr_210.py,0,0,0,3,0,3,3,1.0,100.0,0.0,3.0,3.0,,,,6.103515625e-05,2.0345052083333332e-05,320.2219023704529,1.9060269081591641e-07,1.906026908159164e-05
1609480,1609882,worker,/pscratch/sd/s/satt/sprints/data/converted_10M/mc_normalized_rntuple_10M_30.h5,17,0,1,2,0,3,20,0.15,15.0,1.0,2.0,3.0,58.8235294117647,117.6470588235294,176.47058823529412,0.11632895469665527,0.03877631823221842,320.2219023704529,0.0003632760714851997,0.036327607148519965
1609480,1609883,worker,/pscratch/sd/s/satt/sprints/a_star_campaign/h5/h5_tr_210.py,0,0,0,3,0,3,3,1.0,100.0,0.0,3.0,3.0,,,,5.888938903808594e-05,1.9629796346028645e-05,320.2064049243927,1.839107155023677e-07,1.839107155023677e-05
1609480,1609883,worker,/pscratch/sd/s/satt/sprints/data/converted_10M/mc_normalized_rntuple_10M_30.h5,17,0,1,2,0,3,20,0.15,15.0,1.0,2.0,3.0,58.8235294117647,117.6470588235294,176.47058823529412,0.08516478538513184,0.028388261795043945,320.2064049243927,0.00026596840061722375,0.02659684006172237
1609480,1609884,worker,/pscratch/sd/s/satt/sprints/a_star_campaign/h5/h5_tr_210.py,0,0,0,3,0,3,3,1.0,100.0,0.0,3.0,3.0,,,,5.7220458984375e-05,1.9073486328125e-05,320.20201778411865,1.7870111931322443e-07,1.7870111931322443e-05
1609480,1609884,worker,/pscratch/sd/s/satt/sprints/data/converted_10M/mc_normalized_rntuple_10M_30.h5,19,0,1,2,0,3,22,0.13636363636363635,13.636363636363637,1.0,2.0,3.0,52.63157894736842,105.26315789473684,157.89473684210526,0.11688041687011719,0.03896013895670573,320.20201778411865,0.00036502086301316936,0.03650208630131693
1609480,1609885,worker,/pscratch/sd/s/satt/sprints/a_star_campaign/h5/h5_tr_210.py,0,0,0,3,0,3,3,1.0,100.0,0.0,3.0,3.0,,,,6.008148193359375e-05,2.002716064453125e-05,320.1508502960205,1.8766616386631712e-07,1.8766616386631714e-05
1609480,1609885,worker,/pscratch/sd/s/satt/sprints/data/converted_10M/mc_normalized_rntuple_10M_30.h5,19,0,1,2,0,3,22,0.13636363636363635,13.636363636363637,1.0,2.0,3.0,52.63157894736842,105.26315789473684,157.89473684210526,0.11729049682617188,0.039096832275390625,320.1508502960205,0.0003663600978030256,0.036636009780302556
1609480,1609886,worker,/pscratch/sd/s/satt/sprints/a_star_campaign/h5/h5_tr_210.py,0,0,0,3,0,3,3,1.0,100.0,0.0,3.0,3.0,,,,5.8650970458984375e-05,1.9550323486328125e-05,320.18868684768677,1.8317627345429774e-07,1.8317627345429773e-05
1609480,1609886,worker,/pscratch/sd/s/satt/sprints/data/converted_10M/mc_normalized_rntuple_10M_30.h5,19,0,1,2,0,3,22,0.13636363636363635,13.636363636363637,1.0,2.0,3.0,52.63157894736842,105.26315789473684,157.89473684210526,0.07193422317504883,0.02397807439168294,320.18868684768677,0.00022466197629670727,0.022466197629670726
1609480,1609887,worker,/pscratch/sd/s/satt/sprints/a_star_campaign/h5/h5_tr_210.py,0,0,0,3,0,3,3,1.0,100.0,0.0,3.0,3.0,,,,5.841255187988281e-05,1.9470850626627605e-05,320.1855432987213,1.8243344555186883e-07,1.8243344555186884e-05
1609480,1609887,worker,/pscratch/sd/s/satt/sprints/data/converted_10M/mc_normalized_rntuple_10M_30.h5,17,0,1,2,0,3,20,0.15,15.0,1.0,2.0,3.0,58.8235294117647,117.6470588235294,176.47058823529412,0.08879399299621582,0.029597997665405273,320.1855432987213,0.0002773204314017835,0.02773204314017835
1609480,1609888,worker,/pscratch/sd/s/satt/sprints/a_star_campaign/h5/h5_tr_210.py,0,0,0,3,0,3,3,1.0,100.0,0.0,3.0,3.0,,,,5.626678466796875e-05,1.8755594889322918e-05,320.16975235939026,1.7574047596104373e-07,1.7574047596104373e-05
1609480,1609888,worker,/pscratch/sd/s/satt/sprints/data/converted_10M/mc_normalized_rntuple_10M_30.h5,17,0,1,2,0,3,20,0.15,15.0,1.0,2.0,3.0,58.8235294117647,117.6470588235294,176.47058823529412,0.04362201690673828,0.014540672302246094,320.16975235939026,0.00013624652730396782,0.013624652730396782
1609480,1609889,worker,/pscratch/sd/s/satt/sprints/a_star_campaign/h5/h5_tr_210.py,0,0,0,3,0,3,3,1.0,100.0,0.0,3.0,3.0,,,,5.4836273193359375e-05,1.8278757731119793e-05,320.12687969207764,1.7129543525400013e-07,1.7129543525400012e-05
1609480,1609889,worker,/pscratch/sd/s/satt/sprints/data/converted_10M/mc_normalized_rntuple_10M_30.h5,19,0,1,2,0,3,22,0.13636363636363635,13.636363636363637,1.0,2.0,3.0,52.63157894736842,105.26315789473684,157.89473684210526,0.004999876022338867,0.0016666253407796223,320.12687969207764,1.5618419881354944e-05,0.0015618419881354942
1609480,1609890,worker,/pscratch/sd/s/satt/sprints/a_star_campaign/h5/h5_tr_210.py,0,0,0,3,0,3,3,1.0,100.0,0.0,3.0,3.0,,,,5.698204040527344e-05,1.899401346842448e-05,320.15814542770386,1.7798091730307318e-07,1.7798091730307318e-05
1609480,1609890,worker,/pscratch/sd/s/satt/sprints/data/converted_10M/mc_normalized_rntuple_10M_30.h5,17,0,1,2,0,3,20,0.15,15.0,1.0,2.0,3.0,58.8235294117647,117.6470588235294,176.47058823529412,0.07716846466064453,0.025722821553548176,320.15814542770386,0.0002410323328102556,0.024103233281025562
1609480,1609891,worker,/pscratch/sd/s/satt/sprints/a_star_campaign/h5/h5_tr_210.py,0,0,0,3,0,3,3,1.0,100.0,0.0,3.0,3.0,,,,6.222724914550781e-05,2.0742416381835938e-05,320.1480801105499,1.943702086984879e-07,1.943702086984879e-05
1609480,1609891,worker,/pscratch/sd/s/satt/sprints/data/converted_10M/mc_normalized_rntuple_10M_30.h5,17,0,1,2,0,3,20,0.15,15.0,1.0,2.0,3.0,58.8235294117647,117.6470588235294,176.47058823529412,0.005577564239501953,0.0018591880798339844,320.1480801105499,1.7421826292308144e-05,0.0017421826292308145
1609480,1609892,worker,/pscratch/sd/s/satt/sprints/a_star_campaign/h5/h5_tr_210.py,0,0,0,3,0,3,3,1.0,100.0,0.0,3.0,3.0,,,,6.0558319091796875e-05,2.0186106363932293e-05,320.0985360145569,1.8918649190273994e-07,1.8918649190273994e-05
1609480,1609892,worker,/pscratch/sd/s/satt/sprints/data/converted_10M/mc_normalized_rntuple_10M_30.h5,19,0,1,2,0,3,22,0.13636363636363635,13.636363636363637,1.0,2.0,3.0,52.63157894736842,105.26315789473684,157.89473684210526,0.004683732986450195,0.0015612443288167317,320.0985360145569,1.4632159974131205e-05,0.0014632159974131205
1609480,1609893,worker,/pscratch/sd/s/satt/sprints/a_star_campaign/h5/h5_tr_210.py,0,0,0,3,0,3,3,1.0,100.0,0.0,3.0,3.0,,,,5.745887756347656e-05,1.915295918782552e-05,320.10914731025696,1.7949776832770772e-07,1.7949776832770772e-05
1609480,1609893,worker,/pscratch/sd/s/satt/sprints/data/converted_10M/mc_normalized_rntuple_10M_30.h5,17,0,1,2,0,3,20,0.15,15.0,1.0,2.0,3.0,58.8235294117647,117.6470588235294,176.47058823529412,0.004613399505615234,0.0015377998352050781,320.10914731025696,1.4411957747473627e-05,0.0014411957747473628
1609480,1609894,worker,/pscratch/sd/s/satt/sprints/a_star_campaign/h5/h5_tr_210.py,0,0,0,3,0,3,3,1.0,100.0,0.0,3.0,3.0,,,,5.602836608886719e-05,1.8676122029622395e-05,320.13371109962463,1.7501551428750135e-07,1.7501551428750136e-05
1609480,1609894,worker,/pscratch/sd/s/satt/sprints/data/converted_10M/mc_normalized_rntuple_10M_30.h5,17,0,1,2,0,3,20,0.15,15.0,1.0,2.0,3.0,58.8235294117647,117.6470588235294,176.47058823529412,0.003962039947509766,0.0013206799825032551,320.13371109962463,1.2376203474168925e-05,0.0012376203474168926
1609480,1609895,worker,/pscratch/sd/s/satt/sprints/a_star_campaign/h5/h5_tr_210.py,0,0,0,3,0,3,3,1.0,100.0,0.0,3.0,3.0,,,,5.602836608886719e-05,1.8676122029622395e-05,320.1233193874359,1.7502119556950393e-07,1.7502119556950392e-05
1609480,1609895,worker,/pscratch/sd/s/satt/sprints/data/converted_10M/mc_normalized_rntuple_10M_30.h5,19,0,1,2,0,3,22,0.13636363636363635,13.636363636363637,1.0,2.0,3.0,52.63157894736842,105.26315789473684,157.89473684210526,0.0033915042877197266,0.001130501429239909,320.1233193874359,1.0594368114792311e-05,0.0010594368114792312
1609480,1609896,worker,/pscratch/sd/s/satt/sprints/a_star_campaign/h5/h5_tr_210.py,0,0,0,3,0,3,3,1.0,100.0,0.0,3.0,3.0,,,,5.817413330078125e-05,1.9391377766927082e-05,320.1137647628784,1.8172955900185438e-07,1.8172955900185438e-05
1609480,1609896,worker,/pscratch/sd/s/satt/sprints/data/converted_10M/mc_normalized_rntuple_10M_30.h5,17,0,1,2,0,3,20,0.15,15.0,1.0,2.0,3.0,58.8235294117647,117.6470588235294,176.47058823529412,0.10216903686523438,0.03405634562174479,320.1137647628784,0.00031916477237683055,0.03191647723768306
1609480,1609897,worker,/pscratch/sd/s/satt/sprints/a_star_campaign/h5/h5_tr_210.py,0,0,0,3,0,3,3,1.0,100.0,0.0,3.0,3.0,,,,5.9604644775390625e-05,1.9868214925130207e-05,320.1129536628723,1.861987904374635e-07,1.861987904374635e-05
1609480,1609897,worker,/pscratch/sd/s/satt/sprints/data/converted_10M/mc_normalized_rntuple_10M_30.h5,17,0,1,2,0,3,20,0.15,15.0,1.0,2.0,3.0,58.8235294117647,117.6470588235294,176.47058823529412,0.003309488296508789,0.0011031627655029297,320.1129536628723,1.0338501640249723e-05,0.0010338501640249724
1609480,1609898,worker,/pscratch/sd/s/satt/sprints/a_star_campaign/h5/h5_tr_210.py,0,0,0,3,0,3,3,1.0,100.0,0.0,3.0,3.0,,,,5.8650970458984375e-05,1.9550323486328125e-05,320.0979073047638,1.8322822211750059e-07,1.8322822211750058e-05
1609480,1609898,worker,/pscratch/sd/s/satt/sprints/data/converted_10M/mc_normalized_rntuple_10M_30.h5,19,0,1,2,0,3,22,0.13636363636363635,13.636363636363637,1.0,2.0,3.0,52.63157894736842,105.26315789473684,157.89473684210526,0.002586841583251953,0.000862280527750651,320.0979073047638,8.081407357621469e-06,0.0008081407357621469
1609480,1609899,worker,/pscratch/sd/s/satt/sprints/a_star_campaign/h5/h5_tr_210.py,0,0,0,3,0,3,3,1.0,100.0,0.0,3.0,3.0,,,,5.3882598876953125e-05,1.7960866292317707e-05,320.0923616886139,1.6833453504701296e-07,1.6833453504701297e-05
1609480,1609899,worker,/pscratch/sd/s/satt/sprints/data/converted_10M/mc_normalized_rntuple_10M_30.h5,17,0,1,2,0,3,20,0.15,15.0,1.0,2.0,3.0,58.8235294117647,117.6470588235294,176.47058823529412,0.0008170604705810547,0.0002723534901936849,320.0923616886139,2.552577219496077e-06,0.00025525772194960773
1609480,1609900,worker,/pscratch/sd/s/satt/sprints/a_star_campaign/h5/h5_tr_210.py,0,0,0,3,0,3,3,1.0,100.0,0.0,3.0,3.0,,,,5.626678466796875e-05,1.8755594889322918e-05,320.09618735313416,1.7578086491200386e-07,1.7578086491200385e-05
1609480,1609900,worker,/pscratch/sd/s/satt/sprints/data/converted_10M/mc_normalized_rntuple_10M_30.h5,17,0,1,2,0,3,20,0.15,15.0,1.0,2.0,3.0,58.8235294117647,117.6470588235294,176.47058823529412,0.06517529487609863,0.02172509829203288,320.09618735313416,0.00020361159379944887,0.020361159379944888
1609480,1609901,worker,/pscratch/sd/s/satt/sprints/a_star_campaign/h5/h5_tr_210.py,0,0,0,3,0,3,3,1.0,100.0,0.0,3.0,3.0,,,,5.745887756347656e-05,1.915295918782552e-05,320.07699632644653,1.7951579845767563e-07,1.7951579845767563e-05
1609480,1609901,worker,/pscratch/sd/s/satt/sprints/data/converted_10M/mc_normalized_rntuple_10M_30.h5,19,0,1,2,0,3,22,0.13636363636363635,13.636363636363637,1.0,2.0,3.0,52.63157894736842,105.26315789473684,157.89473684210526,0.038304805755615234,0.012768268585205078,320.07699632644653,0.00011967372287056881,0.01196737228705688
1609480,1609902,worker,/pscratch/sd/s/satt/sprints/a_star_campaign/h5/h5_tr_210.py,0,0,0,3,0,3,3,1.0,100.0,0.0,3.0,3.0,,,,5.8650970458984375e-05,1.9550323486328125e-05,320.04691672325134,1.8325741444246008e-07,1.8325741444246008e-05
1609480,1609902,worker,/pscratch/sd/s/satt/sprints/data/converted_10M/mc_normalized_rntuple_10M_30.h5,17,0,1,2,0,3,20,0.15,15.0,1.0,2.0,3.0,58.8235294117647,117.6470588235294,176.47058823529412,0.09821581840515137,0.03273860613505045,320.04691672325134,0.0003068794394606833,0.030687943946068334
1609480,1609903,worker,/pscratch/sd/s/satt/sprints/a_star_campaign/h5/h5_tr_210.py,0,0,0,3,0,3,3,1.0,100.0,0.0,3.0,3.0,,,,6.079673767089844e-05,2.0265579223632812e-05,320.01837825775146,1.8997889434315893e-07,1.8997889434315893e-05
1609480,1609903,worker,/pscratch/sd/s/satt/sprints/data/converted_10M/mc_normalized_rntuple_10M_30.h5,17,0,1,2,0,3,20,0.15,15.0,1.0,2.0,3.0,58.8235294117647,117.6470588235294,176.47058823529412,0.06326031684875488,0.021086772282918293,320.01837825775146,0.00019767713714805252,0.019767713714805252
1609480,1609904,worker,/pscratch/sd/s/satt/sprints/a_star_campaign/h5/h5_tr_210.py,0,0,0,3,0,3,3,1.0,100.0,0.0,3.0,3.0,,,,5.7697296142578125e-05,1.9232432047526043e-05,320.0369153022766,1.802832529118796e-07,1.802832529118796e-05
1609480,1609904,worker,/pscratch/sd/s/satt/sprints/data/converted_10M/mc_normalized_rntuple_10M_30.h5,19,0,1,2,0,3,22,0.13636363636363635,13.636363636363637,1.0,2.0,3.0,52.63157894736842,105.26315789473684,157.89473684210526,0.0029633045196533203,0.0009877681732177734,320.0369153022766,9.2592584728998e-06,0.00092592584728998
1609480,1609905,worker,/pscratch/sd/s/satt/sprints/a_star_campaign/h5/h5_tr_210.py,0,0,0,3,0,3,3,1.0,100.0,0.0,3.0,3.0,,,,5.793571472167969e-05,1.9311904907226562e-05,320.00945496559143,1.8104375924739205e-07,1.8104375924739205e-05
1609480,1609905,worker,/pscratch/sd/s/satt/sprints/data/converted_10M/mc_normalized_rntuple_10M_30.h5,17,0,1,2,0,3,20,0.15,15.0,1.0,2.0,3.0,58.8235294117647,117.6470588235294,176.47058823529412,0.0037221908569335938,0.0012407302856445312,320.00945496559143,1.1631502754610225e-05,0.0011631502754610226
1609480,1609906,worker,/pscratch/sd/s/satt/sprints/a_star_campaign/h5/h5_tr_210.py,0,0,0,3,0,3,3,1.0,100.0,0.0,3.0,3.0,,,,6.103515625e-05,2.0345052083333332e-05,320.00675892829895,1.9073083473113642e-07,1.9073083473113643e-05
1609480,1609906,worker,/pscratch/sd/s/satt/sprints/data/converted_10M/mc_normalized_rntuple_10M_30.h5,17,0,1,2,0,3,20,0.15,15.0,1.0,2.0,3.0,58.8235294117647,117.6470588235294,176.47058823529412,0.003797292709350586,0.0012657642364501953,320.00675892829895,1.1866289081104726e-05,0.0011866289081104726
1609480,1609907,worker,/pscratch/sd/s/satt/sprints/a_star_campaign/h5/h5_tr_210.py,0,0,0,3,0,3,3,1.0,100.0,0.0,3.0,3.0,,,,5.7697296142578125e-05,1.9232432047526043e-05,320.03363943099976,1.8028509829516794e-07,1.8028509829516794e-05
1609480,1609907,worker,/pscratch/sd/s/satt/sprints/data/converted_10M/mc_normalized_rntuple_10M_30.h5,19,0,1,2,0,3,22,0.13636363636363635,13.636363636363637,1.0,2.0,3.0,52.63157894736842,105.26315789473684,157.89473684210526,0.002981424331665039,0.000993808110555013,320.03363943099976,9.315971711492045e-06,0.0009315971711492046
1609480,1609908,worker,/pscratch/sd/s/satt/sprints/a_star_campaign/h5/h5_tr_210.py,0,0,0,3,0,3,3,1.0,100.0,0.0,3.0,3.0,,,,5.793571472167969e-05,1.9311904907226562e-05,320.0340805053711,1.810298285426116e-07,1.810298285426116e-05
1609480,1609908,worker,/pscratch/sd/s/satt/sprints/data/converted_10M/mc_normalized_rntuple_10M_30.h5,17,0,1,2,0,3,20,0.15,15.0,1.0,2.0,3.0,58.8235294117647,117.6470588235294,176.47058823529412,0.0036225318908691406,0.0012075106302897136,320.0340805053711,1.1319206645582061e-05,0.001131920664558206
1609480,1609909,worker,/pscratch/sd/s/satt/sprints/a_star_campaign/h5/h5_tr_210.py,0,0,0,3,0,3,3,1.0,100.0,0.0,3.0,3.0,,,,6.008148193359375e-05,2.002716064453125e-05,320.02372002601624,1.8774071474673642e-07,1.877407147467364e-05
1609480,1609909,worker,/pscratch/sd/s/satt/sprints/data/converted_10M/mc_normalized_rntuple_10M_30.h5,17,0,1,2,0,3,20,0.15,15.0,1.0,2.0,3.0,58.8235294117647,117.6470588235294,176.47058823529412,0.004266500473022461,0.0014221668243408203,320.02372002601624,1.3331825755527175e-05,0.0013331825755527175
1609480,1609910,worker,/pscratch/sd/s/satt/sprints/a_star_campaign/h5/h5_tr_210.py,0,0,0,3,0,3,3,1.0,100.0,0.0,3.0,3.0,,,,6.031990051269531e-05,2.010663350423177e-05,319.99775671958923,1.8850101054162398e-07,1.8850101054162397e-05
1609480,1609910,worker,/pscratch/sd/s/satt/sprints/data/converted_10M/mc_normalized_rntuple_10M_30.h5,19,0,1,2,0,3,22,0.13636363636363635,13.636363636363637,1.0,2.0,3.0,52.63157894736842,105.26315789473684,157.89473684210526,0.0038857460021972656,0.0012952486673990886,319.99775671958923,1.2143041382637895e-05,0.0012143041382637896
1609480,1609911,worker,/pscratch/sd/s/satt/sprints/a_star_campaign/h5/h5_tr_210.py,0,0,0,3,0,3,3,1.0,100.0,0.0,3.0,3.0,,,,5.7220458984375e-05,1.9073486328125e-05,320.0081615447998,1.7880937382393722e-07,1.7880937382393723e-05
1609480,1609911,worker,/pscratch/sd/s/satt/sprints/data/converted_10M/mc_normalized_rntuple_10M_30.h5,17,0,1,2,0,3,20,0.15,15.0,1.0,2.0,3.0,58.8235294117647,117.6470588235294,176.47058823529412,0.004143953323364258,0.0013813177744547527,320.0081615447998,1.2949523860141053e-05,0.0012949523860141053
1609480,1609912,worker,/pscratch/sd/s/satt/sprints/a_star_campaign/h5/h5_tr_210.py,0,0,0,3,0,3,3,1.0,100.0,0.0,3.0,3.0,,,,5.745887756347656e-05,1.915295918782552e-05,320.00240755081177,1.7955764146665967e-07,1.7955764146665967e-05
1609480,1609912,worker,/pscratch/sd/s/satt/sprints/data/converted_10M/mc_normalized_rntuple_10M_30.h5,17,0,1,2,0,3,20,0.15,15.0,1.0,2.0,3.0,58.8235294117647,117.6470588235294,176.47058823529412,0.02557086944580078,0.00852362314860026,320.00240755081177,7.990836581984308e-05,0.007990836581984307
1609480,1609913,worker,/pscratch/sd/s/satt/sprints/a_star_campaign/h5/h5_tr_210.py,0,0,0,3,0,3,3,1.0,100.0,0.0,3.0,3.0,,,,5.698204040527344e-05,1.899401346842448e-05,319.9659025669098,1.7808785232469456e-07,1.7808785232469456e-05
1609480,1609913,worker,/pscratch/sd/s/satt/sprints/data/converted_10M/mc_normalized_rntuple_10M_30.h5,19,0,1,2,0,3,22,0.13636363636363635,13.636363636363637,1.0,2.0,3.0,52.63157894736842,105.26315789473684,157.89473684210526,0.05613422393798828,0.018711407979329426,319.9659025669098,0.0001754381435260895,0.017543814352608947
1609480,1609914,worker,/pscratch/sd/s/satt/sprints/a_star_campaign/h5/h5_tr_210.py,0,0,0,3,0,3,3,1.0,100.0,0.0,3.0,3.0,,,,5.626678466796875e-05,1.8755594889322918e-05,319.99208879470825,1.7583804924648263e-07,1.7583804924648264e-05
1609480,1609914,worker,/pscratch/sd/s/satt/sprints/data/converted_10M/mc_normalized_rntuple_10M_30.h5,17,0,1,2,0,3,20,0.15,15.0,1.0,2.0,3.0,58.8235294117647,117.6470588235294,176.47058823529412,0.08699369430541992,0.02899789810180664,319.99208879470825,0.000271862015817619,0.027186201581761903
1609480,1609915,worker,/pscratch/sd/s/satt/sprints/a_star_campaign/h5/h5_tr_210.py,0,0,0,3,0,3,3,1.0,100.0,0.0,3.0,3.0,,,,5.936622619628906e-05,1.9788742065429688e-05,319.9747416973114,1.855341014774476e-07,1.855341014774476e-05
1609480,1609915,worker,/pscratch/sd/s/satt/sprints/data/converted_10M/mc_normalized_rntuple_10M_30.h5,17,0,1,2,0,3,20,0.15,15.0,1.0,2.0,3.0,58.8235294117647,117.6470588235294,176.47058823529412,0.08684611320495605,0.02894870440165202,319.9747416973114,0.00027141552718905055,0.027141552718905056
1609480,1609916,worker,/pscratch/sd/s/satt/sprints/a_star_campaign/h5/h5_tr_210.py,0,0,0,3,0,3,3,1.0,100.0,0.0,3.0,3.0,,,,5.793571472167969e-05,1.9311904907226562e-05,319.9225525856018,1.8109293719197181e-07,1.810929371919718e-05
1609480,1609916,worker,/pscratch/sd/s/satt/sprints/data/converted_10M/mc_normalized_rntuple_10M_30.h5,19,0,1,2,0,3,22,0.13636363636363635,13.636363636363637,1.0,2.0,3.0,52.63157894736842,105.26315789473684,157.89473684210526,0.025730371475219727,0.008576790491739908,319.9225525856018,8.042687602755058e-05,0.008042687602755057
1609480,1609917,worker,/pscratch/sd/s/satt/sprints/a_star_campaign/h5/h5_tr_210.py,0,0,0,3,0,3,3,1.0,100.0,0.0,3.0,3.0,,,,5.602836608886719e-05,1.8676122029622395e-05,319.97598123550415,1.7510178692953204e-07,1.7510178692953202e-05
1609480,1609917,worker,/pscratch/sd/s/satt/sprints/data/converted_10M/mc_normalized_rntuple_10M_30.h5,17,0,1,2,0,3,20,0.15,15.0,1.0,2.0,3.0,58.8235294117647,117.6470588235294,176.47058823529412,0.08468842506408691,0.028229475021362305,319.97598123550415,0.00026467119418490276,0.026467119418490274
1609480,1609918,worker,/pscratch/sd/s/satt/sprints/a_star_campaign/h5/h5_tr_210.py,0,0,0,3,0,3,3,1.0,100.0,0.0,3.0,3.0,,,,6.937980651855469e-05,2.3126602172851562e-05,319.9329524040222,2.1685733212920033e-07,2.1685733212920032e-05
1609480,1609918,worker,/pscratch/sd/s/satt/sprints/data/converted_10M/mc_normalized_rntuple_10M_30.h5,17,0,1,2,0,3,20,0.15,15.0,1.0,2.0,3.0,58.8235294117647,117.6470588235294,176.47058823529412,0.024861574172973633,0.008287191390991211,319.9329524040222,7.770870110802963e-05,0.007770870110802963
1609480,1609919,worker,/pscratch/sd/s/satt/sprints/a_star_campaign/h5/h5_tr_210.py,0,0,0,3,0,3,3,1.0,100.0,0.0,3.0,3.0,,,,5.6743621826171875e-05,1.8914540608723957e-05,319.9459867477417,1.773537539975797e-07,1.773537539975797e-05
1609480,1609919,worker,/pscratch/sd/s/satt/sprints/data/converted_10M/mc_normalized_rntuple_10M_30.h5,19,0,1,2,0,3,22,0.13636363636363635,13.636363636363637,1.0,2.0,3.0,52.63157894736842,105.26315789473684,157.89473684210526,0.056983232498168945,0.01899441083272298,319.9459867477417,0.0001781026637571073,0.017810266375710728
1609480,1609920,worker,/pscratch/sd/s/satt/sprints/a_star_campaign/h5/h5_tr_210.py,0,0,0,3,0,3,3,1.0,100.0,0.0,3.0,3.0,,,,6.341934204101562e-05,2.1139780680338543e-05,319.89818263053894,1.9824852245022202e-07,1.9824852245022202e-05
1609480,1609920,worker,/pscratch/sd/s/satt/sprints/data/converted_10M/mc_normalized_rntuple_10M_30.h5,17,0,1,2,0,3,20,0.15,15.0,1.0,2.0,3.0,58.8235294117647,117.6470588235294,176.47058823529412,0.08545517921447754,0.02848505973815918,319.89818263053894,0.0002671324310497024,0.02671324310497024
1609480,1609921,worker,/pscratch/sd/s/satt/sprints/a_star_campaign/h5/h5_tr_210.py,0,0,0,3,0,3,3,1.0,100.0,0.0,3.0,3.0,,,,5.745887756347656e-05,1.915295918782552e-05,319.9328339099884,1.7959668865885253e-07,1.7959668865885254e-05
1609480,1609921,worker,/pscratch/sd/s/satt/sprints/data/converted_10M/mc_normalized_rntuple_10M_30.h5,17,0,1,2,0,3,20,0.15,15.0,1.0,2.0,3.0,58.8235294117647,117.6470588235294,176.47058823529412,0.056693315505981445,0.01889777183532715,319.9328339099884,0.00017720380497717795,0.017720380497717795
1609480,1609922,worker,/pscratch/sd/s/satt/sprints/a_star_campaign/h5/h5_tr_210.py,0,0,0,3,0,3,3,1.0,100.0,0.0,3.0,3.0,,,,5.626678466796875e-05,1.8755594889322918e-05,319.9356551170349,1.7586906544500622e-07,1.758690654450062e-05
1609480,1609922,worker,/pscratch/sd/s/satt/sprints/data/converted_10M/mc_normalized_rntuple_10M_30.h5,19,0,1,2,0,3,22,0.13636363636363635,13.636363636363637,1.0,2.0,3.0,52.63157894736842,105.26315789473684,157.89473684210526,0.08479738235473633,0.02826579411824544,319.9356551170349,0.0002650451145362864,0.026504511453628636
1609480,1609923,worker,/pscratch/sd/s/satt/sprints/a_star_campaign/h5/h5_tr_210.py,0,0,0,3,0,3,3,1.0,100.0,0.0,3.0,3.0,,,,5.841255187988281e-05,1.9470850626627605e-05,319.90500020980835,1.8259343193002042e-07,1.825934319300204e-05
1609480,1609923,worker,/pscratch/sd/s/satt/sprints/data/converted_10M/mc_normalized_rntuple_10M_30.h5,17,0,1,2,0,3,20,0.15,15.0,1.0,2.0,3.0,58.8235294117647,117.6470588235294,176.47058823529412,0.0037577152252197266,0.001252571741739909,319.90500020980835,1.1746347267955314e-05,0.0011746347267955314
1609480,1609924,worker,/pscratch/sd/s/satt/sprints/a_star_campaign/h5/h5_tr_210.py,0,0,0,3,0,3,3,1.0,100.0,0.0,3.0,3.0,,,,6.175041198730469e-05,2.0583470662434895e-05,319.91523337364197,1.9302116793914555e-07,1.9302116793914556e-05
1609480,1609924,worker,/pscratch/sd/s/satt/sprints/data/converted_10M/mc_normalized_rntuple_10M_30.h5,17,0,1,2,0,3,20,0.15,15.0,1.0,2.0,3.0,58.8235294117647,117.6470588235294,176.47058823529412,0.09818673133850098,0.03272891044616699,319.91523337364197,0.00030691483585536147,0.030691483585536146
1609480,1609925,worker,/pscratch/sd/s/satt/sprints/a_star_campaign/h5/h5_tr_210.py,0,0,0,3,0,3,3,1.0,100.0,0.0,3.0,3.0,,,,5.888938903808594e-05,1.9629796346028645e-05,319.90622425079346,1.8408328620676993e-07,1.8408328620676993e-05
1609480,1609925,worker,/pscratch/sd/s/satt/sprints/data/converted_10M/mc_normalized_rntuple_10M_30.h5,19,0,1,2,0,3,22,0.13636363636363635,13.636363636363637,1.0,2.0,3.0,52.63157894736842,105.26315789473684,157.89473684210526,0.05523514747619629,0.018411715825398762,319.90622425079346,0.00017266043386793931,0.017266043386793932
1609480,1609926,worker,/pscratch/sd/s/satt/sprints/a_star_campaign/h5/h5_tr_210.py,0,0,0,3,0,3,3,1.0,100.0,0.0,3.0,3.0,,,,6.198883056640625e-05,2.0662943522135418e-05,319.89751410484314,1.9377715622413385e-07,1.9377715622413386e-05
1609480,1609926,worker,/pscratch/sd/s/satt/sprints/data/converted_10M/mc_normalized_rntuple_10M_30.h5,17,0,1,2,0,3,20,0.15,15.0,1.0,2.0,3.0,58.8235294117647,117.6470588235294,176.47058823529412,0.09778332710266113,0.03259444236755371,319.89751410484314,0.0003056707938987411,0.03056707938987411
1609480,1609927,worker,/pscratch/sd/s/satt/sprints/a_star_campaign/h5/h5_tr_210.py,0,0,0,3,0,3,3,1.0,100.0,0.0,3.0,3.0,,,,5.984306335449219e-05,1.994768778483073e-05,319.840176820755,1.8710302110678693e-07,1.8710302110678693e-05
1609480,1609927,worker,/pscratch/sd/s/satt/sprints/data/converted_10M/mc_normalized_rntuple_10M_30.h5,21,0,1,2,0,3,24,0.125,12.5,1.0,2.0,3.0,47.61904761904762,95.23809523809524,142.85714285714286,0.09693598747253418,0.03231199582417806,319.840176820755,0.00030307633154811285,0.030307633154811286
1609480,1609928,worker,/pscratch/sd/s/satt/sprints/a_star_campaign/h5/h5_tr_210.py,0,0,0,3,0,3,3,1.0,100.0,0.0,3.0,3.0,,,,6.0558319091796875e-05,2.0186106363932293e-05,319.8822910785675,1.8931438463695045e-07,1.8931438463695045e-05
1609480,1609928,worker,/pscratch/sd/s/satt/sprints/data/converted_10M/mc_normalized_rntuple_10M_30.h5,17,0,1,2,0,3,20,0.15,15.0,1.0,2.0,3.0,58.8235294117647,117.6470588235294,176.47058823529412,0.097381591796875,0.032460530598958336,319.8822910785675,0.00030442945581178404,0.030442945581178403
1609480,1609929,worker,/pscratch/sd/s/satt/sprints/a_star_campaign/h5/h5_tr_210.py,0,0,0,3,0,3,3,1.0,100.0,0.0,3.0,3.0,,,,5.6743621826171875e-05,1.8914540608723957e-05,319.85651755332947,1.7740336279597945e-07,1.7740336279597944e-05
1609480,1609929,worker,/pscratch/sd/s/satt/sprints/data/converted_10M/mc_normalized_rntuple_10M_30.h5,17,0,1,2,0,3,20,0.15,15.0,1.0,2.0,3.0,58.8235294117647,117.6470588235294,176.47058823529412,0.055051565170288086,0.018350521723429363,319.85651755332947,0.00017211331378016824,0.017211331378016823
1609480,1609930,worker,/pscratch/sd/s/satt/sprints/a_star_campaign/h5/h5_tr_210.py,0,0,0,3,0,3,3,1.0,100.0,0.0,3.0,3.0,,,,5.626678466796875e-05,1.8755594889322918e-05,319.87089681625366,1.7590467037796998e-07,1.7590467037797e-05
1609480,1609930,worker,/pscratch/sd/s/satt/sprints/data/converted_10M/mc_normalized_rntuple_10M_30.h5,19,0,1,2,0,3,22,0.13636363636363635,13.636363636363637,1.0,2.0,3.0,52.63157894736842,105.26315789473684,157.89473684210526,0.05499863624572754,0.018332878748575848,319.87089681625366,0.00017194010706551057,0.017194010706551056
1609480,1609931,worker,/pscratch/sd/s/satt/sprints/a_star_campaign/h5/h5_tr_210.py,0,0,0,3,0,3,3,1.0,100.0,0.0,3.0,3.0,,,,6.318092346191406e-05,2.106030782063802e-05,319.81821489334106,1.9755261120128763e-07,1.975526112012876e-05
1609480,1609931,worker,/pscratch/sd/s/satt/sprints/data/converted_10M/mc_normalized_rntuple_10M_30.h5,17,0,1,2,0,3,20,0.15,15.0,1.0,2.0,3.0,58.8235294117647,117.6470588235294,176.47058823529412,0.031167984008789062,0.010389328002929688,319.81821489334106,9.745531229102615e-05,0.009745531229102615
1609480,1609932,worker,/pscratch/sd/s/satt/sprints/a_star_campaign/h5/h5_tr_210.py,0,0,0,3,0,3,3,1.0,100.0,0.0,3.0,3.0,,,,6.0558319091796875e-05,2.0186106363932293e-05,319.8542597293854,1.8933097574824424e-07,1.8933097574824424e-05
1609480,1609932,worker,/pscratch/sd/s/satt/sprints/data/converted_10M/mc_normalized_rntuple_10M_30.h5,17,0,1,2,0,3,20,0.15,15.0,1.0,2.0,3.0,58.8235294117647,117.6470588235294,176.47058823529412,0.05532693862915039,0.018442312876383465,319.8542597293854,0.00017297546287474826,0.017297546287474826
1609480,1609933,worker,/pscratch/sd/s/satt/sprints/a_star_campaign/h5/h5_tr_210.py,0,0,0,3,0,3,3,1.0,100.0,0.0,3.0,3.0,,,,6.008148193359375e-05,2.002716064453125e-05,319.80466890335083,1.878693082862751e-07,1.8786930828627508e-05
1609480,1609933,worker,/pscratch/sd/s/satt/sprints/data/converted_10M/mc_normalized_rntuple_10M_30.h5,19,0,1,2,0,3,22,0.13636363636363635,13.636363636363637,1.0,2.0,3.0,52.63157894736842,105.26315789473684,157.89473684210526,0.030908823013305664,0.01030294100443522,319.80466890335083,9.664906744262297e-05,0.009664906744262297
1609480,1609934,worker,/pscratch/sd/s/satt/sprints/a_star_campaign/h5/h5_tr_210.py,0,0,0,3,0,3,3,1.0,100.0,0.0,3.0,3.0,,,,6.079673767089844e-05,2.0265579223632812e-05,319.8032958507538,1.901066638765072e-07,1.9010666387650718e-05
1609480,1609934,worker,/pscratch/sd/s/satt/sprints/data/converted_10M/mc_normalized_rntuple_10M_30.h5,17,0,1,2,0,3,20,0.15,15.0,1.0,2.0,3.0,58.8235294117647,117.6470588235294,176.47058823529412,0.09453535079956055,0.031511783599853516,319.8032958507538,0.0002956046795830348,0.029560467958303478
1609480,1609935,worker,/pscratch/sd/s/satt/sprints/a_star_campaign/h5/h5_tr_210.py,0,0,0,3,0,3,3,1.0,100.0,0.0,3.0,3.0,,,,5.984306335449219e-05,1.994768778483073e-05,319.83576488494873,1.8710560207680002e-07,1.871056020768e-05
1609480,1609935,worker,/pscratch/sd/s/satt/sprints/data/converted_10M/mc_normalized_rntuple_10M_30.h5,17,0,1,2,0,3,20,0.15,15.0,1.0,2.0,3.0,58.8235294117647,117.6470588235294,176.47058823529412,0.054213523864746094,0.01807117462158203,319.83576488494873,0.0001695042575499578,0.01695042575499578
1609480,1609936,worker,/pscratch/sd/s/satt/sprints/a_star_campaign/h5/h5_tr_210.py,0,0,0,3,0,3,3,1.0,100.0,0.0,3.0,3.0,,,,5.91278076171875e-05,1.9709269205729168e-05,319.79310393333435,1.8489394202044324e-07,1.8489394202044324e-05
1609480,1609936,worker,/pscratch/sd/s/satt/sprints/data/converted_10M/mc_normalized_rntuple_10M_30.h5,19,0,1,2,0,3,22,0.13636363636363635,13.636363636363637,1.0,2.0,3.0,52.63157894736842,105.26315789473684,157.89473684210526,0.07995319366455078,0.02665106455485026,319.79310393333435,0.00025001537769625646,0.025001537769625645
1609480,1609937,worker,/pscratch/sd/s/satt/sprints/a_star_campaign/h5/h5_tr_210.py,0,0,0,3,0,3,3,1.0,100.0,0.0,3.0,3.0,,,,6.031990051269531e-05,2.010663350423177e-05,319.81550192832947,1.8860843251498478e-07,1.8860843251498477e-05
1609480,1609937,worker,/pscratch/sd/s/satt/sprints/data/converted_10M/mc_normalized_rntuple_10M_30.h5,17,0,1,2,0,3,20,0.15,15.0,1.0,2.0,3.0,58.8235294117647,117.6470588235294,176.47058823529412,0.08033394813537598,0.026777982711791992,319.81550192832947,0.0002511884122283065,0.02511884122283065
1609480,1609938,worker,/pscratch/sd/s/satt/sprints/a_star_campaign/h5/h5_tr_210.py,0,0,0,3,0,3,3,1.0,100.0,0.0,3.0,3.0,,,,5.936622619628906e-05,1.9788742065429688e-05,319.8093161582947,1.856300714107553e-07,1.856300714107553e-05
1609480,1609938,worker,/pscratch/sd/s/satt/sprints/data/converted_10M/mc_normalized_rntuple_10M_30.h5,17,0,1,2,0,3,20,0.15,15.0,1.0,2.0,3.0,58.8235294117647,117.6470588235294,176.47058823529412,0.08066606521606445,0.026888688405354817,319.8093161582947,0.0002522317554255909,0.02522317554255909
1609480,1609939,worker,/pscratch/sd/s/satt/sprints/a_star_campaign/h5/h5_tr_210.py,0,0,0,3,0,3,3,1.0,100.0,0.0,3.0,3.0,,,,5.4836273193359375e-05,1.8278757731119793e-05,319.75487446784973,1.7149472165082812e-07,1.714947216508281e-05
1609480,1609939,worker,/pscratch/sd/s/satt/sprints/data/converted_10M/mc_normalized_rntuple_10M_30.h5,19,0,1,2,0,3,22,0.13636363636363635,13.636363636363637,1.0,2.0,3.0,52.63157894736842,105.26315789473684,157.89473684210526,0.05701184272766113,0.019003947575887043,319.75487446784973,0.00017829858832501858,0.017829858832501856
1609480,1609940,worker,/pscratch/sd/s/satt/sprints/a_star_campaign/h5/h5_tr_210.py,0,0,0,3,0,3,3,1.0,100.0,0.0,3.0,3.0,,,,5.91278076171875e-05,1.9709269205729168e-05,319.77844190597534,1.8490241951511192e-07,1.8490241951511192e-05
1609480,1609940,worker,/pscratch/sd/s/satt/sprints/data/converted_10M/mc_normalized_rntuple_10M_30.h5,17,0,1,2,0,3,20,0.15,15.0,1.0,2.0,3.0,58.8235294117647,117.6470588235294,176.47058823529412,0.09292435646057129,0.030974785486857098,319.77844190597534,0.0002905898093277154,0.02905898093277154
1609480,1609941,worker,/pscratch/sd/s/satt/sprints/a_star_campaign/h5/h5_tr_210.py,0,0,0,3,0,3,3,1.0,100.0,0.0,3.0,3.0,,,,5.555152893066406e-05,1.8517176310221355e-05,319.78310537338257,1.7371627205196296e-07,1.7371627205196295e-05
1609480,1609941,worker,/pscratch/sd/s/satt/sprints/data/converted_10M/mc_normalized_rntuple_10M_30.h5,17,0,1,2,0,3,20,0.15,15.0,1.0,2.0,3.0,58.8235294117647,117.6470588235294,176.47058823529412,0.08362770080566406,0.027875900268554688,319.78310537338257,0.00026151381796114386,0.026151381796114388
1609480,1609942,worker,/pscratch/sd/s/satt/sprints/a_star_campaign/h5/h5_tr_210.py,0,0,0,3,0,3,3,1.0,100.0,0.0,3.0,3.0,,,,6.008148193359375e-05,2.002716064453125e-05,319.7268650531769,1.879150252938583e-07,1.8791502529385827e-05
1609480,1609942,worker,/pscratch/sd/s/satt/sprints/data/converted_10M/mc_normalized_rntuple_10M_30.h5,19,0,1,2,0,3,22,0.13636363636363635,13.636363636363637,1.0,2.0,3.0,52.63157894736842,105.26315789473684,157.89473684210526,0.03890585899353027,0.012968619664510092,319.7268650531769,0.00012168467290685587,0.012168467290685585
1609480,1609943,worker,/pscratch/sd/s/satt/sprints/a_star_campaign/h5/h5_tr_210.py,0,0,0,3,0,3,3,1.0,100.0,0.0,3.0,3.0,,,,6.246566772460938e-05,2.0821889241536457e-05,319.7681007385254,1.9534677655570027e-07,1.9534677655570028e-05
1609480,1609943,worker,/pscratch/sd/s/satt/sprints/data/converted_10M/mc_normalized_rntuple_10M_30.h5,17,0,1,2,0,3,20,0.15,15.0,1.0,2.0,3.0,58.8235294117647,117.6470588235294,176.47058823529412,0.06558489799499512,0.02186163266499837,319.7681007385254,0.0002051014402109607,0.020510144021096067
1609480,1609944,worker,/pscratch/sd/s/satt/sprints/a_star_campaign/h5/h5_tr_210.py,0,0,0,3,0,3,3,1.0,100.0,0.0,3.0,3.0,,,,6.198883056640625e-05,2.0662943522135418e-05,319.7113449573517,1.9388999340850832e-07,1.9388999340850833e-05
1609480,1609944,worker,/pscratch/sd/s/satt/sprints/data/converted_10M/mc_normalized_rntuple_10M_30.h5,17,0,1,2,0,3,20,0.15,15.0,1.0,2.0,3.0,58.8235294117647,117.6470588235294,176.47058823529412,0.0919334888458252,0.03064449628194173,319.7113449573517,0.0002875515376474638,0.02875515376474638
1609480,1609945,worker,/pscratch/sd/s/satt/sprints/a_star_campaign/h5/h5_tr_210.py,0,0,0,3,0,3,3,1.0,100.0,0.0,3.0,3.0,,,,5.698204040527344e-05,1.899401346842448e-05,319.709050655365,1.7823092680193797e-07,1.7823092680193796e-05
1609480,1609945,worker,/pscratch/sd/s/satt/sprints/data/converted_10M/mc_normalized_rntuple_10M_30.h5,19,0,1,2,0,3,22,0.13636363636363635,13.636363636363637,1.0,2.0,3.0,52.63157894736842,105.26315789473684,157.89473684210526,0.08273935317993164,0.027579784393310547,319.709050655365,0.00025879578013298635,0.025879578013298637
1609480,1609946,worker,/pscratch/sd/s/satt/sprints/a_star_campaign/h5/h5_tr_210.py,0,0,0,3,0,3,3,1.0,100.0,0.0,3.0,3.0,,,,5.745887756347656e-05,1.915295918782552e-05,319.72671389579773,1.7971247026359835e-07,1.7971247026359835e-05
1609480,1609946,worker,/pscratch/sd/s/satt/sprints/data/converted_10M/mc_normalized_rntuple_10M_30.h5,17,0,1,2,0,3,20,0.15,15.0,1.0,2.0,3.0,58.8235294117647,117.6470588235294,176.47058823529412,0.06024670600891113,0.02008223533630371,319.72671389579773,0.00018843188069842098,0.018843188069842098
1609480,1609947,worker,/pscratch/sd/s/satt/sprints/a_star_campaign/h5/h5_tr_210.py,0,0,0,3,0,3,3,1.0,100.0,0.0,3.0,3.0,,,,5.8650970458984375e-05,1.9550323486328125e-05,319.73648834228516,1.834353369021717e-07,1.8343533690217172e-05
1609480,1609947,worker,/pscratch/sd/s/satt/sprints/data/converted_10M/mc_normalized_rntuple_10M_30.h5,17,0,1,2,0,3,20,0.15,15.0,1.0,2.0,3.0,58.8235294117647,117.6470588235294,176.47058823529412,0.08335638046264648,0.027785460154215496,319.73648834228516,0.00026070337137565477,0.02607033713756548
1609480,1609948,worker,/pscratch/sd/s/satt/sprints/a_star_campaign/h5/h5_tr_210.py,0,0,0,3,0,3,3,1.0,100.0,0.0,3.0,3.0,,,,5.91278076171875e-05,1.9709269205729168e-05,319.73177003860474,1.8492941008035688e-07,1.849294100803569e-05
1609480,1609948,worker,/pscratch/sd/s/satt/sprints/data/converted_10M/mc_normalized_rntuple_10M_30.h5,19,0,1,2,0,3,22,0.13636363636363635,13.636363636363637,1.0,2.0,3.0,52.63157894736842,105.26315789473684,157.89473684210526,0.03677797317504883,0.012259324391682943,319.73177003860474,0.00011502758443619231,0.01150275844361923
1609480,1609949,worker,/pscratch/sd/s/satt/sprints/a_star_campaign/h5/h5_tr_210.py,0,0,0,3,0,3,3,1.0,100.0,0.0,3.0,3.0,,,,6.532669067382812e-05,2.1775563557942707e-05,319.74239230155945,2.0431038312935495e-07,2.0431038312935494e-05
1609480,1609949,worker,/pscratch/sd/s/satt/sprints/data/converted_10M/mc_normalized_rntuple_10M_30.h5,17,0,1,2,0,3,20,0.15,15.0,1.0,2.0,3.0,58.8235294117647,117.6470588235294,176.47058823529412,0.037424564361572266,0.012474854787190756,319.74239230155945,0.00011704598846647755,0.011704598846647754
1609480,1609950,worker,/pscratch/sd/s/satt/sprints/a_star_campaign/h5/h5_tr_210.py,0,0,0,3,0,3,3,1.0,100.0,0.0,3.0,3.0,,,,5.888938903808594e-05,1.9629796346028645e-05,319.68147325515747,1.8421270534837247e-07,1.8421270534837247e-05
1609480,1609950,worker,/pscratch/sd/s/satt/sprints/data/converted_10M/mc_normalized_rntuple_10M_30.h5,17,0,1,2,0,3,20,0.15,15.0,1.0,2.0,3.0,58.8235294117647,117.6470588235294,176.47058823529412,0.03722739219665527,0.012409130732218424,319.68147325515747,0.00011645151599680536,0.011645151599680536
1609480,1609951,worker,/pscratch/sd/s/satt/sprints/a_star_campaign/h5/h5_tr_210.py,0,0,0,3,0,3,3,1.0,100.0,0.0,3.0,3.0,,,,5.8650970458984375e-05,1.9550323486328125e-05,319.7141718864441,1.8344814092199827e-07,1.8344814092199827e-05
1609480,1609951,worker,/pscratch/sd/s/satt/sprints/data/converted_10M/mc_normalized_rntuple_10M_30.h5,19,0,1,2,0,3,22,0.13636363636363635,13.636363636363637,1.0,2.0,3.0,52.63157894736842,105.26315789473684,157.89473684210526,0.08433699607849121,0.028112332026163738,319.7141718864441,0.0002637887322318824,0.026378873223188236
1609480,1609952,worker,/pscratch/sd/s/satt/sprints/a_star_campaign/h5/h5_tr_210.py,0,0,0,3,0,3,3,1.0,100.0,0.0,3.0,3.0,,,,5.9604644775390625e-05,1.9868214925130207e-05,319.7024836540222,1.8643785338838336e-07,1.8643785338838337e-05
1609480,1609952,worker,/pscratch/sd/s/satt/sprints/data/converted_10M/mc_normalized_rntuple_10M_30.h5,17,0,1,2,0,3,20,0.15,15.0,1.0,2.0,3.0,58.8235294117647,117.6470588235294,176.47058823529412,0.08278894424438477,0.027596314748128254,319.7024836540222,0.00025895621234515607,0.02589562123451561
1609480,1609953,worker,/pscratch/sd/s/satt/sprints/a_star_campaign/h5/h5_tr_210.py,0,0,0,3,0,3,3,1.0,100.0,0.0,3.0,3.0,,,,5.7220458984375e-05,1.9073486328125e-05,319.6433937549591,1.790134259062479e-07,1.790134259062479e-05
1609480,1609953,worker,/pscratch/sd/s/satt/sprints/data/converted_10M/mc_normalized_rntuple_10M_30.h5,17,0,1,2,0,3,20,0.15,15.0,1.0,2.0,3.0,58.8235294117647,117.6470588235294,176.47058823529412,0.0906064510345459,0.030202150344848633,319.6433937549591,0.0002834610469190721,0.02834610469190721
1609480,1609954,worker,/pscratch/sd/s/satt/sprints/a_star_campaign/h5/h5_tr_210.py,0,0,0,3,0,3,3,1.0,100.0,0.0,3.0,3.0,,,,5.817413330078125e-05,1.9391377766927082e-05,319.68226504325867,1.8197485335293548e-07,1.819748533529355e-05
1609480,1609954,worker,/pscratch/sd/s/satt/sprints/data/converted_10M/mc_normalized_rntuple_10M_30.h5,19,0,1,2,0,3,22,0.13636363636363635,13.636363636363637,1.0,2.0,3.0,52.63157894736842,105.26315789473684,157.89473684210526,0.0683281421661377,0.022776047388712566,319.68226504325867,0.0002137376690473952,0.02137376690473952
1609480,1609955,worker,/pscratch/sd/s/satt/sprints/a_star_campaign/h5/h5_tr_210.py,0,0,0,3,0,3,3,1.0,100.0,0.0,3.0,3.0,,,,5.9604644775390625e-05,1.9868214925130207e-05,319.63296008110046,1.8647840560706613e-07,1.8647840560706613e-05
1609480,1609955,worker,/pscratch/sd/s/satt/sprints/data/converted_10M/mc_normalized_rntuple_10M_30.h5,17,0,1,2,0,3,20,0.15,15.0,1.0,2.0,3.0,58.8235294117647,117.6470588235294,176.47058823529412,0.08203887939453125,0.027346293131510418,319.63296008110046,0.0002566658938230761,0.02566658938230761
1609480,1609956,worker,/pscratch/sd/s/satt/sprints/a_star_campaign/h5/h5_tr_210.py,0,0,0,3,0,3,3,1.0,100.0,0.0,3.0,3.0,,,,5.793571472167969e-05,1.9311904907226562e-05,319.6299104690552,1.812587396362854e-07,1.8125873963628542e-05
1609480,1609956,worker,/pscratch/sd/s/satt/sprints/data/converted_10M/mc_normalized_rntuple_10M_30.h5,17,0,1,2,0,3,20,0.15,15.0,1.0,2.0,3.0,58.8235294117647,117.6470588235294,176.47058823529412,0.06496357917785645,0.021654526392618816,319.6299104690552,0.00020324624526697998,0.020324624526698
1609480,1609957,worker,/pscratch/sd/s/satt/sprints/a_star_campaign/h5/h5_tr_210.py,0,0,0,3,0,3,3,1.0,100.0,0.0,3.0,3.0,,,,6.031990051269531e-05,2.010663350423177e-05,319.67399072647095,1.8869192446847526e-07,1.8869192446847526e-05
1609480,1609957,worker,/pscratch/sd/s/satt/sprints/data/converted_10M/mc_normalized_rntuple_10M_30.h5,19,0,1,2,0,3,22,0.13636363636363635,13.636363636363637,1.0,2.0,3.0,52.63157894736842,105.26315789473684,157.89473684210526,0.06518268585205078,0.021727561950683594,319.67399072647095,0.00020390362601574411,0.02039036260157441
1609480,1609958,worker,/pscratch/sd/s/satt/sprints/a_star_campaign/h5/h5_tr_210.py,0,0,0,3,0,3,3,1.0,100.0,0.0,3.0,3.0,,,,5.412101745605469e-05,1.804033915201823e-05,319.66421127319336,1.693058389004375e-07,1.693058389004375e-05
1609480,1609958,worker,/pscratch/sd/s/satt/sprints/data/converted_10M/mc_normalized_rntuple_10M_30.h5,17,0,1,2,0,3,20,0.15,15.0,1.0,2.0,3.0,58.8235294117647,117.6470588235294,176.47058823529412,0.0650014877319336,0.0216671625773112,319.66421127319336,0.00020334302508572544,0.020334302508572544
1609480,1609959,worker,/pscratch/sd/s/satt/sprints/a_star_campaign/h5/h5_tr_210.py,0,0,0,3,0,3,3,1.0,100.0,0.0,3.0,3.0,,,,6.198883056640625e-05,2.0662943522135418e-05,319.6558690071106,1.9392364281923238e-07,1.9392364281923237e-05
1609480,1609959,worker,/pscratch/sd/s/satt/sprints/data/converted_10M/mc_normalized_rntuple_10M_30.h5,17,0,1,2,0,3,20,0.15,15.0,1.0,2.0,3.0,58.8235294117647,117.6470588235294,176.47058823529412,0.03670644760131836,0.012235482533772787,319.6558690071106,0.00011483113923524376,0.011483113923524376
1609480,1609960,worker,/pscratch/sd/s/satt/sprints/a_star_campaign/h5/h5_tr_210.py,0,0,0,3,0,3,3,1.0,100.0,0.0,3.0,3.0,,,,5.6743621826171875e-05,1.8914540608723957e-05,319.64419865608215,1.7752120033695521e-07,1.7752120033695523e-05
1609480,1609960,worker,/pscratch/sd/s/satt/sprints/data/converted_10M/mc_normalized_rntuple_10M_30.h5,19,0,1,2,0,3,22,0.13636363636363635,13.636363636363637,1.0,2.0,3.0,52.63157894736842,105.26315789473684,157.89473684210526,0.06494760513305664,0.02164920171101888,319.64419865608215,0.00020318718564617635,0.020318718564617637
1609480,1609961,worker,/pscratch/sd/s/satt/sprints/a_star_campaign/h5/h5_tr_210.py,0,0,0,3,0,3,3,1.0,100.0,0.0,3.0,3.0,,,,5.6743621826171875e-05,1.8914540608723957e-05,319.6452443599701,1.7752061958497264e-07,1.7752061958497264e-05
1609480,1609961,worker,/pscratch/sd/s/satt/sprints/data/converted_10M/mc_normalized_rntuple_10M_30.h5,17,0,1,2,0,3,20,0.15,15.0,1.0,2.0,3.0,58.8235294117647,117.6470588235294,176.47058823529412,0.06558108329772949,0.021860361099243164,319.6452443599701,0.00020516833725789778,0.020516833725789777
1609480,1609962,worker,/pscratch/sd/s/satt/sprints/a_star_campaign/h5/h5_tr_210.py,0,0,0,3,0,3,3,1.0,100.0,0.0,3.0,3.0,,,,6.723403930664062e-05,2.2411346435546875e-05,319.6405634880066,2.1034263790854363e-07,2.1034263790854363e-05
1609480,1609962,worker,/pscratch/sd/s/satt/sprints/data/converted_10M/mc_normalized_rntuple_10M_30.h5,17,0,1,2,0,3,20,0.15,15.0,1.0,2.0,3.0,58.8235294117647,117.6470588235294,176.47058823529412,0.08075094223022461,0.026916980743408203,319.6405634880066,0.0002526304588787102,0.02526304588787102
1609480,1609963,worker,/pscratch/sd/s/satt/sprints/a_star_campaign/h5/h5_tr_210.py,0,0,0,3,0,3,3,1.0,100.0,0.0,3.0,3.0,,,,6.413459777832031e-05,2.1378199259440105e-05,319.58700251579285,2.006796186123089e-07,2.0067961861230888e-05
1609480,1609963,worker,/pscratch/sd/s/satt/sprints/data/converted_10M/mc_normalized_rntuple_10M_30.h5,19,0,1,2,0,3,22,0.13636363636363635,13.636363636363637,1.0,2.0,3.0,52.63157894736842,105.26315789473684,157.89473684210526,0.0324406623840332,0.010813554128011068,319.58700251579285,0.00010150807801525064,0.010150807801525065
1609480,1609964,worker,/pscratch/sd/s/satt/sprints/a_star_campaign/h5/h5_tr_210.py,0,0,0,3,0,3,3,1.0,100.0,0.0,3.0,3.0,,,,8.153915405273438e-05,2.7179718017578125e-05,319.6278426647186,2.5510654320020187e-07,2.5510654320020188e-05
1609480,1609964,worker,/pscratch/sd/s/satt/sprints/data/converted_10M/mc_normalized_rntuple_10M_30.h5,17,0,1,2,0,3,20,0.15,15.0,1.0,2.0,3.0,58.8235294117647,117.6470588235294,176.47058823529412,0.08031105995178223,0.026770353317260742,319.6278426647186,0.00025126428061533567,0.02512642806153357
1609480,1609965,worker,/pscratch/sd/s/satt/sprints/a_star_campaign/h5/h5_tr_210.py,0,0,0,3,0,3,3,1.0,100.0,0.0,3.0,3.0,,,,5.7697296142578125e-05,1.9232432047526043e-05,319.60615253448486,1.8052623732377212e-07,1.8052623732377212e-05
1609480,1609965,worker,/pscratch/sd/s/satt/sprints/data/converted_10M/mc_normalized_rntuple_10M_30.h5,17,0,1,2,0,3,20,0.15,15.0,1.0,2.0,3.0,58.8235294117647,117.6470588235294,176.47058823529412,0.0373377799987793,0.012445926666259766,319.60615253448486,0.00011682434678647378,0.011682434678647378
1609480,1609966,worker,/pscratch/sd/s/satt/sprints/a_star_campaign/h5/h5_tr_210.py,0,0,0,3,0,3,3,1.0,100.0,0.0,3.0,3.0,,,,6.222724914550781e-05,2.0742416381835938e-05,319.57944321632385,1.9471605720079462e-07,1.947160572007946e-05
1609480,1609966,worker,/pscratch/sd/s/satt/sprints/data/converted_10M/mc_normalized_rntuple_10M_30.h5,19,0,1,2,0,3,22,0.13636363636363635,13.636363636363637,1.0,2.0,3.0,52.63157894736842,105.26315789473684,157.89473684210526,0.0620272159576416,0.0206757386525472,319.57944321632385,0.0001940901308713254,0.01940901308713254
1609480,1609967,worker,/pscratch/sd/s/satt/sprints/a_star_campaign/h5/h5_tr_210.py,0,0,0,3,0,3,3,1.0,100.0,0.0,3.0,3.0,,,,6.413459777832031e-05,2.1378199259440105e-05,319.5909593105316,2.0067713403620944e-07,2.0067713403620944e-05
1609480,1609967,worker,/pscratch/sd/s/satt/sprints/data/converted_10M/mc_normalized_rntuple_10M_30.h5,17,0,1,2,0,3,20,0.15,15.0,1.0,2.0,3.0,58.8235294117647,117.6470588235294,176.47058823529412,0.06157040596008301,0.020523468653361004,319.5909593105316,0.00019265377873301453,0.019265377873301452
1609480,1609968,worker,/pscratch/sd/s/satt/sprints/a_star_campaign/h5/h5_tr_210.py,0,0,0,3,0,3,3,1.0,100.0,0.0,3.0,3.0,,,,5.626678466796875e-05,1.8755594889322918e-05,319.5279154777527,1.760934864919067e-07,1.760934864919067e-05
1609480,1609968,worker,/pscratch/sd/s/satt/sprints/data/converted_10M/mc_normalized_rntuple_10M_30.h5,19,0,1,2,0,3,22,0.13636363636363635,13.636363636363637,1.0,2.0,3.0,52.63157894736842,105.26315789473684,157.89473684210526,0.06097984313964844,0.020326614379882812,319.5279154777527,0.0001908435544621271,0.01908435544621271
1609480,1609969,worker,/pscratch/sd/s/satt/sprints/a_star_campaign/h5/h5_tr_210.py,0,0,0,3,0,3,3,1.0,100.0,0.0,3.0,3.0,,,,5.507469177246094e-05,1.8358230590820312e-05,319.57502484321594,1.7233728386465955e-07,1.7233728386465955e-05
1609480,1609969,worker,/pscratch/sd/s/satt/sprints/data/converted_10M/mc_normalized_rntuple_10M_30.h5,17,0,1,2,0,3,20,0.15,15.0,1.0,2.0,3.0,58.8235294117647,117.6470588235294,176.47058823529412,0.07560563087463379,0.025201876958211262,319.57502484321594,0.00023658178830378263,0.023658178830378265
1609480,1609970,worker,/pscratch/sd/s/satt/sprints/a_star_campaign/h5/h5_tr_210.py,0,0,0,3,0,3,3,1.0,100.0,0.0,3.0,3.0,,,,5.6743621826171875e-05,1.8914540608723957e-05,319.5680584907532,1.7756349647132763e-07,1.7756349647132764e-05
1609480,1609970,worker,/pscratch/sd/s/satt/sprints/data/converted_10M/mc_normalized_rntuple_10M_30.h5,19,0,1,2,0,3,22,0.13636363636363635,13.636363636363637,1.0,2.0,3.0,52.63157894736842,105.26315789473684,157.89473684210526,0.07441210746765137,0.024804035822550457,319.5680584907532,0.00023285214366880946,0.023285214366880948
1609480,1609971,worker,/pscratch/sd/s/satt/sprints/a_star_campaign/h5/h5_tr_210.py,0,0,0,3,0,3,3,1.0,100.0,0.0,3.0,3.0,,,,5.698204040527344e-05,1.899401346842448e-05,319.5621371269226,1.7831286559033588e-07,1.7831286559033588e-05
1609480,1609971,worker,/pscratch/sd/s/satt/sprints/data/converted_10M/mc_normalized_rntuple_10M_30.h5,19,0,1,2,0,3,22,0.13636363636363635,13.636363636363637,1.0,2.0,3.0,52.63157894736842,105.26315789473684,157.89473684210526,0.05919289588928223,0.01973096529642741,319.5621371269226,0.0001852312555594538,0.01852312555594538
1609480,1609972,worker,/pscratch/sd/s/satt/sprints/a_star_campaign/h5/h5_tr_210.py,0,0,0,3,0,3,3,1.0,100.0,0.0,3.0,3.0,,,,5.936622619628906e-05,1.9788742065429688e-05,319.55097460746765,1.857801443704366e-07,1.857801443704366e-05
1609480,1609972,worker,/pscratch/sd/s/satt/sprints/data/converted_10M/mc_normalized_rntuple_10M_30.h5,17,0,1,2,0,3,20,0.15,15.0,1.0,2.0,3.0,58.8235294117647,117.6470588235294,176.47058823529412,0.03209805488586426,0.01069935162862142,319.55097460746765,0.00010044736970460848,0.010044736970460847
1609480,1609973,worker,/pscratch/sd/s/satt/sprints/a_star_campaign/h5/h5_tr_210.py,0,0,0,3,0,3,3,1.0,100.0,0.0,3.0,3.0,,,,6.031990051269531e-05,2.010663350423177e-05,319.55046486854553,1.887648654728426e-07,1.887648654728426e-05
1609480,1609973,worker,/pscratch/sd/s/satt/sprints/data/converted_10M/mc_normalized_rntuple_10M_30.h5,17,0,1,2,0,3,20,0.15,15.0,1.0,2.0,3.0,58.8235294117647,117.6470588235294,176.47058823529412,0.03188657760620117,0.010628859202067057,319.55046486854553,9.978573374730797e-05,0.009978573374730796
1609480,1609974,worker,/pscratch/sd/s/satt/sprints/a_star_campaign/h5/h5_tr_210.py,0,0,0,3,0,3,3,1.0,100.0,0.0,3.0,3.0,,,,6.580352783203125e-05,2.193450927734375e-05,319.48152232170105,2.05969745460805e-07,2.05969745460805e-05
1609480,1609974,worker,/pscratch/sd/s/satt/sprints/data/converted_10M/mc_normalized_rntuple_10M_30.h5,19,0,1,2,0,3,22,0.13636363636363635,13.636363636363637,1.0,2.0,3.0,52.63157894736842,105.26315789473684,157.89473684210526,0.004769325256347656,0.0015897750854492188,319.48152232170105,1.492832894274617e-05,0.001492832894274617
1609480,1609975,worker,/pscratch/sd/s/satt/sprints/a_star_campaign/h5/h5_tr_210.py,0,0,0,3,0,3,3,1.0,100.0,0.0,3.0,3.0,,,,5.9604644775390625e-05,1.9868214925130207e-05,319.48369097709656,1.8656553200915542e-07,1.8656553200915543e-05
1609480,1609975,worker,/pscratch/sd/s/satt/sprints/data/converted_10M/mc_normalized_rntuple_10M_30.h5,17,0,1,2,0,3,20,0.15,15.0,1.0,2.0,3.0,58.8235294117647,117.6470588235294,176.47058823529412,0.06020760536193848,0.020069201787312824,319.48369097709656,0.00018845282893096004,0.018845282893096005
1609480,1609976,worker,/pscratch/sd/s/satt/sprints/a_star_campaign/h5/h5_tr_210.py,0,0,0,3,0,3,3,1.0,100.0,0.0,3.0,3.0,,,,5.650520324707031e-05,1.8835067749023438e-05,319.5011155605316,1.7685447873300155e-07,1.7685447873300158e-05
1609480,1609976,worker,/pscratch/sd/s/satt/sprints/data/converted_10M/mc_normalized_rntuple_10M_30.h5,17,0,1,2,0,3,20,0.15,15.0,1.0,2.0,3.0,58.8235294117647,117.6470588235294,176.47058823529412,0.03252243995666504,0.010840813318888346,319.5011155605316,0.00010179131894299582,0.010179131894299582
1609480,1609977,worker,/pscratch/sd/s/satt/sprints/a_star_campaign/h5/h5_tr_210.py,0,0,0,3,0,3,3,1.0,100.0,0.0,3.0,3.0,,,,5.984306335449219e-05,1.994768778483073e-05,319.51673769950867,1.8729242100228233e-07,1.872924210022823e-05
1609480,1609977,worker,/pscratch/sd/s/satt/sprints/data/converted_10M/mc_normalized_rntuple_10M_30.h5,19,0,1,2,0,3,22,0.13636363636363635,13.636363636363637,1.0,2.0,3.0,52.63157894736842,105.26315789473684,157.89473684210526,0.05938291549682617,0.019794305165608723,319.51673769950867,0.00018585228405991418,0.018585228405991416
1609480,1609978,worker,/pscratch/sd/s/satt/sprints/a_star_campaign/h5/h5_tr_210.py,0,0,0,3,0,3,3,1.0,100.0,0.0,3.0,3.0,,,,6.008148193359375e-05,2.002716064453125e-05,319.5064661502838,1.8804465104419415e-07,1.8804465104419417e-05
1609480,1609978,worker,/pscratch/sd/s/satt/sprints/data/converted_10M/mc_normalized_rntuple_10M_30.h5,17,0,1,2,0,3,20,0.15,15.0,1.0,2.0,3.0,58.8235294117647,117.6470588235294,176.47058823529412,0.031473398208618164,0.010491132736206055,319.5064661502838,9.850629499878185e-05,0.009850629499878185
1609480,1609979,worker,/pscratch/sd/s/satt/sprints/a_star_campaign/h5/h5_tr_210.py,0,0,0,3,0,3,3,1.0,100.0,0.0,3.0,3.0,,,,5.3882598876953125e-05,1.7960866292317707e-05,319.5031771659851,1.6864495481671087e-07,1.6864495481671086e-05
1609480,1609979,worker,/pscratch/sd/s/satt/sprints/data/converted_10M/mc_normalized_rntuple_10M_30.h5,17,0,1,2,0,3,20,0.15,15.0,1.0,2.0,3.0,58.8235294117647,117.6470588235294,176.47058823529412,0.031062602996826172,0.010354200998942057,319.5031771659851,9.722157780199112e-05,0.00972215778019911
1609480,1609980,worker,/pscratch/sd/s/satt/sprints/a_star_campaign/h5/h5_tr_210.py,0,0,0,3,0,3,3,1.0,100.0,0.0,3.0,3.0,,,,5.364418029785156e-05,1.7881393432617188e-05,319.49343514442444,1.6790385778537872e-07,1.6790385778537872e-05
1609480,1609980,worker,/pscratch/sd/s/satt/sprints/data/converted_10M/mc_normalized_rntuple_10M_30.h5,19,0,1,2,0,3,22,0.13636363636363635,13.636363636363637,1.0,2.0,3.0,52.63157894736842,105.26315789473684,157.89473684210526,0.03013896942138672,0.01004632314046224,319.49343514442444,9.433361097940132e-05,0.009433361097940131
1609480,1609981,worker,/pscratch/sd/s/satt/sprints/a_star_campaign/h5/h5_tr_210.py,0,0,0,3,0,3,3,1.0,100.0,0.0,3.0,3.0,,,,5.8650970458984375e-05,1.9550323486328125e-05,319.49196219444275,1.8357573084511405e-07,1.8357573084511406e-05
1609480,1609981,worker,/pscratch/sd/s/satt/sprints/data/converted_10M/mc_normalized_rntuple_10M_30.h5,17,0,1,2,0,3,20,0.15,15.0,1.0,2.0,3.0,58.8235294117647,117.6470588235294,176.47058823529412,0.05854153633117676,0.019513845443725586,319.49196219444275,0.00018323320539609817,0.018323320539609816
1609480,1609982,worker,/pscratch/sd/s/satt/sprints/a_star_campaign/h5/h5_tr_210.py,0,0,0,3,0,3,3,1.0,100.0,0.0,3.0,3.0,,,,5.435943603515625e-05,1.811981201171875e-05,319.4821524620056,1.7014858456489503e-07,1.70148584564895e-05
1609480,1609982,worker,/pscratch/sd/s/satt/sprints/data/converted_10M/mc_normalized_rntuple_10M_30.h5,17,0,1,2,0,3,20,0.15,15.0,1.0,2.0,3.0,58.8235294117647,117.6470588235294,176.47058823529412,0.05893206596374512,0.01964402198791504,319.4821524620056,0.00018446121484283416,0.018446121484283415
1609480,1609983,worker,/pscratch/sd/s/satt/sprints/a_star_campaign/h5/h5_tr_210.py,0,0,0,3,0,3,3,1.0,100.0,0.0,3.0,3.0,,,,5.698204040527344e-05,1.899401346842448e-05,319.4748947620392,1.7836155935732133e-07,1.7836155935732134e-05
1609480,1609983,worker,/pscratch/sd/s/satt/sprints/data/converted_10M/mc_normalized_rntuple_10M_30.h5,19,0,1,2,0,3,22,0.13636363636363635,13.636363636363637,1.0,2.0,3.0,52.63157894736842,105.26315789473684,157.89473684210526,0.05715751647949219,0.019052505493164062,319.4748947620392,0.00017891082340622087,0.017891082340622085
1609480,1609984,worker,/pscratch/sd/s/satt/sprints/a_star_campaign/h5/h5_tr_210.py,0,0,0,3,0,3,3,1.0,100.0,0.0,3.0,3.0,,,,5.817413330078125e-05,1.9391377766927082e-05,319.4311239719391,1.8211792444461877e-07,1.8211792444461876e-05
1609480,1609984,worker,/pscratch/sd/s/satt/sprints/data/converted_10M/mc_normalized_rntuple_10M_30.h5,17,0,1,2,0,3,20,0.15,15.0,1.0,2.0,3.0,58.8235294117647,117.6470588235294,176.47058823529412,0.056768178939819336,0.018922726313273113,319.4311239719391,0.00017771649247556173,0.01777164924755617
1609480,1609985,worker,/pscratch/sd/s/satt/sprints/a_star_campaign/h5/h5_tr_210.py,0,0,0,3,0,3,3,1.0,100.0,0.0,3.0,3.0,,,,5.841255187988281e-05,1.9470850626627605e-05,319.40827798843384,1.8287738892602526e-07,1.828773889260253e-05
1609480,1609985,worker,/pscratch/sd/s/satt/sprints/data/converted_10M/mc_normalized_rntuple_10M_30.h5,17,0,1,2,0,3,20,0.15,15.0,1.0,2.0,3.0,58.8235294117647,117.6470588235294,176.47058823529412,0.056269168853759766,0.018756389617919922,319.40827798843384,0.00017616690840992335,0.017616690840992336
1609480,1609986,worker,/pscratch/sd/s/satt/sprints/a_star_campaign/h5/h5_tr_210.py,0,0,0,3,0,3,3,1.0,100.0,0.0,3.0,3.0,,,,5.650520324707031e-05,1.8835067749023438e-05,319.3913314342499,1.769152687811833e-07,1.7691526878118327e-05
1609480,1609986,worker,/pscratch/sd/s/satt/sprints/data/converted_10M/mc_normalized_rntuple_10M_30.h5,19,0,1,2,0,3,22,0.13636363636363635,13.636363636363637,1.0,2.0,3.0,52.63157894736842,105.26315789473684,157.89473684210526,0.030237436294555664,0.010079145431518555,319.3913314342499,9.467206313575347e-05,0.009467206313575347
1609480,1609987,worker,/pscratch/sd/s/satt/sprints/a_star_campaign/h5/h5_tr_210.py,0,0,0,3,0,3,3,1.0,100.0,0.0,3.0,3.0,,,,5.817413330078125e-05,1.9391377766927082e-05,319.44593501091003,1.8210948058798878e-07,1.821094805879888e-05
1609480,1609987,worker,/pscratch/sd/s/satt/sprints/data/converted_10M/mc_normalized_rntuple_10M_30.h5,17,0,1,2,0,3,20,0.15,15.0,1.0,2.0,3.0,58.8235294117647,117.6470588235294,176.47058823529412,0.003674745559692383,0.0012249151865641277,319.44593501091003,1.1503497640584719e-05,0.0011503497640584718
1609480,1609988,worker,/pscratch/sd/s/satt/sprints/a_star_campaign/h5/h5_tr_210.py,0,0,0,3,0,3,3,1.0,100.0,0.0,3.0,3.0,,,,6.198883056640625e-05,2.0662943522135418e-05,319.42770648002625,1.9406215963386506e-07,1.9406215963386507e-05
1609480,1609988,worker,/pscratch/sd/s/satt/sprints/data/converted_10M/mc_normalized_rntuple_10M_30.h5,17,0,1,2,0,3,20,0.15,15.0,1.0,2.0,3.0,58.8235294117647,117.6470588235294,176.47058823529412,0.003968715667724609,0.0013229052225748699,319.42770648002625,1.2424456574097377e-05,0.0012424456574097378
1609480,1609989,worker,/pscratch/sd/s/satt/sprints/a_star_campaign/h5/h5_tr_210.py,0,0,0,3,0,3,3,1.0,100.0,0.0,3.0,3.0,,,,5.817413330078125e-05,1.9391377766927082e-05,319.4173016548157,1.821258053317607e-07,1.821258053317607e-05
1609480,1609989,worker,/pscratch/sd/s/satt/sprints/data/converted_10M/mc_normalized_rntuple_10M_30.h5,19,0,1,2,0,3,22,0.13636363636363635,13.636363636363637,1.0,2.0,3.0,52.63157894736842,105.26315789473684,157.89473684210526,0.03125405311584473,0.010418017705281576,319.4173016548157,9.784708891448844e-05,0.009784708891448845
1609480,1609990,worker,/pscratch/sd/s/satt/sprints/a_star_campaign/h5/h5_tr_210.py,0,0,0,3,0,3,3,1.0,100.0,0.0,3.0,3.0,,,,5.435943603515625e-05,1.811981201171875e-05,319.3751175403595,1.7020560791899148e-07,1.7020560791899147e-05
1609480,1609990,worker,/pscratch/sd/s/satt/sprints/data/converted_10M/mc_normalized_rntuple_10M_30.h5,17,0,1,2,0,3,20,0.15,15.0,1.0,2.0,3.0,58.8235294117647,117.6470588235294,176.47058823529412,0.056607723236083984,0.01886924107869466,319.3751175403595,0.00017724525214125503,0.017724525214125503
1609480,1609991,worker,/pscratch/sd/s/satt/sprints/a_star_campaign/h5/h5_tr_210.py,0,0,0,3,0,3,3,1.0,100.0,0.0,3.0,3.0,,,,5.626678466796875e-05,1.8755594889322918e-05,319.40328550338745,1.7616219751556692e-07,1.7616219751556692e-05
1609480,1609991,worker,/pscratch/sd/s/satt/sprints/data/converted_10M/mc_normalized_rntuple_10M_30.h5,17,0,1,2,0,3,20,0.15,15.0,1.0,2.0,3.0,58.8235294117647,117.6470588235294,176.47058823529412,0.030721187591552734,0.010240395863850912,319.40328550338745,9.618306694352059e-05,0.009618306694352059
1609480,1609992,worker,/pscratch/sd/s/satt/sprints/a_star_campaign/h5/h5_tr_210.py,0,0,0,3,0,3,3,1.0,100.0,0.0,3.0,3.0,,,,5.841255187988281e-05,1.9470850626627605e-05,319.36365723609924,1.8290294013228802e-07,1.82902940132288e-05
1609480,1609992,worker,/pscratch/sd/s/satt/sprints/data/converted_10M/mc_normalized_rntuple_10M_30.h5,19,0,1,2,0,3,22,0.13636363636363635,13.636363636363637,1.0,2.0,3.0,52.63157894736842,105.26315789473684,157.89473684210526,0.030114412307739258,0.010038137435913086,319.36365723609924,9.42950508782415e-05,0.00942950508782415
1609480,1609993,worker,/pscratch/sd/s/satt/sprints/a_star_campaign/h5/h5_tr_210.py,0,0,0,3,0,3,3,1.0,100.0,0.0,3.0,3.0,,,,5.3882598876953125e-05,1.7960866292317707e-05,319.3958463668823,1.687016268053138e-07,1.6870162680531382e-05
1609480,1609993,worker,/pscratch/sd/s/satt/sprints/data/converted_10M/mc_normalized_rntuple_10M_30.h5,17,0,1,2,0,3,20,0.15,15.0,1.0,2.0,3.0,58.8235294117647,117.6470588235294,176.47058823529412,0.05562233924865723,0.01854077974955241,319.3958463668823,0.00017414859924247476,0.017414859924247475
1609480,1609994,worker,/pscratch/sd/s/satt/sprints/a_star_campaign/h5/h5_tr_210.py,0,0,0,3,0,3,3,1.0,100.0,0.0,3.0,3.0,,,,5.6743621826171875e-05,1.8914540608723957e-05,319.38279271125793,1.776664965086947e-07,1.7766649650869472e-05
1609480,1609994,worker,/pscratch/sd/s/satt/sprints/data/converted_10M/mc_normalized_rntuple_10M_30.h5,17,0,1,2,0,3,20,0.15,15.0,1.0,2.0,3.0,58.8235294117647,117.6470588235294,176.47058823529412,0.054979562759399414,0.018326520919799805,319.38279271125793,0.00017214315866135088,0.017214315866135088
1609480,1609995,worker,/pscratch/sd/s/satt/sprints/a_star_campaign/h5/h5_tr_210.py,0,0,0,3,0,3,3,1.0,100.0,0.0,3.0,3.0,,,,5.888938903808594e-05,1.9629796346028645e-05,319.3197145462036,1.8442140073241547e-07,1.8442140073241547e-05
1609480,1609995,worker,/pscratch/sd/s/satt/sprints/data/converted_10M/mc_normalized_rntuple_10M_30.h5,19,0,1,2,0,3,22,0.13636363636363635,13.636363636363637,1.0,2.0,3.0,52.63157894736842,105.26315789473684,157.89473684210526,0.05563497543334961,0.018544991811116535,319.3197145462036,0.00017422969174457146,0.017422969174457147
1609480,1609996,worker,/pscratch/sd/s/satt/sprints/a_star_campaign/h5/h5_tr_210.py,0,0,0,3,0,3,3,1.0,100.0,0.0,3.0,3.0,,,,5.817413330078125e-05,1.9391377766927082e-05,319.3710951805115,1.8215215521586477e-07,1.821521552158648e-05
1609480,1609996,worker,/pscratch/sd/s/satt/sprints/data/converted_10M/mc_normalized_rntuple_10M_30.h5,17,0,1,2,0,3,20,0.15,15.0,1.0,2.0,3.0,58.8235294117647,117.6470588235294,176.47058823529412,0.029844284057617188,0.009948094685872396,319.3710951805115,9.344704172664382e-05,0.009344704172664382
1609480,1609997,worker,/pscratch/sd/s/satt/sprints/a_star_campaign/h5/h5_tr_210.py,0,0,0,3,0,3,3,1.0,100.0,0.0,3.0,3.0,,,,6.270408630371094e-05,2.090136210123698e-05,319.35492300987244,1.9634607700026757e-07,1.9634607700026756e-05
1609480,1609997,worker,/pscratch/sd/s/satt/sprints/data/converted_10M/mc_normalized_rntuple_10M_30.h5,17,0,1,2,0,3,20,0.15,15.0,1.0,2.0,3.0,58.8235294117647,117.6470588235294,176.47058823529412,0.030292272567749023,0.010097424189249674,319.35492300987244,9.485456582992015e-05,0.009485456582992014
1609480,1609998,worker,/pscratch/sd/s/satt/sprints/a_star_campaign/h5/h5_tr_210.py,0,0,0,3,0,3,3,1.0,100.0,0.0,3.0,3.0,,,,5.555152893066406e-05,1.8517176310221355e-05,319.34527373313904,1.7395444210358256e-07,1.7395444210358257e-05
1609480,1609998,worker,/pscratch/sd/s/satt/sprints/data/converted_10M/mc_normalized_rntuple_10M_30.h5,19,0,1,2,0,3,22,0.13636363636363635,13.636363636363637,1.0,2.0,3.0,52.63157894736842,105.26315789473684,157.89473684210526,0.029593229293823242,0.009864409764607748,319.34527373313904,9.266844299237331e-05,0.009266844299237331
1609480,1609999,worker,/pscratch/sd/s/satt/sprints/a_star_campaign/h5/h5_tr_210.py,0,0,0,3,0,3,3,1.0,100.0,0.0,3.0,3.0,,,,5.340576171875e-05,1.7801920572916668e-05,319.348064661026,1.67233710263558e-07,1.6723371026355797e-05
1609480,1609999,worker,/pscratch/sd/s/satt/sprints/data/converted_10M/mc_normalized_rntuple_10M_30.h5,17,0,1,2,0,3,20,0.15,15.0,1.0,2.0,3.0,58.8235294117647,117.6470588235294,176.47058823529412,0.06586408615112305,0.021954695383707683,319.348064661026,0.00020624545265691494,0.020624545265691494
1609480,1610000,worker,/pscratch/sd/s/satt/sprints/a_star_campaign/h5/h5_tr_210.py,0,0,0,3,0,3,3,1.0,100.0,0.0,3.0,3.0,,,,5.7220458984375e-05,1.9073486328125e-05,319.2787299156189,1.7921788588766185e-07,1.7921788588766187e-05
1609480,1610000,worker,/pscratch/sd/s/satt/sprints/data/converted_10M/mc_normalized_rntuple_10M_30.h5,17,0,1,2,0,3,20,0.15,15.0,1.0,2.0,3.0,58.8235294117647,117.6470588235294,176.47058823529412,0.02953195571899414,0.009843985239664713,319.2787299156189,9.249584438900468e-05,0.009249584438900468
1609480,1610001,worker,/pscratch/sd/s/satt/sprints/a_star_campaign/h5/h5_tr_210.py,0,0,0,3,0,3,3,1.0,100.0,0.0,3.0,3.0,,,,6.4849853515625e-05,2.1616617838541668e-05,319.33570289611816,2.030773663185449e-07,2.0307736631854487e-05
1609480,1610001,worker,/pscratch/sd/s/satt/sprints/data/converted_10M/mc_normalized_rntuple_10M_30.h5,19,0,1,2,0,3,22,0.13636363636363635,13.636363636363637,1.0,2.0,3.0,52.63157894736842,105.26315789473684,157.89473684210526,0.06570792198181152,0.02190264066060384,319.33570289611816,0.00020576440838244357,0.020576440838244357
1609480,1610002,worker,/pscratch/sd/s/satt/sprints/a_star_campaign/h5/h5_tr_210.py,0,0,0,3,0,3,3,1.0,100.0,0.0,3.0,3.0,,,,6.365776062011719e-05,2.1219253540039062e-05,319.3230061531067,1.9935225271427836e-07,1.9935225271427836e-05
1609480,1610002,worker,/pscratch/sd/s/satt/sprints/data/converted_10M/mc_normalized_rntuple_10M_30.h5,17,0,1,2,0,3,20,0.15,15.0,1.0,2.0,3.0,58.8235294117647,117.6470588235294,176.47058823529412,0.05441570281982422,0.018138567606608074,319.3230061531067,0.00017040959082582785,0.017040959082582786
1609480,1610003,worker,/pscratch/sd/s/satt/sprints/a_star_campaign/h5/h5_tr_210.py,0,0,0,3,0,3,3,1.0,100.0,0.0,3.0,3.0,,,,5.91278076171875e-05,1.9709269205729168e-05,319.25038290023804,1.8520825904745818e-07,1.8520825904745817e-05
1609480,1610003,worker,/pscratch/sd/s/satt/sprints/data/converted_10M/mc_normalized_rntuple_10M_30.h5,17,0,1,2,0,3,20,0.15,15.0,1.0,2.0,3.0,58.8235294117647,117.6470588235294,176.47058823529412,0.06431698799133301,0.021438995997111004,319.25038290023804,0.0002014625242013611,0.02014625242013611
1609480,1610004,worker,/pscratch/sd/s/satt/sprints/a_star_campaign/h5/h5_tr_210.py,0,0,0,3,0,3,3,1.0,100.0,0.0,3.0,3.0,,,,5.650520324707031e-05,1.8835067749023438e-05,319.31096959114075,1.76959793518594e-07,1.76959793518594e-05
1609480,1610004,worker,/pscratch/sd/s/satt/sprints/data/converted_10M/mc_normalized_rntuple_10M_30.h5,19,0,1,2,0,3,22,0.13636363636363635,13.636363636363637,1.0,2.0,3.0,52.63157894736842,105.26315789473684,157.89473684210526,0.06361222267150879,0.021204074223836262,319.31096959114075,0.00019921715421477868,0.019921715421477866
1609480,1610005,worker,/pscratch/sd/s/satt/sprints/a_star_campaign/h5/h5_tr_210.py,0,0,0,3,0,3,3,1.0,100.0,0.0,3.0,3.0,,,,6.747245788574219e-05,2.2490819295247395e-05,319.27208852767944,2.1133215307636463e-07,2.113321530763646e-05
1609480,1610005,worker,/pscratch/sd/s/satt/sprints/data/converted_10M/mc_normalized_rntuple_10M_30.h5,17,0,1,2,0,3,20,0.15,15.0,1.0,2.0,3.0,58.8235294117647,117.6470588235294,176.47058823529412,0.03213953971862793,0.01071317990620931,319.27208852767944,0.00010066504675319145,0.010066504675319145
1609480,1610006,worker,/pscratch/sd/s/satt/sprints/a_star_campaign/h5/h5_tr_210.py,0,0,0,3,0,3,3,1.0,100.0,0.0,3.0,3.0,,,,5.5789947509765625e-05,1.8596649169921875e-05,319.24338841438293,1.747567828635793e-07,1.747567828635793e-05
1609480,1610006,worker,/pscratch/sd/s/satt/sprints/data/converted_10M/mc_normalized_rntuple_10M_30.h5,17,0,1,2,0,3,20,0.15,15.0,1.0,2.0,3.0,58.8235294117647,117.6470588235294,176.47058823529412,0.056008100509643555,0.01866936683654785,319.24338841438293,0.0001754401266940074,0.01754401266940074
1609480,1610007,worker,/pscratch/sd/s/satt/sprints/a_star_campaign/h5/h5_tr_210.py,0,0,0,3,0,3,3,1.0,100.0,0.0,3.0,3.0,,,,5.602836608886719e-05,1.8676122029622395e-05,319.2854473590851,1.7548048792168958e-07,1.754804879216896e-05
1609480,1610007,worker,/pscratch/sd/s/satt/sprints/data/converted_10M/mc_normalized_rntuple_10M_30.h5,19,0,1,2,0,3,22,0.13636363636363635,13.636363636363637,1.0,2.0,3.0,52.63157894736842,105.26315789473684,157.89473684210526,0.05387735366821289,0.017959117889404297,319.2854473590851,0.00016874353063645774,0.016874353063645774
1609480,1610008,worker,/pscratch/sd/s/satt/sprints/a_star_campaign/h5/h5_tr_210.py,0,0,0,3,0,3,3,1.0,100.0,0.0,3.0,3.0,,,,6.461143493652344e-05,2.1537144978841145e-05,319.2751200199127,2.0236915088308076e-07,2.0236915088308078e-05
1609480,1610008,worker,/pscratch/sd/s/satt/sprints/data/converted_10M/mc_normalized_rntuple_10M_30.h5,17,0,1,2,0,3,20,0.15,15.0,1.0,2.0,3.0,58.8235294117647,117.6470588235294,176.47058823529412,0.053723812103271484,0.01790793736775716,319.2751200199127,0.00016826808208519602,0.016826808208519603
1609480,1610009,worker,/pscratch/sd/s/satt/sprints/a_star_campaign/h5/h5_tr_210.py,0,0,0,3,0,3,3,1.0,100.0,0.0,3.0,3.0,,,,5.7697296142578125e-05,1.9232432047526043e-05,319.21408867836,1.8074796253969198e-07,1.80747962539692e-05
1609480,1610009,worker,/pscratch/sd/s/satt/sprints/data/converted_10M/mc_normalized_rntuple_10M_30.h5,17,0,1,2,0,3,20,0.15,15.0,1.0,2.0,3.0,58.8235294117647,117.6470588235294,176.47058823529412,0.06427574157714844,0.021425247192382812,319.21408867836,0.00020135621783884562,0.02013562178388456
1609480,1610010,worker,/pscratch/sd/s/satt/sprints/a_star_campaign/h5/h5_tr_210.py,0,0,0,3,0,3,3,1.0,100.0,0.0,3.0,3.0,,,,6.008148193359375e-05,2.002716064453125e-05,319.2563865184784,1.8819195001480812e-07,1.8819195001480814e-05
1609480,1610010,worker,/pscratch/sd/s/satt/sprints/data/converted_10M/mc_normalized_rntuple_10M_30.h5,19,0,1,2,0,3,22,0.13636363636363635,13.636363636363637,1.0,2.0,3.0,52.63157894736842,105.26315789473684,157.89473684210526,0.0640106201171875,0.021336873372395832,319.2563865184784,0.00020049910611101462,0.020049910611101462
1609480,1610011,worker,/pscratch/sd/s/satt/sprints/a_star_campaign/h5/h5_tr_210.py,0,0,0,3,0,3,3,1.0,100.0,0.0,3.0,3.0,,,,6.151199340820312e-05,2.0503997802734375e-05,319.1867642402649,1.9271473726241524e-07,1.9271473726241525e-05
1609480,1610011,worker,/pscratch/sd/s/satt/sprints/data/converted_10M/mc_normalized_rntuple_10M_30.h5,17,0,1,2,0,3,20,0.15,15.0,1.0,2.0,3.0,58.8235294117647,117.6470588235294,176.47058823529412,0.06402301788330078,0.02134100596110026,319.1867642402649,0.00020058168149825927,0.020058168149825927
1609480,1610012,worker,/pscratch/sd/s/satt/sprints/a_star_campaign/h5/h5_tr_210.py,0,0,0,3,0,3,3,1.0,100.0,0.0,3.0,3.0,,,,6.461143493652344e-05,2.1537144978841145e-05,319.2446460723877,2.0238846831552817e-07,2.0238846831552816e-05
1609480,1610012,worker,/pscratch/sd/s/satt/sprints/data/converted_10M/mc_normalized_rntuple_10M_30.h5,19,0,1,2,0,3,22,0.13636363636363635,13.636363636363637,1.0,2.0,3.0,52.63157894736842,105.26315789473684,157.89473684210526,0.030024290084838867,0.010008096694946289,319.2446460723877,9.404790480975195e-05,0.009404790480975193
1609480,1610013,worker,/pscratch/sd/s/satt/sprints/a_star_campaign/h5/h5_tr_210.py,0,0,0,3,0,3,3,1.0,100.0,0.0,3.0,3.0,,,,8.749961853027344e-05,2.9166539510091145e-05,319.21088218688965,2.7411226688394884e-07,2.741122668839488e-05
1609480,1610013,worker,/pscratch/sd/s/satt/sprints/data/converted_10M/mc_normalized_rntuple_10M_30.h5,17,0,1,2,0,3,20,0.15,15.0,1.0,2.0,3.0,58.8235294117647,117.6470588235294,176.47058823529412,0.06397271156311035,0.02132423718770345,319.21088218688965,0.00020040893068819628,0.020040893068819628
1609480,1610014,worker,/pscratch/sd/s/satt/sprints/a_star_campaign/h5/h5_tr_210.py,0,0,0,3,0,3,3,1.0,100.0,0.0,3.0,3.0,,,,7.081031799316406e-05,2.3603439331054688e-05,319.18183183670044,2.2184946300261847e-07,2.2184946300261847e-05
1609480,1610014,worker,/pscratch/sd/s/satt/sprints/data/converted_10M/mc_normalized_rntuple_10M_30.h5,17,0,1,2,0,3,20,0.15,15.0,1.0,2.0,3.0,58.8235294117647,117.6470588235294,176.47058823529412,0.03331637382507324,0.01110545794169108,319.18183183670044,0.00010438054582667643,0.010438054582667644
