run_id,pid,role,run_time,any_partial,fmt,script,script_variant,strategy,model,workers,epochs,batch,data_path,batches_in_memory,block_rows,prefetch_factor,log_every,seed,device,tree_name,target_col,torch_num_threads,torch_interop_threads,shuffle,persistent_workers,n_files,reads,writes,opens,stats,seeks,metadata_ops,tracked_ops,metadata_ops_fraction,metadata_ops_pct,opens_per_file,stats_per_file,metadata_ops_per_file,opens_per_1000_reads,stats_per_1000_reads,metadata_ops_per_1000_reads,meta_time,meta_time_per_metadata_op,meta_time_per_runtime,metadata_time_pct_runtime,n_records
1609480,1609480,parent,330.99103832244873,False,hdf5,h5_tr_210.py,210,stream,M2,512,1,64,/pscratch/sd/s/satt/sprints/data/converted_10M/mc_normalized_rntuple_10M_30.h5,,auto,,5000,,,,,,,false,true,2,27,0,7,23,13,30,70,0.42857142857142855,42.857142857142854,3.5,11.5,15.0,259.25925925925924,851.8518518518518,1111.111111111111,0.0020220279693603516,6.740093231201172e-05,6.109011227640878e-06,0.0006109011227640878,2
1609480,1609503,worker,322.59257411956787,False,hdf5,h5_tr_210.py,210,stream,M2,512,1,64,/pscratch/sd/s/satt/sprints/data/converted_10M/mc_normalized_rntuple_10M_30.h5,,auto,,5000,,,,,,,false,true,2,17,0,1,5,0,6,23,0.2608695652173913,26.08695652173913,0.5,2.5,3.0,58.8235294117647,294.11764705882354,352.94117647058823,0.00014162063598632812,2.3603439331054688e-05,4.3900773715217917e-07,4.3900773715217915e-05,2
1609480,1609504,worker,322.6186668872833,False,hdf5,h5_tr_210.py,210,stream,M2,512,1,64,/pscratch/sd/s/satt/sprints/data/converted_10M/mc_normalized_rntuple_10M_30.h5,,auto,,5000,,,,,,,false,true,2,17,0,1,5,0,6,23,0.2608695652173913,26.08695652173913,0.5,2.5,3.0,58.8235294117647,294.11764705882354,352.94117647058823,0.00015044212341308594,2.5073687235514324e-05,4.663156191939987e-07,4.6631561919399874e-05,2
1609480,1609505,worker,322.58039355278015,False,hdf5,h5_tr_210.py,210,stream,M2,512,1,64,/pscratch/sd/s/satt/sprints/data/converted_10M/mc_normalized_rntuple_10M_30.h5,,auto,,5000,,,,,,,false,true,2,19,0,1,5,0,6,25,0.24,24.0,0.5,2.5,3.0,52.63157894736842,263.1578947368421,315.7894736842105,0.0001544952392578125,2.574920654296875e-05,4.789356152624762e-07,4.789356152624763e-05,2
1609480,1609506,worker,322.57768082618713,False,hdf5,h5_tr_210.py,210,stream,M2,512,1,64,/pscratch/sd/s/satt/sprints/data/converted_10M/mc_normalized_rntuple_10M_30.h5,,auto,,5000,,,,,,,false,true,2,17,0,1,5,0,6,23,0.2608695652173913,26.08695652173913,0.5,2.5,3.0,58.8235294117647,294.11764705882354,352.94117647058823,0.00013828277587890625,2.3047129313151043e-05,4.2868054455824687e-07,4.2868054455824687e-05,2
1609480,1609507,worker,322.5741403102875,False,hdf5,h5_tr_210.py,210,stream,M2,512,1,64,/pscratch/sd/s/satt/sprints/data/converted_10M/mc_normalized_rntuple_10M_30.h5,,auto,,5000,,,,,,,false,true,2,17,0,1,5,0,6,23,0.2608695652173913,26.08695652173913,0.5,2.5,3.0,58.8235294117647,294.11764705882354,352.94117647058823,0.0001418590545654297,2.364317576090495e-05,4.3977193717070426e-07,4.397719371707043e-05,2
1609480,1609508,worker,322.5678160190582,False,hdf5,h5_tr_210.py,210,stream,M2,512,1,64,/pscratch/sd/s/satt/sprints/data/converted_10M/mc_normalized_rntuple_10M_30.h5,,auto,,5000,,,,,,,false,true,2,19,0,1,5,0,6,25,0.24,24.0,0.5,2.5,3.0,52.63157894736842,263.1578947368421,315.7894736842105,0.0001456737518310547,2.4278958638509113e-05,4.51606591224364e-07,4.51606591224364e-05,2
1609480,1609509,worker,322.5612094402313,False,hdf5,h5_tr_210.py,210,stream,M2,512,1,64,/pscratch/sd/s/satt/sprints/data/converted_10M/mc_normalized_rntuple_10M_30.h5,,auto,,5000,,,,,,,false,true,2,17,0,1,5,0,6,23,0.2608695652173913,26.08695652173913,0.5,2.5,3.0,58.8235294117647,294.11764705882354,352.94117647058823,0.00013399124145507812,2.2331873575846355e-05,4.1539787653823856e-07,4.1539787653823854e-05,2
1609480,1609510,worker,322.56216859817505,False,hdf5,h5_tr_210.py,210,stream,M2,512,1,64,/pscratch/sd/s/satt/sprints/data/converted_10M/mc_normalized_rntuple_10M_30.h5,,auto,,5000,,,,,,,false,true,2,17,0,1,5,0,6,23,0.2608695652173913,26.08695652173913,0.5,2.5,3.0,58.8235294117647,294.11764705882354,352.94117647058823,0.00014352798461914062,2.392133076985677e-05,4.4496223857527926e-07,4.449622385752793e-05,2
1609480,1609511,worker,322.5487895011902,False,hdf5,h5_tr_210.py,210,stream,M2,512,1,64,/pscratch/sd/s/satt/sprints/data/converted_10M/mc_normalized_rntuple_10M_30.h5,,auto,,5000,,,,,,,false,true,2,19,0,1,5,0,6,25,0.24,24.0,0.5,2.5,3.0,52.63157894736842,263.1578947368421,315.7894736842105,0.00014543533325195312,2.4239222208658855e-05,4.508940600175977e-07,4.508940600175977e-05,2
1609480,1609512,worker,322.5465362071991,False,hdf5,h5_tr_210.py,210,stream,M2,512,1,64,/pscratch/sd/s/satt/sprints/data/converted_10M/mc_normalized_rntuple_10M_30.h5,,auto,,5000,,,,,,,false,true,2,17,0,1,5,0,6,23,0.2608695652173913,26.08695652173913,0.5,2.5,3.0,58.8235294117647,294.11764705882354,352.94117647058823,0.00015592575073242188,2.5987625122070312e-05,4.8342094311705e-07,4.834209431170499e-05,2
1609480,1609513,worker,322.53884291648865,False,hdf5,h5_tr_210.py,210,stream,M2,512,1,64,/pscratch/sd/s/satt/sprints/data/converted_10M/mc_normalized_rntuple_10M_30.h5,,auto,,5000,,,,,,,false,true,2,17,0,1,5,0,6,23,0.2608695652173913,26.08695652173913,0.5,2.5,3.0,58.8235294117647,294.11764705882354,352.94117647058823,0.00016450881958007812,2.7418136596679688e-05,5.100434356759708e-07,5.1004343567597076e-05,2
1609480,1609514,worker,322.540940284729,False,hdf5,h5_tr_210.py,210,stream,M2,512,1,64,/pscratch/sd/s/satt/sprints/data/converted_10M/mc_normalized_rntuple_10M_30.h5,,auto,,5000,,,,,,,false,true,2,19,0,1,5,0,6,25,0.24,24.0,0.5,2.5,3.0,52.63157894736842,263.1578947368421,315.7894736842105,0.00015664100646972656,2.6106834411621094e-05,4.856468959613276e-07,4.856468959613276e-05,2
1609480,1609515,worker,322.52518248558044,False,hdf5,h5_tr_210.py,210,stream,M2,512,1,64,/pscratch/sd/s/satt/sprints/data/converted_10M/mc_normalized_rntuple_10M_30.h5,,auto,,5000,,,,,,,false,true,2,17,0,1,5,0,6,23,0.2608695652173913,26.08695652173913,0.5,2.5,3.0,58.8235294117647,294.11764705882354,352.94117647058823,0.00015401840209960938,2.566973368326823e-05,4.775391518660571e-07,4.7753915186605707e-05,2
1609480,1609516,worker,322.5206983089447,False,hdf5,h5_tr_210.py,210,stream,M2,512,1,64,/pscratch/sd/s/satt/sprints/data/converted_10M/mc_normalized_rntuple_10M_30.h5,,auto,,5000,,,,,,,false,true,2,17,0,1,5,0,6,23,0.2608695652173913,26.08695652173913,0.5,2.5,3.0,58.8235294117647,294.11764705882354,352.94117647058823,0.000194549560546875,3.24249267578125e-05,6.032157364378354e-07,6.032157364378354e-05,2
1609480,1609517,worker,322.51651525497437,False,hdf5,h5_tr_210.py,210,stream,M2,512,1,64,/pscratch/sd/s/satt/sprints/data/converted_10M/mc_normalized_rntuple_10M_30.h5,,auto,,5000,,,,,,,false,true,2,19,0,1,5,0,6,25,0.24,24.0,0.5,2.5,3.0,52.63157894736842,263.1578947368421,315.7894736842105,0.00014543533325195312,2.4239222208658855e-05,4.5093918101209545e-07,4.509391810120954e-05,2
1609480,1609518,worker,322.5224483013153,False,hdf5,h5_tr_210.py,210,stream,M2,512,1,64,/pscratch/sd/s/satt/sprints/data/converted_10M/mc_normalized_rntuple_10M_30.h5,,auto,,5000,,,,,,,false,true,2,17,0,1,5,0,6,23,0.2608695652173913,26.08695652173913,0.5,2.5,3.0,58.8235294117647,294.11764705882354,352.94117647058823,0.00014090538024902344,2.3484230041503906e-05,4.3688549740073644e-07,4.3688549740073646e-05,2
1609480,1609519,worker,322.50333642959595,False,hdf5,h5_tr_210.py,210,stream,M2,512,1,64,/pscratch/sd/s/satt/sprints/data/converted_10M/mc_normalized_rntuple_10M_30.h5,,auto,,5000,,,,,,,false,true,2,17,0,1,5,0,6,23,0.2608695652173913,26.08695652173913,0.5,2.5,3.0,58.8235294117647,294.11764705882354,352.94117647058823,0.00017499923706054688,2.9166539510091145e-05,5.426276794465041e-07,5.426276794465041e-05,2
1609480,1609520,worker,322.50162959098816,False,hdf5,h5_tr_210.py,210,stream,M2,512,1,64,/pscratch/sd/s/satt/sprints/data/converted_10M/mc_normalized_rntuple_10M_30.h5,,auto,,5000,,,,,,,false,true,2,19,0,1,5,0,6,25,0.24,24.0,0.5,2.5,3.0,52.63157894736842,263.1578947368421,315.7894736842105,0.00016689300537109375,2.7815500895182293e-05,5.174950761729649e-07,5.17495076172965e-05,2
1609480,1609521,worker,322.4929738044739,False,hdf5,h5_tr_210.py,210,stream,M2,512,1,64,/pscratch/sd/s/satt/sprints/data/converted_10M/mc_normalized_rntuple_10M_30.h5,,auto,,5000,,,,,,,false,true,2,17,0,1,5,0,6,23,0.2608695652173913,26.08695652173913,0.5,2.5,3.0,58.8235294117647,294.11764705882354,352.94117647058823,0.00017499923706054688,2.9166539510091145e-05,5.426451156317228e-07,5.4264511563172276e-05,2
1609480,1609522,worker,322.4870617389679,False,hdf5,h5_tr_210.py,210,stream,M2,512,1,64,/pscratch/sd/s/satt/sprints/data/converted_10M/mc_normalized_rntuple_10M_30.h5,,auto,,5000,,,,,,,false,true,2,17,0,1,5,0,6,23,0.2608695652173913,26.08695652173913,0.5,2.5,3.0,58.8235294117647,294.11764705882354,352.94117647058823,0.00013399124145507812,2.2331873575846355e-05,4.154933867192949e-07,4.1549338671929495e-05,2
1609480,1609523,worker,322.4889757633209,False,hdf5,h5_tr_210.py,210,stream,M2,512,1,64,/pscratch/sd/s/satt/sprints/data/converted_10M/mc_normalized_rntuple_10M_30.h5,,auto,,5000,,,,,,,false,true,2,19,0,1,5,0,6,25,0.24,24.0,0.5,2.5,3.0,52.63157894736842,263.1578947368421,315.7894736842105,0.00013375282287597656,2.2292137145996094e-05,4.1475161301060904e-07,4.1475161301060906e-05,2
1609480,1609524,worker,322.47877860069275,False,hdf5,h5_tr_210.py,210,stream,M2,512,1,64,/pscratch/sd/s/satt/sprints/data/converted_10M/mc_normalized_rntuple_10M_30.h5,,auto,,5000,,,,,,,false,true,2,17,0,1,5,0,6,23,0.2608695652173913,26.08695652173913,0.5,2.5,3.0,58.8235294117647,294.11764705882354,352.94117647058823,0.00014638900756835938,2.4398167928059895e-05,4.5394927444086056e-07,4.5394927444086054e-05,2
1609480,1609525,worker,322.47065258026123,False,hdf5,h5_tr_210.py,210,stream,M2,512,1,64,/pscratch/sd/s/satt/sprints/data/converted_10M/mc_normalized_rntuple_10M_30.h5,,auto,,5000,,,,,,,false,true,2,17,0,1,5,0,6,23,0.2608695652173913,26.08695652173913,0.5,2.5,3.0,58.8235294117647,294.11764705882354,352.94117647058823,0.00015354156494140625,2.5590260823567707e-05,4.7614120451841916e-07,4.7614120451841916e-05,2
1609480,1609526,worker,322.49357557296753,False,hdf5,h5_tr_210.py,210,stream,M2,512,1,64,/pscratch/sd/s/satt/sprints/data/converted_10M/mc_normalized_rntuple_10M_30.h5,,auto,,5000,,,,,,,false,true,2,19,0,1,5,0,6,25,0.24,24.0,0.5,2.5,3.0,52.63157894736842,263.1578947368421,315.7894736842105,0.0002772808074951172,4.621346791585287e-05,8.598025774698867e-07,8.598025774698867e-05,2
1609480,1609527,worker,322.4521291255951,False,hdf5,h5_tr_210.py,210,stream,M2,512,1,64,/pscratch/sd/s/satt/sprints/data/converted_10M/mc_normalized_rntuple_10M_30.h5,,auto,,5000,,,,,,,false,true,2,17,0,1,5,0,6,23,0.2608695652173913,26.08695652173913,0.5,2.5,3.0,58.8235294117647,294.11764705882354,352.94117647058823,0.00020003318786621094,3.333886464436849e-05,6.203500296575745e-07,6.203500296575744e-05,2
1609480,1609528,worker,322.45102047920227,False,hdf5,h5_tr_210.py,210,stream,M2,512,1,64,/pscratch/sd/s/satt/sprints/data/converted_10M/mc_normalized_rntuple_10M_30.h5,,auto,,5000,,,,,,,false,true,2,17,0,1,5,0,6,23,0.2608695652173913,26.08695652173913,0.5,2.5,3.0,58.8235294117647,294.11764705882354,352.94117647058823,0.0001742839813232422,2.9047330220540363e-05,5.404975337470929e-07,5.4049753374709294e-05,2
1609480,1609529,worker,322.44120049476624,False,hdf5,h5_tr_210.py,210,stream,M2,512,1,64,/pscratch/sd/s/satt/sprints/data/converted_10M/mc_normalized_rntuple_10M_30.h5,,auto,,5000,,,,,,,false,true,2,19,0,1,5,0,6,25,0.24,24.0,0.5,2.5,3.0,52.63157894736842,263.1578947368421,315.7894736842105,0.00018858909606933594,3.143151601155599e-05,5.848790284242756e-07,5.848790284242756e-05,2
1609480,1609530,worker,322.44478702545166,False,hdf5,h5_tr_210.py,210,stream,M2,512,1,64,/pscratch/sd/s/satt/sprints/data/converted_10M/mc_normalized_rntuple_10M_30.h5,,auto,,5000,,,,,,,false,true,2,17,0,1,5,0,6,23,0.2608695652173913,26.08695652173913,0.5,2.5,3.0,58.8235294117647,294.11764705882354,352.94117647058823,0.00024890899658203125,4.1484832763671875e-05,7.719430010893121e-07,7.719430010893122e-05,2
1609480,1609531,worker,322.4311361312866,False,hdf5,h5_tr_210.py,210,stream,M2,512,1,64,/pscratch/sd/s/satt/sprints/data/converted_10M/mc_normalized_rntuple_10M_30.h5,,auto,,5000,,,,,,,false,true,2,17,0,1,5,0,6,23,0.2608695652173913,26.08695652173913,0.5,2.5,3.0,58.8235294117647,294.11764705882354,352.94117647058823,0.0002605915069580078,4.343191782633463e-05,8.082082583113216e-07,8.082082583113216e-05,2
1609480,1609532,worker,322.426860332489,False,hdf5,h5_tr_210.py,210,stream,M2,512,1,64,/pscratch/sd/s/satt/sprints/data/converted_10M/mc_normalized_rntuple_10M_30.h5,,auto,,5000,,,,,,,false,true,2,19,0,1,5,0,6,25,0.24,24.0,0.5,2.5,3.0,52.63157894736842,263.1578947368421,315.7894736842105,0.0003185272216796875,5.3087870279947914e-05,9.879053542599392e-07,9.879053542599393e-05,2
1609480,1609533,worker,322.4189884662628,False,hdf5,h5_tr_210.py,210,stream,M2,512,1,64,/pscratch/sd/s/satt/sprints/data/converted_10M/mc_normalized_rntuple_10M_30.h5,,auto,,5000,,,,,,,false,true,2,17,0,1,5,0,6,23,0.2608695652173913,26.08695652173913,0.5,2.5,3.0,58.8235294117647,294.11764705882354,352.94117647058823,0.0001552104949951172,2.586841583251953e-05,4.813937781191136e-07,4.813937781191137e-05,2
1609480,1609534,worker,322.4130690097809,False,hdf5,h5_tr_210.py,210,stream,M2,512,1,64,/pscratch/sd/s/satt/sprints/data/converted_10M/mc_normalized_rntuple_10M_30.h5,,auto,,5000,,,,,,,false,true,2,17,0,1,5,0,6,23,0.2608695652173913,26.08695652173913,0.5,2.5,3.0,58.8235294117647,294.11764705882354,352.94117647058823,0.00017070770263671875,2.8451283772786457e-05,5.294689299072429e-07,5.294689299072429e-05,2
1609480,1609535,worker,322.4163291454315,False,hdf5,h5_tr_210.py,210,stream,M2,512,1,64,/pscratch/sd/s/satt/sprints/data/converted_10M/mc_normalized_rntuple_10M_30.h5,,auto,,5000,,,,,,,false,true,2,19,0,1,5,0,6,25,0.24,24.0,0.5,2.5,3.0,52.63157894736842,263.1578947368421,315.7894736842105,0.00021839141845703125,3.639856974283854e-05,6.773584298161338e-07,6.773584298161337e-05,2
1609480,1609536,worker,322.4055275917053,False,hdf5,h5_tr_210.py,210,stream,M2,512,1,64,/pscratch/sd/s/satt/sprints/data/converted_10M/mc_normalized_rntuple_10M_30.h5,,auto,,5000,,,,,,,false,true,2,17,0,1,5,0,6,23,0.2608695652173913,26.08695652173913,0.5,2.5,3.0,58.8235294117647,294.11764705882354,352.94117647058823,0.00015974044799804688,2.662340799967448e-05,4.95464358788359e-07,4.95464358788359e-05,2
1609480,1609537,worker,322.39654517173767,False,hdf5,h5_tr_210.py,210,stream,M2,512,1,64,/pscratch/sd/s/satt/sprints/data/converted_10M/mc_normalized_rntuple_10M_30.h5,,auto,,5000,,,,,,,false,true,2,17,0,1,5,0,6,23,0.2608695652173913,26.08695652173913,0.5,2.5,3.0,58.8235294117647,294.11764705882354,352.94117647058823,0.0001647472381591797,2.745787302652995e-05,5.110080756957875e-07,5.110080756957875e-05,2
1609480,1609538,worker,322.39074659347534,False,hdf5,h5_tr_210.py,210,stream,M2,512,1,64,/pscratch/sd/s/satt/sprints/data/converted_10M/mc_normalized_rntuple_10M_30.h5,,auto,,5000,,,,,,,false,true,2,19,0,1,5,0,6,25,0.24,24.0,0.5,2.5,3.0,52.63157894736842,263.1578947368421,315.7894736842105,0.000156402587890625,2.6067097981770832e-05,4.851336136140526e-07,4.851336136140526e-05,2
1609480,1609539,worker,322.3913586139679,False,hdf5,h5_tr_210.py,210,stream,M2,512,1,64,/pscratch/sd/s/satt/sprints/data/converted_10M/mc_normalized_rntuple_10M_30.h5,,auto,,5000,,,,,,,false,true,2,17,0,1,5,0,6,23,0.2608695652173913,26.08695652173913,0.5,2.5,3.0,58.8235294117647,294.11764705882354,352.94117647058823,0.00021386146545410156,3.5643577575683594e-05,6.633597946717292e-07,6.633597946717292e-05,2
1609480,1609540,worker,322.38004541397095,False,hdf5,h5_tr_210.py,210,stream,M2,512,1,64,/pscratch/sd/s/satt/sprints/data/converted_10M/mc_normalized_rntuple_10M_30.h5,,auto,,5000,,,,,,,false,true,2,17,0,1,5,0,6,23,0.2608695652173913,26.08695652173913,0.5,2.5,3.0,58.8235294117647,294.11764705882354,352.94117647058823,0.00017189979553222656,2.864996592203776e-05,5.332209545149998e-07,5.332209545149998e-05,2
1609480,1609541,worker,322.37362456321716,False,hdf5,h5_tr_210.py,210,stream,M2,512,1,64,/pscratch/sd/s/satt/sprints/data/converted_10M/mc_normalized_rntuple_10M_30.h5,,auto,,5000,,,,,,,false,true,2,19,0,1,5,0,6,25,0.24,24.0,0.5,2.5,3.0,52.63157894736842,263.1578947368421,315.7894736842105,0.00016260147094726562,2.7100245157877605e-05,5.043882580889604e-07,5.0438825808896045e-05,2
1609480,1609542,worker,322.36893224716187,False,hdf5,h5_tr_210.py,210,stream,M2,512,1,64,/pscratch/sd/s/satt/sprints/data/converted_10M/mc_normalized_rntuple_10M_30.h5,,auto,,5000,,,,,,,false,true,2,17,0,1,5,0,6,23,0.2608695652173913,26.08695652173913,0.5,2.5,3.0,58.8235294117647,294.11764705882354,352.94117647058823,0.00014472007751464844,2.4120012919108074e-05,4.489268755082479e-07,4.489268755082479e-05,2
1609480,1609543,worker,322.36701488494873,False,hdf5,h5_tr_210.py,210,stream,M2,512,1,64,/pscratch/sd/s/satt/sprints/data/converted_10M/mc_normalized_rntuple_10M_30.h5,,auto,,5000,,,,,,,false,true,2,17,0,1,5,0,6,23,0.2608695652173913,26.08695652173913,0.5,2.5,3.0,58.8235294117647,294.11764705882354,352.94117647058823,0.00019431114196777344,3.238519032796224e-05,6.027637227001099e-07,6.027637227001099e-05,2
1609480,1609544,worker,322.3656404018402,False,hdf5,h5_tr_210.py,210,stream,M2,512,1,64,/pscratch/sd/s/satt/sprints/data/converted_10M/mc_normalized_rntuple_10M_30.h5,,auto,,5000,,,,,,,false,true,2,19,0,1,5,0,6,25,0.24,24.0,0.5,2.5,3.0,52.63157894736842,263.1578947368421,315.7894736842105,0.0001633167266845703,2.7219454447428387e-05,5.066195221084674e-07,5.0661952210846734e-05,2
1609480,1609545,worker,322.35084891319275,False,hdf5,h5_tr_210.py,210,stream,M2,512,1,64,/pscratch/sd/s/satt/sprints/data/converted_10M/mc_normalized_rntuple_10M_30.h5,,auto,,5000,,,,,,,false,true,2,19,0,1,5,0,6,25,0.24,24.0,0.5,2.5,3.0,52.63157894736842,263.1578947368421,315.7894736842105,0.000156402587890625,2.6067097981770832e-05,4.851936590765527e-07,4.851936590765527e-05,2
1609480,1609546,worker,322.3458459377289,False,hdf5,h5_tr_210.py,210,stream,M2,512,1,64,/pscratch/sd/s/satt/sprints/data/converted_10M/mc_normalized_rntuple_10M_30.h5,,auto,,5000,,,,,,,false,true,2,19,0,1,5,0,6,25,0.24,24.0,0.5,2.5,3.0,52.63157894736842,263.1578947368421,315.7894736842105,0.0001780986785888672,2.968311309814453e-05,5.52508061863693e-07,5.525080618636931e-05,2
1609480,1609547,worker,322.35401678085327,False,hdf5,h5_tr_210.py,210,stream,M2,512,1,64,/pscratch/sd/s/satt/sprints/data/converted_10M/mc_normalized_rntuple_10M_30.h5,,auto,,5000,,,,,,,false,true,2,17,0,1,5,0,6,23,0.2608695652173913,26.08695652173913,0.5,2.5,3.0,58.8235294117647,294.11764705882354,352.94117647058823,0.00016188621520996094,2.6981035868326824e-05,5.022000868070971e-07,5.0220008680709706e-05,2
1609480,1609548,worker,322.33728218078613,False,hdf5,h5_tr_210.py,210,stream,M2,512,1,64,/pscratch/sd/s/satt/sprints/data/converted_10M/mc_normalized_rntuple_10M_30.h5,,auto,,5000,,,,,,,false,true,2,17,0,1,5,0,6,23,0.2608695652173913,26.08695652173913,0.5,2.5,3.0,58.8235294117647,294.11764705882354,352.94117647058823,0.00016736984252929688,2.7894973754882812e-05,5.192382382731198e-07,5.1923823827311976e-05,2
1609480,1609549,worker,322.32798647880554,False,hdf5,h5_tr_210.py,210,stream,M2,512,1,64,/pscratch/sd/s/satt/sprints/data/converted_10M/mc_normalized_rntuple_10M_30.h5,,auto,,5000,,,,,,,false,true,2,19,0,1,5,0,6,25,0.24,24.0,0.5,2.5,3.0,52.63157894736842,263.1578947368421,315.7894736842105,0.0001575946807861328,2.6265780131022137e-05,4.889264581327174e-07,4.8892645813271735e-05,2
1609480,1609550,worker,322.32688307762146,False,hdf5,h5_tr_210.py,210,stream,M2,512,1,64,/pscratch/sd/s/satt/sprints/data/converted_10M/mc_normalized_rntuple_10M_30.h5,,auto,,5000,,,,,,,false,true,2,17,0,1,5,0,6,23,0.2608695652173913,26.08695652173913,0.5,2.5,3.0,58.8235294117647,294.11764705882354,352.94117647058823,0.00017714500427246094,2.952416737874349e-05,5.495818486533176e-07,5.4958184865331754e-05,2
1609480,1609551,worker,322.31787300109863,False,hdf5,h5_tr_210.py,210,stream,M2,512,1,64,/pscratch/sd/s/satt/sprints/data/converted_10M/mc_normalized_rntuple_10M_30.h5,,auto,,5000,,,,,,,false,true,2,17,0,1,5,0,6,23,0.2608695652173913,26.08695652173913,0.5,2.5,3.0,58.8235294117647,294.11764705882354,352.94117647058823,0.00015664100646972656,2.6106834411621094e-05,4.859829987435808e-07,4.8598299874358084e-05,2
1609480,1609552,worker,322.3109345436096,False,hdf5,h5_tr_210.py,210,stream,M2,512,1,64,/pscratch/sd/s/satt/sprints/data/converted_10M/mc_normalized_rntuple_10M_30.h5,,auto,,5000,,,,,,,false,true,2,19,0,1,5,0,6,25,0.24,24.0,0.5,2.5,3.0,52.63157894736842,263.1578947368421,315.7894736842105,0.00018477439880371094,3.079573313395182e-05,5.732799573348338e-07,5.732799573348338e-05,2
1609480,1609553,worker,322.3248097896576,False,hdf5,h5_tr_210.py,210,stream,M2,512,1,64,/pscratch/sd/s/satt/sprints/data/converted_10M/mc_normalized_rntuple_10M_30.h5,,auto,,5000,,,,,,,false,true,2,17,0,1,5,0,6,23,0.2608695652173913,26.08695652173913,0.5,2.5,3.0,58.8235294117647,294.11764705882354,352.94117647058823,0.00016427040100097656,2.7378400166829426e-05,5.096424352446713e-07,5.096424352446713e-05,2
1609480,1609554,worker,322.3012762069702,False,hdf5,h5_tr_210.py,210,stream,M2,512,1,64,/pscratch/sd/s/satt/sprints/data/converted_10M/mc_normalized_rntuple_10M_30.h5,,auto,,5000,,,,,,,false,true,2,17,0,1,5,0,6,23,0.2608695652173913,26.08695652173913,0.5,2.5,3.0,58.8235294117647,294.11764705882354,352.94117647058823,0.0001442432403564453,2.404054005940755e-05,4.475416357452383e-07,4.475416357452383e-05,2
1609480,1609555,worker,322.2980201244354,False,hdf5,h5_tr_210.py,210,stream,M2,512,1,64,/pscratch/sd/s/satt/sprints/data/converted_10M/mc_normalized_rntuple_10M_30.h5,,auto,,5000,,,,,,,false,true,2,19,0,1,5,0,6,25,0.24,24.0,0.5,2.5,3.0,52.63157894736842,263.1578947368421,315.7894736842105,0.00014925003051757812,2.487500508626302e-05,4.630808171268147e-07,4.630808171268147e-05,2
1609480,1609556,worker,322.29717898368835,False,hdf5,h5_tr_210.py,210,stream,M2,512,1,64,/pscratch/sd/s/satt/sprints/data/converted_10M/mc_normalized_rntuple_10M_30.h5,,auto,,5000,,,,,,,false,true,2,17,0,1,5,0,6,23,0.2608695652173913,26.08695652173913,0.5,2.5,3.0,58.8235294117647,294.11764705882354,352.94117647058823,0.0001609325408935547,2.682209014892578e-05,4.99329660287531e-07,4.99329660287531e-05,2
1609480,1609557,worker,322.2831058502197,False,hdf5,h5_tr_210.py,210,stream,M2,512,1,64,/pscratch/sd/s/satt/sprints/data/converted_10M/mc_normalized_rntuple_10M_30.h5,,auto,,5000,,,,,,,false,true,2,17,0,1,5,0,6,23,0.2608695652173913,26.08695652173913,0.5,2.5,3.0,58.8235294117647,294.11764705882354,352.94117647058823,0.0001652240753173828,2.753734588623047e-05,5.126675035649256e-07,5.126675035649256e-05,2
1609480,1609558,worker,322.279581785202,False,hdf5,h5_tr_210.py,210,stream,M2,512,1,64,/pscratch/sd/s/satt/sprints/data/converted_10M/mc_normalized_rntuple_10M_30.h5,,auto,,5000,,,,,,,false,true,2,19,0,1,5,0,6,25,0.24,24.0,0.5,2.5,3.0,52.63157894736842,263.1578947368421,315.7894736842105,0.00015115737915039062,2.5192896525065105e-05,4.6902561531538905e-07,4.6902561531538904e-05,2
1609480,1609559,worker,322.2745592594147,False,hdf5,h5_tr_210.py,210,stream,M2,512,1,64,/pscratch/sd/s/satt/sprints/data/converted_10M/mc_normalized_rntuple_10M_30.h5,,auto,,5000,,,,,,,false,true,2,17,0,1,5,0,6,23,0.2608695652173913,26.08695652173913,0.5,2.5,3.0,58.8235294117647,294.11764705882354,352.94117647058823,0.00015974044799804688,2.662340799967448e-05,4.956657092794716e-07,4.956657092794716e-05,2
1609480,1609560,worker,322.2795557975769,False,hdf5,h5_tr_210.py,210,stream,M2,512,1,64,/pscratch/sd/s/satt/sprints/data/converted_10M/mc_normalized_rntuple_10M_30.h5,,auto,,5000,,,,,,,false,true,2,17,0,1,5,0,6,23,0.2608695652173913,26.08695652173913,0.5,2.5,3.0,58.8235294117647,294.11764705882354,352.94117647058823,0.00015926361083984375,2.6543935139973957e-05,4.941784484147573e-07,4.941784484147573e-05,2
1609480,1609561,worker,322.2608335018158,False,hdf5,h5_tr_210.py,210,stream,M2,512,1,64,/pscratch/sd/s/satt/sprints/data/converted_10M/mc_normalized_rntuple_10M_30.h5,,auto,,5000,,,,,,,false,true,2,19,0,1,5,0,6,25,0.24,24.0,0.5,2.5,3.0,52.63157894736842,263.1578947368421,315.7894736842105,0.0001614093780517578,2.69015630086263e-05,5.008656382403614e-07,5.008656382403614e-05,2
1609480,1609562,worker,322.25875186920166,False,hdf5,h5_tr_210.py,210,stream,M2,512,1,64,/pscratch/sd/s/satt/sprints/data/converted_10M/mc_normalized_rntuple_10M_30.h5,,auto,,5000,,,,,,,false,true,2,17,0,1,5,0,6,23,0.2608695652173913,26.08695652173913,0.5,2.5,3.0,58.8235294117647,294.11764705882354,352.94117647058823,0.00015616416931152344,2.6027361551920574e-05,4.845924847834926e-07,4.845924847834926e-05,2
1609480,1609563,worker,322.2481918334961,False,hdf5,h5_tr_210.py,210,stream,M2,512,1,64,/pscratch/sd/s/satt/sprints/data/converted_10M/mc_normalized_rntuple_10M_30.h5,,auto,,5000,,,,,,,false,true,2,17,0,1,5,0,6,23,0.2608695652173913,26.08695652173913,0.5,2.5,3.0,58.8235294117647,294.11764705882354,352.94117647058823,0.00016498565673828125,2.7497609456380207e-05,5.119831884845097e-07,5.1198318848450965e-05,2
1609480,1609564,worker,322.2435212135315,False,hdf5,h5_tr_210.py,210,stream,M2,512,1,64,/pscratch/sd/s/satt/sprints/data/converted_10M/mc_normalized_rntuple_10M_30.h5,,auto,,5000,,,,,,,false,true,2,19,0,1,5,0,6,25,0.24,24.0,0.5,2.5,3.0,52.63157894736842,263.1578947368421,315.7894736842105,0.00019073486328125,3.1789143880208336e-05,5.918966580397482e-07,5.9189665803974825e-05,2
1609480,1609565,worker,322.24707436561584,False,hdf5,h5_tr_210.py,210,stream,M2,512,1,64,/pscratch/sd/s/satt/sprints/data/converted_10M/mc_normalized_rntuple_10M_30.h5,,auto,,5000,,,,,,,false,true,2,17,0,1,5,0,6,23,0.2608695652173913,26.08695652173913,0.5,2.5,3.0,58.8235294117647,294.11764705882354,352.94117647058823,0.0001437664031982422,2.396106719970703e-05,4.4613718675728727e-07,4.4613718675728725e-05,2
1609480,1609566,worker,322.23191022872925,False,hdf5,h5_tr_210.py,210,stream,M2,512,1,64,/pscratch/sd/s/satt/sprints/data/converted_10M/mc_normalized_rntuple_10M_30.h5,,auto,,5000,,,,,,,false,true,2,17,0,1,5,0,6,23,0.2608695652173913,26.08695652173913,0.5,2.5,3.0,58.8235294117647,294.11764705882354,352.94117647058823,0.0001595020294189453,2.658367156982422e-05,4.949914156724152e-07,4.9499141567241526e-05,2
1609480,1609567,worker,322.22910928726196,False,hdf5,h5_tr_210.py,210,stream,M2,512,1,64,/pscratch/sd/s/satt/sprints/data/converted_10M/mc_normalized_rntuple_10M_30.h5,,auto,,5000,,,,,,,false,true,2,19,0,1,5,0,6,25,0.24,24.0,0.5,2.5,3.0,52.63157894736842,263.1578947368421,315.7894736842105,0.0001506805419921875,2.5113423665364582e-05,4.6761927352087323e-07,4.676192735208732e-05,2
1609480,1609568,worker,322.2244658470154,False,hdf5,h5_tr_210.py,210,stream,M2,512,1,64,/pscratch/sd/s/satt/sprints/data/converted_10M/mc_normalized_rntuple_10M_30.h5,,auto,,5000,,,,,,,false,true,2,17,0,1,5,0,6,23,0.2608695652173913,26.08695652173913,0.5,2.5,3.0,58.8235294117647,294.11764705882354,352.94117647058823,0.00016689300537109375,2.7815500895182293e-05,5.179402033684514e-07,5.1794020336845136e-05,2
1609480,1609569,worker,322.2146825790405,False,hdf5,h5_tr_210.py,210,stream,M2,512,1,64,/pscratch/sd/s/satt/sprints/data/converted_10M/mc_normalized_rntuple_10M_30.h5,,auto,,5000,,,,,,,false,true,2,17,0,1,5,0,6,23,0.2608695652173913,26.08695652173913,0.5,2.5,3.0,58.8235294117647,294.11764705882354,352.94117647058823,0.00018262863159179688,3.043810526529948e-05,5.667917741364792e-07,5.667917741364792e-05,2
1609480,1609570,worker,322.23251366615295,False,hdf5,h5_tr_210.py,210,stream,M2,512,1,64,/pscratch/sd/s/satt/sprints/data/converted_10M/mc_normalized_rntuple_10M_30.h5,,auto,,5000,,,,,,,false,true,2,19,0,1,5,0,6,25,0.24,24.0,0.5,2.5,3.0,52.63157894736842,263.1578947368421,315.7894736842105,0.00016069412231445312,2.678235371907552e-05,4.986899691970231e-07,4.9868996919702305e-05,2
1609480,1609571,worker,322.2111785411835,False,hdf5,h5_tr_210.py,210,stream,M2,512,1,64,/pscratch/sd/s/satt/sprints/data/converted_10M/mc_normalized_rntuple_10M_30.h5,,auto,,5000,,,,,,,false,true,2,17,0,1,5,0,6,23,0.2608695652173913,26.08695652173913,0.5,2.5,3.0,58.8235294117647,294.11764705882354,352.94117647058823,0.0001659393310546875,2.765655517578125e-05,5.15001781769275e-07,5.150017817692751e-05,2
1609480,1609572,worker,322.19794607162476,False,hdf5,h5_tr_210.py,210,stream,M2,512,1,64,/pscratch/sd/s/satt/sprints/data/converted_10M/mc_normalized_rntuple_10M_30.h5,,auto,,5000,,,,,,,false,true,2,17,0,1,5,0,6,23,0.2608695652173913,26.08695652173913,0.5,2.5,3.0,58.8235294117647,294.11764705882354,352.94117647058823,0.0001609325408935547,2.682209014892578e-05,4.994834475381147e-07,4.994834475381147e-05,2
1609480,1609573,worker,322.19343423843384,False,hdf5,h5_tr_210.py,210,stream,M2,512,1,64,/pscratch/sd/s/satt/sprints/data/converted_10M/mc_normalized_rntuple_10M_30.h5,,auto,,5000,,,,,,,false,true,2,19,0,1,5,0,6,25,0.24,24.0,0.5,2.5,3.0,52.63157894736842,263.1578947368421,315.7894736842105,0.000164031982421875,2.7338663736979168e-05,5.091102579715696e-07,5.091102579715696e-05,2
1609480,1609574,worker,322.1902596950531,False,hdf5,h5_tr_210.py,210,stream,M2,512,1,64,/pscratch/sd/s/satt/sprints/data/converted_10M/mc_normalized_rntuple_10M_30.h5,,auto,,5000,,,,,,,false,true,2,17,0,1,5,0,6,23,0.2608695652173913,26.08695652173913,0.5,2.5,3.0,58.8235294117647,294.11764705882354,352.94117647058823,0.00016641616821289062,2.773602803548177e-05,5.165152055509075e-07,5.165152055509075e-05,2
1609480,1609575,worker,322.1843149662018,False,hdf5,h5_tr_210.py,210,stream,M2,512,1,64,/pscratch/sd/s/satt/sprints/data/converted_10M/mc_normalized_rntuple_10M_30.h5,,auto,,5000,,,,,,,false,true,2,17,0,1,5,0,6,23,0.2608695652173913,26.08695652173913,0.5,2.5,3.0,58.8235294117647,294.11764705882354,352.94117647058823,0.0001723766326904297,2.872943878173828e-05,5.350249055684557e-07,5.350249055684557e-05,2
1609480,1609576,worker,322.17432618141174,False,hdf5,h5_tr_210.py,210,stream,M2,512,1,64,/pscratch/sd/s/satt/sprints/data/converted_10M/mc_normalized_rntuple_10M_30.h5,,auto,,5000,,,,,,,false,true,2,19,0,1,5,0,6,25,0.24,24.0,0.5,2.5,3.0,52.63157894736842,263.1578947368421,315.7894736842105,0.00017189979553222656,2.864996592203776e-05,5.335614341765776e-07,5.335614341765776e-05,2
1609480,1609577,worker,322.1718957424164,False,hdf5,h5_tr_210.py,210,stream,M2,512,1,64,/pscratch/sd/s/satt/sprints/data/converted_10M/mc_normalized_rntuple_10M_30.h5,,auto,,5000,,,,,,,false,true,2,17,0,1,5,0,6,23,0.2608695652173913,26.08695652173913,0.5,2.5,3.0,58.8235294117647,294.11764705882354,352.94117647058823,0.0001480579376220703,2.467632293701172e-05,4.5956192820880296e-07,4.5956192820880294e-05,2
1609480,1609578,worker,322.1761257648468,False,hdf5,h5_tr_210.py,210,stream,M2,512,1,64,/pscratch/sd/s/satt/sprints/data/converted_10M/mc_normalized_rntuple_10M_30.h5,,auto,,5000,,,,,,,false,true,2,17,0,1,5,0,6,23,0.2608695652173913,26.08695652173913,0.5,2.5,3.0,58.8235294117647,294.11764705882354,352.94117647058823,0.0001475811004638672,2.45968500773112e-05,4.5807584318518125e-07,4.580758431851812e-05,2
1609480,1609579,worker,322.161239862442,False,hdf5,h5_tr_210.py,210,stream,M2,512,1,64,/pscratch/sd/s/satt/sprints/data/converted_10M/mc_normalized_rntuple_10M_30.h5,,auto,,5000,,,,,,,false,true,2,19,0,1,5,0,6,25,0.24,24.0,0.5,2.5,3.0,52.63157894736842,263.1578947368421,315.7894736842105,0.0001685619354248047,2.8093655904134113e-05,5.232222706144852e-07,5.232222706144851e-05,2
1609480,1609580,worker,322.1606090068817,False,hdf5,h5_tr_210.py,210,stream,M2,512,1,64,/pscratch/sd/s/satt/sprints/data/converted_10M/mc_normalized_rntuple_10M_30.h5,,auto,,5000,,,,,,,false,true,2,17,0,1,5,0,6,23,0.2608695652173913,26.08695652173913,0.5,2.5,3.0,58.8235294117647,294.11764705882354,352.94117647058823,0.00016260147094726562,2.7100245157877605e-05,5.047217642421091e-07,5.047217642421091e-05,2
1609480,1609581,worker,322.15903973579407,False,hdf5,h5_tr_210.py,210,stream,M2,512,1,64,/pscratch/sd/s/satt/sprints/data/converted_10M/mc_normalized_rntuple_10M_30.h5,,auto,,5000,,,,,,,false,true,2,17,0,1,5,0,6,23,0.2608695652173913,26.08695652173913,0.5,2.5,3.0,58.8235294117647,294.11764705882354,352.94117647058823,0.0001461505889892578,2.4358431498209637e-05,4.5365974864190495e-07,4.5365974864190495e-05,2
1609480,1609582,worker,322.14374136924744,False,hdf5,h5_tr_210.py,210,stream,M2,512,1,64,/pscratch/sd/s/satt/sprints/data/converted_10M/mc_normalized_rntuple_10M_30.h5,,auto,,5000,,,,,,,false,true,2,19,0,1,5,0,6,25,0.24,24.0,0.5,2.5,3.0,52.63157894736842,263.1578947368421,315.7894736842105,0.0001666545867919922,2.777576446533203e-05,5.173298915684022e-07,5.173298915684022e-05,2
1609480,1609583,worker,322.1345133781433,False,hdf5,h5_tr_210.py,210,stream,M2,512,1,64,/pscratch/sd/s/satt/sprints/data/converted_10M/mc_normalized_rntuple_10M_30.h5,,auto,,5000,,,,,,,false,true,2,17,0,1,5,0,6,23,0.2608695652173913,26.08695652173913,0.5,2.5,3.0,58.8235294117647,294.11764705882354,352.94117647058823,0.0001595020294189453,2.658367156982422e-05,4.951410755286287e-07,4.951410755286287e-05,2
1609480,1609584,worker,322.13701152801514,False,hdf5,h5_tr_210.py,210,stream,M2,512,1,64,/pscratch/sd/s/satt/sprints/data/converted_10M/mc_normalized_rntuple_10M_30.h5,,auto,,5000,,,,,,,false,true,2,17,0,1,5,0,6,23,0.2608695652173913,26.08695652173913,0.5,2.5,3.0,58.8235294117647,294.11764705882354,352.94117647058823,0.000141143798828125,2.3523966471354168e-05,4.381483461295791e-07,4.381483461295791e-05,2
1609480,1609585,worker,322.13078474998474,False,hdf5,h5_tr_210.py,210,stream,M2,512,1,64,/pscratch/sd/s/satt/sprints/data/converted_10M/mc_normalized_rntuple_10M_30.h5,,auto,,5000,,,,,,,false,true,2,19,0,1,5,0,6,25,0.24,24.0,0.5,2.5,3.0,52.63157894736842,263.1578947368421,315.7894736842105,0.0001461505889892578,2.4358431498209637e-05,4.536995403984429e-07,4.536995403984429e-05,2
1609480,1609586,worker,322.12035846710205,False,hdf5,h5_tr_210.py,210,stream,M2,512,1,64,/pscratch/sd/s/satt/sprints/data/converted_10M/mc_normalized_rntuple_10M_30.h5,,auto,,5000,,,,,,,false,true,2,17,0,1,5,0,6,23,0.2608695652173913,26.08695652173913,0.5,2.5,3.0,58.8235294117647,294.11764705882354,352.94117647058823,0.00014448165893554688,2.4080276489257812e-05,4.485331496062603e-07,4.4853314960626027e-05,2
1609480,1609587,worker,322.1145181655884,False,hdf5,h5_tr_210.py,210,stream,M2,512,1,64,/pscratch/sd/s/satt/sprints/data/converted_10M/mc_normalized_rntuple_10M_30.h5,,auto,,5000,,,,,,,false,true,2,21,0,1,5,0,6,27,0.2222222222222222,22.22222222222222,0.5,2.5,3.0,47.61904761904762,238.0952380952381,285.7142857142857,0.00014781951904296875,2.4636586507161457e-05,4.5890362186959745e-07,4.589036218695975e-05,2
1609480,1609588,worker,322.1139597892761,False,hdf5,h5_tr_210.py,210,stream,M2,512,1,64,/pscratch/sd/s/satt/sprints/data/converted_10M/mc_normalized_rntuple_10M_30.h5,,auto,,5000,,,,,,,false,true,2,17,0,1,5,0,6,23,0.2608695652173913,26.08695652173913,0.5,2.5,3.0,58.8235294117647,294.11764705882354,352.94117647058823,0.0001506805419921875,2.5113423665364582e-05,4.6778643834859337e-07,4.677864383485934e-05,2
1609480,1609589,worker,322.1120252609253,False,hdf5,h5_tr_210.py,210,stream,M2,512,1,64,/pscratch/sd/s/satt/sprints/data/converted_10M/mc_normalized_rntuple_10M_30.h5,,auto,,5000,,,,,,,false,true,2,17,0,1,5,0,6,23,0.2608695652173913,26.08695652173913,0.5,2.5,3.0,58.8235294117647,294.11764705882354,352.94117647058823,0.00014972686767578125,2.4954477945963543e-05,4.6482855632134727e-07,4.648285563213473e-05,2
1609480,1609590,worker,322.111279964447,False,hdf5,h5_tr_210.py,210,stream,M2,512,1,64,/pscratch/sd/s/satt/sprints/data/converted_10M/mc_normalized_rntuple_10M_30.h5,,auto,,5000,,,,,,,false,true,2,19,0,1,5,0,6,25,0.24,24.0,0.5,2.5,3.0,52.63157894736842,263.1578947368421,315.7894736842105,0.0001575946807861328,2.6265780131022137e-05,4.89255392743549e-07,4.8925539274354904e-05,2
1609480,1609591,worker,322.08977484703064,False,hdf5,h5_tr_210.py,210,stream,M2,512,1,64,/pscratch/sd/s/satt/sprints/data/converted_10M/mc_normalized_rntuple_10M_30.h5,,auto,,5000,,,,,,,false,true,2,17,0,1,5,0,6,23,0.2608695652173913,26.08695652173913,0.5,2.5,3.0,58.8235294117647,294.11764705882354,352.94117647058823,0.0001468658447265625,2.4477640787760418e-05,4.5597797941990913e-07,4.5597797941990915e-05,2
1609480,1609592,worker,322.0936872959137,False,hdf5,h5_tr_210.py,210,stream,M2,512,1,64,/pscratch/sd/s/satt/sprints/data/converted_10M/mc_normalized_rntuple_10M_30.h5,,auto,,5000,,,,,,,false,true,2,17,0,1,5,0,6,23,0.2608695652173913,26.08695652173913,0.5,2.5,3.0,58.8235294117647,294.11764705882354,352.94117647058823,0.00015616416931152344,2.6027361551920574e-05,4.848408257317145e-07,4.848408257317145e-05,2
1609480,1609593,worker,322.0792410373688,False,hdf5,h5_tr_210.py,210,stream,M2,512,1,64,/pscratch/sd/s/satt/sprints/data/converted_10M/mc_normalized_rntuple_10M_30.h5,,auto,,5000,,,,,,,false,true,2,19,0,1,5,0,6,25,0.24,24.0,0.5,2.5,3.0,52.63157894736842,263.1578947368421,315.7894736842105,0.00013971328735351562,2.3285547892252605e-05,4.3378544641225604e-07,4.33785446412256e-05,2
1609480,1609594,worker,322.06998085975647,False,hdf5,h5_tr_210.py,210,stream,M2,512,1,64,/pscratch/sd/s/satt/sprints/data/converted_10M/mc_normalized_rntuple_10M_30.h5,,auto,,5000,,,,,,,false,true,2,17,0,1,5,0,6,23,0.2608695652173913,26.08695652173913,0.5,2.5,3.0,58.8235294117647,294.11764705882354,352.94117647058823,0.00014209747314453125,2.3682912190755207e-05,4.412006134977441e-07,4.4120061349774407e-05,2
1609480,1609595,worker,322.0726697444916,False,hdf5,h5_tr_210.py,210,stream,M2,512,1,64,/pscratch/sd/s/satt/sprints/data/converted_10M/mc_normalized_rntuple_10M_30.h5,,auto,,5000,,,,,,,false,true,2,17,0,1,5,0,6,23,0.2608695652173913,26.08695652173913,0.5,2.5,3.0,58.8235294117647,294.11764705882354,352.94117647058823,0.00014901161193847656,2.483526865641276e-05,4.6266456590896474e-07,4.6266456590896474e-05,2
1609480,1609596,worker,322.0614655017853,False,hdf5,h5_tr_210.py,210,stream,M2,512,1,64,/pscratch/sd/s/satt/sprints/data/converted_10M/mc_normalized_rntuple_10M_30.h5,,auto,,5000,,,,,,,false,true,2,19,0,1,5,0,6,25,0.24,24.0,0.5,2.5,3.0,52.63157894736842,263.1578947368421,315.7894736842105,0.0001494884490966797,2.491474151611328e-05,4.641612397303428e-07,4.641612397303428e-05,2
1609480,1609597,worker,322.0547819137573,False,hdf5,h5_tr_210.py,210,stream,M2,512,1,64,/pscratch/sd/s/satt/sprints/data/converted_10M/mc_normalized_rntuple_10M_30.h5,,auto,,5000,,,,,,,false,true,2,17,0,1,5,0,6,23,0.2608695652173913,26.08695652173913,0.5,2.5,3.0,58.8235294117647,294.11764705882354,352.94117647058823,0.00017905235290527344,2.9842058817545574e-05,5.559686207460868e-07,5.559686207460868e-05,2
1609480,1609598,worker,322.0697491168976,False,hdf5,h5_tr_210.py,210,stream,M2,512,1,64,/pscratch/sd/s/satt/sprints/data/converted_10M/mc_normalized_rntuple_10M_30.h5,,auto,,5000,,,,,,,false,true,2,17,0,1,5,0,6,23,0.2608695652173913,26.08695652173913,0.5,2.5,3.0,58.8235294117647,294.11764705882354,352.94117647058823,0.0001723766326904297,2.872943878173828e-05,5.35215223295822e-07,5.352152232958219e-05,2
1609480,1609599,worker,322.0444893836975,False,hdf5,h5_tr_210.py,210,stream,M2,512,1,64,/pscratch/sd/s/satt/sprints/data/converted_10M/mc_normalized_rntuple_10M_30.h5,,auto,,5000,,,,,,,false,true,2,19,0,1,5,0,6,25,0.24,24.0,0.5,2.5,3.0,52.63157894736842,263.1578947368421,315.7894736842105,0.00015926361083984375,2.6543935139973957e-05,4.945391586877622e-07,4.945391586877623e-05,2
1609480,1609600,worker,322.0376617908478,False,hdf5,h5_tr_210.py,210,stream,M2,512,1,64,/pscratch/sd/s/satt/sprints/data/converted_10M/mc_normalized_rntuple_10M_30.h5,,auto,,5000,,,,,,,false,true,2,17,0,1,5,0,6,23,0.2608695652173913,26.08695652173913,0.5,2.5,3.0,58.8235294117647,294.11764705882354,352.94117647058823,0.00016045570373535156,2.674261728922526e-05,4.982513624122695e-07,4.982513624122695e-05,2
1609480,1609601,worker,322.0287232398987,False,hdf5,h5_tr_210.py,210,stream,M2,512,1,64,/pscratch/sd/s/satt/sprints/data/converted_10M/mc_normalized_rntuple_10M_30.h5,,auto,,5000,,,,,,,false,true,2,17,0,1,5,0,6,23,0.2608695652173913,26.08695652173913,0.5,2.5,3.0,58.8235294117647,294.11764705882354,352.94117647058823,0.0001552104949951172,2.586841583251953e-05,4.819771771709056e-07,4.8197717717090566e-05,2
1609480,1609602,worker,322.02575182914734,False,hdf5,h5_tr_210.py,210,stream,M2,512,1,64,/pscratch/sd/s/satt/sprints/data/converted_10M/mc_normalized_rntuple_10M_30.h5,,auto,,5000,,,,,,,false,true,2,19,0,1,5,0,6,25,0.24,24.0,0.5,2.5,3.0,52.63157894736842,263.1578947368421,315.7894736842105,0.000186920166015625,3.1153361002604164e-05,5.80450988636451e-07,5.8045098863645105e-05,2
1609480,1609603,worker,322.02115297317505,False,hdf5,h5_tr_210.py,210,stream,M2,512,1,64,/pscratch/sd/s/satt/sprints/data/converted_10M/mc_normalized_rntuple_10M_30.h5,,auto,,5000,,,,,,,false,true,2,17,0,1,5,0,6,23,0.2608695652173913,26.08695652173913,0.5,2.5,3.0,58.8235294117647,294.11764705882354,352.94117647058823,0.00017523765563964844,2.9206275939941406e-05,5.44180573299935e-07,5.441805732999349e-05,2
1609480,1609604,worker,322.02313208580017,False,hdf5,h5_tr_210.py,210,stream,M2,512,1,64,/pscratch/sd/s/satt/sprints/data/converted_10M/mc_normalized_rntuple_10M_30.h5,,auto,,5000,,,,,,,false,true,2,17,0,1,5,0,6,23,0.2608695652173913,26.08695652173913,0.5,2.5,3.0,58.8235294117647,294.11764705882354,352.94117647058823,0.0001671314239501953,2.785523732503255e-05,5.190044046452683e-07,5.190044046452683e-05,2
1609480,1609605,worker,322.00860571861267,False,hdf5,h5_tr_210.py,210,stream,M2,512,1,64,/pscratch/sd/s/satt/sprints/data/converted_10M/mc_normalized_rntuple_10M_30.h5,,auto,,5000,,,,,,,false,true,2,19,0,1,5,0,6,25,0.24,24.0,0.5,2.5,3.0,52.63157894736842,263.1578947368421,315.7894736842105,0.00016260147094726562,2.7100245157877605e-05,5.049600167809024e-07,5.0496001678090235e-05,2
1609480,1609606,worker,322.00648379325867,False,hdf5,h5_tr_210.py,210,stream,M2,512,1,64,/pscratch/sd/s/satt/sprints/data/converted_10M/mc_normalized_rntuple_10M_30.h5,,auto,,5000,,,,,,,false,true,2,17,0,1,5,0,6,23,0.2608695652173913,26.08695652173913,0.5,2.5,3.0,58.8235294117647,294.11764705882354,352.94117647058823,0.00015044212341308594,2.5073687235514324e-05,4.672021558102412e-07,4.6720215581024115e-05,2
1609480,1609607,worker,322.00144386291504,False,hdf5,h5_tr_210.py,210,stream,M2,512,1,64,/pscratch/sd/s/satt/sprints/data/converted_10M/mc_normalized_rntuple_10M_30.h5,,auto,,5000,,,,,,,false,true,2,17,0,1,5,0,6,23,0.2608695652173913,26.08695652173913,0.5,2.5,3.0,58.8235294117647,294.11764705882354,352.94117647058823,0.0002033710479736328,3.389517466227213e-05,6.315842734550393e-07,6.315842734550393e-05,2
1609480,1609608,worker,321.9944999217987,False,hdf5,h5_tr_210.py,210,stream,M2,512,1,64,/pscratch/sd/s/satt/sprints/data/converted_10M/mc_normalized_rntuple_10M_30.h5,,auto,,5000,,,,,,,false,true,2,19,0,1,5,0,6,25,0.24,24.0,0.5,2.5,3.0,52.63157894736842,263.1578947368421,315.7894736842105,0.00018334388732910156,3.055731455485026e-05,5.694006803645075e-07,5.6940068036450755e-05,2
1609480,1609609,worker,321.98997616767883,False,hdf5,h5_tr_210.py,210,stream,M2,512,1,64,/pscratch/sd/s/satt/sprints/data/converted_10M/mc_normalized_rntuple_10M_30.h5,,auto,,5000,,,,,,,false,true,2,17,0,1,5,0,6,23,0.2608695652173913,26.08695652173913,0.5,2.5,3.0,58.8235294117647,294.11764705882354,352.94117647058823,0.0001595020294189453,2.658367156982422e-05,4.953633380682738e-07,4.953633380682738e-05,2
1609480,1609610,worker,321.97857570648193,False,hdf5,h5_tr_210.py,210,stream,M2,512,1,64,/pscratch/sd/s/satt/sprints/data/converted_10M/mc_normalized_rntuple_10M_30.h5,,auto,,5000,,,,,,,false,true,2,17,0,1,5,0,6,23,0.2608695652173913,26.08695652173913,0.5,2.5,3.0,58.8235294117647,294.11764705882354,352.94117647058823,0.00015878677368164062,2.6464462280273438e-05,4.931594387397745e-07,4.931594387397745e-05,2
1609480,1609611,worker,321.97361302375793,False,hdf5,h5_tr_210.py,210,stream,M2,512,1,64,/pscratch/sd/s/satt/sprints/data/converted_10M/mc_normalized_rntuple_10M_30.h5,,auto,,5000,,,,,,,false,true,2,19,0,1,5,0,6,25,0.24,24.0,0.5,2.5,3.0,52.63157894736842,263.1578947368421,315.7894736842105,0.00017547607421875,2.9246012369791668e-05,5.450014135344746e-07,5.4500141353447464e-05,2
1609480,1609612,worker,321.9668855667114,False,hdf5,h5_tr_210.py,210,stream,M2,512,1,64,/pscratch/sd/s/satt/sprints/data/converted_10M/mc_normalized_rntuple_10M_30.h5,,auto,,5000,,,,,,,false,true,2,17,0,1,5,0,6,23,0.2608695652173913,26.08695652173913,0.5,2.5,3.0,58.8235294117647,294.11764705882354,352.94117647058823,0.0001709461212158203,2.849102020263672e-05,5.309431773237448e-07,5.309431773237448e-05,2
1609480,1609613,worker,321.9653832912445,False,hdf5,h5_tr_210.py,210,stream,M2,512,1,64,/pscratch/sd/s/satt/sprints/data/converted_10M/mc_normalized_rntuple_10M_30.h5,,auto,,5000,,,,,,,false,true,2,17,0,1,5,0,6,23,0.2608695652173913,26.08695652173913,0.5,2.5,3.0,58.8235294117647,294.11764705882354,352.94117647058823,0.00020003318786621094,3.333886464436849e-05,6.212878720730801e-07,6.212878720730802e-05,2
1609480,1609614,worker,321.95454835891724,False,hdf5,h5_tr_210.py,210,stream,M2,512,1,64,/pscratch/sd/s/satt/sprints/data/converted_10M/mc_normalized_rntuple_10M_30.h5,,auto,,5000,,,,,,,false,true,2,19,0,1,5,0,6,25,0.24,24.0,0.5,2.5,3.0,52.63157894736842,263.1578947368421,315.7894736842105,0.00014448165893554688,2.4080276489257812e-05,4.487641490763401e-07,4.487641490763401e-05,2
1609480,1609615,worker,321.9453957080841,False,hdf5,h5_tr_210.py,210,stream,M2,512,1,64,/pscratch/sd/s/satt/sprints/data/converted_10M/mc_normalized_rntuple_10M_30.h5,,auto,,5000,,,,,,,false,true,2,17,0,1,5,0,6,23,0.2608695652173913,26.08695652173913,0.5,2.5,3.0,58.8235294117647,294.11764705882354,352.94117647058823,0.00015592575073242188,2.5987625122070312e-05,4.843235927927468e-07,4.8432359279274686e-05,2
1609480,1609616,worker,321.9530758857727,False,hdf5,h5_tr_210.py,210,stream,M2,512,1,64,/pscratch/sd/s/satt/sprints/data/converted_10M/mc_normalized_rntuple_10M_30.h5,,auto,,5000,,,,,,,false,true,2,17,0,1,5,0,6,23,0.2608695652173913,26.08695652173913,0.5,2.5,3.0,58.8235294117647,294.11764705882354,352.94117647058823,0.0001761913299560547,2.936522165934245e-05,5.47257793612652e-07,5.47257793612652e-05,2
1609480,1609617,worker,321.9407207965851,False,hdf5,h5_tr_210.py,210,stream,M2,512,1,64,/pscratch/sd/s/satt/sprints/data/converted_10M/mc_normalized_rntuple_10M_30.h5,,auto,,5000,,,,,,,false,true,2,19,0,1,5,0,6,25,0.24,24.0,0.5,2.5,3.0,52.63157894736842,263.1578947368421,315.7894736842105,0.00017309188842773438,2.8848648071289062e-05,5.376514284973e-07,5.3765142849729995e-05,2
1609480,1609618,worker,321.9308862686157,False,hdf5,h5_tr_210.py,210,stream,M2,512,1,64,/pscratch/sd/s/satt/sprints/data/converted_10M/mc_normalized_rntuple_10M_30.h5,,auto,,5000,,,,,,,false,true,2,17,0,1,5,0,6,23,0.2608695652173913,26.08695652173913,0.5,2.5,3.0,58.8235294117647,294.11764705882354,352.94117647058823,0.00017261505126953125,2.8769175211588543e-05,5.36186674320845e-07,5.36186674320845e-05,2
1609480,1609619,worker,321.92994952201843,False,hdf5,h5_tr_210.py,210,stream,M2,512,1,64,/pscratch/sd/s/satt/sprints/data/converted_10M/mc_normalized_rntuple_10M_30.h5,,auto,,5000,,,,,,,false,true,2,17,0,1,5,0,6,23,0.2608695652173913,26.08695652173913,0.5,2.5,3.0,58.8235294117647,294.11764705882354,352.94117647058823,0.00018024444580078125,3.0040740966796875e-05,5.598871620002953e-07,5.598871620002954e-05,2
1609480,1609620,worker,321.91916942596436,False,hdf5,h5_tr_210.py,210,stream,M2,512,1,64,/pscratch/sd/s/satt/sprints/data/converted_10M/mc_normalized_rntuple_10M_30.h5,,auto,,5000,,,,,,,false,true,2,19,0,1,5,0,6,25,0.24,24.0,0.5,2.5,3.0,52.63157894736842,263.1578947368421,315.7894736842105,0.00014352798461914062,2.392133076985677e-05,4.4585100314179795e-07,4.4585100314179795e-05,2
1609480,1609621,worker,321.9127199649811,False,hdf5,h5_tr_210.py,210,stream,M2,512,1,64,/pscratch/sd/s/satt/sprints/data/converted_10M/mc_normalized_rntuple_10M_30.h5,,auto,,5000,,,,,,,false,true,2,17,0,1,5,0,6,23,0.2608695652173913,26.08695652173913,0.5,2.5,3.0,58.8235294117647,294.11764705882354,352.94117647058823,0.00014972686767578125,2.4954477945963543e-05,4.6511634486536946e-07,4.651163448653695e-05,2
1609480,1609622,worker,321.90202379226685,False,hdf5,h5_tr_210.py,210,stream,M2,512,1,64,/pscratch/sd/s/satt/sprints/data/converted_10M/mc_normalized_rntuple_10M_30.h5,,auto,,5000,,,,,,,false,true,2,17,0,1,5,0,6,23,0.2608695652173913,26.08695652173913,0.5,2.5,3.0,58.8235294117647,294.11764705882354,352.94117647058823,0.0001518726348876953,2.5312105814615887e-05,4.7179770135804845e-07,4.717977013580484e-05,2
1609480,1609623,worker,321.90056467056274,False,hdf5,h5_tr_210.py,210,stream,M2,512,1,64,/pscratch/sd/s/satt/sprints/data/converted_10M/mc_normalized_rntuple_10M_30.h5,,auto,,5000,,,,,,,false,true,2,19,0,1,5,0,6,25,0.24,24.0,0.5,2.5,3.0,52.63157894736842,263.1578947368421,315.7894736842105,0.00015473365783691406,2.578894297281901e-05,4.806877490111598e-07,4.806877490111597e-05,2
1609480,1609624,worker,321.89460015296936,False,hdf5,h5_tr_210.py,210,stream,M2,512,1,64,/pscratch/sd/s/satt/sprints/data/converted_10M/mc_normalized_rntuple_10M_30.h5,,auto,,5000,,,,,,,false,true,2,17,0,1,5,0,6,23,0.2608695652173913,26.08695652173913,0.5,2.5,3.0,58.8235294117647,294.11764705882354,352.94117647058823,0.0001735687255859375,2.8928120930989582e-05,5.392098081280485e-07,5.392098081280485e-05,2
1609480,1609625,worker,321.8935024738312,False,hdf5,h5_tr_210.py,210,stream,M2,512,1,64,/pscratch/sd/s/satt/sprints/data/converted_10M/mc_normalized_rntuple_10M_30.h5,,auto,,5000,,,,,,,false,true,2,17,0,1,5,0,6,23,0.2608695652173913,26.08695652173913,0.5,2.5,3.0,58.8235294117647,294.11764705882354,352.94117647058823,0.00015544891357421875,2.5908152262369793e-05,4.8292032109861e-07,4.8292032109861e-05,2
1609480,1609626,worker,321.89292216300964,False,hdf5,h5_tr_210.py,210,stream,M2,512,1,64,/pscratch/sd/s/satt/sprints/data/converted_10M/mc_normalized_rntuple_10M_30.h5,,auto,,5000,,,,,,,false,true,2,19,0,1,5,0,6,25,0.24,24.0,0.5,2.5,3.0,52.63157894736842,263.1578947368421,315.7894736842105,0.0001761913299560547,2.936522165934245e-05,5.473600623838188e-07,5.473600623838188e-05,2
1609480,1609627,worker,321.87701439857483,False,hdf5,h5_tr_210.py,210,stream,M2,512,1,64,/pscratch/sd/s/satt/sprints/data/converted_10M/mc_normalized_rntuple_10M_30.h5,,auto,,5000,,,,,,,false,true,2,17,0,1,5,0,6,23,0.2608695652173913,26.08695652173913,0.5,2.5,3.0,58.8235294117647,294.11764705882354,352.94117647058823,0.00015687942504882812,2.6146570841471355e-05,4.87389338260007e-07,4.87389338260007e-05,2
1609480,1609628,worker,321.8708736896515,False,hdf5,h5_tr_210.py,210,stream,M2,512,1,64,/pscratch/sd/s/satt/sprints/data/converted_10M/mc_normalized_rntuple_10M_30.h5,,auto,,5000,,,,,,,false,true,2,17,0,1,5,0,6,23,0.2608695652173913,26.08695652173913,0.5,2.5,3.0,58.8235294117647,294.11764705882354,352.94117647058823,0.0001633167266845703,2.7219454447428387e-05,5.073982768693778e-07,5.0739827686937776e-05,2
1609480,1609629,worker,321.86551237106323,False,hdf5,h5_tr_210.py,210,stream,M2,512,1,64,/pscratch/sd/s/satt/sprints/data/converted_10M/mc_normalized_rntuple_10M_30.h5,,auto,,5000,,,,,,,false,true,2,19,0,1,5,0,6,25,0.24,24.0,0.5,2.5,3.0,52.63157894736842,263.1578947368421,315.7894736842105,0.0001552104949951172,2.586841583251953e-05,4.822215771169124e-07,4.822215771169124e-05,2
1609480,1609630,worker,321.858350276947,False,hdf5,h5_tr_210.py,210,stream,M2,512,1,64,/pscratch/sd/s/satt/sprints/data/converted_10M/mc_normalized_rntuple_10M_30.h5,,auto,,5000,,,,,,,false,true,2,19,0,1,5,0,6,25,0.24,24.0,0.5,2.5,3.0,52.63157894736842,263.1578947368421,315.7894736842105,0.00015854835510253906,2.6424725850423176e-05,4.926028949260261e-07,4.926028949260262e-05,2
1609480,1609631,worker,321.8531470298767,False,hdf5,h5_tr_210.py,210,stream,M2,512,1,64,/pscratch/sd/s/satt/sprints/data/converted_10M/mc_normalized_rntuple_10M_30.h5,,auto,,5000,,,,,,,false,true,2,19,0,1,5,0,6,25,0.24,24.0,0.5,2.5,3.0,52.63157894736842,263.1578947368421,315.7894736842105,0.00016546249389648438,2.757708231608073e-05,5.14093136647581e-07,5.1409313664758096e-05,2
1609480,1609632,worker,321.8509871959686,False,hdf5,h5_tr_210.py,210,stream,M2,512,1,64,/pscratch/sd/s/satt/sprints/data/converted_10M/mc_normalized_rntuple_10M_30.h5,,auto,,5000,,,,,,,false,true,2,17,0,1,5,0,6,23,0.2608695652173913,26.08695652173913,0.5,2.5,3.0,58.8235294117647,294.11764705882354,352.94117647058823,0.00015425682067871094,2.570947011311849e-05,4.792802471187917e-07,4.792802471187918e-05,2
1609480,1609633,worker,321.84049248695374,False,hdf5,h5_tr_210.py,210,stream,M2,512,1,64,/pscratch/sd/s/satt/sprints/data/converted_10M/mc_normalized_rntuple_10M_30.h5,,auto,,5000,,,,,,,false,true,2,17,0,1,5,0,6,23,0.2608695652173913,26.08695652173913,0.5,2.5,3.0,58.8235294117647,294.11764705882354,352.94117647058823,0.0001709461212158203,2.849102020263672e-05,5.311516891329324e-07,5.311516891329324e-05,2
1609480,1609634,worker,321.8387596607208,False,hdf5,h5_tr_210.py,210,stream,M2,512,1,64,/pscratch/sd/s/satt/sprints/data/converted_10M/mc_normalized_rntuple_10M_30.h5,,auto,,5000,,,,,,,false,true,2,19,0,1,5,0,6,25,0.24,24.0,0.5,2.5,3.0,52.63157894736842,263.1578947368421,315.7894736842105,0.0001895427703857422,3.159046173095703e-05,5.889370521610146e-07,5.8893705216101465e-05,2
1609480,1609635,worker,321.8236930370331,False,hdf5,h5_tr_210.py,210,stream,M2,512,1,64,/pscratch/sd/s/satt/sprints/data/converted_10M/mc_normalized_rntuple_10M_30.h5,,auto,,5000,,,,,,,false,true,2,17,0,1,5,0,6,23,0.2608695652173913,26.08695652173913,0.5,2.5,3.0,58.8235294117647,294.11764705882354,352.94117647058823,0.0001423358917236328,2.372264862060547e-05,4.422790950548624e-07,4.422790950548624e-05,2
1609480,1609636,worker,321.8223292827606,False,hdf5,h5_tr_210.py,210,stream,M2,512,1,64,/pscratch/sd/s/satt/sprints/data/converted_10M/mc_normalized_rntuple_10M_30.h5,,auto,,5000,,,,,,,false,true,2,17,0,1,5,0,6,23,0.2608695652173913,26.08695652173913,0.5,2.5,3.0,58.8235294117647,294.11764705882354,352.94117647058823,0.00015497207641601562,2.582867940266927e-05,4.815454439143454e-07,4.815454439143455e-05,2
1609480,1609637,worker,321.8122589588165,False,hdf5,h5_tr_210.py,210,stream,M2,512,1,64,/pscratch/sd/s/satt/sprints/data/converted_10M/mc_normalized_rntuple_10M_30.h5,,auto,,5000,,,,,,,false,true,2,19,0,1,5,0,6,25,0.24,24.0,0.5,2.5,3.0,52.63157894736842,263.1578947368421,315.7894736842105,0.0001556873321533203,2.594788869222005e-05,4.837830996775179e-07,4.837830996775178e-05,2
1609480,1609638,worker,321.8233428001404,False,hdf5,h5_tr_210.py,210,stream,M2,512,1,64,/pscratch/sd/s/satt/sprints/data/converted_10M/mc_normalized_rntuple_10M_30.h5,,auto,,5000,,,,,,,false,true,2,17,0,1,5,0,6,23,0.2608695652173913,26.08695652173913,0.5,2.5,3.0,58.8235294117647,294.11764705882354,352.94117647058823,0.00014781951904296875,2.4636586507161457e-05,4.5931882304375924e-07,4.593188230437593e-05,2
1609480,1609639,worker,321.8091802597046,False,hdf5,h5_tr_210.py,210,stream,M2,512,1,64,/pscratch/sd/s/satt/sprints/data/converted_10M/mc_normalized_rntuple_10M_30.h5,,auto,,5000,,,,,,,false,true,2,17,0,1,5,0,6,23,0.2608695652173913,26.08695652173913,0.5,2.5,3.0,58.8235294117647,294.11764705882354,352.94117647058823,0.00018739700317382812,3.123283386230469e-05,5.823233601434119e-07,5.8232336014341196e-05,2
1609480,1609640,worker,321.7980284690857,False,hdf5,h5_tr_210.py,210,stream,M2,512,1,64,/pscratch/sd/s/satt/sprints/data/converted_10M/mc_normalized_rntuple_10M_30.h5,,auto,,5000,,,,,,,false,true,2,19,0,1,5,0,6,25,0.24,24.0,0.5,2.5,3.0,52.63157894736842,263.1578947368421,315.7894736842105,0.00016546249389648438,2.757708231608073e-05,5.141811921087637e-07,5.1418119210876374e-05,2
1609480,1609641,worker,321.79322481155396,False,hdf5,h5_tr_210.py,210,stream,M2,512,1,64,/pscratch/sd/s/satt/sprints/data/converted_10M/mc_normalized_rntuple_10M_30.h5,,auto,,5000,,,,,,,false,true,2,17,0,1,5,0,6,23,0.2608695652173913,26.08695652173913,0.5,2.5,3.0,58.8235294117647,294.11764705882354,352.94117647058823,0.00016880035400390625,2.8133392333984375e-05,5.245615537827367e-07,5.245615537827367e-05,2
1609480,1609642,worker,321.790776014328,False,hdf5,h5_tr_210.py,210,stream,M2,512,1,64,/pscratch/sd/s/satt/sprints/data/converted_10M/mc_normalized_rntuple_10M_30.h5,,auto,,5000,,,,,,,false,true,2,17,0,1,5,0,6,23,0.2608695652173913,26.08695652173913,0.5,2.5,3.0,58.8235294117647,294.11764705882354,352.94117647058823,0.00017070770263671875,2.8451283772786457e-05,5.304928399474006e-07,5.3049283994740064e-05,2
1609480,1609643,worker,321.78014397621155,False,hdf5,h5_tr_210.py,210,stream,M2,512,1,64,/pscratch/sd/s/satt/sprints/data/converted_10M/mc_normalized_rntuple_10M_30.h5,,auto,,5000,,,,,,,false,true,2,19,0,1,5,0,6,25,0.24,24.0,0.5,2.5,3.0,52.63157894736842,263.1578947368421,315.7894736842105,0.0001785755157470703,2.976258595784505e-05,5.549612649818194e-07,5.5496126498181937e-05,2
1609480,1609644,worker,321.78274941444397,False,hdf5,h5_tr_210.py,210,stream,M2,512,1,64,/pscratch/sd/s/satt/sprints/data/converted_10M/mc_normalized_rntuple_10M_30.h5,,auto,,5000,,,,,,,false,true,2,17,0,1,5,0,6,23,0.2608695652173913,26.08695652173913,0.5,2.5,3.0,58.8235294117647,294.11764705882354,352.94117647058823,0.00016736984252929688,2.7894973754882812e-05,5.201330488780517e-07,5.201330488780518e-05,2
1609480,1609645,worker,321.77042627334595,False,hdf5,h5_tr_210.py,210,stream,M2,512,1,64,/pscratch/sd/s/satt/sprints/data/converted_10M/mc_normalized_rntuple_10M_30.h5,,auto,,5000,,,,,,,false,true,2,17,0,1,5,0,6,23,0.2608695652173913,26.08695652173913,0.5,2.5,3.0,58.8235294117647,294.11764705882354,352.94117647058823,0.00016379356384277344,2.7298927307128906e-05,5.090385892196003e-07,5.090385892196003e-05,2
1609480,1609646,worker,321.7663822174072,False,hdf5,h5_tr_210.py,210,stream,M2,512,1,64,/pscratch/sd/s/satt/sprints/data/converted_10M/mc_normalized_rntuple_10M_30.h5,,auto,,5000,,,,,,,false,true,2,19,0,1,5,0,6,25,0.24,24.0,0.5,2.5,3.0,52.63157894736842,263.1578947368421,315.7894736842105,0.00017595291137695312,2.9325485229492188e-05,5.468343528133632e-07,5.4683435281336316e-05,2
1609480,1609647,worker,321.76495480537415,False,hdf5,h5_tr_210.py,210,stream,M2,512,1,64,/pscratch/sd/s/satt/sprints/data/converted_10M/mc_normalized_rntuple_10M_30.h5,,auto,,5000,,,,,,,false,true,2,17,0,1,5,0,6,23,0.2608695652173913,26.08695652173913,0.5,2.5,3.0,58.8235294117647,294.11764705882354,352.94117647058823,0.0001766681671142578,2.944469451904297e-05,5.490596924115587e-07,5.490596924115587e-05,2
1609480,1609648,worker,321.7721230983734,False,hdf5,h5_tr_210.py,210,stream,M2,512,1,64,/pscratch/sd/s/satt/sprints/data/converted_10M/mc_normalized_rntuple_10M_30.h5,,auto,,5000,,,,,,,false,true,2,17,0,1,5,0,6,23,0.2608695652173913,26.08695652173913,0.5,2.5,3.0,58.8235294117647,294.11764705882354,352.94117647058823,0.0001723766326904297,2.872943878173828e-05,5.357102754290808e-07,5.357102754290807e-05,2
1609480,1609649,worker,321.7516839504242,False,hdf5,h5_tr_210.py,210,stream,M2,512,1,64,/pscratch/sd/s/satt/sprints/data/converted_10M/mc_normalized_rntuple_10M_30.h5,,auto,,5000,,,,,,,false,true,2,19,0,1,5,0,6,25,0.24,24.0,0.5,2.5,3.0,52.63157894736842,263.1578947368421,315.7894736842105,0.00018668174743652344,3.1113624572753906e-05,5.802044146108884e-07,5.802044146108884e-05,2
1609480,1609650,worker,321.75017619132996,False,hdf5,h5_tr_210.py,210,stream,M2,512,1,64,/pscratch/sd/s/satt/sprints/data/converted_10M/mc_normalized_rntuple_10M_30.h5,,auto,,5000,,,,,,,false,true,2,17,0,1,5,0,6,23,0.2608695652173913,26.08695652173913,0.5,2.5,3.0,58.8235294117647,294.11764705882354,352.94117647058823,0.00018215179443359375,3.0358632405598957e-05,5.661280332144294e-07,5.6612803321442935e-05,2
1609480,1609651,worker,321.7266116142273,False,hdf5,h5_tr_210.py,210,stream,M2,512,1,64,/pscratch/sd/s/satt/sprints/data/converted_10M/mc_normalized_rntuple_10M_30.h5,,auto,,5000,,,,,,,false,true,2,17,0,1,5,0,6,23,0.2608695652173913,26.08695652173913,0.5,2.5,3.0,58.8235294117647,294.11764705882354,352.94117647058823,0.0001735687255859375,2.8928120930989582e-05,5.394913548340805e-07,5.394913548340805e-05,2
1609480,1609652,worker,321.7294945716858,False,hdf5,h5_tr_210.py,210,stream,M2,512,1,64,/pscratch/sd/s/satt/sprints/data/converted_10M/mc_normalized_rntuple_10M_30.h5,,auto,,5000,,,,,,,false,true,2,19,0,1,5,0,6,25,0.24,24.0,0.5,2.5,3.0,52.63157894736842,263.1578947368421,315.7894736842105,0.0001652240753173828,2.753734588623047e-05,5.135496686038792e-07,5.1354966860387925e-05,2
1609480,1609653,worker,321.72304368019104,False,hdf5,h5_tr_210.py,210,stream,M2,512,1,64,/pscratch/sd/s/satt/sprints/data/converted_10M/mc_normalized_rntuple_10M_30.h5,,auto,,5000,,,,,,,false,true,2,17,0,1,5,0,6,23,0.2608695652173913,26.08695652173913,0.5,2.5,3.0,58.8235294117647,294.11764705882354,352.94117647058823,0.00017380714416503906,2.8967857360839844e-05,5.402384056076882e-07,5.402384056076883e-05,2
1609480,1609654,worker,321.7164852619171,False,hdf5,h5_tr_210.py,210,stream,M2,512,1,64,/pscratch/sd/s/satt/sprints/data/converted_10M/mc_normalized_rntuple_10M_30.h5,,auto,,5000,,,,,,,false,true,2,17,0,1,5,0,6,23,0.2608695652173913,26.08695652173913,0.5,2.5,3.0,58.8235294117647,294.11764705882354,352.94117647058823,0.0001964569091796875,3.2742818196614586e-05,6.106522922496409e-07,6.10652292249641e-05,2
1609480,1609655,worker,321.7107858657837,False,hdf5,h5_tr_210.py,210,stream,M2,512,1,64,/pscratch/sd/s/satt/sprints/data/converted_10M/mc_normalized_rntuple_10M_30.h5,,auto,,5000,,,,,,,false,true,2,19,0,1,5,0,6,25,0.24,24.0,0.5,2.5,3.0,52.63157894736842,263.1578947368421,315.7894736842105,0.00019502639770507812,3.250439961751302e-05,6.062165344572633e-07,6.0621653445726336e-05,2
1609480,1609656,worker,321.69945788383484,False,hdf5,h5_tr_210.py,210,stream,M2,512,1,64,/pscratch/sd/s/satt/sprints/data/converted_10M/mc_normalized_rntuple_10M_30.h5,,auto,,5000,,,,,,,false,true,2,17,0,1,5,0,6,23,0.2608695652173913,26.08695652173913,0.5,2.5,3.0,58.8235294117647,294.11764705882354,352.94117647058823,0.0001780986785888672,2.968311309814453e-05,5.536182117322011e-07,5.536182117322011e-05,2
1609480,1609657,worker,321.70795941352844,False,hdf5,h5_tr_210.py,210,stream,M2,512,1,64,/pscratch/sd/s/satt/sprints/data/converted_10M/mc_normalized_rntuple_10M_30.h5,,auto,,5000,,,,,,,false,true,2,17,0,1,5,0,6,23,0.2608695652173913,26.08695652173913,0.5,2.5,3.0,58.8235294117647,294.11764705882354,352.94117647058823,0.00015544891357421875,2.5908152262369793e-05,4.831988423836362e-07,4.831988423836362e-05,2
1609480,1609658,worker,321.6835083961487,False,hdf5,h5_tr_210.py,210,stream,M2,512,1,64,/pscratch/sd/s/satt/sprints/data/converted_10M/mc_normalized_rntuple_10M_30.h5,,auto,,5000,,,,,,,false,true,2,19,0,1,5,0,6,25,0.24,24.0,0.5,2.5,3.0,52.63157894736842,263.1578947368421,315.7894736842105,0.0001595020294189453,2.658367156982422e-05,4.958352705558061e-07,4.958352705558061e-05,2
1609480,1609659,worker,321.6864333152771,False,hdf5,h5_tr_210.py,210,stream,M2,512,1,64,/pscratch/sd/s/satt/sprints/data/converted_10M/mc_normalized_rntuple_10M_30.h5,,auto,,5000,,,,,,,false,true,2,17,0,1,5,0,6,23,0.2608695652173913,26.08695652173913,0.5,2.5,3.0,58.8235294117647,294.11764705882354,352.94117647058823,0.00015735626220703125,2.6226043701171875e-05,4.891603931982117e-07,4.8916039319821166e-05,2
1609480,1609660,worker,321.6791591644287,False,hdf5,h5_tr_210.py,210,stream,M2,512,1,64,/pscratch/sd/s/satt/sprints/data/converted_10M/mc_normalized_rntuple_10M_30.h5,,auto,,5000,,,,,,,false,true,2,17,0,1,5,0,6,23,0.2608695652173913,26.08695652173913,0.5,2.5,3.0,58.8235294117647,294.11764705882354,352.94117647058823,0.0001614093780517578,2.69015630086263e-05,5.017713254132581e-07,5.017713254132581e-05,2
1609480,1609661,worker,321.67438411712646,False,hdf5,h5_tr_210.py,210,stream,M2,512,1,64,/pscratch/sd/s/satt/sprints/data/converted_10M/mc_normalized_rntuple_10M_30.h5,,auto,,5000,,,,,,,false,true,2,19,0,1,5,0,6,25,0.24,24.0,0.5,2.5,3.0,52.63157894736842,263.1578947368421,315.7894736842105,0.0001735687255859375,2.8928120930989582e-05,5.395789473952595e-07,5.395789473952596e-05,2
1609480,1609662,worker,321.6723110675812,False,hdf5,h5_tr_210.py,210,stream,M2,512,1,64,/pscratch/sd/s/satt/sprints/data/converted_10M/mc_normalized_rntuple_10M_30.h5,,auto,,5000,,,,,,,false,true,2,17,0,1,5,0,6,23,0.2608695652173913,26.08695652173913,0.5,2.5,3.0,58.8235294117647,294.11764705882354,352.94117647058823,0.0001804828643798828,3.0080477396647137e-05,5.610767795987408e-07,5.6107677959874075e-05,2
1609480,1609663,worker,321.66221380233765,False,hdf5,h5_tr_210.py,210,stream,M2,512,1,64,/pscratch/sd/s/satt/sprints/data/converted_10M/mc_normalized_rntuple_10M_30.h5,,auto,,5000,,,,,,,false,true,2,17,0,1,5,0,6,23,0.2608695652173913,26.08695652173913,0.5,2.5,3.0,58.8235294117647,294.11764705882354,352.94117647058823,0.00015997886657714844,2.666314442952474e-05,4.973505115383428e-07,4.9735051153834285e-05,2
1609480,1609664,worker,321.66020941734314,False,hdf5,h5_tr_210.py,210,stream,M2,512,1,64,/pscratch/sd/s/satt/sprints/data/converted_10M/mc_normalized_rntuple_10M_30.h5,,auto,,5000,,,,,,,false,true,2,19,0,1,5,0,6,25,0.24,24.0,0.5,2.5,3.0,52.63157894736842,263.1578947368421,315.7894736842105,0.00017595291137695312,2.9325485229492188e-05,5.470148505333472e-07,5.470148505333472e-05,2
1609480,1609665,worker,321.65021085739136,False,hdf5,h5_tr_210.py,210,stream,M2,512,1,64,/pscratch/sd/s/satt/sprints/data/converted_10M/mc_normalized_rntuple_10M_30.h5,,auto,,5000,,,,,,,false,true,2,17,0,1,5,0,6,23,0.2608695652173913,26.08695652173913,0.5,2.5,3.0,58.8235294117647,294.11764705882354,352.94117647058823,0.00014519691467285156,2.4199485778808594e-05,4.514124653791285e-07,4.5141246537912854e-05,2
1609480,1609666,worker,321.64890122413635,False,hdf5,h5_tr_210.py,210,stream,M2,512,1,64,/pscratch/sd/s/satt/sprints/data/converted_10M/mc_normalized_rntuple_10M_30.h5,,auto,,5000,,,,,,,false,true,2,17,0,1,5,0,6,23,0.2608695652173913,26.08695652173913,0.5,2.5,3.0,58.8235294117647,294.11764705882354,352.94117647058823,0.0002620220184326172,4.3670336405436196e-05,8.146212141108201e-07,8.146212141108201e-05,2
1609480,1609667,worker,321.63193225860596,False,hdf5,h5_tr_210.py,210,stream,M2,512,1,64,/pscratch/sd/s/satt/sprints/data/converted_10M/mc_normalized_rntuple_10M_30.h5,,auto,,5000,,,,,,,false,true,2,19,0,1,5,0,6,25,0.24,24.0,0.5,2.5,3.0,52.63157894736842,263.1578947368421,315.7894736842105,0.0002205371856689453,3.675619761149088e-05,6.856818728173541e-07,6.856818728173542e-05,2
1609480,1609668,worker,321.62110924720764,False,hdf5,h5_tr_210.py,210,stream,M2,512,1,64,/pscratch/sd/s/satt/sprints/data/converted_10M/mc_normalized_rntuple_10M_30.h5,,auto,,5000,,,,,,,false,true,2,17,0,1,5,0,6,23,0.2608695652173913,26.08695652173913,0.5,2.5,3.0,58.8235294117647,294.11764705882354,352.94117647058823,0.0001983642578125,3.3060709635416664e-05,6.167638009731236e-07,6.167638009731236e-05,2
1609480,1609669,worker,321.6296181678772,False,hdf5,h5_tr_210.py,210,stream,M2,512,1,64,/pscratch/sd/s/satt/sprints/data/converted_10M/mc_normalized_rntuple_10M_30.h5,,auto,,5000,,,,,,,false,true,2,17,0,1,5,0,6,23,0.2608695652173913,26.08695652173913,0.5,2.5,3.0,58.8235294117647,294.11764705882354,352.94117647058823,0.00022840499877929688,3.806749979654948e-05,7.101491463391255e-07,7.101491463391255e-05,2
1609480,1609670,worker,321.6189720630646,False,hdf5,h5_tr_210.py,210,stream,M2,512,1,64,/pscratch/sd/s/satt/sprints/data/converted_10M/mc_normalized_rntuple_10M_30.h5,,auto,,5000,,,,,,,false,true,2,19,0,1,5,0,6,25,0.24,24.0,0.5,2.5,3.0,52.63157894736842,263.1578947368421,315.7894736842105,0.00016999244689941406,2.8332074483235676e-05,5.285522984200109e-07,5.285522984200109e-05,2
1609480,1609671,worker,321.61245226860046,False,hdf5,h5_tr_210.py,210,stream,M2,512,1,64,/pscratch/sd/s/satt/sprints/data/converted_10M/mc_normalized_rntuple_10M_30.h5,,auto,,5000,,,,,,,false,true,2,17,0,1,5,0,6,23,0.2608695652173913,26.08695652173913,0.5,2.5,3.0,58.8235294117647,294.11764705882354,352.94117647058823,0.00021123886108398438,3.520647684733073e-05,6.568118230309205e-07,6.568118230309205e-05,2
1609480,1609672,worker,321.6069881916046,False,hdf5,h5_tr_210.py,210,stream,M2,512,1,64,/pscratch/sd/s/satt/sprints/data/converted_10M/mc_normalized_rntuple_10M_30.h5,,auto,,5000,,,,,,,false,true,2,21,0,1,5,0,6,27,0.2222222222222222,22.22222222222222,0.5,2.5,3.0,47.61904761904762,238.0952380952381,285.7142857142857,0.0002009868621826172,3.349781036376953e-05,6.24945568853357e-07,6.24945568853357e-05,2
1609480,1609673,worker,321.5892722606659,False,hdf5,h5_tr_210.py,210,stream,M2,512,1,64,/pscratch/sd/s/satt/sprints/data/converted_10M/mc_normalized_rntuple_10M_30.h5,,auto,,5000,,,,,,,false,true,2,17,0,1,5,0,6,23,0.2608695652173913,26.08695652173913,0.5,2.5,3.0,58.8235294117647,294.11764705882354,352.94117647058823,0.00019502639770507812,3.250439961751302e-05,6.064455954457288e-07,6.064455954457288e-05,2
1609480,1609674,worker,321.59506916999817,False,hdf5,h5_tr_210.py,210,stream,M2,512,1,64,/pscratch/sd/s/satt/sprints/data/converted_10M/mc_normalized_rntuple_10M_30.h5,,auto,,5000,,,,,,,false,true,2,17,0,1,5,0,6,23,0.2608695652173913,26.08695652173913,0.5,2.5,3.0,58.8235294117647,294.11764705882354,352.94117647058823,0.0002989768981933594,4.982948303222656e-05,9.296687880351716e-07,9.296687880351716e-05,2
1609480,1609675,worker,321.59522771835327,False,hdf5,h5_tr_210.py,210,stream,M2,512,1,64,/pscratch/sd/s/satt/sprints/data/converted_10M/mc_normalized_rntuple_10M_30.h5,,auto,,5000,,,,,,,false,true,2,19,0,1,5,0,6,25,0.24,24.0,0.5,2.5,3.0,52.63157894736842,263.1578947368421,315.7894736842105,0.0001747608184814453,2.9126803080240887e-05,5.434185691166331e-07,5.434185691166331e-05,2
1609480,1609676,worker,321.57664155960083,False,hdf5,h5_tr_210.py,210,stream,M2,512,1,64,/pscratch/sd/s/satt/sprints/data/converted_10M/mc_normalized_rntuple_10M_30.h5,,auto,,5000,,,,,,,false,true,2,17,0,1,5,0,6,23,0.2608695652173913,26.08695652173913,0.5,2.5,3.0,58.8235294117647,294.11764705882354,352.94117647058823,0.0001819133758544922,3.03188959757487e-05,5.656921316555775e-07,5.6569213165557756e-05,2
1609480,1609677,worker,321.58060026168823,False,hdf5,h5_tr_210.py,210,stream,M2,512,1,64,/pscratch/sd/s/satt/sprints/data/converted_10M/mc_normalized_rntuple_10M_30.h5,,auto,,5000,,,,,,,false,true,2,17,0,1,5,0,6,23,0.2608695652173913,26.08695652173913,0.5,2.5,3.0,58.8235294117647,294.11764705882354,352.94117647058823,0.00020837783813476562,3.47296396891276e-05,6.479801268024155e-07,6.479801268024155e-05,2
1609480,1609678,worker,321.5750014781952,False,hdf5,h5_tr_210.py,210,stream,M2,512,1,64,/pscratch/sd/s/satt/sprints/data/converted_10M/mc_normalized_rntuple_10M_30.h5,,auto,,5000,,,,,,,false,true,2,19,0,1,5,0,6,25,0.24,24.0,0.5,2.5,3.0,52.63157894736842,263.1578947368421,315.7894736842105,0.0002694129943847656,4.490216573079427e-05,8.377920956117403e-07,8.377920956117402e-05,2
1609480,1609679,worker,321.5615200996399,False,hdf5,h5_tr_210.py,210,stream,M2,512,1,64,/pscratch/sd/s/satt/sprints/data/converted_10M/mc_normalized_rntuple_10M_30.h5,,auto,,5000,,,,,,,false,true,2,17,0,1,5,0,6,23,0.2608695652173913,26.08695652173913,0.5,2.5,3.0,58.8235294117647,294.11764705882354,352.94117647058823,0.0002543926239013672,4.239877065022787e-05,7.911164987108546e-07,7.911164987108545e-05,2
1609480,1609680,worker,321.5710458755493,False,hdf5,h5_tr_210.py,210,stream,M2,512,1,64,/pscratch/sd/s/satt/sprints/data/converted_10M/mc_normalized_rntuple_10M_30.h5,,auto,,5000,,,,,,,false,true,2,17,0,1,5,0,6,23,0.2608695652173913,26.08695652173913,0.5,2.5,3.0,58.8235294117647,294.11764705882354,352.94117647058823,0.00018548965454101562,3.09149424235026e-05,5.768232461227299e-07,5.768232461227298e-05,2
1609480,1609681,worker,321.55848503112793,False,hdf5,h5_tr_210.py,210,stream,M2,512,1,64,/pscratch/sd/s/satt/sprints/data/converted_10M/mc_normalized_rntuple_10M_30.h5,,auto,,5000,,,,,,,false,true,2,19,0,1,5,0,6,25,0.24,24.0,0.5,2.5,3.0,52.63157894736842,263.1578947368421,315.7894736842105,0.00027370452880859375,4.561742146809896e-05,8.511811740315241e-07,8.511811740315242e-05,2
1609480,1609682,worker,321.55149102211,False,hdf5,h5_tr_210.py,210,stream,M2,512,1,64,/pscratch/sd/s/satt/sprints/data/converted_10M/mc_normalized_rntuple_10M_30.h5,,auto,,5000,,,,,,,false,true,2,17,0,1,5,0,6,23,0.2608695652173913,26.08695652173913,0.5,2.5,3.0,58.8235294117647,294.11764705882354,352.94117647058823,0.0002384185791015625,3.9736429850260414e-05,7.414631427884399e-07,7.414631427884399e-05,2
1609480,1609683,worker,321.5428261756897,False,hdf5,h5_tr_210.py,210,stream,M2,512,1,64,/pscratch/sd/s/satt/sprints/data/converted_10M/mc_normalized_rntuple_10M_30.h5,,auto,,5000,,,,,,,false,true,2,17,0,1,5,0,6,23,0.2608695652173913,26.08695652173913,0.5,2.5,3.0,58.8235294117647,294.11764705882354,352.94117647058823,0.00024127960205078125,4.021326700846354e-05,7.503809210128266e-07,7.503809210128266e-05,2
1609480,1609684,worker,321.536568403244,False,hdf5,h5_tr_210.py,210,stream,M2,512,1,64,/pscratch/sd/s/satt/sprints/data/converted_10M/mc_normalized_rntuple_10M_30.h5,,auto,,5000,,,,,,,false,true,2,19,0,1,5,0,6,25,0.24,24.0,0.5,2.5,3.0,52.63157894736842,263.1578947368421,315.7894736842105,0.00028586387634277344,4.764397939046224e-05,8.890555676524703e-07,8.890555676524703e-05,2
1609480,1609685,worker,321.5297269821167,False,hdf5,h5_tr_210.py,210,stream,M2,512,1,64,/pscratch/sd/s/satt/sprints/data/converted_10M/mc_normalized_rntuple_10M_30.h5,,auto,,5000,,,,,,,false,true,2,17,0,1,5,0,6,23,0.2608695652173913,26.08695652173913,0.5,2.5,3.0,58.8235294117647,294.11764705882354,352.94117647058823,0.0002460479736328125,4.100799560546875e-05,7.6524175833514e-07,7.6524175833514e-05,2
1609480,1609686,worker,321.5247712135315,False,hdf5,h5_tr_210.py,210,stream,M2,512,1,64,/pscratch/sd/s/satt/sprints/data/converted_10M/mc_normalized_rntuple_10M_30.h5,,auto,,5000,,,,,,,false,true,2,17,0,1,5,0,6,23,0.2608695652173913,26.08695652173913,0.5,2.5,3.0,58.8235294117647,294.11764705882354,352.94117647058823,0.0003192424774169922,5.3207079569498696e-05,9.92901654861847e-07,9.929016548618471e-05,2
1609480,1609687,worker,321.5180311203003,False,hdf5,h5_tr_210.py,210,stream,M2,512,1,64,/pscratch/sd/s/satt/sprints/data/converted_10M/mc_normalized_rntuple_10M_30.h5,,auto,,5000,,,,,,,false,true,2,19,0,1,5,0,6,25,0.24,24.0,0.5,2.5,3.0,52.63157894736842,263.1578947368421,315.7894736842105,0.0002586841583251953,4.3114026387532554e-05,8.045712317403597e-07,8.045712317403597e-05,2
1609480,1609688,worker,321.4952929019928,False,hdf5,h5_tr_210.py,210,stream,M2,512,1,64,/pscratch/sd/s/satt/sprints/data/converted_10M/mc_normalized_rntuple_10M_30.h5,,auto,,5000,,,,,,,false,true,2,17,0,1,5,0,6,23,0.2608695652173913,26.08695652173913,0.5,2.5,3.0,58.8235294117647,294.11764705882354,352.94117647058823,0.00023746490478515625,3.9577484130859375e-05,7.386263812501508e-07,7.386263812501509e-05,2
1609480,1609689,worker,321.509348154068,False,hdf5,h5_tr_210.py,210,stream,M2,512,1,64,/pscratch/sd/s/satt/sprints/data/converted_10M/mc_normalized_rntuple_10M_30.h5,,auto,,5000,,,,,,,false,true,2,17,0,1,5,0,6,23,0.2608695652173913,26.08695652173913,0.5,2.5,3.0,58.8235294117647,294.11764705882354,352.94117647058823,0.00023746490478515625,3.9577484130859375e-05,7.385940911160149e-07,7.385940911160149e-05,2
1609480,1609690,worker,321.50592160224915,False,hdf5,h5_tr_210.py,210,stream,M2,512,1,64,/pscratch/sd/s/satt/sprints/data/converted_10M/mc_normalized_rntuple_10M_30.h5,,auto,,5000,,,,,,,false,true,2,19,0,1,5,0,6,25,0.24,24.0,0.5,2.5,3.0,52.63157894736842,263.1578947368421,315.7894736842105,0.00030922889709472656,5.153814951578776e-05,9.618140019121915e-07,9.618140019121916e-05,2
1609480,1609691,worker,321.4969458580017,False,hdf5,h5_tr_210.py,210,stream,M2,512,1,64,/pscratch/sd/s/satt/sprints/data/converted_10M/mc_normalized_rntuple_10M_30.h5,,auto,,5000,,,,,,,false,true,2,17,0,1,5,0,6,23,0.2608695652173913,26.08695652173913,0.5,2.5,3.0,58.8235294117647,294.11764705882354,352.94117647058823,0.0005083084106445312,8.47180684407552e-05,1.5810676188166347e-06,0.00015810676188166345,2
1609480,1609692,worker,321.4914183616638,False,hdf5,h5_tr_210.py,210,stream,M2,512,1,64,/pscratch/sd/s/satt/sprints/data/converted_10M/mc_normalized_rntuple_10M_30.h5,,auto,,5000,,,,,,,false,true,2,17,0,1,5,0,6,23,0.2608695652173913,26.08695652173913,0.5,2.5,3.0,58.8235294117647,294.11764705882354,352.94117647058823,0.00038123130798339844,6.35385513305664e-05,1.1858211019322757e-06,0.00011858211019322757,2
1609480,1609693,worker,321.47480940818787,False,hdf5,h5_tr_210.py,210,stream,M2,512,1,64,/pscratch/sd/s/satt/sprints/data/converted_10M/mc_normalized_rntuple_10M_30.h5,,auto,,5000,,,,,,,false,true,2,19,0,1,5,0,6,25,0.24,24.0,0.5,2.5,3.0,52.63157894736842,263.1578947368421,315.7894736842105,0.00039696693420410156,6.61611557006836e-05,1.2348306075206618e-06,0.00012348306075206616,2
1609480,1609694,worker,321.4677097797394,False,hdf5,h5_tr_210.py,210,stream,M2,512,1,64,/pscratch/sd/s/satt/sprints/data/converted_10M/mc_normalized_rntuple_10M_30.h5,,auto,,5000,,,,,,,false,true,2,17,0,1,5,0,6,23,0.2608695652173913,26.08695652173913,0.5,2.5,3.0,58.8235294117647,294.11764705882354,352.94117647058823,0.0003647804260253906,6.079673767089844e-05,1.1347342670134052e-06,0.00011347342670134051,2
1609480,1609695,worker,321.46777725219727,False,hdf5,h5_tr_210.py,210,stream,M2,512,1,64,/pscratch/sd/s/satt/sprints/data/converted_10M/mc_normalized_rntuple_10M_30.h5,,auto,,5000,,,,,,,false,true,2,17,0,1,5,0,6,23,0.2608695652173913,26.08695652173913,0.5,2.5,3.0,58.8235294117647,294.11764705882354,352.94117647058823,0.0003139972686767578,5.233287811279297e-05,9.767612522807264e-07,9.767612522807264e-05,2
1609480,1609696,worker,321.44465160369873,False,hdf5,h5_tr_210.py,210,stream,M2,512,1,64,/pscratch/sd/s/satt/sprints/data/converted_10M/mc_normalized_rntuple_10M_30.h5,,auto,,5000,,,,,,,false,true,2,19,0,1,5,0,6,25,0.24,24.0,0.5,2.5,3.0,52.63157894736842,263.1578947368421,315.7894736842105,0.000774383544921875,0.00012906392415364584,2.409072731676972e-06,0.00024090727316769718,2
1609480,1609697,worker,321.4585907459259,False,hdf5,h5_tr_210.py,210,stream,M2,512,1,64,/pscratch/sd/s/satt/sprints/data/converted_10M/mc_normalized_rntuple_10M_30.h5,,auto,,5000,,,,,,,false,true,2,17,0,1,5,0,6,23,0.2608695652173913,26.08695652173913,0.5,2.5,3.0,58.8235294117647,294.11764705882354,352.94117647058823,0.0005936622619628906,9.894371032714844e-05,1.8467767826186632e-06,0.00018467767826186633,2
1609480,1609698,worker,321.43877053260803,False,hdf5,h5_tr_210.py,210,stream,M2,512,1,64,/pscratch/sd/s/satt/sprints/data/converted_10M/mc_normalized_rntuple_10M_30.h5,,auto,,5000,,,,,,,false,true,2,17,0,1,5,0,6,23,0.2608695652173913,26.08695652173913,0.5,2.5,3.0,58.8235294117647,294.11764705882354,352.94117647058823,0.0008089542388916016,0.0001348257064819336,2.516666665788961e-06,0.0002516666665788961,2
1609480,1609699,worker,321.44993138313293,False,hdf5,h5_tr_210.py,210,stream,M2,512,1,64,/pscratch/sd/s/satt/sprints/data/converted_10M/mc_normalized_rntuple_10M_30.h5,,auto,,5000,,,,,,,false,true,2,19,0,1,5,0,6,25,0.24,24.0,0.5,2.5,3.0,52.63157894736842,263.1578947368421,315.7894736842105,0.0006797313690185547,0.00011328856150309245,2.1145792941806223e-06,0.00021145792941806222,2
1609480,1609700,worker,321.43995332717896,False,hdf5,h5_tr_210.py,210,stream,M2,512,1,64,/pscratch/sd/s/satt/sprints/data/converted_10M/mc_normalized_rntuple_10M_30.h5,,auto,,5000,,,,,,,false,true,2,17,0,1,5,0,6,23,0.2608695652173913,26.08695652173913,0.5,2.5,3.0,58.8235294117647,294.11764705882354,352.94117647058823,0.0007300376892089844,0.00012167294820149739,2.271147944281564e-06,0.0002271147944281564,2
1609480,1609701,worker,321.4330711364746,False,hdf5,h5_tr_210.py,210,stream,M2,512,1,64,/pscratch/sd/s/satt/sprints/data/converted_10M/mc_normalized_rntuple_10M_30.h5,,auto,,5000,,,,,,,false,true,2,17,0,1,5,0,6,23,0.2608695652173913,26.08695652173913,0.5,2.5,3.0,58.8235294117647,294.11764705882354,352.94117647058823,0.0008080005645751953,0.00013466676076253256,2.513744344097478e-06,0.00025137443440974777,2
1609480,1609702,worker,321.4070861339569,False,hdf5,h5_tr_210.py,210,stream,M2,512,1,64,/pscratch/sd/s/satt/sprints/data/converted_10M/mc_normalized_rntuple_10M_30.h5,,auto,,5000,,,,,,,false,true,2,19,0,1,5,0,6,25,0.24,24.0,0.5,2.5,3.0,52.63157894736842,263.1578947368421,315.7894736842105,0.0005457401275634766,9.09566879272461e-05,1.6979716723981049e-06,0.0001697971672398105,2
1609480,1609703,worker,321.4109206199646,False,hdf5,h5_tr_210.py,210,stream,M2,512,1,64,/pscratch/sd/s/satt/sprints/data/converted_10M/mc_normalized_rntuple_10M_30.h5,,auto,,5000,,,,,,,false,true,2,17,0,1,5,0,6,23,0.2608695652173913,26.08695652173913,0.5,2.5,3.0,58.8235294117647,294.11764705882354,352.94117647058823,0.000614166259765625,0.00010236104329427083,1.9108444062229407e-06,0.00019108444062229408,2
1609480,1609704,worker,321.4138882160187,False,hdf5,h5_tr_210.py,210,stream,M2,512,1,64,/pscratch/sd/s/satt/sprints/data/converted_10M/mc_normalized_rntuple_10M_30.h5,,auto,,5000,,,,,,,false,true,2,17,0,1,5,0,6,23,0.2608695652173913,26.08695652173913,0.5,2.5,3.0,58.8235294117647,294.11764705882354,352.94117647058823,0.00046443939208984375,7.74065653483073e-05,1.4449885618436601e-06,0.000144498856184366,2
1609480,1609705,worker,321.41170024871826,False,hdf5,h5_tr_210.py,210,stream,M2,512,1,64,/pscratch/sd/s/satt/sprints/data/converted_10M/mc_normalized_rntuple_10M_30.h5,,auto,,5000,,,,,,,false,true,2,19,0,1,5,0,6,25,0.24,24.0,0.5,2.5,3.0,52.63157894736842,263.1578947368421,315.7894736842105,0.0008075237274169922,0.00013458728790283203,2.5124279134583636e-06,0.00025124279134583634,2
1609480,1609706,worker,321.385719537735,False,hdf5,h5_tr_210.py,210,stream,M2,512,1,64,/pscratch/sd/s/satt/sprints/data/converted_10M/mc_normalized_rntuple_10M_30.h5,,auto,,5000,,,,,,,false,true,2,17,0,1,5,0,6,23,0.2608695652173913,26.08695652173913,0.5,2.5,3.0,58.8235294117647,294.11764705882354,352.94117647058823,0.0006549358367919922,0.00010915597279866536,2.0378498389225844e-06,0.00020378498389225845,2
1609480,1609707,worker,321.39475893974304,False,hdf5,h5_tr_210.py,210,stream,M2,512,1,64,/pscratch/sd/s/satt/sprints/data/converted_10M/mc_normalized_rntuple_10M_30.h5,,auto,,5000,,,,,,,false,true,2,17,0,1,5,0,6,23,0.2608695652173913,26.08695652173913,0.5,2.5,3.0,58.8235294117647,294.11764705882354,352.94117647058823,0.0007443428039550781,0.00012405713399251303,2.3159767956721157e-06,0.00023159767956721156,2
1609480,1609708,worker,321.3920147418976,False,hdf5,h5_tr_210.py,210,stream,M2,512,1,64,/pscratch/sd/s/satt/sprints/data/converted_10M/mc_normalized_rntuple_10M_30.h5,,auto,,5000,,,,,,,false,true,2,19,0,1,5,0,6,25,0.24,24.0,0.5,2.5,3.0,52.63157894736842,263.1578947368421,315.7894736842105,0.0007634162902832031,0.00012723604838053385,2.3753430554156267e-06,0.00023753430554156267,2
1609480,1609709,worker,321.38155794143677,False,hdf5,h5_tr_210.py,210,stream,M2,512,1,64,/pscratch/sd/s/satt/sprints/data/converted_10M/mc_normalized_rntuple_10M_30.h5,,auto,,5000,,,,,,,false,true,2,17,0,1,5,0,6,23,0.2608695652173913,26.08695652173913,0.5,2.5,3.0,58.8235294117647,294.11764705882354,352.94117647058823,0.0010280609130859375,0.0001713434855143229,3.1988796111109594e-06,0.0003198879611110959,2
1609480,1609710,worker,321.3803005218506,False,hdf5,h5_tr_210.py,210,stream,M2,512,1,64,/pscratch/sd/s/satt/sprints/data/converted_10M/mc_normalized_rntuple_10M_30.h5,,auto,,5000,,,,,,,false,true,2,17,0,1,5,0,6,23,0.2608695652173913,26.08695652173913,0.5,2.5,3.0,58.8235294117647,294.11764705882354,352.94117647058823,0.0010404586791992188,0.00017340977986653647,3.237468748114753e-06,0.0003237468748114753,2
1609480,1609711,worker,321.3728668689728,False,hdf5,h5_tr_210.py,210,stream,M2,512,1,64,/pscratch/sd/s/satt/sprints/data/converted_10M/mc_normalized_rntuple_10M_30.h5,,auto,,5000,,,,,,,false,true,2,19,0,1,5,0,6,25,0.24,24.0,0.5,2.5,3.0,52.63157894736842,263.1578947368421,315.7894736842105,0.000949859619140625,0.0001583099365234375,2.9556310350490578e-06,0.00029556310350490575,2
1609480,1609712,worker,321.3470859527588,False,hdf5,h5_tr_210.py,210,stream,M2,512,1,64,/pscratch/sd/s/satt/sprints/data/converted_10M/mc_normalized_rntuple_10M_30.h5,,auto,,5000,,,,,,,false,true,2,17,0,1,5,0,6,23,0.2608695652173913,26.08695652173913,0.5,2.5,3.0,58.8235294117647,294.11764705882354,352.94117647058823,0.0010023117065429688,0.00016705195109049478,3.119093809645806e-06,0.0003119093809645806,2
1609480,1609713,worker,321.3565547466278,False,hdf5,h5_tr_210.py,210,stream,M2,512,1,64,/pscratch/sd/s/satt/sprints/data/converted_10M/mc_normalized_rntuple_10M_30.h5,,auto,,5000,,,,,,,false,true,2,17,0,1,5,0,6,23,0.2608695652173913,26.08695652173913,0.5,2.5,3.0,58.8235294117647,294.11764705882354,352.94117647058823,0.0009605884552001953,0.00016009807586669922,2.9891671447547325e-06,0.00029891671447547323,2
1609480,1609714,worker,321.3492410182953,False,hdf5,h5_tr_210.py,210,stream,M2,512,1,64,/pscratch/sd/s/satt/sprints/data/converted_10M/mc_normalized_rntuple_10M_30.h5,,auto,,5000,,,,,,,false,true,2,19,0,1,5,0,6,25,0.24,24.0,0.5,2.5,3.0,52.63157894736842,263.1578947368421,315.7894736842105,0.0008344650268554688,0.00013907750447591147,2.596754310703228e-06,0.0002596754310703228,2
1609480,1609715,worker,321.3443615436554,False,hdf5,h5_tr_210.py,210,stream,M2,512,1,64,/pscratch/sd/s/satt/sprints/data/converted_10M/mc_normalized_rntuple_10M_30.h5,,auto,,5000,,,,,,,false,true,2,19,0,1,5,0,6,25,0.24,24.0,0.5,2.5,3.0,52.63157894736842,263.1578947368421,315.7894736842105,0.0005118846893310547,8.531411488850911e-05,1.5929474750143201e-06,0.00015929474750143202,2
1609480,1609716,worker,321.34044551849365,False,hdf5,h5_tr_210.py,210,stream,M2,512,1,64,/pscratch/sd/s/satt/sprints/data/converted_10M/mc_normalized_rntuple_10M_30.h5,,auto,,5000,,,,,,,false,true,2,19,0,1,5,0,6,25,0.24,24.0,0.5,2.5,3.0,52.63157894736842,263.1578947368421,315.7894736842105,0.0007026195526123047,0.00011710325876871745,2.186526976019481e-06,0.00021865269760194808,2
1609480,1609717,worker,321.33602571487427,False,hdf5,h5_tr_210.py,210,stream,M2,512,1,64,/pscratch/sd/s/satt/sprints/data/converted_10M/mc_normalized_rntuple_10M_30.h5,,auto,,5000,,,,,,,false,true,2,17,0,1,5,0,6,23,0.2608695652173913,26.08695652173913,0.5,2.5,3.0,58.8235294117647,294.11764705882354,352.94117647058823,0.00045228004455566406,7.538000742594401e-05,1.4074987189795463e-06,0.00014074987189795462,2
1609480,1609718,worker,321.3196129798889,False,hdf5,h5_tr_210.py,210,stream,M2,512,1,64,/pscratch/sd/s/satt/sprints/data/converted_10M/mc_normalized_rntuple_10M_30.h5,,auto,,5000,,,,,,,false,true,2,17,0,1,5,0,6,23,0.2608695652173913,26.08695652173913,0.5,2.5,3.0,58.8235294117647,294.11764705882354,352.94117647058823,0.0004897117614746094,8.161862691243489e-05,1.5240643324976864e-06,0.00015240643324976867,2
1609480,1609719,worker,321.319198846817,False,hdf5,h5_tr_210.py,210,stream,M2,512,1,64,/pscratch/sd/s/satt/sprints/data/converted_10M/mc_normalized_rntuple_10M_30.h5,,auto,,5000,,,,,,,false,true,2,19,0,1,5,0,6,25,0.24,24.0,0.5,2.5,3.0,52.63157894736842,263.1578947368421,315.7894736842105,0.0005762577056884766,9.604295094807942e-05,1.7934119957867715e-06,0.00017934119957867714,2
1609480,1609720,worker,321.2903175354004,False,hdf5,h5_tr_210.py,210,stream,M2,512,1,64,/pscratch/sd/s/satt/sprints/data/converted_10M/mc_normalized_rntuple_10M_30.h5,,auto,,5000,,,,,,,false,true,2,17,0,1,5,0,6,23,0.2608695652173913,26.08695652173913,0.5,2.5,3.0,58.8235294117647,294.11764705882354,352.94117647058823,0.00031876564025878906,5.312760670979818e-05,9.921420685939807e-07,9.921420685939808e-05,2
1609480,1609721,worker,321.3132498264313,False,hdf5,h5_tr_210.py,210,stream,M2,512,1,64,/pscratch/sd/s/satt/sprints/data/converted_10M/mc_normalized_rntuple_10M_30.h5,,auto,,5000,,,,,,,false,true,2,17,0,1,5,0,6,23,0.2608695652173913,26.08695652173913,0.5,2.5,3.0,58.8235294117647,294.11764705882354,352.94117647058823,0.00042557716369628906,7.092952728271484e-05,1.3244930419961817e-06,0.00013244930419961816,2
1609480,1609722,worker,321.29816198349,False,hdf5,h5_tr_210.py,210,stream,M2,512,1,64,/pscratch/sd/s/satt/sprints/data/converted_10M/mc_normalized_rntuple_10M_30.h5,,auto,,5000,,,,,,,false,true,2,19,0,1,5,0,6,25,0.24,24.0,0.5,2.5,3.0,52.63157894736842,263.1578947368421,315.7894736842105,0.0003676414489746094,6.127357482910156e-05,1.1442376349277117e-06,0.00011442376349277116,2
1609480,1609723,worker,321.29307103157043,False,hdf5,h5_tr_210.py,210,stream,M2,512,1,64,/pscratch/sd/s/satt/sprints/data/converted_10M/mc_normalized_rntuple_10M_30.h5,,auto,,5000,,,,,,,false,true,2,17,0,1,5,0,6,23,0.2608695652173913,26.08695652173913,0.5,2.5,3.0,58.8235294117647,294.11764705882354,352.94117647058823,0.00038552284240722656,6.42538070678711e-05,1.1999102289054496e-06,0.00011999102289054497,2
1609480,1609724,worker,321.2860817909241,False,hdf5,h5_tr_210.py,210,stream,M2,512,1,64,/pscratch/sd/s/satt/sprints/data/converted_10M/mc_normalized_rntuple_10M_30.h5,,auto,,5000,,,,,,,false,true,2,17,0,1,5,0,6,23,0.2608695652173913,26.08695652173913,0.5,2.5,3.0,58.8235294117647,294.11764705882354,352.94117647058823,0.0003325939178466797,5.543231964111328e-05,1.0351955366156015e-06,0.00010351955366156016,2
1609480,1609725,worker,321.27986669540405,False,hdf5,h5_tr_210.py,210,stream,M2,512,1,64,/pscratch/sd/s/satt/sprints/data/converted_10M/mc_normalized_rntuple_10M_30.h5,,auto,,5000,,,,,,,false,true,2,19,0,1,5,0,6,25,0.24,24.0,0.5,2.5,3.0,52.63157894736842,263.1578947368421,315.7894736842105,0.0003902912139892578,6.50485356648763e-05,1.2148013443969751e-06,0.00012148013443969752,2
1609480,1609726,worker,321.27285838127136,False,hdf5,h5_tr_210.py,210,stream,M2,512,1,64,/pscratch/sd/s/satt/sprints/data/converted_10M/mc_normalized_rntuple_10M_30.h5,,auto,,5000,,,,,,,false,true,2,17,0,1,5,0,6,23,0.2608695652173913,26.08695652173913,0.5,2.5,3.0,58.8235294117647,294.11764705882354,352.94117647058823,0.0005197525024414062,8.66254170735677e-05,1.6177915092490904e-06,0.00016177915092490904,2
1609480,1609727,worker,321.2709491252899,False,hdf5,h5_tr_210.py,210,stream,M2,512,1,64,/pscratch/sd/s/satt/sprints/data/converted_10M/mc_normalized_rntuple_10M_30.h5,,auto,,5000,,,,,,,false,true,2,17,0,1,5,0,6,23,0.2608695652173913,26.08695652173913,0.5,2.5,3.0,58.8235294117647,294.11764705882354,352.94117647058823,0.0006356239318847656,0.00010593732198079427,1.978466878550179e-06,0.00019784668785501787,2
1609480,1609728,worker,321.23886489868164,False,hdf5,h5_tr_210.py,210,stream,M2,512,1,64,/pscratch/sd/s/satt/sprints/data/converted_10M/mc_normalized_rntuple_10M_30.h5,,auto,,5000,,,,,,,false,true,2,19,0,1,5,0,6,25,0.24,24.0,0.5,2.5,3.0,52.63157894736842,263.1578947368421,315.7894736842105,0.0005464553833007812,9.107589721679688e-05,1.7010873932490474e-06,0.00017010873932490474,2
1609480,1609729,worker,321.2574472427368,False,hdf5,h5_tr_210.py,210,stream,M2,512,1,64,/pscratch/sd/s/satt/sprints/data/converted_10M/mc_normalized_rntuple_10M_30.h5,,auto,,5000,,,,,,,false,true,2,17,0,1,5,0,6,23,0.2608695652173913,26.08695652173913,0.5,2.5,3.0,58.8235294117647,294.11764705882354,352.94117647058823,0.0003998279571533203,6.663799285888672e-05,1.24457179307416e-06,0.000124457179307416,2
1609480,1609730,worker,321.2319984436035,False,hdf5,h5_tr_210.py,210,stream,M2,512,1,64,/pscratch/sd/s/satt/sprints/data/converted_10M/mc_normalized_rntuple_10M_30.h5,,auto,,5000,,,,,,,false,true,2,17,0,1,5,0,6,23,0.2608695652173913,26.08695652173913,0.5,2.5,3.0,58.8235294117647,294.11764705882354,352.94117647058823,0.00031304359436035156,5.217393239339193e-05,9.745093760181878e-07,9.745093760181879e-05,2
1609480,1609731,worker,321.2242124080658,False,hdf5,h5_tr_210.py,210,stream,M2,512,1,64,/pscratch/sd/s/satt/sprints/data/converted_10M/mc_normalized_rntuple_10M_30.h5,,auto,,5000,,,,,,,false,true,2,19,0,1,5,0,6,25,0.24,24.0,0.5,2.5,3.0,52.63157894736842,263.1578947368421,315.7894736842105,0.0005540847778320312,9.23474629720052e-05,1.724915982136963e-06,0.0001724915982136963,2
1609480,1609732,worker,321.2128052711487,False,hdf5,h5_tr_210.py,210,stream,M2,512,1,64,/pscratch/sd/s/satt/sprints/data/converted_10M/mc_normalized_rntuple_10M_30.h5,,auto,,5000,,,,,,,false,true,2,17,0,1,5,0,6,23,0.2608695652173913,26.08695652173913,0.5,2.5,3.0,58.8235294117647,294.11764705882354,352.94117647058823,0.00030994415283203125,5.165735880533854e-05,9.649184208904588e-07,9.649184208904588e-05,2
1609480,1609733,worker,321.2345049381256,False,hdf5,h5_tr_210.py,210,stream,M2,512,1,64,/pscratch/sd/s/satt/sprints/data/converted_10M/mc_normalized_rntuple_10M_30.h5,,auto,,5000,,,,,,,false,true,2,17,0,1,5,0,6,23,0.2608695652173913,26.08695652173913,0.5,2.5,3.0,58.8235294117647,294.11764705882354,352.94117647058823,0.0004169940948486328,6.949901580810547e-05,1.298098704959954e-06,0.0001298098704959954,2
1609480,1609734,worker,321.22351002693176,False,hdf5,h5_tr_210.py,210,stream,M2,512,1,64,/pscratch/sd/s/satt/sprints/data/converted_10M/mc_normalized_rntuple_10M_30.h5,,auto,,5000,,,,,,,false,true,2,19,0,1,5,0,6,25,0.24,24.0,0.5,2.5,3.0,52.63157894736842,263.1578947368421,315.7894736842105,0.00039196014404296875,6.532669067382812e-05,1.2202100151701422e-06,0.00012202100151701423,2
1609480,1609735,worker,321.21824741363525,False,hdf5,h5_tr_210.py,210,stream,M2,512,1,64,/pscratch/sd/s/satt/sprints/data/converted_10M/mc_normalized_rntuple_10M_30.h5,,auto,,5000,,,,,,,false,true,2,17,0,1,5,0,6,23,0.2608695652173913,26.08695652173913,0.5,2.5,3.0,58.8235294117647,294.11764705882354,352.94117647058823,0.0003018379211425781,5.030632019042969e-05,9.396661726813392e-07,9.396661726813392e-05,2
1609480,1609736,worker,321.21539974212646,False,hdf5,h5_tr_210.py,210,stream,M2,512,1,64,/pscratch/sd/s/satt/sprints/data/converted_10M/mc_normalized_rntuple_10M_30.h5,,auto,,5000,,,,,,,false,true,2,17,0,1,5,0,6,23,0.2608695652173913,26.08695652173913,0.5,2.5,3.0,58.8235294117647,294.11764705882354,352.94117647058823,0.0002460479736328125,4.100799560546875e-05,7.659905902093772e-07,7.659905902093773e-05,2
1609480,1609737,worker,321.1953010559082,False,hdf5,h5_tr_210.py,210,stream,M2,512,1,64,/pscratch/sd/s/satt/sprints/data/converted_10M/mc_normalized_rntuple_10M_30.h5,,auto,,5000,,,,,,,false,true,2,19,0,1,5,0,6,25,0.24,24.0,0.5,2.5,3.0,52.63157894736842,263.1578947368421,315.7894736842105,0.0002868175506591797,4.780292510986328e-05,8.929693233876275e-07,8.929693233876276e-05,2
1609480,1609738,worker,321.19742345809937,False,hdf5,h5_tr_210.py,210,stream,M2,512,1,64,/pscratch/sd/s/satt/sprints/data/converted_10M/mc_normalized_rntuple_10M_30.h5,,auto,,5000,,,,,,,false,true,2,17,0,1,5,0,6,23,0.2608695652173913,26.08695652173913,0.5,2.5,3.0,58.8235294117647,294.11764705882354,352.94117647058823,0.00023221969604492188,3.870328267415365e-05,7.229811918936991e-07,7.229811918936991e-05,2
1609480,1609739,worker,321.1912806034088,False,hdf5,h5_tr_210.py,210,stream,M2,512,1,64,/pscratch/sd/s/satt/sprints/data/converted_10M/mc_normalized_rntuple_10M_30.h5,,auto,,5000,,,,,,,false,true,2,17,0,1,5,0,6,23,0.2608695652173913,26.08695652173913,0.5,2.5,3.0,58.8235294117647,294.11764705882354,352.94117647058823,0.0002243518829345703,3.7391980489095054e-05,6.984992946044167e-07,6.984992946044166e-05,2
1609480,1609740,worker,321.1934745311737,False,hdf5,h5_tr_210.py,210,stream,M2,512,1,64,/pscratch/sd/s/satt/sprints/data/converted_10M/mc_normalized_rntuple_10M_30.h5,,auto,,5000,,,,,,,false,true,2,19,0,1,5,0,6,25,0.24,24.0,0.5,2.5,3.0,52.63157894736842,263.1578947368421,315.7894736842105,0.00022172927856445312,3.695487976074219e-05,6.903293377553752e-07,6.903293377553752e-05,2
1609480,1609741,worker,321.1786570549011,False,hdf5,h5_tr_210.py,210,stream,M2,512,1,64,/pscratch/sd/s/satt/sprints/data/converted_10M/mc_normalized_rntuple_10M_30.h5,,auto,,5000,,,,,,,false,true,2,17,0,1,5,0,6,23,0.2608695652173913,26.08695652173913,0.5,2.5,3.0,58.8235294117647,294.11764705882354,352.94117647058823,0.00019931793212890625,3.321965535481771e-05,6.205827434381344e-07,6.205827434381344e-05,2
1609480,1609742,worker,321.16823077201843,False,hdf5,h5_tr_210.py,210,stream,M2,512,1,64,/pscratch/sd/s/satt/sprints/data/converted_10M/mc_normalized_rntuple_10M_30.h5,,auto,,5000,,,,,,,false,true,2,17,0,1,5,0,6,23,0.2608695652173913,26.08695652173913,0.5,2.5,3.0,58.8235294117647,294.11764705882354,352.94117647058823,0.0001976490020751953,3.294150034586588e-05,6.154064541193573e-07,6.154064541193573e-05,2
1609480,1609743,worker,321.16623044013977,False,hdf5,h5_tr_210.py,210,stream,M2,512,1,64,/pscratch/sd/s/satt/sprints/data/converted_10M/mc_normalized_rntuple_10M_30.h5,,auto,,5000,,,,,,,false,true,2,19,0,1,5,0,6,25,0.24,24.0,0.5,2.5,3.0,52.63157894736842,263.1578947368421,315.7894736842105,0.00019598007202148438,3.266334533691406e-05,6.102138190335422e-07,6.102138190335422e-05,2
1609480,1609744,worker,321.1633126735687,False,hdf5,h5_tr_210.py,210,stream,M2,512,1,64,/pscratch/sd/s/satt/sprints/data/converted_10M/mc_normalized_rntuple_10M_30.h5,,auto,,5000,,,,,,,false,true,2,17,0,1,5,0,6,23,0.2608695652173913,26.08695652173913,0.5,2.5,3.0,58.8235294117647,294.11764705882354,352.94117647058823,0.0002143383026123047,3.572305043538412e-05,6.673810306289832e-07,6.673810306289833e-05,2
1609480,1609745,worker,321.1264097690582,False,hdf5,h5_tr_210.py,210,stream,M2,512,1,64,/pscratch/sd/s/satt/sprints/data/converted_10M/mc_normalized_rntuple_10M_30.h5,,auto,,5000,,,,,,,false,true,2,17,0,1,5,0,6,23,0.2608695652173913,26.08695652173913,0.5,2.5,3.0,58.8235294117647,294.11764705882354,352.94117647058823,0.00016355514526367188,2.7259190877278645e-05,5.093170174987927e-07,5.093170174987926e-05,2
1609480,1609746,worker,321.145711183548,False,hdf5,h5_tr_210.py,210,stream,M2,512,1,64,/pscratch/sd/s/satt/sprints/data/converted_10M/mc_normalized_rntuple_10M_30.h5,,auto,,5000,,,,,,,false,true,2,19,0,1,5,0,6,25,0.24,24.0,0.5,2.5,3.0,52.63157894736842,263.1578947368421,315.7894736842105,0.00017690658569335938,2.948443094889323e-05,5.508608072061407e-07,5.508608072061407e-05,2
1609480,1609747,worker,321.12511825561523,False,hdf5,h5_tr_210.py,210,stream,M2,512,1,64,/pscratch/sd/s/satt/sprints/data/converted_10M/mc_normalized_rntuple_10M_30.h5,,auto,,5000,,,,,,,false,true,2,17,0,1,5,0,6,23,0.2608695652173913,26.08695652173913,0.5,2.5,3.0,58.8235294117647,294.11764705882354,352.94117647058823,0.00014710426330566406,2.4517377217610676e-05,4.580901802535709e-07,4.5809018025357094e-05,2
1609480,1609748,worker,321.1356613636017,False,hdf5,h5_tr_210.py,210,stream,M2,512,1,64,/pscratch/sd/s/satt/sprints/data/converted_10M/mc_normalized_rntuple_10M_30.h5,,auto,,5000,,,,,,,false,true,2,17,0,1,5,0,6,23,0.2608695652173913,26.08695652173913,0.5,2.5,3.0,58.8235294117647,294.11764705882354,352.94117647058823,0.0001361370086669922,2.26895014444987e-05,4.239236716624032e-07,4.239236716624032e-05,2
1609480,1609749,worker,321.1124188899994,False,hdf5,h5_tr_210.py,210,stream,M2,512,1,64,/pscratch/sd/s/satt/sprints/data/converted_10M/mc_normalized_rntuple_10M_30.h5,,auto,,5000,,,,,,,false,true,2,19,0,1,5,0,6,25,0.24,24.0,0.5,2.5,3.0,52.63157894736842,263.1578947368421,315.7894736842105,0.0001533031463623047,2.555052439371745e-05,4.774126983074435e-07,4.7741269830744346e-05,2
1609480,1609750,worker,321.1110005378723,False,hdf5,h5_tr_210.py,210,stream,M2,512,1,64,/pscratch/sd/s/satt/sprints/data/converted_10M/mc_normalized_rntuple_10M_30.h5,,auto,,5000,,,,,,,false,true,2,17,0,1,5,0,6,23,0.2608695652173913,26.08695652173913,0.5,2.5,3.0,58.8235294117647,294.11764705882354,352.94117647058823,0.00015211105346679688,2.5351842244466145e-05,4.7370240574756227e-07,4.7370240574756224e-05,2
1609480,1609751,worker,321.11463165283203,False,hdf5,h5_tr_210.py,210,stream,M2,512,1,64,/pscratch/sd/s/satt/sprints/data/converted_10M/mc_normalized_rntuple_10M_30.h5,,auto,,5000,,,,,,,false,true,2,17,0,1,5,0,6,23,0.2608695652173913,26.08695652173913,0.5,2.5,3.0,58.8235294117647,294.11764705882354,352.94117647058823,0.00014662742614746094,2.4437904357910156e-05,4.566201963228659e-07,4.566201963228659e-05,2
1609480,1609752,worker,321.106032371521,False,hdf5,h5_tr_210.py,210,stream,M2,512,1,64,/pscratch/sd/s/satt/sprints/data/converted_10M/mc_normalized_rntuple_10M_30.h5,,auto,,5000,,,,,,,false,true,2,19,0,1,5,0,6,25,0.24,24.0,0.5,2.5,3.0,52.63157894736842,263.1578947368421,315.7894736842105,0.00017380714416503906,2.8967857360839844e-05,5.412764839121536e-07,5.4127648391215365e-05,2
1609480,1609753,worker,321.1003351211548,False,hdf5,h5_tr_210.py,210,stream,M2,512,1,64,/pscratch/sd/s/satt/sprints/data/converted_10M/mc_normalized_rntuple_10M_30.h5,,auto,,5000,,,,,,,false,true,2,17,0,1,5,0,6,23,0.2608695652173913,26.08695652173913,0.5,2.5,3.0,58.8235294117647,294.11764705882354,352.94117647058823,0.00014901161193847656,2.483526865641276e-05,4.6406557589624687e-07,4.640655758962469e-05,2
1609480,1609754,worker,321.0965588092804,False,hdf5,h5_tr_210.py,210,stream,M2,512,1,64,/pscratch/sd/s/satt/sprints/data/converted_10M/mc_normalized_rntuple_10M_30.h5,,auto,,5000,,,,,,,false,true,2,17,0,1,5,0,6,23,0.2608695652173913,26.08695652173913,0.5,2.5,3.0,58.8235294117647,294.11764705882354,352.94117647058823,0.00015044212341308594,2.5073687235514324e-05,4.685261155428422e-07,4.685261155428422e-05,2
1609480,1609755,worker,321.08797097206116,False,hdf5,h5_tr_210.py,210,stream,M2,512,1,64,/pscratch/sd/s/satt/sprints/data/converted_10M/mc_normalized_rntuple_10M_30.h5,,auto,,5000,,,,,,,false,true,2,19,0,1,5,0,6,25,0.24,24.0,0.5,2.5,3.0,52.63157894736842,263.1578947368421,315.7894736842105,0.00014209747314453125,2.3682912190755207e-05,4.425499738104346e-07,4.425499738104346e-05,2
1609480,1609756,worker,321.0806772708893,False,hdf5,h5_tr_210.py,210,stream,M2,512,1,64,/pscratch/sd/s/satt/sprints/data/converted_10M/mc_normalized_rntuple_10M_30.h5,,auto,,5000,,,,,,,false,true,2,17,0,1,5,0,6,23,0.2608695652173913,26.08695652173913,0.5,2.5,3.0,58.8235294117647,294.11764705882354,352.94117647058823,0.0001537799835205078,2.562999725341797e-05,4.78944995468434e-07,4.789449954684341e-05,2
1609480,1609757,worker,321.0493862628937,False,hdf5,h5_tr_210.py,210,stream,M2,512,1,64,/pscratch/sd/s/satt/sprints/data/converted_10M/mc_normalized_rntuple_10M_30.h5,,auto,,5000,,,,,,,false,true,2,21,0,1,5,0,6,27,0.2222222222222222,22.22222222222222,0.5,2.5,3.0,47.61904761904762,238.0952380952381,285.7142857142857,0.0001800060272216797,3.0001004536946613e-05,5.606801785762656e-07,5.606801785762656e-05,2
1609480,1609758,worker,321.07429003715515,False,hdf5,h5_tr_210.py,210,stream,M2,512,1,64,/pscratch/sd/s/satt/sprints/data/converted_10M/mc_normalized_rntuple_10M_30.h5,,auto,,5000,,,,,,,false,true,2,17,0,1,5,0,6,23,0.2608695652173913,26.08695652173913,0.5,2.5,3.0,58.8235294117647,294.11764705882354,352.94117647058823,0.00014162063598632812,2.3603439331054688e-05,4.410837005041406e-07,4.410837005041406e-05,2
1609480,1609759,worker,321.06208205223083,False,hdf5,h5_tr_210.py,210,stream,M2,512,1,64,/pscratch/sd/s/satt/sprints/data/converted_10M/mc_normalized_rntuple_10M_30.h5,,auto,,5000,,,,,,,false,true,2,17,0,1,5,0,6,23,0.2608695652173913,26.08695652173913,0.5,2.5,3.0,58.8235294117647,294.11764705882354,352.94117647058823,0.0001609325408935547,2.682209014892578e-05,5.012505365469285e-07,5.012505365469285e-05,2
1609480,1609760,worker,321.0545904636383,False,hdf5,h5_tr_210.py,210,stream,M2,512,1,64,/pscratch/sd/s/satt/sprints/data/converted_10M/mc_normalized_rntuple_10M_30.h5,,auto,,5000,,,,,,,false,true,2,19,0,1,5,0,6,25,0.24,24.0,0.5,2.5,3.0,52.63157894736842,263.1578947368421,315.7894736842105,0.00013566017150878906,2.2610028584798176e-05,4.2254549705357203e-07,4.225454970535721e-05,2
1609480,1609761,worker,321.04869747161865,False,hdf5,h5_tr_210.py,210,stream,M2,512,1,64,/pscratch/sd/s/satt/sprints/data/converted_10M/mc_normalized_rntuple_10M_30.h5,,auto,,5000,,,,,,,false,true,2,17,0,1,5,0,6,23,0.2608695652173913,26.08695652173913,0.5,2.5,3.0,58.8235294117647,294.11764705882354,352.94117647058823,0.00014019012451171875,2.3365020751953125e-05,4.3666311564497733e-07,4.366631156449773e-05,2
1609480,1609762,worker,321.0421516895294,False,hdf5,h5_tr_210.py,210,stream,M2,512,1,64,/pscratch/sd/s/satt/sprints/data/converted_10M/mc_normalized_rntuple_10M_30.h5,,auto,,5000,,,,,,,false,true,2,17,0,1,5,0,6,23,0.2608695652173913,26.08695652173913,0.5,2.5,3.0,58.8235294117647,294.11764705882354,352.94117647058823,0.0001537799835205078,2.562999725341797e-05,4.790024696483594e-07,4.790024696483594e-05,2
1609480,1609763,worker,321.0386161804199,False,hdf5,h5_tr_210.py,210,stream,M2,512,1,64,/pscratch/sd/s/satt/sprints/data/converted_10M/mc_normalized_rntuple_10M_30.h5,,auto,,5000,,,,,,,false,true,2,19,0,1,5,0,6,25,0.24,24.0,0.5,2.5,3.0,52.63157894736842,263.1578947368421,315.7894736842105,0.0001404285430908203,2.3404757181803387e-05,4.374194754561897e-07,4.3741947545618974e-05,2
1609480,1609764,worker,321.0222997665405,False,hdf5,h5_tr_210.py,210,stream,M2,512,1,64,/pscratch/sd/s/satt/sprints/data/converted_10M/mc_normalized_rntuple_10M_30.h5,,auto,,5000,,,,,,,false,true,2,17,0,1,5,0,6,23,0.2608695652173913,26.08695652173913,0.5,2.5,3.0,58.8235294117647,294.11764705882354,352.94117647058823,0.00018453598022460938,3.075599670410156e-05,5.748385092213559e-07,5.748385092213559e-05,2
1609480,1609765,worker,321.0253565311432,False,hdf5,h5_tr_210.py,210,stream,M2,512,1,64,/pscratch/sd/s/satt/sprints/data/converted_10M/mc_normalized_rntuple_10M_30.h5,,auto,,5000,,,,,,,false,true,2,17,0,1,5,0,6,23,0.2608695652173913,26.08695652173913,0.5,2.5,3.0,58.8235294117647,294.11764705882354,352.94117647058823,0.0006172657012939453,0.00010287761688232422,1.9227942239947745e-06,0.00019227942239947746,2
1609480,1609766,worker,321.01849341392517,False,hdf5,h5_tr_210.py,210,stream,M2,512,1,64,/pscratch/sd/s/satt/sprints/data/converted_10M/mc_normalized_rntuple_10M_30.h5,,auto,,5000,,,,,,,false,true,2,19,0,1,5,0,6,25,0.24,24.0,0.5,2.5,3.0,52.63157894736842,263.1578947368421,315.7894736842105,0.00018906593322753906,3.151098887125651e-05,5.889565152988091e-07,5.8895651529880907e-05,2
1609480,1609767,worker,320.9830849170685,False,hdf5,h5_tr_210.py,210,stream,M2,512,1,64,/pscratch/sd/s/satt/sprints/data/converted_10M/mc_normalized_rntuple_10M_30.h5,,auto,,5000,,,,,,,false,true,2,17,0,1,5,0,6,23,0.2608695652173913,26.08695652173913,0.5,2.5,3.0,58.8235294117647,294.11764705882354,352.94117647058823,0.0001552104949951172,2.586841583251953e-05,4.835472717673534e-07,4.835472717673534e-05,2
1609480,1609768,worker,320.97996616363525,False,hdf5,h5_tr_210.py,210,stream,M2,512,1,64,/pscratch/sd/s/satt/sprints/data/converted_10M/mc_normalized_rntuple_10M_30.h5,,auto,,5000,,,,,,,false,true,2,17,0,1,5,0,6,23,0.2608695652173913,26.08695652173913,0.5,2.5,3.0,58.8235294117647,294.11764705882354,352.94117647058823,0.00036978721618652344,6.16312026977539e-05,1.1520569978439287e-06,0.00011520569978439287,2
1609480,1609769,worker,320.9748685359955,False,hdf5,h5_tr_210.py,210,stream,M2,512,1,64,/pscratch/sd/s/satt/sprints/data/converted_10M/mc_normalized_rntuple_10M_30.h5,,auto,,5000,,,,,,,false,true,2,19,0,1,5,0,6,25,0.24,24.0,0.5,2.5,3.0,52.63157894736842,263.1578947368421,315.7894736842105,0.0009353160858154297,0.00015588601430257162,2.9139854159969515e-06,0.00029139854159969516,2
1609480,1609770,worker,320.9729027748108,False,hdf5,h5_tr_210.py,210,stream,M2,512,1,64,/pscratch/sd/s/satt/sprints/data/converted_10M/mc_normalized_rntuple_10M_30.h5,,auto,,5000,,,,,,,false,true,2,17,0,1,5,0,6,23,0.2608695652173913,26.08695652173913,0.5,2.5,3.0,58.8235294117647,294.11764705882354,352.94117647058823,0.0013289451599121094,0.00022149085998535156,4.140365583584715e-06,0.0004140365583584715,2
1609480,1609771,worker,320.99024963378906,False,hdf5,h5_tr_210.py,210,stream,M2,512,1,64,/pscratch/sd/s/satt/sprints/data/converted_10M/mc_normalized_rntuple_10M_30.h5,,auto,,5000,,,,,,,false,true,2,17,0,1,5,0,6,23,0.2608695652173913,26.08695652173913,0.5,2.5,3.0,58.8235294117647,294.11764705882354,352.94117647058823,0.0017061233520507812,0.00028435389200846356,5.315187467523581e-06,0.0005315187467523581,2
1609480,1609772,worker,320.9498507976532,False,hdf5,h5_tr_210.py,210,stream,M2,512,1,64,/pscratch/sd/s/satt/sprints/data/converted_10M/mc_normalized_rntuple_10M_30.h5,,auto,,5000,,,,,,,false,true,2,19,0,1,5,0,6,25,0.24,24.0,0.5,2.5,3.0,52.63157894736842,263.1578947368421,315.7894736842105,0.0009233951568603516,0.0001538991928100586,2.877069905361998e-06,0.0002877069905361998,2
1609480,1609773,worker,320.9717195034027,False,hdf5,h5_tr_210.py,210,stream,M2,512,1,64,/pscratch/sd/s/satt/sprints/data/converted_10M/mc_normalized_rntuple_10M_30.h5,,auto,,5000,,,,,,,false,true,2,17,0,1,5,0,6,23,0.2608695652173913,26.08695652173913,0.5,2.5,3.0,58.8235294117647,294.11764705882354,352.94117647058823,0.0014774799346923828,0.0002462466557820638,4.6031467724891555e-06,0.00046031467724891556,2
1609480,1609774,worker,320.96459579467773,False,hdf5,h5_tr_210.py,210,stream,M2,512,1,64,/pscratch/sd/s/satt/sprints/data/converted_10M/mc_normalized_rntuple_10M_30.h5,,auto,,5000,,,,,,,false,true,2,17,0,1,5,0,6,23,0.2608695652173913,26.08695652173913,0.5,2.5,3.0,58.8235294117647,294.11764705882354,352.94117647058823,0.003023862838745117,0.0005039771397908529,9.421172547889032e-06,0.0009421172547889032,2
1609480,1609775,worker,320.96924209594727,False,hdf5,h5_tr_210.py,210,stream,M2,512,1,64,/pscratch/sd/s/satt/sprints/data/converted_10M/mc_normalized_rntuple_10M_30.h5,,auto,,5000,,,,,,,false,true,2,19,0,1,5,0,6,25,0.24,24.0,0.5,2.5,3.0,52.63157894736842,263.1578947368421,315.7894736842105,0.0033257007598876953,0.0005542834599812826,1.0361431326474404e-05,0.0010361431326474406,2
1609480,1609776,worker,320.95243549346924,False,hdf5,h5_tr_210.py,210,stream,M2,512,1,64,/pscratch/sd/s/satt/sprints/data/converted_10M/mc_normalized_rntuple_10M_30.h5,,auto,,5000,,,,,,,false,true,2,17,0,1,5,0,6,23,0.2608695652173913,26.08695652173913,0.5,2.5,3.0,58.8235294117647,294.11764705882354,352.94117647058823,0.0030701160430908203,0.0005116860071818033,9.56564183216267e-06,0.000956564183216267,2
1609480,1609777,worker,320.94591188430786,False,hdf5,h5_tr_210.py,210,stream,M2,512,1,64,/pscratch/sd/s/satt/sprints/data/converted_10M/mc_normalized_rntuple_10M_30.h5,,auto,,5000,,,,,,,false,true,2,17,0,1,5,0,6,23,0.2608695652173913,26.08695652173913,0.5,2.5,3.0,58.8235294117647,294.11764705882354,352.94117647058823,0.00777745246887207,0.001296242078145345,2.4232907106402485e-05,0.0024232907106402487,2
1609480,1609778,worker,320.939790725708,False,hdf5,h5_tr_210.py,210,stream,M2,512,1,64,/pscratch/sd/s/satt/sprints/data/converted_10M/mc_normalized_rntuple_10M_30.h5,,auto,,5000,,,,,,,false,true,2,19,0,1,5,0,6,25,0.24,24.0,0.5,2.5,3.0,52.63157894736842,263.1578947368421,315.7894736842105,0.005648612976074219,0.0009414354960123698,1.7600226395429477e-05,0.0017600226395429479,2
1609480,1609779,worker,320.922563791275,False,hdf5,h5_tr_210.py,210,stream,M2,512,1,64,/pscratch/sd/s/satt/sprints/data/converted_10M/mc_normalized_rntuple_10M_30.h5,,auto,,5000,,,,,,,false,true,2,17,0,1,5,0,6,23,0.2608695652173913,26.08695652173913,0.5,2.5,3.0,58.8235294117647,294.11764705882354,352.94117647058823,0.005052804946899414,0.000842134157816569,1.5744623522906013e-05,0.0015744623522906012,2
1609480,1609780,worker,320.93210315704346,False,hdf5,h5_tr_210.py,210,stream,M2,512,1,64,/pscratch/sd/s/satt/sprints/data/converted_10M/mc_normalized_rntuple_10M_30.h5,,auto,,5000,,,,,,,false,true,2,17,0,1,5,0,6,23,0.2608695652173913,26.08695652173913,0.5,2.5,3.0,58.8235294117647,294.11764705882354,352.94117647058823,0.003863096237182617,0.0006438493728637695,1.2037113766995966e-05,0.0012037113766995965,2
1609480,1609781,worker,320.9237096309662,False,hdf5,h5_tr_210.py,210,stream,M2,512,1,64,/pscratch/sd/s/satt/sprints/data/converted_10M/mc_normalized_rntuple_10M_30.h5,,auto,,5000,,,,,,,false,true,2,19,0,1,5,0,6,25,0.24,24.0,0.5,2.5,3.0,52.63157894736842,263.1578947368421,315.7894736842105,0.0037870407104492188,0.0006311734517415365,1.1800439159836398e-05,0.0011800439159836398,2
1609480,1609782,worker,320.91546988487244,False,hdf5,h5_tr_210.py,210,stream,M2,512,1,64,/pscratch/sd/s/satt/sprints/data/converted_10M/mc_normalized_rntuple_10M_30.h5,,auto,,5000,,,,,,,false,true,2,17,0,1,5,0,6,23,0.2608695652173913,26.08695652173913,0.5,2.5,3.0,58.8235294117647,294.11764705882354,352.94117647058823,0.004476308822631836,0.0007460514704386393,1.3948560423832792e-05,0.0013948560423832793,2
1609480,1609783,worker,320.8917510509491,False,hdf5,h5_tr_210.py,210,stream,M2,512,1,64,/pscratch/sd/s/satt/sprints/data/converted_10M/mc_normalized_rntuple_10M_30.h5,,auto,,5000,,,,,,,false,true,2,17,0,1,5,0,6,23,0.2608695652173913,26.08695652173913,0.5,2.5,3.0,58.8235294117647,294.11764705882354,352.94117647058823,0.00414729118347168,0.0006912151972452799,1.2924268604253401e-05,0.00129242686042534,2
1609480,1609784,worker,320.90028142929077,False,hdf5,h5_tr_210.py,210,stream,M2,512,1,64,/pscratch/sd/s/satt/sprints/data/converted_10M/mc_normalized_rntuple_10M_30.h5,,auto,,5000,,,,,,,false,true,2,19,0,1,5,0,6,25,0.24,24.0,0.5,2.5,3.0,52.63157894736842,263.1578947368421,315.7894736842105,0.004958629608154297,0.0008264382680257162,1.5452244498099366e-05,0.0015452244498099367,2
1609480,1609785,worker,320.89073872566223,False,hdf5,h5_tr_210.py,210,stream,M2,512,1,64,/pscratch/sd/s/satt/sprints/data/converted_10M/mc_normalized_rntuple_10M_30.h5,,auto,,5000,,,,,,,false,true,2,17,0,1,5,0,6,23,0.2608695652173913,26.08695652173913,0.5,2.5,3.0,58.8235294117647,294.11764705882354,352.94117647058823,0.004962921142578125,0.0008271535237630209,1.5466077837855753e-05,0.001546607783785575,2
1609480,1609786,worker,320.88500475883484,False,hdf5,h5_tr_210.py,210,stream,M2,512,1,64,/pscratch/sd/s/satt/sprints/data/converted_10M/mc_normalized_rntuple_10M_30.h5,,auto,,5000,,,,,,,false,true,2,17,0,1,5,0,6,23,0.2608695652173913,26.08695652173913,0.5,2.5,3.0,58.8235294117647,294.11764705882354,352.94117647058823,0.006452322006225586,0.0010753870010375977,2.0107895073111656e-05,0.002010789507311166,2
1609480,1609787,worker,320.85450530052185,False,hdf5,h5_tr_210.py,210,stream,M2,512,1,64,/pscratch/sd/s/satt/sprints/data/converted_10M/mc_normalized_rntuple_10M_30.h5,,auto,,5000,,,,,,,false,true,2,19,0,1,5,0,6,25,0.24,24.0,0.5,2.5,3.0,52.63157894736842,263.1578947368421,315.7894736842105,0.004943132400512695,0.0008238554000854492,1.5406149263457623e-05,0.0015406149263457625,2
1609480,1609788,worker,320.8424508571625,False,hdf5,h5_tr_210.py,210,stream,M2,512,1,64,/pscratch/sd/s/satt/sprints/data/converted_10M/mc_normalized_rntuple_10M_30.h5,,auto,,5000,,,,,,,false,true,2,17,0,1,5,0,6,23,0.2608695652173913,26.08695652173913,0.5,2.5,3.0,58.8235294117647,294.11764705882354,352.94117647058823,0.00890493392944336,0.0014841556549072266,2.7754849477221433e-05,0.0027754849477221433,2
1609480,1609789,worker,320.8657371997833,False,hdf5,h5_tr_210.py,210,stream,M2,512,1,64,/pscratch/sd/s/satt/sprints/data/converted_10M/mc_normalized_rntuple_10M_30.h5,,auto,,5000,,,,,,,false,true,2,17,0,1,5,0,6,23,0.2608695652173913,26.08695652173913,0.5,2.5,3.0,58.8235294117647,294.11764705882354,352.94117647058823,0.006340980529785156,0.0010568300882975261,1.9762099204244478e-05,0.001976209920424448,2
1609480,1609790,worker,320.85821437835693,False,hdf5,h5_tr_210.py,210,stream,M2,512,1,64,/pscratch/sd/s/satt/sprints/data/converted_10M/mc_normalized_rntuple_10M_30.h5,,auto,,5000,,,,,,,false,true,2,19,0,1,5,0,6,25,0.24,24.0,0.5,2.5,3.0,52.63157894736842,263.1578947368421,315.7894736842105,0.007634162902832031,0.0012723604838053386,2.3792948289083863e-05,0.0023792948289083865,2
1609480,1609791,worker,320.85920810699463,False,hdf5,h5_tr_210.py,210,stream,M2,512,1,64,/pscratch/sd/s/satt/sprints/data/converted_10M/mc_normalized_rntuple_10M_30.h5,,auto,,5000,,,,,,,false,true,2,17,0,1,5,0,6,23,0.2608695652173913,26.08695652173913,0.5,2.5,3.0,58.8235294117647,294.11764705882354,352.94117647058823,0.005886554718017578,0.0009810924530029297,1.834622341913476e-05,0.0018346223419134758,2
1609480,1609792,worker,320.8484842777252,False,hdf5,h5_tr_210.py,210,stream,M2,512,1,64,/pscratch/sd/s/satt/sprints/data/converted_10M/mc_normalized_rntuple_10M_30.h5,,auto,,5000,,,,,,,false,true,2,17,0,1,5,0,6,23,0.2608695652173913,26.08695652173913,0.5,2.5,3.0,58.8235294117647,294.11764705882354,352.94117647058823,0.00914907455444336,0.0015248457590738933,2.8515249417615935e-05,0.0028515249417615934,2
1609480,1609793,worker,320.8434262275696,False,hdf5,h5_tr_210.py,210,stream,M2,512,1,64,/pscratch/sd/s/satt/sprints/data/converted_10M/mc_normalized_rntuple_10M_30.h5,,auto,,5000,,,,,,,false,true,2,19,0,1,5,0,6,25,0.24,24.0,0.5,2.5,3.0,52.63157894736842,263.1578947368421,315.7894736842105,0.006745576858520508,0.001124262809753418,2.1024513227009266e-05,0.0021024513227009263,2
1609480,1609794,worker,320.8013310432434,False,hdf5,h5_tr_210.py,210,stream,M2,512,1,64,/pscratch/sd/s/satt/sprints/data/converted_10M/mc_normalized_rntuple_10M_30.h5,,auto,,5000,,,,,,,false,true,2,17,0,1,5,0,6,23,0.2608695652173913,26.08695652173913,0.5,2.5,3.0,58.8235294117647,294.11764705882354,352.94117647058823,0.006186008453369141,0.0010310014088948567,1.9282988737148595e-05,0.0019282988737148595,2
1609480,1609795,worker,320.815146446228,False,hdf5,h5_tr_210.py,210,stream,M2,512,1,64,/pscratch/sd/s/satt/sprints/data/converted_10M/mc_normalized_rntuple_10M_30.h5,,auto,,5000,,,,,,,false,true,2,17,0,1,5,0,6,23,0.2608695652173913,26.08695652173913,0.5,2.5,3.0,58.8235294117647,294.11764705882354,352.94117647058823,0.0074651241302490234,0.001244187355041504,2.3269238416398325e-05,0.0023269238416398323,2
1609480,1609796,worker,320.79377579689026,False,hdf5,h5_tr_210.py,210,stream,M2,512,1,64,/pscratch/sd/s/satt/sprints/data/converted_10M/mc_normalized_rntuple_10M_30.h5,,auto,,5000,,,,,,,false,true,2,19,0,1,5,0,6,25,0.24,24.0,0.5,2.5,3.0,52.63157894736842,263.1578947368421,315.7894736842105,0.00726318359375,0.0012105305989583333,2.2641285903092663e-05,0.0022641285903092665,2
1609480,1609797,worker,320.81011414527893,False,hdf5,h5_tr_210.py,210,stream,M2,512,1,64,/pscratch/sd/s/satt/sprints/data/converted_10M/mc_normalized_rntuple_10M_30.h5,,auto,,5000,,,,,,,false,true,2,17,0,1,5,0,6,23,0.2608695652173913,26.08695652173913,0.5,2.5,3.0,58.8235294117647,294.11764705882354,352.94117647058823,0.007730007171630859,0.0012883345286051433,2.409527265755195e-05,0.002409527265755195,2
1609480,1609798,worker,320.8059380054474,False,hdf5,h5_tr_210.py,210,stream,M2,512,1,64,/pscratch/sd/s/satt/sprints/data/converted_10M/mc_normalized_rntuple_10M_30.h5,,auto,,5000,,,,,,,false,true,2,17,0,1,5,0,6,23,0.2608695652173913,26.08695652173913,0.5,2.5,3.0,58.8235294117647,294.11764705882354,352.94117647058823,0.007880926132202148,0.0013134876887003581,2.4566023251316276e-05,0.002456602325131628,2
1609480,1609799,worker,320.8023798465729,False,hdf5,h5_tr_210.py,210,stream,M2,512,1,64,/pscratch/sd/s/satt/sprints/data/converted_10M/mc_normalized_rntuple_10M_30.h5,,auto,,5000,,,,,,,false,true,2,19,0,1,5,0,6,25,0.24,24.0,0.5,2.5,3.0,52.63157894736842,263.1578947368421,315.7894736842105,0.007561445236206055,0.001260240872701009,2.357041503190343e-05,0.002357041503190343,2
1609480,1609800,worker,320.79273867607117,False,hdf5,h5_tr_210.py,210,stream,M2,512,1,64,/pscratch/sd/s/satt/sprints/data/converted_10M/mc_normalized_rntuple_10M_30.h5,,auto,,5000,,,,,,,false,true,2,19,0,1,5,0,6,25,0.24,24.0,0.5,2.5,3.0,52.63157894736842,263.1578947368421,315.7894736842105,0.007055759429931641,0.0011759599049886067,2.199476041462515e-05,0.002199476041462515,2
1609480,1609801,worker,320.79127979278564,False,hdf5,h5_tr_210.py,210,stream,M2,512,1,64,/pscratch/sd/s/satt/sprints/data/converted_10M/mc_normalized_rntuple_10M_30.h5,,auto,,5000,,,,,,,false,true,2,19,0,1,5,0,6,25,0.24,24.0,0.5,2.5,3.0,52.63157894736842,263.1578947368421,315.7894736842105,0.0065572261810302734,0.0010928710301717122,2.0440786873215187e-05,0.0020440786873215187,2
1609480,1609802,worker,320.782594203949,False,hdf5,h5_tr_210.py,210,stream,M2,512,1,64,/pscratch/sd/s/satt/sprints/data/converted_10M/mc_normalized_rntuple_10M_30.h5,,auto,,5000,,,,,,,false,true,2,17,0,1,5,0,6,23,0.2608695652173913,26.08695652173913,0.5,2.5,3.0,58.8235294117647,294.11764705882354,352.94117647058823,0.007759571075439453,0.0012932618459065754,2.4189501599036353e-05,0.002418950159903635,2
1609480,1609803,worker,320.7669131755829,False,hdf5,h5_tr_210.py,210,stream,M2,512,1,64,/pscratch/sd/s/satt/sprints/data/converted_10M/mc_normalized_rntuple_10M_30.h5,,auto,,5000,,,,,,,false,true,2,17,0,1,5,0,6,23,0.2608695652173913,26.08695652173913,0.5,2.5,3.0,58.8235294117647,294.11764705882354,352.94117647058823,0.007767438888549805,0.001294573148091634,2.4215212260056348e-05,0.0024215212260056346,2
1609480,1609804,worker,320.7637393474579,False,hdf5,h5_tr_210.py,210,stream,M2,512,1,64,/pscratch/sd/s/satt/sprints/data/converted_10M/mc_normalized_rntuple_10M_30.h5,,auto,,5000,,,,,,,false,true,2,19,0,1,5,0,6,25,0.24,24.0,0.5,2.5,3.0,52.63157894736842,263.1578947368421,315.7894736842105,0.0077059268951416016,0.0012843211491902669,2.402368456864254e-05,0.0024023684568642537,2
1609480,1609805,worker,320.7622718811035,False,hdf5,h5_tr_210.py,210,stream,M2,512,1,64,/pscratch/sd/s/satt/sprints/data/converted_10M/mc_normalized_rntuple_10M_30.h5,,auto,,5000,,,,,,,false,true,2,17,0,1,5,0,6,23,0.2608695652173913,26.08695652173913,0.5,2.5,3.0,58.8235294117647,294.11764705882354,352.94117647058823,0.009538412094116211,0.0015897353490193684,2.9736702007310262e-05,0.0029736702007310263,2
1609480,1609806,worker,320.7200503349304,False,hdf5,h5_tr_210.py,210,stream,M2,512,1,64,/pscratch/sd/s/satt/sprints/data/converted_10M/mc_normalized_rntuple_10M_30.h5,,auto,,5000,,,,,,,false,true,2,17,0,1,5,0,6,23,0.2608695652173913,26.08695652173913,0.5,2.5,3.0,58.8235294117647,294.11764705882354,352.94117647058823,0.009396553039550781,0.0015660921732584636,2.9298302459537182e-05,0.0029298302459537184,2
1609480,1609807,worker,320.71735310554504,False,hdf5,h5_tr_210.py,210,stream,M2,512,1,64,/pscratch/sd/s/satt/sprints/data/converted_10M/mc_normalized_rntuple_10M_30.h5,,auto,,5000,,,,,,,false,true,2,19,0,1,5,0,6,25,0.24,24.0,0.5,2.5,3.0,52.63157894736842,263.1578947368421,315.7894736842105,0.005757570266723633,0.0009595950444539388,1.7952163208421313e-05,0.0017952163208421314,2
1609480,1609808,worker,320.73968052864075,False,hdf5,h5_tr_210.py,210,stream,M2,512,1,64,/pscratch/sd/s/satt/sprints/data/converted_10M/mc_normalized_rntuple_10M_30.h5,,auto,,5000,,,,,,,false,true,2,17,0,1,5,0,6,23,0.2608695652173913,26.08695652173913,0.5,2.5,3.0,58.8235294117647,294.11764705882354,352.94117647058823,0.005587577819824219,0.0009312629699707031,1.7420912219575745e-05,0.0017420912219575746,2
1609480,1609809,worker,320.7286512851715,False,hdf5,h5_tr_210.py,210,stream,M2,512,1,64,/pscratch/sd/s/satt/sprints/data/converted_10M/mc_normalized_rntuple_10M_30.h5,,auto,,5000,,,,,,,false,true,2,17,0,1,5,0,6,23,0.2608695652173913,26.08695652173913,0.5,2.5,3.0,58.8235294117647,294.11764705882354,352.94117647058823,0.00554203987121582,0.0009236733118693033,1.7279528501768277e-05,0.0017279528501768279,2
1609480,1609810,worker,320.7022783756256,False,hdf5,h5_tr_210.py,210,stream,M2,512,1,64,/pscratch/sd/s/satt/sprints/data/converted_10M/mc_normalized_rntuple_10M_30.h5,,auto,,5000,,,,,,,false,true,2,19,0,1,5,0,6,25,0.24,24.0,0.5,2.5,3.0,52.63157894736842,263.1578947368421,315.7894736842105,0.01293492317199707,0.0021558205286661782,4.033311904584263e-05,0.004033311904584263,2
1609480,1609811,worker,320.7190160751343,False,hdf5,h5_tr_210.py,210,stream,M2,512,1,64,/pscratch/sd/s/satt/sprints/data/converted_10M/mc_normalized_rntuple_10M_30.h5,,auto,,5000,,,,,,,false,true,2,17,0,1,5,0,6,23,0.2608695652173913,26.08695652173913,0.5,2.5,3.0,58.8235294117647,294.11764705882354,352.94117647058823,0.0055463314056396484,0.000924388567606608,1.7293428601503066e-05,0.0017293428601503065,2
1609480,1609812,worker,320.7092115879059,False,hdf5,h5_tr_210.py,210,stream,M2,512,1,64,/pscratch/sd/s/satt/sprints/data/converted_10M/mc_normalized_rntuple_10M_30.h5,,auto,,5000,,,,,,,false,true,2,17,0,1,5,0,6,23,0.2608695652173913,26.08695652173913,0.5,2.5,3.0,58.8235294117647,294.11764705882354,352.94117647058823,0.005063056945800781,0.0008438428243001302,1.57870643026822e-05,0.00157870643026822,2
1609480,1609813,worker,320.7082931995392,False,hdf5,h5_tr_210.py,210,stream,M2,512,1,64,/pscratch/sd/s/satt/sprints/data/converted_10M/mc_normalized_rntuple_10M_30.h5,,auto,,5000,,,,,,,false,true,2,19,0,1,5,0,6,25,0.24,24.0,0.5,2.5,3.0,52.63157894736842,263.1578947368421,315.7894736842105,0.004770755767822266,0.0007951259613037109,1.4875685690029798e-05,0.0014875685690029798,2
1609480,1609814,worker,320.69452118873596,False,hdf5,h5_tr_210.py,210,stream,M2,512,1,64,/pscratch/sd/s/satt/sprints/data/converted_10M/mc_normalized_rntuple_10M_30.h5,,auto,,5000,,,,,,,false,true,2,17,0,1,5,0,6,23,0.2608695652173913,26.08695652173913,0.5,2.5,3.0,58.8235294117647,294.11764705882354,352.94117647058823,0.0041904449462890625,0.0006984074910481771,1.3066780594679667e-05,0.0013066780594679667,2
1609480,1609815,worker,320.6669690608978,False,hdf5,h5_tr_210.py,210,stream,M2,512,1,64,/pscratch/sd/s/satt/sprints/data/converted_10M/mc_normalized_rntuple_10M_30.h5,,auto,,5000,,,,,,,false,true,2,17,0,1,5,0,6,23,0.2608695652173913,26.08695652173913,0.5,2.5,3.0,58.8235294117647,294.11764705882354,352.94117647058823,0.003882884979248047,0.0006471474965413412,1.2108777497786649e-05,0.001210877749778665,2
1609480,1609816,worker,320.6496353149414,False,hdf5,h5_tr_210.py,210,stream,M2,512,1,64,/pscratch/sd/s/satt/sprints/data/converted_10M/mc_normalized_rntuple_10M_30.h5,,auto,,5000,,,,,,,false,true,2,19,0,1,5,0,6,25,0.24,24.0,0.5,2.5,3.0,52.63157894736842,263.1578947368421,315.7894736842105,0.0035169124603271484,0.0005861520767211914,1.0968085015511851e-05,0.001096808501551185,2
1609480,1609817,worker,320.6595356464386,False,hdf5,h5_tr_210.py,210,stream,M2,512,1,64,/pscratch/sd/s/satt/sprints/data/converted_10M/mc_normalized_rntuple_10M_30.h5,,auto,,5000,,,,,,,false,true,2,17,0,1,5,0,6,23,0.2608695652173913,26.08695652173913,0.5,2.5,3.0,58.8235294117647,294.11764705882354,352.94117647058823,0.0035021305084228516,0.0005836884180704752,1.0921647788713586e-05,0.0010921647788713585,2
1609480,1609818,worker,320.67049837112427,False,hdf5,h5_tr_210.py,210,stream,M2,512,1,64,/pscratch/sd/s/satt/sprints/data/converted_10M/mc_normalized_rntuple_10M_30.h5,,auto,,5000,,,,,,,false,true,2,17,0,1,5,0,6,23,0.2608695652173913,26.08695652173913,0.5,2.5,3.0,58.8235294117647,294.11764705882354,352.94117647058823,0.003880023956298828,0.0006466706593831381,1.2099722225798046e-05,0.0012099722225798045,2
1609480,1609819,worker,320.6638560295105,False,hdf5,h5_tr_210.py,210,stream,M2,512,1,64,/pscratch/sd/s/satt/sprints/data/converted_10M/mc_normalized_rntuple_10M_30.h5,,auto,,5000,,,,,,,false,true,2,19,0,1,5,0,6,25,0.24,24.0,0.5,2.5,3.0,52.63157894736842,263.1578947368421,315.7894736842105,0.003692150115966797,0.0006153583526611328,1.1514082571336043e-05,0.0011514082571336044,2
1609480,1609820,worker,320.6572530269623,False,hdf5,h5_tr_210.py,210,stream,M2,512,1,64,/pscratch/sd/s/satt/sprints/data/converted_10M/mc_normalized_rntuple_10M_30.h5,,auto,,5000,,,,,,,false,true,2,17,0,1,5,0,6,23,0.2608695652173913,26.08695652173913,0.5,2.5,3.0,58.8235294117647,294.11764705882354,352.94117647058823,0.0036423206329345703,0.0006070534388224283,1.1358921710179772e-05,0.0011358921710179772,2
1609480,1609821,worker,320.6147954463959,False,hdf5,h5_tr_210.py,210,stream,M2,512,1,64,/pscratch/sd/s/satt/sprints/data/converted_10M/mc_normalized_rntuple_10M_30.h5,,auto,,5000,,,,,,,false,true,2,17,0,1,5,0,6,23,0.2608695652173913,26.08695652173913,0.5,2.5,3.0,58.8235294117647,294.11764705882354,352.94117647058823,0.00324249267578125,0.0005404154459635416,1.01133594638597e-05,0.0010113359463859702,2
1609480,1609822,worker,320.6486005783081,False,hdf5,h5_tr_210.py,210,stream,M2,512,1,64,/pscratch/sd/s/satt/sprints/data/converted_10M/mc_normalized_rntuple_10M_30.h5,,auto,,5000,,,,,,,false,true,2,19,0,1,5,0,6,25,0.24,24.0,0.5,2.5,3.0,52.63157894736842,263.1578947368421,315.7894736842105,0.003302335739135742,0.000550389289855957,1.0298924533522961e-05,0.0010298924533522962,2
1609480,1609823,worker,320.61197996139526,False,hdf5,h5_tr_210.py,210,stream,M2,512,1,64,/pscratch/sd/s/satt/sprints/data/converted_10M/mc_normalized_rntuple_10M_30.h5,,auto,,5000,,,,,,,false,true,2,17,0,1,5,0,6,23,0.2608695652173913,26.08695652173913,0.5,2.5,3.0,58.8235294117647,294.11764705882354,352.94117647058823,0.0031800270080566406,0.0005300045013427734,9.918615668820442e-06,0.0009918615668820443,2
1609480,1609824,worker,320.62859535217285,False,hdf5,h5_tr_210.py,210,stream,M2,512,1,64,/pscratch/sd/s/satt/sprints/data/converted_10M/mc_normalized_rntuple_10M_30.h5,,auto,,5000,,,,,,,false,true,2,17,0,1,5,0,6,23,0.2608695652173913,26.08695652173913,0.5,2.5,3.0,58.8235294117647,294.11764705882354,352.94117647058823,0.002948760986328125,0.0004914601643880209,9.19681222783407e-06,0.0009196812227834068,2
1609480,1609825,worker,320.6233124732971,False,hdf5,h5_tr_210.py,210,stream,M2,512,1,64,/pscratch/sd/s/satt/sprints/data/converted_10M/mc_normalized_rntuple_10M_30.h5,,auto,,5000,,,,,,,false,true,2,19,0,1,5,0,6,25,0.24,24.0,0.5,2.5,3.0,52.63157894736842,263.1578947368421,315.7894736842105,0.0029687881469726562,0.0004947980244954427,9.259426970769349e-06,0.000925942697076935,2
1609480,1609826,worker,320.6137640476227,False,hdf5,h5_tr_210.py,210,stream,M2,512,1,64,/pscratch/sd/s/satt/sprints/data/converted_10M/mc_normalized_rntuple_10M_30.h5,,auto,,5000,,,,,,,false,true,2,17,0,1,5,0,6,23,0.2608695652173913,26.08695652173913,0.5,2.5,3.0,58.8235294117647,294.11764705882354,352.94117647058823,0.002978086471557617,0.0004963477452596029,9.288704371142545e-06,0.0009288704371142544,2
1609480,1609827,worker,320.6149878501892,False,hdf5,h5_tr_210.py,210,stream,M2,512,1,64,/pscratch/sd/s/satt/sprints/data/converted_10M/mc_normalized_rntuple_10M_30.h5,,auto,,5000,,,,,,,false,true,2,17,0,1,5,0,6,23,0.2608695652173913,26.08695652173913,0.5,2.5,3.0,58.8235294117647,294.11764705882354,352.94117647058823,0.0027730464935302734,0.0004621744155883789,8.649148039286326e-06,0.0008649148039286327,2
1609480,1609828,worker,320.6015968322754,False,hdf5,h5_tr_210.py,210,stream,M2,512,1,64,/pscratch/sd/s/satt/sprints/data/converted_10M/mc_normalized_rntuple_10M_30.h5,,auto,,5000,,,,,,,false,true,2,19,0,1,5,0,6,25,0.24,24.0,0.5,2.5,3.0,52.63157894736842,263.1578947368421,315.7894736842105,0.002608060836791992,0.0004346768061319987,8.134896589914412e-06,0.0008134896589914412,2
1609480,1609829,worker,320.59767603874207,False,hdf5,h5_tr_210.py,210,stream,M2,512,1,64,/pscratch/sd/s/satt/sprints/data/converted_10M/mc_normalized_rntuple_10M_30.h5,,auto,,5000,,,,,,,false,true,2,17,0,1,5,0,6,23,0.2608695652173913,26.08695652173913,0.5,2.5,3.0,58.8235294117647,294.11764705882354,352.94117647058823,0.0014407634735107422,0.0002401272455851237,4.493992256315157e-06,0.0004493992256315157,2
1609480,1609830,worker,320.5581524372101,False,hdf5,h5_tr_210.py,210,stream,M2,512,1,64,/pscratch/sd/s/satt/sprints/data/converted_10M/mc_normalized_rntuple_10M_30.h5,,auto,,5000,,,,,,,false,true,2,17,0,1,5,0,6,23,0.2608695652173913,26.08695652173913,0.5,2.5,3.0,58.8235294117647,294.11764705882354,352.94117647058823,0.0011217594146728516,0.00018695990244547525,3.4993944348134407e-06,0.00034993944348134405,2
1609480,1609831,worker,320.5794141292572,False,hdf5,h5_tr_210.py,210,stream,M2,512,1,64,/pscratch/sd/s/satt/sprints/data/converted_10M/mc_normalized_rntuple_10M_30.h5,,auto,,5000,,,,,,,false,true,2,19,0,1,5,0,6,25,0.24,24.0,0.5,2.5,3.0,52.63157894736842,263.1578947368421,315.7894736842105,0.0010304450988769531,0.00017174084981282553,3.2143208623541842e-06,0.0003214320862354184,2
1609480,1609832,worker,320.5695426464081,False,hdf5,h5_tr_210.py,210,stream,M2,512,1,64,/pscratch/sd/s/satt/sprints/data/converted_10M/mc_normalized_rntuple_10M_30.h5,,auto,,5000,,,,,,,false,true,2,17,0,1,5,0,6,23,0.2608695652173913,26.08695652173913,0.5,2.5,3.0,58.8235294117647,294.11764705882354,352.94117647058823,0.0010750293731689453,0.00017917156219482422,3.3534981654658166e-06,0.00033534981654658163,2
1609480,1609833,worker,320.54129815101624,False,hdf5,h5_tr_210.py,210,stream,M2,512,1,64,/pscratch/sd/s/satt/sprints/data/converted_10M/mc_normalized_rntuple_10M_30.h5,,auto,,5000,,,,,,,false,true,2,17,0,1,5,0,6,23,0.2608695652173913,26.08695652173913,0.5,2.5,3.0,58.8235294117647,294.11764705882354,352.94117647058823,0.0009779930114746094,0.00016299883524576822,3.0510671077829377e-06,0.0003051067107782938,2
1609480,1609834,worker,320.5499436855316,False,hdf5,h5_tr_210.py,210,stream,M2,512,1,64,/pscratch/sd/s/satt/sprints/data/converted_10M/mc_normalized_rntuple_10M_30.h5,,auto,,5000,,,,,,,false,true,2,19,0,1,5,0,6,25,0.24,24.0,0.5,2.5,3.0,52.63157894736842,263.1578947368421,315.7894736842105,0.0004260540008544922,7.100900014241536e-05,1.3291345365902264e-06,0.0001329134536590226,2
1609480,1609835,worker,320.5672461986542,False,hdf5,h5_tr_210.py,210,stream,M2,512,1,64,/pscratch/sd/s/satt/sprints/data/converted_10M/mc_normalized_rntuple_10M_30.h5,,auto,,5000,,,,,,,false,true,2,17,0,1,5,0,6,23,0.2608695652173913,26.08695652173913,0.5,2.5,3.0,58.8235294117647,294.11764705882354,352.94117647058823,0.0005214214324951172,8.690357208251953e-05,1.6265586664833329e-06,0.00016265586664833328,2
1609480,1609836,worker,320.5104835033417,False,hdf5,h5_tr_210.py,210,stream,M2,512,1,64,/pscratch/sd/s/satt/sprints/data/converted_10M/mc_normalized_rntuple_10M_30.h5,,auto,,5000,,,,,,,false,true,2,17,0,1,5,0,6,23,0.2608695652173913,26.08695652173913,0.5,2.5,3.0,58.8235294117647,294.11764705882354,352.94117647058823,0.0005013942718505859,8.356571197509766e-05,1.564361534668361e-06,0.00015643615346683609,2
1609480,1609837,worker,320.52432465553284,False,hdf5,h5_tr_210.py,210,stream,M2,512,1,64,/pscratch/sd/s/satt/sprints/data/converted_10M/mc_normalized_rntuple_10M_30.h5,,auto,,5000,,,,,,,false,true,2,19,0,1,5,0,6,25,0.24,24.0,0.5,2.5,3.0,52.63157894736842,263.1578947368421,315.7894736842105,0.0009446144104003906,0.00015743573506673178,2.947091180725727e-06,0.00029470911807257276,2
1609480,1609838,worker,320.52363204956055,False,hdf5,h5_tr_210.py,210,stream,M2,512,1,64,/pscratch/sd/s/satt/sprints/data/converted_10M/mc_normalized_rntuple_10M_30.h5,,auto,,5000,,,,,,,false,true,2,17,0,1,5,0,6,23,0.2608695652173913,26.08695652173913,0.5,2.5,3.0,58.8235294117647,294.11764705882354,352.94117647058823,0.0003476142883300781,5.793571472167969e-05,1.0845199965671445e-06,0.00010845199965671446,2
1609480,1609839,worker,320.4936020374298,False,hdf5,h5_tr_210.py,210,stream,M2,512,1,64,/pscratch/sd/s/satt/sprints/data/converted_10M/mc_normalized_rntuple_10M_30.h5,,auto,,5000,,,,,,,false,true,2,17,0,1,5,0,6,23,0.2608695652173913,26.08695652173913,0.5,2.5,3.0,58.8235294117647,294.11764705882354,352.94117647058823,0.0006496906280517578,0.00010828177134195964,2.0271563111449623e-06,0.00020271563111449623,2
1609480,1609840,worker,320.5236306190491,False,hdf5,h5_tr_210.py,210,stream,M2,512,1,64,/pscratch/sd/s/satt/sprints/data/converted_10M/mc_normalized_rntuple_10M_30.h5,,auto,,5000,,,,,,,false,true,2,19,0,1,5,0,6,25,0.24,24.0,0.5,2.5,3.0,52.63157894736842,263.1578947368421,315.7894736842105,0.0006394386291503906,0.00010657310485839844,1.994981237156834e-06,0.00019949812371568342,2
1609480,1609841,worker,320.51188254356384,False,hdf5,h5_tr_210.py,210,stream,M2,512,1,64,/pscratch/sd/s/satt/sprints/data/converted_10M/mc_normalized_rntuple_10M_30.h5,,auto,,5000,,,,,,,false,true,2,17,0,1,5,0,6,23,0.2608695652173913,26.08695652173913,0.5,2.5,3.0,58.8235294117647,294.11764705882354,352.94117647058823,0.0009033679962158203,0.00015056133270263672,2.818516396480355e-06,0.0002818516396480355,2
1609480,1609842,worker,320.50551676750183,False,hdf5,h5_tr_210.py,210,stream,M2,512,1,64,/pscratch/sd/s/satt/sprints/data/converted_10M/mc_normalized_rntuple_10M_30.h5,,auto,,5000,,,,,,,false,true,2,21,0,1,5,0,6,27,0.2222222222222222,22.22222222222222,0.5,2.5,3.0,47.61904761904762,238.0952380952381,285.7142857142857,0.0005142688751220703,8.571147918701172e-05,1.604555454485754e-06,0.00016045554544857538,2
1609480,1609843,worker,320.5015790462494,False,hdf5,h5_tr_210.py,210,stream,M2,512,1,64,/pscratch/sd/s/satt/sprints/data/converted_10M/mc_normalized_rntuple_10M_30.h5,,auto,,5000,,,,,,,false,true,2,17,0,1,5,0,6,23,0.2608695652173913,26.08695652173913,0.5,2.5,3.0,58.8235294117647,294.11764705882354,352.94117647058823,0.0008344650268554688,0.00013907750447591147,2.603622201608725e-06,0.00026036222016087254,2
1609480,1609844,worker,320.49052262306213,False,hdf5,h5_tr_210.py,210,stream,M2,512,1,64,/pscratch/sd/s/satt/sprints/data/converted_10M/mc_normalized_rntuple_10M_30.h5,,auto,,5000,,,,,,,false,true,2,17,0,1,5,0,6,23,0.2608695652173913,26.08695652173913,0.5,2.5,3.0,58.8235294117647,294.11764705882354,352.94117647058823,0.0009758472442626953,0.00016264120737711588,3.044855230899968e-06,0.00030448552308999684,2
1609480,1609845,worker,320.4820942878723,False,hdf5,h5_tr_210.py,210,stream,M2,512,1,64,/pscratch/sd/s/satt/sprints/data/converted_10M/mc_normalized_rntuple_10M_30.h5,,auto,,5000,,,,,,,false,true,2,19,0,1,5,0,6,25,0.24,24.0,0.5,2.5,3.0,52.63157894736842,263.1578947368421,315.7894736842105,0.0015583038330078125,0.00025971730550130207,4.862374094473027e-06,0.0004862374094473027,2
1609480,1609846,worker,320.47767329216003,False,hdf5,h5_tr_210.py,210,stream,M2,512,1,64,/pscratch/sd/s/satt/sprints/data/converted_10M/mc_normalized_rntuple_10M_30.h5,,auto,,5000,,,,,,,false,true,2,17,0,1,5,0,6,23,0.2608695652173913,26.08695652173913,0.5,2.5,3.0,58.8235294117647,294.11764705882354,352.94117647058823,0.0019774436950683594,0.0003295739491780599,6.170300959672919e-06,0.0006170300959672919,2
1609480,1609847,worker,320.4490876197815,False,hdf5,h5_tr_210.py,210,stream,M2,512,1,64,/pscratch/sd/s/satt/sprints/data/converted_10M/mc_normalized_rntuple_10M_30.h5,,auto,,5000,,,,,,,false,true,2,17,0,1,5,0,6,23,0.2608695652173913,26.08695652173913,0.5,2.5,3.0,58.8235294117647,294.11764705882354,352.94117647058823,0.003433704376220703,0.0005722840627034506,1.0715288352747174e-05,0.0010715288352747174,2
1609480,1609848,worker,320.45952582359314,False,hdf5,h5_tr_210.py,210,stream,M2,512,1,64,/pscratch/sd/s/satt/sprints/data/converted_10M/mc_normalized_rntuple_10M_30.h5,,auto,,5000,,,,,,,false,true,2,19,0,1,5,0,6,25,0.24,24.0,0.5,2.5,3.0,52.63157894736842,263.1578947368421,315.7894736842105,0.04509139060974121,0.007515231768290202,0.0001407085356375493,0.014070853563754931,2
1609480,1609849,worker,320.4344491958618,False,hdf5,h5_tr_210.py,210,stream,M2,512,1,64,/pscratch/sd/s/satt/sprints/data/converted_10M/mc_normalized_rntuple_10M_30.h5,,auto,,5000,,,,,,,false,true,2,17,0,1,5,0,6,23,0.2608695652173913,26.08695652173913,0.5,2.5,3.0,58.8235294117647,294.11764705882354,352.94117647058823,0.025177001953125,0.0041961669921875,7.857145826956905e-05,0.007857145826956905,2
1609480,1609850,worker,320.44900369644165,False,hdf5,h5_tr_210.py,210,stream,M2,512,1,64,/pscratch/sd/s/satt/sprints/data/converted_10M/mc_normalized_rntuple_10M_30.h5,,auto,,5000,,,,,,,false,true,2,17,0,1,5,0,6,23,0.2608695652173913,26.08695652173913,0.5,2.5,3.0,58.8235294117647,294.11764705882354,352.94117647058823,0.01944255828857422,0.0032404263814290366,6.067286234096697e-05,0.006067286234096697,2
1609480,1609851,worker,320.40695977211,False,hdf5,h5_tr_210.py,210,stream,M2,512,1,64,/pscratch/sd/s/satt/sprints/data/converted_10M/mc_normalized_rntuple_10M_30.h5,,auto,,5000,,,,,,,false,true,2,19,0,1,5,0,6,25,0.24,24.0,0.5,2.5,3.0,52.63157894736842,263.1578947368421,315.7894736842105,0.0034606456756591797,0.0005767742792765299,1.0800781849809287e-05,0.0010800781849809287,2
1609480,1609852,worker,320.3955397605896,False,hdf5,h5_tr_210.py,210,stream,M2,512,1,64,/pscratch/sd/s/satt/sprints/data/converted_10M/mc_normalized_rntuple_10M_30.h5,,auto,,5000,,,,,,,false,true,2,17,0,1,5,0,6,23,0.2608695652173913,26.08695652173913,0.5,2.5,3.0,58.8235294117647,294.11764705882354,352.94117647058823,0.0034317970275878906,0.0005719661712646484,1.0711126097923354e-05,0.0010711126097923353,2
1609480,1609853,worker,320.43832182884216,False,hdf5,h5_tr_210.py,210,stream,M2,512,1,64,/pscratch/sd/s/satt/sprints/data/converted_10M/mc_normalized_rntuple_10M_30.h5,,auto,,5000,,,,,,,false,true,2,17,0,1,5,0,6,23,0.2608695652173913,26.08695652173913,0.5,2.5,3.0,58.8235294117647,294.11764705882354,352.94117647058823,0.003773212432861328,0.0006288687388102213,1.1775159760313372e-05,0.0011775159760313372,2
1609480,1609854,worker,320.4224865436554,False,hdf5,h5_tr_210.py,210,stream,M2,512,1,64,/pscratch/sd/s/satt/sprints/data/converted_10M/mc_normalized_rntuple_10M_30.h5,,auto,,5000,,,,,,,false,true,2,19,0,1,5,0,6,25,0.24,24.0,0.5,2.5,3.0,52.63157894736842,263.1578947368421,315.7894736842105,0.019685029983520508,0.0032808383305867514,6.143460840048926e-05,0.006143460840048926,2
1609480,1609855,worker,320.41072392463684,False,hdf5,h5_tr_210.py,210,stream,M2,512,1,64,/pscratch/sd/s/satt/sprints/data/converted_10M/mc_normalized_rntuple_10M_30.h5,,auto,,5000,,,,,,,false,true,2,17,0,1,5,0,6,23,0.2608695652173913,26.08695652173913,0.5,2.5,3.0,58.8235294117647,294.11764705882354,352.94117647058823,0.019330501556396484,0.003221750259399414,6.0330382577779054e-05,0.006033038257777905,2
1609480,1609856,worker,320.374356508255,False,hdf5,h5_tr_210.py,210,stream,M2,512,1,64,/pscratch/sd/s/satt/sprints/data/converted_10M/mc_normalized_rntuple_10M_30.h5,,auto,,5000,,,,,,,false,true,2,17,0,1,5,0,6,23,0.2608695652173913,26.08695652173913,0.5,2.5,3.0,58.8235294117647,294.11764705882354,352.94117647058823,0.0036711692810058594,0.0006118615468343099,1.1458998532272557e-05,0.001145899853227256,2
1609480,1609857,worker,320.3697602748871,False,hdf5,h5_tr_210.py,210,stream,M2,512,1,64,/pscratch/sd/s/satt/sprints/data/converted_10M/mc_normalized_rntuple_10M_30.h5,,auto,,5000,,,,,,,false,true,2,19,0,1,5,0,6,25,0.24,24.0,0.5,2.5,3.0,52.63157894736842,263.1578947368421,315.7894736842105,0.021432876586914062,0.0035721460978190103,6.690043582304397e-05,0.006690043582304396,2
1609480,1609858,worker,320.36312222480774,False,hdf5,h5_tr_210.py,210,stream,M2,512,1,64,/pscratch/sd/s/satt/sprints/data/converted_10M/mc_normalized_rntuple_10M_30.h5,,auto,,5000,,,,,,,false,true,2,17,0,1,5,0,6,23,0.2608695652173913,26.08695652173913,0.5,2.5,3.0,58.8235294117647,294.11764705882354,352.94117647058823,0.05008697509765625,0.008347829182942709,0.00015634438430309973,0.015634438430309972,2
1609480,1609859,worker,320.34776425361633,False,hdf5,h5_tr_210.py,210,stream,M2,512,1,64,/pscratch/sd/s/satt/sprints/data/converted_10M/mc_normalized_rntuple_10M_30.h5,,auto,,5000,,,,,,,false,true,2,17,0,1,5,0,6,23,0.2608695652173913,26.08695652173913,0.5,2.5,3.0,58.8235294117647,294.11764705882354,352.94117647058823,0.05063033103942871,0.008438388506571451,0.00015804802370758908,0.01580480237075891,2
1609480,1609860,worker,320.34433579444885,False,hdf5,h5_tr_210.py,210,stream,M2,512,1,64,/pscratch/sd/s/satt/sprints/data/converted_10M/mc_normalized_rntuple_10M_30.h5,,auto,,5000,,,,,,,false,true,2,19,0,1,5,0,6,25,0.24,24.0,0.5,2.5,3.0,52.63157894736842,263.1578947368421,315.7894736842105,0.05065345764160156,0.008442242940266928,0.00015812190815230677,0.01581219081523068,2
1609480,1609861,worker,320.37501406669617,False,hdf5,h5_tr_210.py,210,stream,M2,512,1,64,/pscratch/sd/s/satt/sprints/data/converted_10M/mc_normalized_rntuple_10M_30.h5,,auto,,5000,,,,,,,false,true,2,17,0,1,5,0,6,23,0.2608695652173913,26.08695652173913,0.5,2.5,3.0,58.8235294117647,294.11764705882354,352.94117647058823,0.0763697624206543,0.012728293736775717,0.0002383761500350821,0.023837615003508207,2
1609480,1609862,worker,320.3670060634613,False,hdf5,h5_tr_210.py,210,stream,M2,512,1,64,/pscratch/sd/s/satt/sprints/data/converted_10M/mc_normalized_rntuple_10M_30.h5,,auto,,5000,,,,,,,false,true,2,17,0,1,5,0,6,23,0.2608695652173913,26.08695652173913,0.5,2.5,3.0,58.8235294117647,294.11764705882354,352.94117647058823,0.005804300308227539,0.0009673833847045898,1.811765942925399e-05,0.0018117659429253987,2
1609480,1609863,worker,320.3611626625061,False,hdf5,h5_tr_210.py,210,stream,M2,512,1,64,/pscratch/sd/s/satt/sprints/data/converted_10M/mc_normalized_rntuple_10M_30.h5,,auto,,5000,,,,,,,false,true,2,19,0,1,5,0,6,25,0.24,24.0,0.5,2.5,3.0,52.63157894736842,263.1578947368421,315.7894736842105,0.07662701606750488,0.012771169344584147,0.00023918946800748712,0.023918946800748714,2
1609480,1609864,worker,320.30836725234985,False,hdf5,h5_tr_210.py,210,stream,M2,512,1,64,/pscratch/sd/s/satt/sprints/data/converted_10M/mc_normalized_rntuple_10M_30.h5,,auto,,5000,,,,,,,false,true,2,17,0,1,5,0,6,23,0.2608695652173913,26.08695652173913,0.5,2.5,3.0,58.8235294117647,294.11764705882354,352.94117647058823,0.007642030715942383,0.0012736717859903972,2.3858354939325487e-05,0.0023858354939325487,2
1609480,1609865,worker,320.34388399124146,False,hdf5,h5_tr_210.py,210,stream,M2,512,1,64,/pscratch/sd/s/satt/sprints/data/converted_10M/mc_normalized_rntuple_10M_30.h5,,auto,,5000,,,,,,,false,true,2,17,0,1,5,0,6,23,0.2608695652173913,26.08695652173913,0.5,2.5,3.0,58.8235294117647,294.11764705882354,352.94117647058823,0.01055002212524414,0.0017583370208740234,3.293342764593748e-05,0.003293342764593748,2
1609480,1609866,worker,320.3365728855133,False,hdf5,h5_tr_210.py,210,stream,M2,512,1,64,/pscratch/sd/s/satt/sprints/data/converted_10M/mc_normalized_rntuple_10M_30.h5,,auto,,5000,,,,,,,false,true,2,19,0,1,5,0,6,25,0.24,24.0,0.5,2.5,3.0,52.63157894736842,263.1578947368421,315.7894736842105,0.0077745914459228516,0.0012957652409871419,2.4270071243789737e-05,0.002427007124378974,2
1609480,1609867,worker,320.2890865802765,False,hdf5,h5_tr_210.py,210,stream,M2,512,1,64,/pscratch/sd/s/satt/sprints/data/converted_10M/mc_normalized_rntuple_10M_30.h5,,auto,,5000,,,,,,,false,true,2,17,0,1,5,0,6,23,0.2608695652173913,26.08695652173913,0.5,2.5,3.0,58.8235294117647,294.11764705882354,352.94117647058823,0.007718324661254883,0.0012863874435424805,2.409799454506353e-05,0.002409799454506353,2
1609480,1609868,worker,320.3075740337372,False,hdf5,h5_tr_210.py,210,stream,M2,512,1,64,/pscratch/sd/s/satt/sprints/data/converted_10M/mc_normalized_rntuple_10M_30.h5,,auto,,5000,,,,,,,false,true,2,17,0,1,5,0,6,23,0.2608695652173913,26.08695652173913,0.5,2.5,3.0,58.8235294117647,294.11764705882354,352.94117647058823,0.022116661071777344,0.003686110178629557,6.904819887102592e-05,0.006904819887102592,2
1609480,1609869,worker,320.3188810348511,False,hdf5,h5_tr_210.py,210,stream,M2,512,1,64,/pscratch/sd/s/satt/sprints/data/converted_10M/mc_normalized_rntuple_10M_30.h5,,auto,,5000,,,,,,,false,true,2,19,0,1,5,0,6,25,0.24,24.0,0.5,2.5,3.0,52.63157894736842,263.1578947368421,315.7894736842105,0.007575273513793945,0.0012625455856323242,2.364916326293531e-05,0.0023649163262935307,2
1609480,1609870,worker,320.2754330635071,False,hdf5,h5_tr_210.py,210,stream,M2,512,1,64,/pscratch/sd/s/satt/sprints/data/converted_10M/mc_normalized_rntuple_10M_30.h5,,auto,,5000,,,,,,,false,true,2,17,0,1,5,0,6,23,0.2608695652173913,26.08695652173913,0.5,2.5,3.0,58.8235294117647,294.11764705882354,352.94117647058823,0.007607698440551758,0.0012679497400919597,2.3753612219902098e-05,0.0023753612219902095,2
1609480,1609871,worker,320.29508876800537,False,hdf5,h5_tr_210.py,210,stream,M2,512,1,64,/pscratch/sd/s/satt/sprints/data/converted_10M/mc_normalized_rntuple_10M_30.h5,,auto,,5000,,,,,,,false,true,2,17,0,1,5,0,6,23,0.2608695652173913,26.08695652173913,0.5,2.5,3.0,58.8235294117647,294.11764705882354,352.94117647058823,0.08445858955383301,0.014076431592305502,0.0002636899300538687,0.026368993005386872,2
1609480,1609872,worker,320.2559061050415,False,hdf5,h5_tr_210.py,210,stream,M2,512,1,64,/pscratch/sd/s/satt/sprints/data/converted_10M/mc_normalized_rntuple_10M_30.h5,,auto,,5000,,,,,,,false,true,2,19,0,1,5,0,6,25,0.24,24.0,0.5,2.5,3.0,52.63157894736842,263.1578947368421,315.7894736842105,0.045624494552612305,0.007604082425435384,0.0001424626171847954,0.01424626171847954,2
1609480,1609873,worker,320.29711151123047,False,hdf5,h5_tr_210.py,210,stream,M2,512,1,64,/pscratch/sd/s/satt/sprints/data/converted_10M/mc_normalized_rntuple_10M_30.h5,,auto,,5000,,,,,,,false,true,2,17,0,1,5,0,6,23,0.2608695652173913,26.08695652173913,0.5,2.5,3.0,58.8235294117647,294.11764705882354,352.94117647058823,0.008087396621704102,0.0013478994369506836,2.5249670793301976e-05,0.0025249670793301973,2
1609480,1609874,worker,320.2475550174713,False,hdf5,h5_tr_210.py,210,stream,M2,512,1,64,/pscratch/sd/s/satt/sprints/data/converted_10M/mc_normalized_rntuple_10M_30.h5,,auto,,5000,,,,,,,false,true,2,17,0,1,5,0,6,23,0.2608695652173913,26.08695652173913,0.5,2.5,3.0,58.8235294117647,294.11764705882354,352.94117647058823,0.00812077522277832,0.00135346253712972,2.5357805533707468e-05,0.0025357805533707464,2
1609480,1609875,worker,320.2726266384125,False,hdf5,h5_tr_210.py,210,stream,M2,512,1,64,/pscratch/sd/s/satt/sprints/data/converted_10M/mc_normalized_rntuple_10M_30.h5,,auto,,5000,,,,,,,false,true,2,19,0,1,5,0,6,25,0.24,24.0,0.5,2.5,3.0,52.63157894736842,263.1578947368421,315.7894736842105,0.008033514022827148,0.0013389190038045247,2.5083361344823824e-05,0.0025083361344823826,2
1609480,1609876,worker,320.2429983615875,False,hdf5,h5_tr_210.py,210,stream,M2,512,1,64,/pscratch/sd/s/satt/sprints/data/converted_10M/mc_normalized_rntuple_10M_30.h5,,auto,,5000,,,,,,,false,true,2,17,0,1,5,0,6,23,0.2608695652173913,26.08695652173913,0.5,2.5,3.0,58.8235294117647,294.11764705882354,352.94117647058823,0.08779287338256836,0.014632145563761393,0.0002741445522048264,0.027414455220482636,2
1609480,1609877,worker,320.2583260536194,False,hdf5,h5_tr_210.py,210,stream,M2,512,1,64,/pscratch/sd/s/satt/sprints/data/converted_10M/mc_normalized_rntuple_10M_30.h5,,auto,,5000,,,,,,,false,true,2,17,0,1,5,0,6,23,0.2608695652173913,26.08695652173913,0.5,2.5,3.0,58.8235294117647,294.11764705882354,352.94117647058823,0.1152191162109375,0.01920318603515625,0.0003597693075796783,0.03597693075796783,2
1609480,1609878,worker,320.2177023887634,False,hdf5,h5_tr_210.py,210,stream,M2,512,1,64,/pscratch/sd/s/satt/sprints/data/converted_10M/mc_normalized_rntuple_10M_30.h5,,auto,,5000,,,,,,,false,true,2,19,0,1,5,0,6,25,0.24,24.0,0.5,2.5,3.0,52.63157894736842,263.1578947368421,315.7894736842105,0.08628106117248535,0.014380176862080893,0.0002694450073460804,0.02694450073460804,2
1609480,1609879,worker,320.236718416214,False,hdf5,h5_tr_210.py,210,stream,M2,512,1,64,/pscratch/sd/s/satt/sprints/data/converted_10M/mc_normalized_rntuple_10M_30.h5,,auto,,5000,,,,,,,false,true,2,17,0,1,5,0,6,23,0.2608695652173913,26.08695652173913,0.5,2.5,3.0,58.8235294117647,294.11764705882354,352.94117647058823,0.02622079849243164,0.00437013308207194,8.187942538916564e-05,0.008187942538916564,2
1609480,1609880,worker,320.20855021476746,False,hdf5,h5_tr_210.py,210,stream,M2,512,1,64,/pscratch/sd/s/satt/sprints/data/converted_10M/mc_normalized_rntuple_10M_30.h5,,auto,,5000,,,,,,,false,true,2,17,0,1,5,0,6,23,0.2608695652173913,26.08695652173913,0.5,2.5,3.0,58.8235294117647,294.11764705882354,352.94117647058823,0.11687660217285156,0.01947943369547526,0.0003650015032217632,0.036500150322176315,2
1609480,1609881,worker,320.185373544693,False,hdf5,h5_tr_210.py,210,stream,M2,512,1,64,/pscratch/sd/s/satt/sprints/data/converted_10M/mc_normalized_rntuple_10M_30.h5,,auto,,5000,,,,,,,false,true,2,19,0,1,5,0,6,25,0.24,24.0,0.5,2.5,3.0,52.63157894736842,263.1578947368421,315.7894736842105,0.05651283264160156,0.009418805440266928,0.00017650035670262507,0.017650035670262507,2
1609480,1609882,worker,320.2219023704529,False,hdf5,h5_tr_210.py,210,stream,M2,512,1,64,/pscratch/sd/s/satt/sprints/data/converted_10M/mc_normalized_rntuple_10M_30.h5,,auto,,5000,,,,,,,false,true,2,17,0,1,5,0,6,23,0.2608695652173913,26.08695652173913,0.5,2.5,3.0,58.8235294117647,294.11764705882354,352.94117647058823,0.11638998985290527,0.01939833164215088,0.0003634666741760156,0.03634666741760156,2
1609480,1609883,worker,320.2064049243927,False,hdf5,h5_tr_210.py,210,stream,M2,512,1,64,/pscratch/sd/s/satt/sprints/data/converted_10M/mc_normalized_rntuple_10M_30.h5,,auto,,5000,,,,,,,false,true,2,17,0,1,5,0,6,23,0.2608695652173913,26.08695652173913,0.5,2.5,3.0,58.8235294117647,294.11764705882354,352.94117647058823,0.08522367477416992,0.014203945795694986,0.00026615231133272606,0.026615231133272608,2
1609480,1609884,worker,320.20201778411865,False,hdf5,h5_tr_210.py,210,stream,M2,512,1,64,/pscratch/sd/s/satt/sprints/data/converted_10M/mc_normalized_rntuple_10M_30.h5,,auto,,5000,,,,,,,false,true,2,19,0,1,5,0,6,25,0.24,24.0,0.5,2.5,3.0,52.63157894736842,263.1578947368421,315.7894736842105,0.11693763732910156,0.019489606221516926,0.00036519956413248256,0.036519956413248254,2
1609480,1609885,worker,320.1508502960205,False,hdf5,h5_tr_210.py,210,stream,M2,512,1,64,/pscratch/sd/s/satt/sprints/data/converted_10M/mc_normalized_rntuple_10M_30.h5,,auto,,5000,,,,,,,false,true,2,19,0,1,5,0,6,25,0.24,24.0,0.5,2.5,3.0,52.63157894736842,263.1578947368421,315.7894736842105,0.11735057830810547,0.019558429718017578,0.0003665477639668919,0.03665477639668919,2
1609480,1609886,worker,320.18868684768677,False,hdf5,h5_tr_210.py,210,stream,M2,512,1,64,/pscratch/sd/s/satt/sprints/data/converted_10M/mc_normalized_rntuple_10M_30.h5,,auto,,5000,,,,,,,false,true,2,19,0,1,5,0,6,25,0.24,24.0,0.5,2.5,3.0,52.63157894736842,263.1578947368421,315.7894736842105,0.07199287414550781,0.011998812357584635,0.00022484515257016155,0.022484515257016155,2
1609480,1609887,worker,320.1855432987213,False,hdf5,h5_tr_210.py,210,stream,M2,512,1,64,/pscratch/sd/s/satt/sprints/data/converted_10M/mc_normalized_rntuple_10M_30.h5,,auto,,5000,,,,,,,false,true,2,17,0,1,5,0,6,23,0.2608695652173913,26.08695652173913,0.5,2.5,3.0,58.8235294117647,294.11764705882354,352.94117647058823,0.0888524055480957,0.014808734258015951,0.00027750286484733535,0.027750286484733537,2
1609480,1609888,worker,320.16975235939026,False,hdf5,h5_tr_210.py,210,stream,M2,512,1,64,/pscratch/sd/s/satt/sprints/data/converted_10M/mc_normalized_rntuple_10M_30.h5,,auto,,5000,,,,,,,false,true,2,17,0,1,5,0,6,23,0.2608695652173913,26.08695652173913,0.5,2.5,3.0,58.8235294117647,294.11764705882354,352.94117647058823,0.04367828369140625,0.007279713948567708,0.00013642226777992888,0.013642226777992887,2
1609480,1609889,worker,320.12687969207764,False,hdf5,h5_tr_210.py,210,stream,M2,512,1,64,/pscratch/sd/s/satt/sprints/data/converted_10M/mc_normalized_rntuple_10M_30.h5,,auto,,5000,,,,,,,false,true,2,19,0,1,5,0,6,25,0.24,24.0,0.5,2.5,3.0,52.63157894736842,263.1578947368421,315.7894736842105,0.0050547122955322266,0.0008424520492553711,1.5789715316608942e-05,0.0015789715316608943,2
1609480,1609890,worker,320.15814542770386,False,hdf5,h5_tr_210.py,210,stream,M2,512,1,64,/pscratch/sd/s/satt/sprints/data/converted_10M/mc_normalized_rntuple_10M_30.h5,,auto,,5000,,,,,,,false,true,2,17,0,1,5,0,6,23,0.2608695652173913,26.08695652173913,0.5,2.5,3.0,58.8235294117647,294.11764705882354,352.94117647058823,0.0772254467010498,0.0128709077835083,0.0002412103137275587,0.02412103137275587,2
1609480,1609891,worker,320.1480801105499,False,hdf5,h5_tr_210.py,210,stream,M2,512,1,64,/pscratch/sd/s/satt/sprints/data/converted_10M/mc_normalized_rntuple_10M_30.h5,,auto,,5000,,,,,,,false,true,2,17,0,1,5,0,6,23,0.2608695652173913,26.08695652173913,0.5,2.5,3.0,58.8235294117647,294.11764705882354,352.94117647058823,0.005639791488647461,0.0009399652481079102,1.7616196501006634e-05,0.0017616196501006633,2
1609480,1609892,worker,320.0985360145569,False,hdf5,h5_tr_210.py,210,stream,M2,512,1,64,/pscratch/sd/s/satt/sprints/data/converted_10M/mc_normalized_rntuple_10M_30.h5,,auto,,5000,,,,,,,false,true,2,19,0,1,5,0,6,25,0.24,24.0,0.5,2.5,3.0,52.63157894736842,263.1578947368421,315.7894736842105,0.004744291305541992,0.000790715217590332,1.4821346466033945e-05,0.0014821346466033945,2
1609480,1609893,worker,320.10914731025696,False,hdf5,h5_tr_210.py,210,stream,M2,512,1,64,/pscratch/sd/s/satt/sprints/data/converted_10M/mc_normalized_rntuple_10M_30.h5,,auto,,5000,,,,,,,false,true,2,17,0,1,5,0,6,23,0.2608695652173913,26.08695652173913,0.5,2.5,3.0,58.8235294117647,294.11764705882354,352.94117647058823,0.004670858383178711,0.0007784763971964518,1.4591455515801334e-05,0.0014591455515801336,2
1609480,1609894,worker,320.13371109962463,False,hdf5,h5_tr_210.py,210,stream,M2,512,1,64,/pscratch/sd/s/satt/sprints/data/converted_10M/mc_normalized_rntuple_10M_30.h5,,auto,,5000,,,,,,,false,true,2,17,0,1,5,0,6,23,0.2608695652173913,26.08695652173913,0.5,2.5,3.0,58.8235294117647,294.11764705882354,352.94117647058823,0.004018068313598633,0.0006696780522664388,1.2551218988456428e-05,0.0012551218988456428,2
1609480,1609895,worker,320.1233193874359,False,hdf5,h5_tr_210.py,210,stream,M2,512,1,64,/pscratch/sd/s/satt/sprints/data/converted_10M/mc_normalized_rntuple_10M_30.h5,,auto,,5000,,,,,,,false,true,2,19,0,1,5,0,6,25,0.24,24.0,0.5,2.5,3.0,52.63157894736842,263.1578947368421,315.7894736842105,0.0034475326538085938,0.0005745887756347656,1.0769389310361815e-05,0.0010769389310361817,2
1609480,1609896,worker,320.1137647628784,False,hdf5,h5_tr_210.py,210,stream,M2,512,1,64,/pscratch/sd/s/satt/sprints/data/converted_10M/mc_normalized_rntuple_10M_30.h5,,auto,,5000,,,,,,,false,true,2,17,0,1,5,0,6,23,0.2608695652173913,26.08695652173913,0.5,2.5,3.0,58.8235294117647,294.11764705882354,352.94117647058823,0.10222721099853516,0.01703786849975586,0.00031934650193583244,0.03193465019358324,2
1609480,1609897,worker,320.1129536628723,False,hdf5,h5_tr_210.py,210,stream,M2,512,1,64,/pscratch/sd/s/satt/sprints/data/converted_10M/mc_normalized_rntuple_10M_30.h5,,auto,,5000,,,,,,,false,true,2,17,0,1,5,0,6,23,0.2608695652173913,26.08695652173913,0.5,2.5,3.0,58.8235294117647,294.11764705882354,352.94117647058823,0.0033690929412841797,0.0005615154902140299,1.0524700430687186e-05,0.0010524700430687187,2
1609480,1609898,worker,320.0979073047638,False,hdf5,h5_tr_210.py,210,stream,M2,512,1,64,/pscratch/sd/s/satt/sprints/data/converted_10M/mc_normalized_rntuple_10M_30.h5,,auto,,5000,,,,,,,false,true,2,19,0,1,5,0,6,25,0.24,24.0,0.5,2.5,3.0,52.63157894736842,263.1578947368421,315.7894736842105,0.0026454925537109375,0.00044091542561848957,8.26463557973897e-06,0.000826463557973897,2
1609480,1609899,worker,320.0923616886139,False,hdf5,h5_tr_210.py,210,stream,M2,512,1,64,/pscratch/sd/s/satt/sprints/data/converted_10M/mc_normalized_rntuple_10M_30.h5,,auto,,5000,,,,,,,false,true,2,17,0,1,5,0,6,23,0.2608695652173913,26.08695652173913,0.5,2.5,3.0,58.8235294117647,294.11764705882354,352.94117647058823,0.0008709430694580078,0.0001451571782430013,2.72091175454309e-06,0.00027209117545430903,2
1609480,1609900,worker,320.09618735313416,False,hdf5,h5_tr_210.py,210,stream,M2,512,1,64,/pscratch/sd/s/satt/sprints/data/converted_10M/mc_normalized_rntuple_10M_30.h5,,auto,,5000,,,,,,,false,true,2,17,0,1,5,0,6,23,0.2608695652173913,26.08695652173913,0.5,2.5,3.0,58.8235294117647,294.11764705882354,352.94117647058823,0.0652315616607666,0.0108719269434611,0.00020378737466436088,0.02037873746643609,2
1609480,1609901,worker,320.07699632644653,False,hdf5,h5_tr_210.py,210,stream,M2,512,1,64,/pscratch/sd/s/satt/sprints/data/converted_10M/mc_normalized_rntuple_10M_30.h5,,auto,,5000,,,,,,,false,true,2,19,0,1,5,0,6,25,0.24,24.0,0.5,2.5,3.0,52.63157894736842,263.1578947368421,315.7894736842105,0.03836226463317871,0.006393710772196452,0.00011985323866902648,0.01198532386690265,2
1609480,1609902,worker,320.04691672325134,False,hdf5,h5_tr_210.py,210,stream,M2,512,1,64,/pscratch/sd/s/satt/sprints/data/converted_10M/mc_normalized_rntuple_10M_30.h5,,auto,,5000,,,,,,,false,true,2,17,0,1,5,0,6,23,0.2608695652173913,26.08695652173913,0.5,2.5,3.0,58.8235294117647,294.11764705882354,352.94117647058823,0.09827446937561035,0.01637907822926839,0.0003070626968751258,0.03070626968751258,2
1609480,1609903,worker,320.01837825775146,False,hdf5,h5_tr_210.py,210,stream,M2,512,1,64,/pscratch/sd/s/satt/sprints/data/converted_10M/mc_normalized_rntuple_10M_30.h5,,auto,,5000,,,,,,,false,true,2,17,0,1,5,0,6,23,0.2608695652173913,26.08695652173913,0.5,2.5,3.0,58.8235294117647,294.11764705882354,352.94117647058823,0.06332111358642578,0.010553518931070963,0.00019786711604239567,0.019786711604239567,2
1609480,1609904,worker,320.0369153022766,False,hdf5,h5_tr_210.py,210,stream,M2,512,1,64,/pscratch/sd/s/satt/sprints/data/converted_10M/mc_normalized_rntuple_10M_30.h5,,auto,,5000,,,,,,,false,true,2,19,0,1,5,0,6,25,0.24,24.0,0.5,2.5,3.0,52.63157894736842,263.1578947368421,315.7894736842105,0.0030210018157958984,0.0005035003026326498,9.439541725811679e-06,0.000943954172581168,2
1609480,1609905,worker,320.00945496559143,False,hdf5,h5_tr_210.py,210,stream,M2,512,1,64,/pscratch/sd/s/satt/sprints/data/converted_10M/mc_normalized_rntuple_10M_30.h5,,auto,,5000,,,,,,,false,true,2,17,0,1,5,0,6,23,0.2608695652173913,26.08695652173913,0.5,2.5,3.0,58.8235294117647,294.11764705882354,352.94117647058823,0.0037801265716552734,0.0006300210952758789,1.1812546513857618e-05,0.0011812546513857618,2
1609480,1609906,worker,320.00675892829895,False,hdf5,h5_tr_210.py,210,stream,M2,512,1,64,/pscratch/sd/s/satt/sprints/data/converted_10M/mc_normalized_rntuple_10M_30.h5,,auto,,5000,,,,,,,false,true,2,17,0,1,5,0,6,23,0.2608695652173913,26.08695652173913,0.5,2.5,3.0,58.8235294117647,294.11764705882354,352.94117647058823,0.003858327865600586,0.0006430546442667643,1.2057019915835862e-05,0.0012057019915835863,2
1609480,1609907,worker,320.03363943099976,False,hdf5,h5_tr_210.py,210,stream,M2,512,1,64,/pscratch/sd/s/satt/sprints/data/converted_10M/mc_normalized_rntuple_10M_30.h5,,auto,,5000,,,,,,,false,true,2,19,0,1,5,0,6,25,0.24,24.0,0.5,2.5,3.0,52.63157894736842,263.1578947368421,315.7894736842105,0.003039121627807617,0.0005065202713012695,9.496256809787213e-06,0.0009496256809787214,2
1609480,1609908,worker,320.0340805053711,False,hdf5,h5_tr_210.py,210,stream,M2,512,1,64,/pscratch/sd/s/satt/sprints/data/converted_10M/mc_normalized_rntuple_10M_30.h5,,auto,,5000,,,,,,,false,true,2,17,0,1,5,0,6,23,0.2608695652173913,26.08695652173913,0.5,2.5,3.0,58.8235294117647,294.11764705882354,352.94117647058823,0.0036804676055908203,0.0006134112675984701,1.1500236474124672e-05,0.0011500236474124672,2
1609480,1609909,worker,320.02372002601624,False,hdf5,h5_tr_210.py,210,stream,M2,512,1,64,/pscratch/sd/s/satt/sprints/data/converted_10M/mc_normalized_rntuple_10M_30.h5,,auto,,5000,,,,,,,false,true,2,17,0,1,5,0,6,23,0.2608695652173913,26.08695652173913,0.5,2.5,3.0,58.8235294117647,294.11764705882354,352.94117647058823,0.004326581954956055,0.0007210969924926758,1.351956647027391e-05,0.0013519566470273912,2
1609480,1609910,worker,319.99775671958923,False,hdf5,h5_tr_210.py,210,stream,M2,512,1,64,/pscratch/sd/s/satt/sprints/data/converted_10M/mc_normalized_rntuple_10M_30.h5,,auto,,5000,,,,,,,false,true,2,19,0,1,5,0,6,25,0.24,24.0,0.5,2.5,3.0,52.63157894736842,263.1578947368421,315.7894736842105,0.003946065902709961,0.0006576776504516602,1.233154239317952e-05,0.001233154239317952,2
1609480,1609911,worker,320.0081615447998,False,hdf5,h5_tr_210.py,210,stream,M2,512,1,64,/pscratch/sd/s/satt/sprints/data/converted_10M/mc_normalized_rntuple_10M_30.h5,,auto,,5000,,,,,,,false,true,2,17,0,1,5,0,6,23,0.2608695652173913,26.08695652173913,0.5,2.5,3.0,58.8235294117647,294.11764705882354,352.94117647058823,0.004201173782348633,0.0007001956303914388,1.312833323396499e-05,0.001312833323396499,2
1609480,1609912,worker,320.00240755081177,False,hdf5,h5_tr_210.py,210,stream,M2,512,1,64,/pscratch/sd/s/satt/sprints/data/converted_10M/mc_normalized_rntuple_10M_30.h5,,auto,,5000,,,,,,,false,true,2,17,0,1,5,0,6,23,0.2608695652173913,26.08695652173913,0.5,2.5,3.0,58.8235294117647,294.11764705882354,352.94117647058823,0.025628328323364258,0.004271388053894043,8.008792346130973e-05,0.008008792346130974,2
1609480,1609913,worker,319.9659025669098,False,hdf5,h5_tr_210.py,210,stream,M2,512,1,64,/pscratch/sd/s/satt/sprints/data/converted_10M/mc_normalized_rntuple_10M_30.h5,,auto,,5000,,,,,,,false,true,2,19,0,1,5,0,6,25,0.24,24.0,0.5,2.5,3.0,52.63157894736842,263.1578947368421,315.7894736842105,0.056191205978393555,0.009365200996398926,0.00017561623137841417,0.017561623137841417,2
1609480,1609914,worker,319.99208879470825,False,hdf5,h5_tr_210.py,210,stream,M2,512,1,64,/pscratch/sd/s/satt/sprints/data/converted_10M/mc_normalized_rntuple_10M_30.h5,,auto,,5000,,,,,,,false,true,2,17,0,1,5,0,6,23,0.2608695652173913,26.08695652173913,0.5,2.5,3.0,58.8235294117647,294.11764705882354,352.94117647058823,0.08704996109008789,0.014508326848347982,0.0002720378538668655,0.02720378538668655,2
1609480,1609915,worker,319.9747416973114,False,hdf5,h5_tr_210.py,210,stream,M2,512,1,64,/pscratch/sd/s/satt/sprints/data/converted_10M/mc_normalized_rntuple_10M_30.h5,,auto,,5000,,,,,,,false,true,2,17,0,1,5,0,6,23,0.2608695652173913,26.08695652173913,0.5,2.5,3.0,58.8235294117647,294.11764705882354,352.94117647058823,0.08690547943115234,0.014484246571858725,0.000271601061290528,0.027160106129052803,2
1609480,1609916,worker,319.9225525856018,False,hdf5,h5_tr_210.py,210,stream,M2,512,1,64,/pscratch/sd/s/satt/sprints/data/converted_10M/mc_normalized_rntuple_10M_30.h5,,auto,,5000,,,,,,,false,true,2,19,0,1,5,0,6,25,0.24,24.0,0.5,2.5,3.0,52.63157894736842,263.1578947368421,315.7894736842105,0.025788307189941406,0.004298051198323567,8.060796896474254e-05,0.008060796896474254,2
1609480,1609917,worker,319.97598123550415,False,hdf5,h5_tr_210.py,210,stream,M2,512,1,64,/pscratch/sd/s/satt/sprints/data/converted_10M/mc_normalized_rntuple_10M_30.h5,,auto,,5000,,,,,,,false,true,2,17,0,1,5,0,6,23,0.2608695652173913,26.08695652173913,0.5,2.5,3.0,58.8235294117647,294.11764705882354,352.94117647058823,0.08474445343017578,0.014124075571695963,0.0002648462959718323,0.026484629597183226,2
1609480,1609918,worker,319.9329524040222,False,hdf5,h5_tr_210.py,210,stream,M2,512,1,64,/pscratch/sd/s/satt/sprints/data/converted_10M/mc_normalized_rntuple_10M_30.h5,,auto,,5000,,,,,,,false,true,2,17,0,1,5,0,6,23,0.2608695652173913,26.08695652173913,0.5,2.5,3.0,58.8235294117647,294.11764705882354,352.94117647058823,0.024930953979492188,0.004155158996582031,7.792555844015883e-05,0.007792555844015883,2
1609480,1609919,worker,319.9459867477417,False,hdf5,h5_tr_210.py,210,stream,M2,512,1,64,/pscratch/sd/s/satt/sprints/data/converted_10M/mc_normalized_rntuple_10M_30.h5,,auto,,5000,,,,,,,false,true,2,19,0,1,5,0,6,25,0.24,24.0,0.5,2.5,3.0,52.63157894736842,263.1578947368421,315.7894736842105,0.05703997611999512,0.009506662686665853,0.00017828001751110488,0.017828001751110486,2
1609480,1609920,worker,319.89818263053894,False,hdf5,h5_tr_210.py,210,stream,M2,512,1,64,/pscratch/sd/s/satt/sprints/data/converted_10M/mc_normalized_rntuple_10M_30.h5,,auto,,5000,,,,,,,false,true,2,17,0,1,5,0,6,23,0.2608695652173913,26.08695652173913,0.5,2.5,3.0,58.8235294117647,294.11764705882354,352.94117647058823,0.08551859855651855,0.01425309975941976,0.0002673306795721526,0.026733067957215258,2
1609480,1609921,worker,319.9328339099884,False,hdf5,h5_tr_210.py,210,stream,M2,512,1,64,/pscratch/sd/s/satt/sprints/data/converted_10M/mc_normalized_rntuple_10M_30.h5,,auto,,5000,,,,,,,false,true,2,17,0,1,5,0,6,23,0.2608695652173913,26.08695652173913,0.5,2.5,3.0,58.8235294117647,294.11764705882354,352.94117647058823,0.05675077438354492,0.009458462397257486,0.0001773834016658368,0.01773834016658368,2
1609480,1609922,worker,319.9356551170349,False,hdf5,h5_tr_210.py,210,stream,M2,512,1,64,/pscratch/sd/s/satt/sprints/data/converted_10M/mc_normalized_rntuple_10M_30.h5,,auto,,5000,,,,,,,false,true,2,19,0,1,5,0,6,25,0.24,24.0,0.5,2.5,3.0,52.63157894736842,263.1578947368421,315.7894736842105,0.0848536491394043,0.014142274856567383,0.00026522098360173135,0.026522098360173135,2
1609480,1609923,worker,319.90500020980835,False,hdf5,h5_tr_210.py,210,stream,M2,512,1,64,/pscratch/sd/s/satt/sprints/data/converted_10M/mc_normalized_rntuple_10M_30.h5,,auto,,5000,,,,,,,false,true,2,17,0,1,5,0,6,23,0.2608695652173913,26.08695652173913,0.5,2.5,3.0,58.8235294117647,294.11764705882354,352.94117647058823,0.0038161277770996094,0.0006360212961832682,1.1928940699885335e-05,0.0011928940699885335,2
1609480,1609924,worker,319.91523337364197,False,hdf5,h5_tr_210.py,210,stream,M2,512,1,64,/pscratch/sd/s/satt/sprints/data/converted_10M/mc_normalized_rntuple_10M_30.h5,,auto,,5000,,,,,,,false,true,2,17,0,1,5,0,6,23,0.2608695652173913,26.08695652173913,0.5,2.5,3.0,58.8235294117647,294.11764705882354,352.94117647058823,0.09824848175048828,0.016374746958414715,0.0003071078570233006,0.03071078570233006,2
1609480,1609925,worker,319.90622425079346,False,hdf5,h5_tr_210.py,210,stream,M2,512,1,64,/pscratch/sd/s/satt/sprints/data/converted_10M/mc_normalized_rntuple_10M_30.h5,,auto,,5000,,,,,,,false,true,2,19,0,1,5,0,6,25,0.24,24.0,0.5,2.5,3.0,52.63157894736842,263.1578947368421,315.7894736842105,0.055294036865234375,0.009215672810872396,0.0001728445171541461,0.01728445171541461,2
1609480,1609926,worker,319.89751410484314,False,hdf5,h5_tr_210.py,210,stream,M2,512,1,64,/pscratch/sd/s/satt/sprints/data/converted_10M/mc_normalized_rntuple_10M_30.h5,,auto,,5000,,,,,,,false,true,2,17,0,1,5,0,6,23,0.2608695652173913,26.08695652173913,0.5,2.5,3.0,58.8235294117647,294.11764705882354,352.94117647058823,0.09784531593322754,0.016307552655537922,0.00030586457105496523,0.030586457105496522,2
1609480,1609927,worker,319.840176820755,False,hdf5,h5_tr_210.py,210,stream,M2,512,1,64,/pscratch/sd/s/satt/sprints/data/converted_10M/mc_normalized_rntuple_10M_30.h5,,auto,,5000,,,,,,,false,true,2,21,0,1,5,0,6,27,0.2222222222222222,22.22222222222222,0.5,2.5,3.0,47.61904761904762,238.0952380952381,285.7142857142857,0.09699583053588867,0.016165971755981445,0.00030326343456921965,0.030326343456921964,2
1609480,1609928,worker,319.8822910785675,False,hdf5,h5_tr_210.py,210,stream,M2,512,1,64,/pscratch/sd/s/satt/sprints/data/converted_10M/mc_normalized_rntuple_10M_30.h5,,auto,,5000,,,,,,,false,true,2,17,0,1,5,0,6,23,0.2608695652173913,26.08695652173913,0.5,2.5,3.0,58.8235294117647,294.11764705882354,352.94117647058823,0.0974421501159668,0.016240358352661133,0.00030461877019642095,0.0304618770196421,2
1609480,1609929,worker,319.85651755332947,False,hdf5,h5_tr_210.py,210,stream,M2,512,1,64,/pscratch/sd/s/satt/sprints/data/converted_10M/mc_normalized_rntuple_10M_30.h5,,auto,,5000,,,,,,,false,true,2,17,0,1,5,0,6,23,0.2608695652173913,26.08695652173913,0.5,2.5,3.0,58.8235294117647,294.11764705882354,352.94117647058823,0.05510830879211426,0.009184718132019043,0.00017229071714296423,0.017229071714296423,2
1609480,1609930,worker,319.87089681625366,False,hdf5,h5_tr_210.py,210,stream,M2,512,1,64,/pscratch/sd/s/satt/sprints/data/converted_10M/mc_normalized_rntuple_10M_30.h5,,auto,,5000,,,,,,,false,true,2,19,0,1,5,0,6,25,0.24,24.0,0.5,2.5,3.0,52.63157894736842,263.1578947368421,315.7894736842105,0.05505490303039551,0.009175817171732584,0.00017211601173588854,0.017211601173588855,2
1609480,1609931,worker,319.81821489334106,False,hdf5,h5_tr_210.py,210,stream,M2,512,1,64,/pscratch/sd/s/satt/sprints/data/converted_10M/mc_normalized_rntuple_10M_30.h5,,auto,,5000,,,,,,,false,true,2,17,0,1,5,0,6,23,0.2608695652173913,26.08695652173913,0.5,2.5,3.0,58.8235294117647,294.11764705882354,352.94117647058823,0.031231164932250977,0.005205194155375163,9.765286490222743e-05,0.009765286490222744,2
1609480,1609932,worker,319.8542597293854,False,hdf5,h5_tr_210.py,210,stream,M2,512,1,64,/pscratch/sd/s/satt/sprints/data/converted_10M/mc_normalized_rntuple_10M_30.h5,,auto,,5000,,,,,,,false,true,2,17,0,1,5,0,6,23,0.2608695652173913,26.08695652173913,0.5,2.5,3.0,58.8235294117647,294.11764705882354,352.94117647058823,0.05538749694824219,0.009231249491373697,0.00017316479385049653,0.01731647938504965,2
1609480,1609933,worker,319.80466890335083,False,hdf5,h5_tr_210.py,210,stream,M2,512,1,64,/pscratch/sd/s/satt/sprints/data/converted_10M/mc_normalized_rntuple_10M_30.h5,,auto,,5000,,,,,,,false,true,2,19,0,1,5,0,6,25,0.24,24.0,0.5,2.5,3.0,52.63157894736842,263.1578947368421,315.7894736842105,0.030968904495239258,0.005161484082539876,9.683693675090924e-05,0.009683693675090924,2
1609480,1609934,worker,319.8032958507538,False,hdf5,h5_tr_210.py,210,stream,M2,512,1,64,/pscratch/sd/s/satt/sprints/data/converted_10M/mc_normalized_rntuple_10M_30.h5,,auto,,5000,,,,,,,false,true,2,17,0,1,5,0,6,23,0.2608695652173913,26.08695652173913,0.5,2.5,3.0,58.8235294117647,294.11764705882354,352.94117647058823,0.09459614753723145,0.015766024589538574,0.00029579478624691127,0.029579478624691128,2
1609480,1609935,worker,319.83576488494873,False,hdf5,h5_tr_210.py,210,stream,M2,512,1,64,/pscratch/sd/s/satt/sprints/data/converted_10M/mc_normalized_rntuple_10M_30.h5,,auto,,5000,,,,,,,false,true,2,17,0,1,5,0,6,23,0.2608695652173913,26.08695652173913,0.5,2.5,3.0,58.8235294117647,294.11764705882354,352.94117647058823,0.054273366928100586,0.009045561154683432,0.0001696913631520346,0.01696913631520346,2
1609480,1609936,worker,319.79310393333435,False,hdf5,h5_tr_210.py,210,stream,M2,512,1,64,/pscratch/sd/s/satt/sprints/data/converted_10M/mc_normalized_rntuple_10M_30.h5,,auto,,5000,,,,,,,false,true,2,19,0,1,5,0,6,25,0.24,24.0,0.5,2.5,3.0,52.63157894736842,263.1578947368421,315.7894736842105,0.08001232147216797,0.013335386912027994,0.0002502002716382769,0.025020027163827688,2
1609480,1609937,worker,319.81550192832947,False,hdf5,h5_tr_210.py,210,stream,M2,512,1,64,/pscratch/sd/s/satt/sprints/data/converted_10M/mc_normalized_rntuple_10M_30.h5,,auto,,5000,,,,,,,false,true,2,17,0,1,5,0,6,23,0.2608695652173913,26.08695652173913,0.5,2.5,3.0,58.8235294117647,294.11764705882354,352.94117647058823,0.08039426803588867,0.013399044672648111,0.00025137702066082147,0.025137702066082148,2
1609480,1609938,worker,319.8093161582947,False,hdf5,h5_tr_210.py,210,stream,M2,512,1,64,/pscratch/sd/s/satt/sprints/data/converted_10M/mc_normalized_rntuple_10M_30.h5,,auto,,5000,,,,,,,false,true,2,17,0,1,5,0,6,23,0.2608695652173913,26.08695652173913,0.5,2.5,3.0,58.8235294117647,294.11764705882354,352.94117647058823,0.08072543144226074,0.013454238573710123,0.0002524173854970016,0.025241738549700164,2
1609480,1609939,worker,319.75487446784973,False,hdf5,h5_tr_210.py,210,stream,M2,512,1,64,/pscratch/sd/s/satt/sprints/data/converted_10M/mc_normalized_rntuple_10M_30.h5,,auto,,5000,,,,,,,false,true,2,19,0,1,5,0,6,25,0.24,24.0,0.5,2.5,3.0,52.63157894736842,263.1578947368421,315.7894736842105,0.05706667900085449,0.009511113166809082,0.0001784700830466694,0.017847008304666942,2
1609480,1609940,worker,319.77844190597534,False,hdf5,h5_tr_210.py,210,stream,M2,512,1,64,/pscratch/sd/s/satt/sprints/data/converted_10M/mc_normalized_rntuple_10M_30.h5,,auto,,5000,,,,,,,false,true,2,17,0,1,5,0,6,23,0.2608695652173913,26.08695652173913,0.5,2.5,3.0,58.8235294117647,294.11764705882354,352.94117647058823,0.09298348426818848,0.015497247378031412,0.00029077471174723053,0.02907747117472305,2
1609480,1609941,worker,319.78310537338257,False,hdf5,h5_tr_210.py,210,stream,M2,512,1,64,/pscratch/sd/s/satt/sprints/data/converted_10M/mc_normalized_rntuple_10M_30.h5,,auto,,5000,,,,,,,false,true,2,17,0,1,5,0,6,23,0.2608695652173913,26.08695652173913,0.5,2.5,3.0,58.8235294117647,294.11764705882354,352.94117647058823,0.08368325233459473,0.013947208722432455,0.00026168753423319585,0.026168753423319584,2
1609480,1609942,worker,319.7268650531769,False,hdf5,h5_tr_210.py,210,stream,M2,512,1,64,/pscratch/sd/s/satt/sprints/data/converted_10M/mc_normalized_rntuple_10M_30.h5,,auto,,5000,,,,,,,false,true,2,19,0,1,5,0,6,25,0.24,24.0,0.5,2.5,3.0,52.63157894736842,263.1578947368421,315.7894736842105,0.03896594047546387,0.0064943234125773115,0.00012187258793214972,0.012187258793214972,2
1609480,1609943,worker,319.7681007385254,False,hdf5,h5_tr_210.py,210,stream,M2,512,1,64,/pscratch/sd/s/satt/sprints/data/converted_10M/mc_normalized_rntuple_10M_30.h5,,auto,,5000,,,,,,,false,true,2,17,0,1,5,0,6,23,0.2608695652173913,26.08695652173913,0.5,2.5,3.0,58.8235294117647,294.11764705882354,352.94117647058823,0.06564736366271973,0.010941227277119955,0.00020529678698751638,0.02052967869875164,2
1609480,1609944,worker,319.7113449573517,False,hdf5,h5_tr_210.py,210,stream,M2,512,1,64,/pscratch/sd/s/satt/sprints/data/converted_10M/mc_normalized_rntuple_10M_30.h5,,auto,,5000,,,,,,,false,true,2,17,0,1,5,0,6,23,0.2608695652173913,26.08695652173913,0.5,2.5,3.0,58.8235294117647,294.11764705882354,352.94117647058823,0.0919954776763916,0.015332579612731934,0.0002877454276408723,0.02877454276408723,2
1609480,1609945,worker,319.709050655365,False,hdf5,h5_tr_210.py,210,stream,M2,512,1,64,/pscratch/sd/s/satt/sprints/data/converted_10M/mc_normalized_rntuple_10M_30.h5,,auto,,5000,,,,,,,false,true,2,19,0,1,5,0,6,25,0.24,24.0,0.5,2.5,3.0,52.63157894736842,263.1578947368421,315.7894736842105,0.08279633522033691,0.013799389203389486,0.0002589740110597883,0.02589740110597883,2
1609480,1609946,worker,319.72671389579773,False,hdf5,h5_tr_210.py,210,stream,M2,512,1,64,/pscratch/sd/s/satt/sprints/data/converted_10M/mc_normalized_rntuple_10M_30.h5,,auto,,5000,,,,,,,false,true,2,17,0,1,5,0,6,23,0.2608695652173913,26.08695652173913,0.5,2.5,3.0,58.8235294117647,294.11764705882354,352.94117647058823,0.06030416488647461,0.010050694147745768,0.00018861159316868457,0.018861159316868457,2
1609480,1609947,worker,319.73648834228516,False,hdf5,h5_tr_210.py,210,stream,M2,512,1,64,/pscratch/sd/s/satt/sprints/data/converted_10M/mc_normalized_rntuple_10M_30.h5,,auto,,5000,,,,,,,false,true,2,17,0,1,5,0,6,23,0.2608695652173913,26.08695652173913,0.5,2.5,3.0,58.8235294117647,294.11764705882354,352.94117647058823,0.08341503143310547,0.013902505238850912,0.00026088680671255694,0.026088680671255696,2
1609480,1609948,worker,319.73177003860474,False,hdf5,h5_tr_210.py,210,stream,M2,512,1,64,/pscratch/sd/s/satt/sprints/data/converted_10M/mc_normalized_rntuple_10M_30.h5,,auto,,5000,,,,,,,false,true,2,19,0,1,5,0,6,25,0.24,24.0,0.5,2.5,3.0,52.63157894736842,263.1578947368421,315.7894736842105,0.036837100982666016,0.006139516830444336,0.00011521251384627267,0.011521251384627267,2
1609480,1609949,worker,319.74239230155945,False,hdf5,h5_tr_210.py,210,stream,M2,512,1,64,/pscratch/sd/s/satt/sprints/data/converted_10M/mc_normalized_rntuple_10M_30.h5,,auto,,5000,,,,,,,false,true,2,17,0,1,5,0,6,23,0.2608695652173913,26.08695652173913,0.5,2.5,3.0,58.8235294117647,294.11764705882354,352.94117647058823,0.037489891052246094,0.006248315175374349,0.0001172502988496069,0.01172502988496069,2
1609480,1609950,worker,319.68147325515747,False,hdf5,h5_tr_210.py,210,stream,M2,512,1,64,/pscratch/sd/s/satt/sprints/data/converted_10M/mc_normalized_rntuple_10M_30.h5,,auto,,5000,,,,,,,false,true,2,17,0,1,5,0,6,23,0.2608695652173913,26.08695652173913,0.5,2.5,3.0,58.8235294117647,294.11764705882354,352.94117647058823,0.03728628158569336,0.0062143802642822266,0.00011663572870215372,0.011663572870215373,2
1609480,1609951,worker,319.7141718864441,False,hdf5,h5_tr_210.py,210,stream,M2,512,1,64,/pscratch/sd/s/satt/sprints/data/converted_10M/mc_normalized_rntuple_10M_30.h5,,auto,,5000,,,,,,,false,true,2,19,0,1,5,0,6,25,0.24,24.0,0.5,2.5,3.0,52.63157894736842,263.1578947368421,315.7894736842105,0.0843956470489502,0.014065941174825033,0.0002639721803728044,0.026397218037280436,2
1609480,1609952,worker,319.7024836540222,False,hdf5,h5_tr_210.py,210,stream,M2,512,1,64,/pscratch/sd/s/satt/sprints/data/converted_10M/mc_normalized_rntuple_10M_30.h5,,auto,,5000,,,,,,,false,true,2,17,0,1,5,0,6,23,0.2608695652173913,26.08695652173913,0.5,2.5,3.0,58.8235294117647,294.11764705882354,352.94117647058823,0.08284854888916016,0.013808091481526693,0.00025914265019854444,0.025914265019854447,2
1609480,1609953,worker,319.6433937549591,False,hdf5,h5_tr_210.py,210,stream,M2,512,1,64,/pscratch/sd/s/satt/sprints/data/converted_10M/mc_normalized_rntuple_10M_30.h5,,auto,,5000,,,,,,,false,true,2,17,0,1,5,0,6,23,0.2608695652173913,26.08695652173913,0.5,2.5,3.0,58.8235294117647,294.11764705882354,352.94117647058823,0.09066367149353027,0.015110611915588379,0.00028364006034497835,0.028364006034497832,2
1609480,1609954,worker,319.68226504325867,False,hdf5,h5_tr_210.py,210,stream,M2,512,1,64,/pscratch/sd/s/satt/sprints/data/converted_10M/mc_normalized_rntuple_10M_30.h5,,auto,,5000,,,,,,,false,true,2,19,0,1,5,0,6,25,0.24,24.0,0.5,2.5,3.0,52.63157894736842,263.1578947368421,315.7894736842105,0.06838631629943848,0.011397719383239746,0.00021391964390074812,0.021391964390074812,2
1609480,1609955,worker,319.63296008110046,False,hdf5,h5_tr_210.py,210,stream,M2,512,1,64,/pscratch/sd/s/satt/sprints/data/converted_10M/mc_normalized_rntuple_10M_30.h5,,auto,,5000,,,,,,,false,true,2,17,0,1,5,0,6,23,0.2608695652173913,26.08695652173913,0.5,2.5,3.0,58.8235294117647,294.11764705882354,352.94117647058823,0.08209848403930664,0.013683080673217773,0.00025685237222868317,0.025685237222868317,2
1609480,1609956,worker,319.6299104690552,False,hdf5,h5_tr_210.py,210,stream,M2,512,1,64,/pscratch/sd/s/satt/sprints/data/converted_10M/mc_normalized_rntuple_10M_30.h5,,auto,,5000,,,,,,,false,true,2,17,0,1,5,0,6,23,0.2608695652173913,26.08695652173913,0.5,2.5,3.0,58.8235294117647,294.11764705882354,352.94117647058823,0.06502151489257812,0.010836919148763021,0.00020342750400661628,0.02034275040066163,2
1609480,1609957,worker,319.67399072647095,False,hdf5,h5_tr_210.py,210,stream,M2,512,1,64,/pscratch/sd/s/satt/sprints/data/converted_10M/mc_normalized_rntuple_10M_30.h5,,auto,,5000,,,,,,,false,true,2,19,0,1,5,0,6,25,0.24,24.0,0.5,2.5,3.0,52.63157894736842,263.1578947368421,315.7894736842105,0.06524300575256348,0.010873834292093912,0.00020409231794021258,0.02040923179402126,2
1609480,1609958,worker,319.66421127319336,False,hdf5,h5_tr_210.py,210,stream,M2,512,1,64,/pscratch/sd/s/satt/sprints/data/converted_10M/mc_normalized_rntuple_10M_30.h5,,auto,,5000,,,,,,,false,true,2,17,0,1,5,0,6,23,0.2608695652173913,26.08695652173913,0.5,2.5,3.0,58.8235294117647,294.11764705882354,352.94117647058823,0.06505560874938965,0.010842601458231607,0.00020351233092462588,0.020351233092462586,2
1609480,1609959,worker,319.6558690071106,False,hdf5,h5_tr_210.py,210,stream,M2,512,1,64,/pscratch/sd/s/satt/sprints/data/converted_10M/mc_normalized_rntuple_10M_30.h5,,auto,,5000,,,,,,,false,true,2,17,0,1,5,0,6,23,0.2608695652173913,26.08695652173913,0.5,2.5,3.0,58.8235294117647,294.11764705882354,352.94117647058823,0.036768436431884766,0.006128072738647461,0.000115025062878063,0.0115025062878063,2
1609480,1609960,worker,319.64419865608215,False,hdf5,h5_tr_210.py,210,stream,M2,512,1,64,/pscratch/sd/s/satt/sprints/data/converted_10M/mc_normalized_rntuple_10M_30.h5,,auto,,5000,,,,,,,false,true,2,19,0,1,5,0,6,25,0.24,24.0,0.5,2.5,3.0,52.63157894736842,263.1578947368421,315.7894736842105,0.06500434875488281,0.010834058125813803,0.00020336470684651333,0.02033647068465133,2
1609480,1609961,worker,319.6452443599701,False,hdf5,h5_tr_210.py,210,stream,M2,512,1,64,/pscratch/sd/s/satt/sprints/data/converted_10M/mc_normalized_rntuple_10M_30.h5,,auto,,5000,,,,,,,false,true,2,17,0,1,5,0,6,23,0.2608695652173913,26.08695652173913,0.5,2.5,3.0,58.8235294117647,294.11764705882354,352.94117647058823,0.06563782691955566,0.010939637819925943,0.00020534585787748276,0.020534585787748274,2
1609480,1609962,worker,319.6405634880066,False,hdf5,h5_tr_210.py,210,stream,M2,512,1,64,/pscratch/sd/s/satt/sprints/data/converted_10M/mc_normalized_rntuple_10M_30.h5,,auto,,5000,,,,,,,false,true,2,17,0,1,5,0,6,23,0.2608695652173913,26.08695652173913,0.5,2.5,3.0,58.8235294117647,294.11764705882354,352.94117647058823,0.08081817626953125,0.013469696044921875,0.00025284080151661875,0.025284080151661874,2
1609480,1609963,worker,319.58700251579285,False,hdf5,h5_tr_210.py,210,stream,M2,512,1,64,/pscratch/sd/s/satt/sprints/data/converted_10M/mc_normalized_rntuple_10M_30.h5,,auto,,5000,,,,,,,false,true,2,19,0,1,5,0,6,25,0.24,24.0,0.5,2.5,3.0,52.63157894736842,263.1578947368421,315.7894736842105,0.03250479698181152,0.005417466163635254,0.00010170875763386295,0.010170875763386295,2
1609480,1609964,worker,319.6278426647186,False,hdf5,h5_tr_210.py,210,stream,M2,512,1,64,/pscratch/sd/s/satt/sprints/data/converted_10M/mc_normalized_rntuple_10M_30.h5,,auto,,5000,,,,,,,false,true,2,17,0,1,5,0,6,23,0.2608695652173913,26.08695652173913,0.5,2.5,3.0,58.8235294117647,294.11764705882354,352.94117647058823,0.08039259910583496,0.01339876651763916,0.0002515193871585359,0.02515193871585359,2
1609480,1609965,worker,319.60615253448486,False,hdf5,h5_tr_210.py,210,stream,M2,512,1,64,/pscratch/sd/s/satt/sprints/data/converted_10M/mc_normalized_rntuple_10M_30.h5,,auto,,5000,,,,,,,false,true,2,17,0,1,5,0,6,23,0.2608695652173913,26.08695652173913,0.5,2.5,3.0,58.8235294117647,294.11764705882354,352.94117647058823,0.037395477294921875,0.0062325795491536455,0.00011700487302379756,0.011700487302379756,2
1609480,1609966,worker,319.57944321632385,False,hdf5,h5_tr_210.py,210,stream,M2,512,1,64,/pscratch/sd/s/satt/sprints/data/converted_10M/mc_normalized_rntuple_10M_30.h5,,auto,,5000,,,,,,,false,true,2,19,0,1,5,0,6,25,0.24,24.0,0.5,2.5,3.0,52.63157894736842,263.1578947368421,315.7894736842105,0.06208944320678711,0.010348240534464518,0.0001942848469285262,0.01942848469285262,2
1609480,1609967,worker,319.5909593105316,False,hdf5,h5_tr_210.py,210,stream,M2,512,1,64,/pscratch/sd/s/satt/sprints/data/converted_10M/mc_normalized_rntuple_10M_30.h5,,auto,,5000,,,,,,,false,true,2,17,0,1,5,0,6,23,0.2608695652173913,26.08695652173913,0.5,2.5,3.0,58.8235294117647,294.11764705882354,352.94117647058823,0.06163454055786133,0.01027242342631022,0.00019285445586705074,0.019285445586705075,2
1609480,1609968,worker,319.5279154777527,False,hdf5,h5_tr_210.py,210,stream,M2,512,1,64,/pscratch/sd/s/satt/sprints/data/converted_10M/mc_normalized_rntuple_10M_30.h5,,auto,,5000,,,,,,,false,true,2,19,0,1,5,0,6,25,0.24,24.0,0.5,2.5,3.0,52.63157894736842,263.1578947368421,315.7894736842105,0.061036109924316406,0.010172684987386068,0.000191019647948619,0.0191019647948619,2
1609480,1609969,worker,319.57502484321594,False,hdf5,h5_tr_210.py,210,stream,M2,512,1,64,/pscratch/sd/s/satt/sprints/data/converted_10M/mc_normalized_rntuple_10M_30.h5,,auto,,5000,,,,,,,false,true,2,17,0,1,5,0,6,23,0.2608695652173913,26.08695652173913,0.5,2.5,3.0,58.8235294117647,294.11764705882354,352.94117647058823,0.07566070556640625,0.012610117594401041,0.0002367541255876473,0.02367541255876473,2
1609480,1609970,worker,319.5680584907532,False,hdf5,h5_tr_210.py,210,stream,M2,512,1,64,/pscratch/sd/s/satt/sprints/data/converted_10M/mc_normalized_rntuple_10M_30.h5,,auto,,5000,,,,,,,false,true,2,19,0,1,5,0,6,25,0.24,24.0,0.5,2.5,3.0,52.63157894736842,263.1578947368421,315.7894736842105,0.07446885108947754,0.01241147518157959,0.0002330297071652808,0.02330297071652808,2
1609480,1609971,worker,319.5621371269226,False,hdf5,h5_tr_210.py,210,stream,M2,512,1,64,/pscratch/sd/s/satt/sprints/data/converted_10M/mc_normalized_rntuple_10M_30.h5,,auto,,5000,,,,,,,false,true,2,19,0,1,5,0,6,25,0.24,24.0,0.5,2.5,3.0,52.63157894736842,263.1578947368421,315.7894736842105,0.0592498779296875,0.009874979654947916,0.00018540956842504416,0.018540956842504414,2
1609480,1609972,worker,319.55097460746765,False,hdf5,h5_tr_210.py,210,stream,M2,512,1,64,/pscratch/sd/s/satt/sprints/data/converted_10M/mc_normalized_rntuple_10M_30.h5,,auto,,5000,,,,,,,false,true,2,17,0,1,5,0,6,23,0.2608695652173913,26.08695652173913,0.5,2.5,3.0,58.8235294117647,294.11764705882354,352.94117647058823,0.03215742111206055,0.005359570185343425,0.00010063314984897891,0.010063314984897891,2
1609480,1609973,worker,319.55046486854553,False,hdf5,h5_tr_210.py,210,stream,M2,512,1,64,/pscratch/sd/s/satt/sprints/data/converted_10M/mc_normalized_rntuple_10M_30.h5,,auto,,5000,,,,,,,false,true,2,17,0,1,5,0,6,23,0.2608695652173913,26.08695652173913,0.5,2.5,3.0,58.8235294117647,294.11764705882354,352.94117647058823,0.03194689750671387,0.0053244829177856445,9.997449861278081e-05,0.00999744986127808,2
1609480,1609974,worker,319.48152232170105,False,hdf5,h5_tr_210.py,210,stream,M2,512,1,64,/pscratch/sd/s/satt/sprints/data/converted_10M/mc_normalized_rntuple_10M_30.h5,,auto,,5000,,,,,,,false,true,2,19,0,1,5,0,6,25,0.24,24.0,0.5,2.5,3.0,52.63157894736842,263.1578947368421,315.7894736842105,0.0048351287841796875,0.0008058547973632812,1.5134298688206975e-05,0.0015134298688206974,2
1609480,1609975,worker,319.48369097709656,False,hdf5,h5_tr_210.py,210,stream,M2,512,1,64,/pscratch/sd/s/satt/sprints/data/converted_10M/mc_normalized_rntuple_10M_30.h5,,auto,,5000,,,,,,,false,true,2,17,0,1,5,0,6,23,0.2608695652173913,26.08695652173913,0.5,2.5,3.0,58.8235294117647,294.11764705882354,352.94117647058823,0.06026721000671387,0.010044535001118978,0.0001886393944629692,0.01886393944629692,2
1609480,1609976,worker,319.5011155605316,False,hdf5,h5_tr_210.py,210,stream,M2,512,1,64,/pscratch/sd/s/satt/sprints/data/converted_10M/mc_normalized_rntuple_10M_30.h5,,auto,,5000,,,,,,,false,true,2,17,0,1,5,0,6,23,0.2608695652173913,26.08695652173913,0.5,2.5,3.0,58.8235294117647,294.11764705882354,352.94117647058823,0.03257894515991211,0.005429824193318685,0.00010196817342172882,0.010196817342172882,2
1609480,1609977,worker,319.51673769950867,False,hdf5,h5_tr_210.py,210,stream,M2,512,1,64,/pscratch/sd/s/satt/sprints/data/converted_10M/mc_normalized_rntuple_10M_30.h5,,auto,,5000,,,,,,,false,true,2,19,0,1,5,0,6,25,0.24,24.0,0.5,2.5,3.0,52.63157894736842,263.1578947368421,315.7894736842105,0.059442758560180664,0.009907126426696777,0.00018603957648091646,0.018603957648091644,2
1609480,1609978,worker,319.5064661502838,False,hdf5,h5_tr_210.py,210,stream,M2,512,1,64,/pscratch/sd/s/satt/sprints/data/converted_10M/mc_normalized_rntuple_10M_30.h5,,auto,,5000,,,,,,,false,true,2,17,0,1,5,0,6,23,0.2608695652173913,26.08695652173913,0.5,2.5,3.0,58.8235294117647,294.11764705882354,352.94117647058823,0.03153347969055176,0.005255579948425293,9.869433964982605e-05,0.009869433964982605,2
1609480,1609979,worker,319.5031771659851,False,hdf5,h5_tr_210.py,210,stream,M2,512,1,64,/pscratch/sd/s/satt/sprints/data/converted_10M/mc_normalized_rntuple_10M_30.h5,,auto,,5000,,,,,,,false,true,2,17,0,1,5,0,6,23,0.2608695652173913,26.08695652173913,0.5,2.5,3.0,58.8235294117647,294.11764705882354,352.94117647058823,0.031116485595703125,0.0051860809326171875,9.739022275680782e-05,0.009739022275680782,2
1609480,1609980,worker,319.49343514442444,False,hdf5,h5_tr_210.py,210,stream,M2,512,1,64,/pscratch/sd/s/satt/sprints/data/converted_10M/mc_normalized_rntuple_10M_30.h5,,auto,,5000,,,,,,,false,true,2,19,0,1,5,0,6,25,0.24,24.0,0.5,2.5,3.0,52.63157894736842,263.1578947368421,315.7894736842105,0.03019261360168457,0.005032102266947429,9.45015148371867e-05,0.00945015148371867,2
1609480,1609981,worker,319.49196219444275,False,hdf5,h5_tr_210.py,210,stream,M2,512,1,64,/pscratch/sd/s/satt/sprints/data/converted_10M/mc_normalized_rntuple_10M_30.h5,,auto,,5000,,,,,,,false,true,2,17,0,1,5,0,6,23,0.2608695652173913,26.08695652173913,0.5,2.5,3.0,58.8235294117647,294.11764705882354,352.94117647058823,0.05860018730163574,0.009766697883605957,0.00018341678112694329,0.018341678112694326,2
1609480,1609982,worker,319.4821524620056,False,hdf5,h5_tr_210.py,210,stream,M2,512,1,64,/pscratch/sd/s/satt/sprints/data/converted_10M/mc_normalized_rntuple_10M_30.h5,,auto,,5000,,,,,,,false,true,2,17,0,1,5,0,6,23,0.2608695652173913,26.08695652173913,0.5,2.5,3.0,58.8235294117647,294.11764705882354,352.94117647058823,0.05898642539978027,0.009831070899963379,0.00018463136342739906,0.018463136342739907,2
1609480,1609983,worker,319.4748947620392,False,hdf5,h5_tr_210.py,210,stream,M2,512,1,64,/pscratch/sd/s/satt/sprints/data/converted_10M/mc_normalized_rntuple_10M_30.h5,,auto,,5000,,,,,,,false,true,2,19,0,1,5,0,6,25,0.24,24.0,0.5,2.5,3.0,52.63157894736842,263.1578947368421,315.7894736842105,0.05721449851989746,0.009535749753316244,0.00017908918496557818,0.01790891849655782,2
1609480,1609984,worker,319.4311239719391,False,hdf5,h5_tr_210.py,210,stream,M2,512,1,64,/pscratch/sd/s/satt/sprints/data/converted_10M/mc_normalized_rntuple_10M_30.h5,,auto,,5000,,,,,,,false,true,2,17,0,1,5,0,6,23,0.2608695652173913,26.08695652173913,0.5,2.5,3.0,58.8235294117647,294.11764705882354,352.94117647058823,0.05682635307312012,0.00947105884552002,0.00017789861040000635,0.017789861040000635,2
1609480,1609985,worker,319.40827798843384,False,hdf5,h5_tr_210.py,210,stream,M2,512,1,64,/pscratch/sd/s/satt/sprints/data/converted_10M/mc_normalized_rntuple_10M_30.h5,,auto,,5000,,,,,,,false,true,2,17,0,1,5,0,6,23,0.2608695652173913,26.08695652173913,0.5,2.5,3.0,58.8235294117647,294.11764705882354,352.94117647058823,0.05632758140563965,0.009387930234273275,0.0001763497857988494,0.017634978579884938,2
1609480,1609986,worker,319.3913314342499,False,hdf5,h5_tr_210.py,210,stream,M2,512,1,64,/pscratch/sd/s/satt/sprints/data/converted_10M/mc_normalized_rntuple_10M_30.h5,,auto,,5000,,,,,,,false,true,2,19,0,1,5,0,6,25,0.24,24.0,0.5,2.5,3.0,52.63157894736842,263.1578947368421,315.7894736842105,0.030293941497802734,0.005048990249633789,9.484897840453465e-05,0.009484897840453465,2
1609480,1609987,worker,319.44593501091003,False,hdf5,h5_tr_210.py,210,stream,M2,512,1,64,/pscratch/sd/s/satt/sprints/data/converted_10M/mc_normalized_rntuple_10M_30.h5,,auto,,5000,,,,,,,false,true,2,17,0,1,5,0,6,23,0.2608695652173913,26.08695652173913,0.5,2.5,3.0,58.8235294117647,294.11764705882354,352.94117647058823,0.003732919692993164,0.0006221532821655273,1.1685607121172708e-05,0.0011685607121172707,2
1609480,1609988,worker,319.42770648002625,False,hdf5,h5_tr_210.py,210,stream,M2,512,1,64,/pscratch/sd/s/satt/sprints/data/converted_10M/mc_normalized_rntuple_10M_30.h5,,auto,,5000,,,,,,,false,true,2,17,0,1,5,0,6,23,0.2608695652173913,26.08695652173913,0.5,2.5,3.0,58.8235294117647,294.11764705882354,352.94117647058823,0.004030704498291016,0.0006717840830485026,1.2618518733731242e-05,0.0012618518733731243,2
1609480,1609989,worker,319.4173016548157,False,hdf5,h5_tr_210.py,210,stream,M2,512,1,64,/pscratch/sd/s/satt/sprints/data/converted_10M/mc_normalized_rntuple_10M_30.h5,,auto,,5000,,,,,,,false,true,2,19,0,1,5,0,6,25,0.24,24.0,0.5,2.5,3.0,52.63157894736842,263.1578947368421,315.7894736842105,0.03131222724914551,0.005218704541524251,9.80292147198202e-05,0.00980292147198202,2
1609480,1609990,worker,319.3751175403595,False,hdf5,h5_tr_210.py,210,stream,M2,512,1,64,/pscratch/sd/s/satt/sprints/data/converted_10M/mc_normalized_rntuple_10M_30.h5,,auto,,5000,,,,,,,false,true,2,17,0,1,5,0,6,23,0.2608695652173913,26.08695652173913,0.5,2.5,3.0,58.8235294117647,294.11764705882354,352.94117647058823,0.05666208267211914,0.00944368044535319,0.00017741545774917404,0.017741545774917402,2
1609480,1609991,worker,319.40328550338745,False,hdf5,h5_tr_210.py,210,stream,M2,512,1,64,/pscratch/sd/s/satt/sprints/data/converted_10M/mc_normalized_rntuple_10M_30.h5,,auto,,5000,,,,,,,false,true,2,17,0,1,5,0,6,23,0.2608695652173913,26.08695652173913,0.5,2.5,3.0,58.8235294117647,294.11764705882354,352.94117647058823,0.030777454376220703,0.005129575729370117,9.635922914103616e-05,0.009635922914103616,2
1609480,1609992,worker,319.36365723609924,False,hdf5,h5_tr_210.py,210,stream,M2,512,1,64,/pscratch/sd/s/satt/sprints/data/converted_10M/mc_normalized_rntuple_10M_30.h5,,auto,,5000,,,,,,,false,true,2,19,0,1,5,0,6,25,0.24,24.0,0.5,2.5,3.0,52.63157894736842,263.1578947368421,315.7894736842105,0.03017282485961914,0.0050288041432698565,9.44779538183738e-05,0.00944779538183738,2
1609480,1609993,worker,319.3958463668823,False,hdf5,h5_tr_210.py,210,stream,M2,512,1,64,/pscratch/sd/s/satt/sprints/data/converted_10M/mc_normalized_rntuple_10M_30.h5,,auto,,5000,,,,,,,false,true,2,17,0,1,5,0,6,23,0.2608695652173913,26.08695652173913,0.5,2.5,3.0,58.8235294117647,294.11764705882354,352.94117647058823,0.05567622184753418,0.009279370307922363,0.00017431730086928007,0.017431730086928006,2
1609480,1609994,worker,319.38279271125793,False,hdf5,h5_tr_210.py,210,stream,M2,512,1,64,/pscratch/sd/s/satt/sprints/data/converted_10M/mc_normalized_rntuple_10M_30.h5,,auto,,5000,,,,,,,false,true,2,17,0,1,5,0,6,23,0.2608695652173913,26.08695652173913,0.5,2.5,3.0,58.8235294117647,294.11764705882354,352.94117647058823,0.055036306381225586,0.009172717730204264,0.00017232082515785958,0.01723208251578596,2
1609480,1609995,worker,319.3197145462036,False,hdf5,h5_tr_210.py,210,stream,M2,512,1,64,/pscratch/sd/s/satt/sprints/data/converted_10M/mc_normalized_rntuple_10M_30.h5,,auto,,5000,,,,,,,false,true,2,19,0,1,5,0,6,25,0.24,24.0,0.5,2.5,3.0,52.63157894736842,263.1578947368421,315.7894736842105,0.055693864822387695,0.009282310803731283,0.00017441411314530388,0.017441411314530388,2
1609480,1609996,worker,319.3710951805115,False,hdf5,h5_tr_210.py,210,stream,M2,512,1,64,/pscratch/sd/s/satt/sprints/data/converted_10M/mc_normalized_rntuple_10M_30.h5,,auto,,5000,,,,,,,false,true,2,17,0,1,5,0,6,23,0.2608695652173913,26.08695652173913,0.5,2.5,3.0,58.8235294117647,294.11764705882354,352.94117647058823,0.02990245819091797,0.004983743031819661,9.362919388185967e-05,0.009362919388185967,2
1609480,1609997,worker,319.35492300987244,False,hdf5,h5_tr_210.py,210,stream,M2,512,1,64,/pscratch/sd/s/satt/sprints/data/converted_10M/mc_normalized_rntuple_10M_30.h5,,auto,,5000,,,,,,,false,true,2,17,0,1,5,0,6,23,0.2608695652173913,26.08695652173913,0.5,2.5,3.0,58.8235294117647,294.11764705882354,352.94117647058823,0.030354976654052734,0.005059162775675456,9.505091190692041e-05,0.00950509119069204,2
1609480,1609998,worker,319.34527373313904,False,hdf5,h5_tr_210.py,210,stream,M2,512,1,64,/pscratch/sd/s/satt/sprints/data/converted_10M/mc_normalized_rntuple_10M_30.h5,,auto,,5000,,,,,,,false,true,2,19,0,1,5,0,6,25,0.24,24.0,0.5,2.5,3.0,52.63157894736842,263.1578947368421,315.7894736842105,0.029648780822753906,0.004941463470458984,9.284239743447688e-05,0.009284239743447689,2
1609480,1609999,worker,319.348064661026,False,hdf5,h5_tr_210.py,210,stream,M2,512,1,64,/pscratch/sd/s/satt/sprints/data/converted_10M/mc_normalized_rntuple_10M_30.h5,,auto,,5000,,,,,,,false,true,2,17,0,1,5,0,6,23,0.2608695652173913,26.08695652173913,0.5,2.5,3.0,58.8235294117647,294.11764705882354,352.94117647058823,0.0659174919128418,0.010986248652140299,0.00020641268636717848,0.02064126863671785,2
1609480,1610000,worker,319.2787299156189,False,hdf5,h5_tr_210.py,210,stream,M2,512,1,64,/pscratch/sd/s/satt/sprints/data/converted_10M/mc_normalized_rntuple_10M_30.h5,,auto,,5000,,,,,,,false,true,2,17,0,1,5,0,6,23,0.2608695652173913,26.08695652173913,0.5,2.5,3.0,58.8235294117647,294.11764705882354,352.94117647058823,0.029589176177978516,0.004931529362996419,9.267506227489234e-05,0.009267506227489234,2
1609480,1610001,worker,319.33570289611816,False,hdf5,h5_tr_210.py,210,stream,M2,512,1,64,/pscratch/sd/s/satt/sprints/data/converted_10M/mc_normalized_rntuple_10M_30.h5,,auto,,5000,,,,,,,false,true,2,19,0,1,5,0,6,25,0.24,24.0,0.5,2.5,3.0,52.63157894736842,263.1578947368421,315.7894736842105,0.06577277183532715,0.010962128639221191,0.0002059674857487621,0.02059674857487621,2
1609480,1610002,worker,319.3230061531067,False,hdf5,h5_tr_210.py,210,stream,M2,512,1,64,/pscratch/sd/s/satt/sprints/data/converted_10M/mc_normalized_rntuple_10M_30.h5,,auto,,5000,,,,,,,false,true,2,17,0,1,5,0,6,23,0.2608695652173913,26.08695652173913,0.5,2.5,3.0,58.8235294117647,294.11764705882354,352.94117647058823,0.054479360580444336,0.009079893430074057,0.00017060894307854212,0.01706089430785421,2
1609480,1610003,worker,319.25038290023804,False,hdf5,h5_tr_210.py,210,stream,M2,512,1,64,/pscratch/sd/s/satt/sprints/data/converted_10M/mc_normalized_rntuple_10M_30.h5,,auto,,5000,,,,,,,false,true,2,17,0,1,5,0,6,23,0.2608695652173913,26.08695652173913,0.5,2.5,3.0,58.8235294117647,294.11764705882354,352.94117647058823,0.0643761157989502,0.010729352633158365,0.00020164773246040857,0.020164773246040858,2
1609480,1610004,worker,319.31096959114075,False,hdf5,h5_tr_210.py,210,stream,M2,512,1,64,/pscratch/sd/s/satt/sprints/data/converted_10M/mc_normalized_rntuple_10M_30.h5,,auto,,5000,,,,,,,false,true,2,19,0,1,5,0,6,25,0.24,24.0,0.5,2.5,3.0,52.63157894736842,263.1578947368421,315.7894736842105,0.06366872787475586,0.010611454645792643,0.00019939411400829728,0.019939411400829728,2
1609480,1610005,worker,319.27208852767944,False,hdf5,h5_tr_210.py,210,stream,M2,512,1,64,/pscratch/sd/s/satt/sprints/data/converted_10M/mc_normalized_rntuple_10M_30.h5,,auto,,5000,,,,,,,false,true,2,17,0,1,5,0,6,23,0.2608695652173913,26.08695652173913,0.5,2.5,3.0,58.8235294117647,294.11764705882354,352.94117647058823,0.03220701217651367,0.005367835362752278,0.00010087637890626781,0.01008763789062678,2
1609480,1610006,worker,319.24338841438293,False,hdf5,h5_tr_210.py,210,stream,M2,512,1,64,/pscratch/sd/s/satt/sprints/data/converted_10M/mc_normalized_rntuple_10M_30.h5,,auto,,5000,,,,,,,false,true,2,17,0,1,5,0,6,23,0.2608695652173913,26.08695652173913,0.5,2.5,3.0,58.8235294117647,294.11764705882354,352.94117647058823,0.05606389045715332,0.009343981742858887,0.00017561488347687097,0.017561488347687098,2
1609480,1610007,worker,319.2854473590851,False,hdf5,h5_tr_210.py,210,stream,M2,512,1,64,/pscratch/sd/s/satt/sprints/data/converted_10M/mc_normalized_rntuple_10M_30.h5,,auto,,5000,,,,,,,false,true,2,19,0,1,5,0,6,25,0.24,24.0,0.5,2.5,3.0,52.63157894736842,263.1578947368421,315.7894736842105,0.05393338203430176,0.008988897005716959,0.00016891901112437943,0.016891901112437945,2
1609480,1610008,worker,319.2751200199127,False,hdf5,h5_tr_210.py,210,stream,M2,512,1,64,/pscratch/sd/s/satt/sprints/data/converted_10M/mc_normalized_rntuple_10M_30.h5,,auto,,5000,,,,,,,false,true,2,17,0,1,5,0,6,23,0.2608695652173913,26.08695652173913,0.5,2.5,3.0,58.8235294117647,294.11764705882354,352.94117647058823,0.05378842353820801,0.008964737256368002,0.0001684704512360791,0.01684704512360791,2
1609480,1610009,worker,319.21408867836,False,hdf5,h5_tr_210.py,210,stream,M2,512,1,64,/pscratch/sd/s/satt/sprints/data/converted_10M/mc_normalized_rntuple_10M_30.h5,,auto,,5000,,,,,,,false,true,2,17,0,1,5,0,6,23,0.2608695652173913,26.08695652173913,0.5,2.5,3.0,58.8235294117647,294.11764705882354,352.94117647058823,0.06433343887329102,0.01072223981221517,0.0002015369658013853,0.020153696580138533,2
1609480,1610010,worker,319.2563865184784,False,hdf5,h5_tr_210.py,210,stream,M2,512,1,64,/pscratch/sd/s/satt/sprints/data/converted_10M/mc_normalized_rntuple_10M_30.h5,,auto,,5000,,,,,,,false,true,2,19,0,1,5,0,6,25,0.24,24.0,0.5,2.5,3.0,52.63157894736842,263.1578947368421,315.7894736842105,0.0640707015991211,0.010678450266520182,0.00020068729806102943,0.020068729806102945,2
1609480,1610011,worker,319.1867642402649,False,hdf5,h5_tr_210.py,210,stream,M2,512,1,64,/pscratch/sd/s/satt/sprints/data/converted_10M/mc_normalized_rntuple_10M_30.h5,,auto,,5000,,,,,,,false,true,2,17,0,1,5,0,6,23,0.2608695652173913,26.08695652173913,0.5,2.5,3.0,58.8235294117647,294.11764705882354,352.94117647058823,0.06408452987670898,0.010680754979451498,0.0002007743962355217,0.020077439623552167,2
1609480,1610012,worker,319.2446460723877,False,hdf5,h5_tr_210.py,210,stream,M2,512,1,64,/pscratch/sd/s/satt/sprints/data/converted_10M/mc_normalized_rntuple_10M_30.h5,,auto,,5000,,,,,,,false,true,2,19,0,1,5,0,6,25,0.24,24.0,0.5,2.5,3.0,52.63157894736842,263.1578947368421,315.7894736842105,0.03008890151977539,0.005014816919962565,9.425029327806747e-05,0.009425029327806747,2
1609480,1610013,worker,319.21088218688965,False,hdf5,h5_tr_210.py,210,stream,M2,512,1,64,/pscratch/sd/s/satt/sprints/data/converted_10M/mc_normalized_rntuple_10M_30.h5,,auto,,5000,,,,,,,false,true,2,17,0,1,5,0,6,23,0.2608695652173913,26.08695652173913,0.5,2.5,3.0,58.8235294117647,294.11764705882354,352.94117647058823,0.06406021118164062,0.010676701863606771,0.00020068304295508022,0.020068304295508023,2
1609480,1610014,worker,319.18183183670044,False,hdf5,h5_tr_210.py,210,stream,M2,512,1,64,/pscratch/sd/s/satt/sprints/data/converted_10M/mc_normalized_rntuple_10M_30.h5,,auto,,5000,,,,,,,false,true,2,17,0,1,5,0,6,23,0.2608695652173913,26.08695652173913,0.5,2.5,3.0,58.8235294117647,294.11764705882354,352.94117647058823,0.033387184143066406,0.005564530690511067,0.00010460239528967905,0.010460239528967906,2
