run_id,pid,role,run_time,any_partial,fmt,script,script_variant,strategy,model,workers,epochs,batch,data_path,batches_in_memory,block_rows,prefetch_factor,log_every,seed,device,tree_name,target_col,torch_num_threads,torch_interop_threads,shuffle,persistent_workers,n_files,reads,bytes_read,read_time,effective_read_bandwidth_MBps,read_time_per_runtime,read_time_pct_runtime,n_records
1609480,1609480,parent,330.99103832244873,False,hdf5,h5_tr_210.py,210,stream,M2,512,1,64,/pscratch/sd/s/satt/sprints/data/converted_10M/mc_normalized_rntuple_10M_30.h5,,auto,,5000,,,,,,,false,true,2,27,210015,0.0015459060668945312,135.85236806909316,4.6705375309543046e-06,0.00046705375309543046,2
1609480,1609503,worker,322.59257411956787,False,hdf5,h5_tr_210.py,210,stream,M2,512,1,64,/pscratch/sd/s/satt/sprints/data/converted_10M/mc_normalized_rntuple_10M_30.h5,,auto,,5000,,,,,,,false,true,2,17,2342528,0.00855112075805664,273.9439736940835,2.6507494108922657e-05,0.0026507494108922655,2
1609480,1609504,worker,322.6186668872833,False,hdf5,h5_tr_210.py,210,stream,M2,512,1,64,/pscratch/sd/s/satt/sprints/data/converted_10M/mc_normalized_rntuple_10M_30.h5,,auto,,5000,,,,,,,false,true,2,17,2342528,0.010238409042358398,228.79804765647486,3.173532747234214e-05,0.0031735327472342135,2
1609480,1609505,worker,322.58039355278015,False,hdf5,h5_tr_210.py,210,stream,M2,512,1,64,/pscratch/sd/s/satt/sprints/data/converted_10M/mc_normalized_rntuple_10M_30.h5,,auto,,5000,,,,,,,false,true,2,19,3507568,0.013895273208618164,252.4288617675057,4.307538054492651e-05,0.004307538054492651,2
1609480,1609506,worker,322.57768082618713,False,hdf5,h5_tr_210.py,210,stream,M2,512,1,64,/pscratch/sd/s/satt/sprints/data/converted_10M/mc_normalized_rntuple_10M_30.h5,,auto,,5000,,,,,,,false,true,2,17,2342528,0.007717609405517578,303.53026136892186,2.392480901267319e-05,0.0023924809012673192,2
1609480,1609507,worker,322.5741403102875,False,hdf5,h5_tr_210.py,210,stream,M2,512,1,64,/pscratch/sd/s/satt/sprints/data/converted_10M/mc_normalized_rntuple_10M_30.h5,,auto,,5000,,,,,,,false,true,2,17,2342528,0.008561134338378906,273.6235535399354,2.654005163012714e-05,0.002654005163012714,2
1609480,1609508,worker,322.5678160190582,False,hdf5,h5_tr_210.py,210,stream,M2,512,1,64,/pscratch/sd/s/satt/sprints/data/converted_10M/mc_normalized_rntuple_10M_30.h5,,auto,,5000,,,,,,,false,true,2,19,3507568,0.01135110855102539,309.00664760915777,3.518983601995412e-05,0.0035189836019954126,2
1609480,1609509,worker,322.5612094402313,False,hdf5,h5_tr_210.py,210,stream,M2,512,1,64,/pscratch/sd/s/satt/sprints/data/converted_10M/mc_normalized_rntuple_10M_30.h5,,auto,,5000,,,,,,,false,true,2,17,2342528,0.010715007781982422,218.6212131305238,3.3218525564735794e-05,0.0033218525564735796,2
1609480,1609510,worker,322.56216859817505,False,hdf5,h5_tr_210.py,210,stream,M2,512,1,64,/pscratch/sd/s/satt/sprints/data/converted_10M/mc_normalized_rntuple_10M_30.h5,,auto,,5000,,,,,,,false,true,2,17,2342528,0.006918191909790039,338.6040790058242,2.1447623383287173e-05,0.0021447623383287176,2
1609480,1609511,worker,322.5487895011902,False,hdf5,h5_tr_210.py,210,stream,M2,512,1,64,/pscratch/sd/s/satt/sprints/data/converted_10M/mc_normalized_rntuple_10M_30.h5,,auto,,5000,,,,,,,false,true,2,19,3507568,0.012759923934936523,274.8894129687027,3.9559670816527555e-05,0.003955967081652756,2
1609480,1609512,worker,322.5465362071991,False,hdf5,h5_tr_210.py,210,stream,M2,512,1,64,/pscratch/sd/s/satt/sprints/data/converted_10M/mc_normalized_rntuple_10M_30.h5,,auto,,5000,,,,,,,false,true,2,17,2342528,0.008546829223632812,274.0815264592725,2.649797242944955e-05,0.002649797242944955,2
1609480,1609513,worker,322.53884291648865,False,hdf5,h5_tr_210.py,210,stream,M2,512,1,64,/pscratch/sd/s/satt/sprints/data/converted_10M/mc_normalized_rntuple_10M_30.h5,,auto,,5000,,,,,,,false,true,2,17,2342528,0.006879568099975586,340.505096534812,2.132942512526107e-05,0.0021329425125261067,2
1609480,1609514,worker,322.540940284729,False,hdf5,h5_tr_210.py,210,stream,M2,512,1,64,/pscratch/sd/s/satt/sprints/data/converted_10M/mc_normalized_rntuple_10M_30.h5,,auto,,5000,,,,,,,false,true,2,19,3507568,0.013944149017333984,251.5440702505215,4.323218319207642e-05,0.004323218319207641,2
1609480,1609515,worker,322.52518248558044,False,hdf5,h5_tr_210.py,210,stream,M2,512,1,64,/pscratch/sd/s/satt/sprints/data/converted_10M/mc_normalized_rntuple_10M_30.h5,,auto,,5000,,,,,,,false,true,2,17,2342528,0.012138843536376953,192.97785600251405,3.7636886034223574e-05,0.0037636886034223575,2
1609480,1609516,worker,322.5206983089447,False,hdf5,h5_tr_210.py,210,stream,M2,512,1,64,/pscratch/sd/s/satt/sprints/data/converted_10M/mc_normalized_rntuple_10M_30.h5,,auto,,5000,,,,,,,false,true,2,17,2342528,0.010214090347290039,229.34279219700755,3.166956539795748e-05,0.0031669565397957483,2
1609480,1609517,worker,322.51651525497437,False,hdf5,h5_tr_210.py,210,stream,M2,512,1,64,/pscratch/sd/s/satt/sprints/data/converted_10M/mc_normalized_rntuple_10M_30.h5,,auto,,5000,,,,,,,false,true,2,19,3507568,0.011444330215454102,306.4895833976792,3.5484478078297695e-05,0.0035484478078297694,2
1609480,1609518,worker,322.5224483013153,False,hdf5,h5_tr_210.py,210,stream,M2,512,1,64,/pscratch/sd/s/satt/sprints/data/converted_10M/mc_normalized_rntuple_10M_30.h5,,auto,,5000,,,,,,,false,true,2,17,2342528,0.010837316513061523,216.1538787924761,3.360174328993312e-05,0.0033601743289933123,2
1609480,1609519,worker,322.50333642959595,False,hdf5,h5_tr_210.py,210,stream,M2,512,1,64,/pscratch/sd/s/satt/sprints/data/converted_10M/mc_normalized_rntuple_10M_30.h5,,auto,,5000,,,,,,,false,true,2,17,2342528,0.011723518371582031,199.8144179718539,3.635161887430995e-05,0.003635161887430995,2
1609480,1609520,worker,322.50162959098816,False,hdf5,h5_tr_210.py,210,stream,M2,512,1,64,/pscratch/sd/s/satt/sprints/data/converted_10M/mc_normalized_rntuple_10M_30.h5,,auto,,5000,,,,,,,false,true,2,19,3507568,0.012822866439819336,273.54008688009225,3.9760625259729394e-05,0.0039760625259729395,2
1609480,1609521,worker,322.4929738044739,False,hdf5,h5_tr_210.py,210,stream,M2,512,1,64,/pscratch/sd/s/satt/sprints/data/converted_10M/mc_normalized_rntuple_10M_30.h5,,auto,,5000,,,,,,,false,true,2,17,2342528,0.010602474212646484,220.94163617072186,3.2876605302646746e-05,0.0032876605302646746,2
1609480,1609522,worker,322.4870617389679,False,hdf5,h5_tr_210.py,210,stream,M2,512,1,64,/pscratch/sd/s/satt/sprints/data/converted_10M/mc_normalized_rntuple_10M_30.h5,,auto,,5000,,,,,,,false,true,2,17,2342528,0.009175539016723633,255.301404716435,2.8452425245359547e-05,0.0028452425245359546,2
1609480,1609523,worker,322.4889757633209,False,hdf5,h5_tr_210.py,210,stream,M2,512,1,64,/pscratch/sd/s/satt/sprints/data/converted_10M/mc_normalized_rntuple_10M_30.h5,,auto,,5000,,,,,,,false,true,2,19,3507568,0.010516166687011719,333.5405480337354,3.260938350565409e-05,0.003260938350565409,2
1609480,1609524,worker,322.47877860069275,False,hdf5,h5_tr_210.py,210,stream,M2,512,1,64,/pscratch/sd/s/satt/sprints/data/converted_10M/mc_normalized_rntuple_10M_30.h5,,auto,,5000,,,,,,,false,true,2,17,2342528,0.01051473617553711,222.785237869303,3.260597866676031e-05,0.003260597866676031,2
1609480,1609525,worker,322.47065258026123,False,hdf5,h5_tr_210.py,210,stream,M2,512,1,64,/pscratch/sd/s/satt/sprints/data/converted_10M/mc_normalized_rntuple_10M_30.h5,,auto,,5000,,,,,,,false,true,2,17,2342528,0.012009382247924805,195.05815966552183,3.724178356024424e-05,0.003724178356024424,2
1609480,1609526,worker,322.49357557296753,False,hdf5,h5_tr_210.py,210,stream,M2,512,1,64,/pscratch/sd/s/satt/sprints/data/converted_10M/mc_normalized_rntuple_10M_30.h5,,auto,,5000,,,,,,,false,true,2,19,3507568,0.006303310394287109,556.4644259275285,1.9545537870291373e-05,0.001954553787029137,2
1609480,1609527,worker,322.4521291255951,False,hdf5,h5_tr_210.py,210,stream,M2,512,1,64,/pscratch/sd/s/satt/sprints/data/converted_10M/mc_normalized_rntuple_10M_30.h5,,auto,,5000,,,,,,,false,true,2,17,2342528,0.005968570709228516,392.4772134102421,1.850994355476486e-05,0.001850994355476486,2
1609480,1609528,worker,322.45102047920227,False,hdf5,h5_tr_210.py,210,stream,M2,512,1,64,/pscratch/sd/s/satt/sprints/data/converted_10M/mc_normalized_rntuple_10M_30.h5,,auto,,5000,,,,,,,false,true,2,17,2342528,0.009312152862548828,251.55600800122895,2.887927862256355e-05,0.002887927862256355,2
1609480,1609529,worker,322.44120049476624,False,hdf5,h5_tr_210.py,210,stream,M2,512,1,64,/pscratch/sd/s/satt/sprints/data/converted_10M/mc_normalized_rntuple_10M_30.h5,,auto,,5000,,,,,,,false,true,2,19,3507568,0.006417512893676758,546.561893698109,1.9902893562700666e-05,0.0019902893562700665,2
1609480,1609530,worker,322.44478702545166,False,hdf5,h5_tr_210.py,210,stream,M2,512,1,64,/pscratch/sd/s/satt/sprints/data/converted_10M/mc_normalized_rntuple_10M_30.h5,,auto,,5000,,,,,,,false,true,2,17,2342528,0.005962848663330078,392.8538408841264,1.849261921191925e-05,0.0018492619211919249,2
1609480,1609531,worker,322.4311361312866,False,hdf5,h5_tr_210.py,210,stream,M2,512,1,64,/pscratch/sd/s/satt/sprints/data/converted_10M/mc_normalized_rntuple_10M_30.h5,,auto,,5000,,,,,,,false,true,2,17,2342528,0.005046844482421875,464.1569614754346,1.565247247203482e-05,0.001565247247203482,2
1609480,1609532,worker,322.426860332489,False,hdf5,h5_tr_210.py,210,stream,M2,512,1,64,/pscratch/sd/s/satt/sprints/data/converted_10M/mc_normalized_rntuple_10M_30.h5,,auto,,5000,,,,,,,false,true,2,19,3507568,0.007372379302978516,475.7715054870966,2.2865276470378623e-05,0.002286527647037862,2
1609480,1609533,worker,322.4189884662628,False,hdf5,h5_tr_210.py,210,stream,M2,512,1,64,/pscratch/sd/s/satt/sprints/data/converted_10M/mc_normalized_rntuple_10M_30.h5,,auto,,5000,,,,,,,false,true,2,17,2342528,0.03342795372009277,70.07691884507906,0.00010367861359254465,0.010367861359254466,2
1609480,1609534,worker,322.4130690097809,False,hdf5,h5_tr_210.py,210,stream,M2,512,1,64,/pscratch/sd/s/satt/sprints/data/converted_10M/mc_normalized_rntuple_10M_30.h5,,auto,,5000,,,,,,,false,true,2,17,2342528,0.016754627227783203,139.8137940136039,5.196634019595194e-05,0.005196634019595194,2
1609480,1609535,worker,322.4163291454315,False,hdf5,h5_tr_210.py,210,stream,M2,512,1,64,/pscratch/sd/s/satt/sprints/data/converted_10M/mc_normalized_rntuple_10M_30.h5,,auto,,5000,,,,,,,false,true,2,19,3507568,0.0077588558197021484,452.07284186067665,2.4064711115181702e-05,0.0024064711115181704,2
1609480,1609536,worker,322.4055275917053,False,hdf5,h5_tr_210.py,210,stream,M2,512,1,64,/pscratch/sd/s/satt/sprints/data/converted_10M/mc_normalized_rntuple_10M_30.h5,,auto,,5000,,,,,,,false,true,2,17,2342528,0.011810541152954102,198.34213942128108,3.6632564091490956e-05,0.003663256409149096,2
1609480,1609537,worker,322.39654517173767,False,hdf5,h5_tr_210.py,210,stream,M2,512,1,64,/pscratch/sd/s/satt/sprints/data/converted_10M/mc_normalized_rntuple_10M_30.h5,,auto,,5000,,,,,,,false,true,2,17,2342528,0.0025887489318847656,904.8880604634371,8.029704321135833e-06,0.0008029704321135833,2
1609480,1609538,worker,322.39074659347534,False,hdf5,h5_tr_210.py,210,stream,M2,512,1,64,/pscratch/sd/s/satt/sprints/data/converted_10M/mc_normalized_rntuple_10M_30.h5,,auto,,5000,,,,,,,false,true,2,19,3507568,0.008961915969848633,391.38595048210914,2.7798303966674727e-05,0.002779830396667473,2
1609480,1609539,worker,322.3913586139679,False,hdf5,h5_tr_210.py,210,stream,M2,512,1,64,/pscratch/sd/s/satt/sprints/data/converted_10M/mc_normalized_rntuple_10M_30.h5,,auto,,5000,,,,,,,false,true,2,17,2342528,0.012029647827148438,194.72955764452198,3.7313803567398853e-05,0.003731380356739885,2
1609480,1609540,worker,322.38004541397095,False,hdf5,h5_tr_210.py,210,stream,M2,512,1,64,/pscratch/sd/s/satt/sprints/data/converted_10M/mc_normalized_rntuple_10M_30.h5,,auto,,5000,,,,,,,false,true,2,17,2342528,0.004212856292724609,556.0427029152236,1.3067980951844724e-05,0.0013067980951844724,2
1609480,1609541,worker,322.37362456321716,False,hdf5,h5_tr_210.py,210,stream,M2,512,1,64,/pscratch/sd/s/satt/sprints/data/converted_10M/mc_normalized_rntuple_10M_30.h5,,auto,,5000,,,,,,,false,true,2,19,3507568,0.02446436882019043,143.3745552881465,7.588824567561045e-05,0.007588824567561044,2
1609480,1609542,worker,322.36893224716187,False,hdf5,h5_tr_210.py,210,stream,M2,512,1,64,/pscratch/sd/s/satt/sprints/data/converted_10M/mc_normalized_rntuple_10M_30.h5,,auto,,5000,,,,,,,false,true,2,17,2342528,0.01638340950012207,142.98171574009345,5.082192438929205e-05,0.005082192438929205,2
1609480,1609543,worker,322.36701488494873,False,hdf5,h5_tr_210.py,210,stream,M2,512,1,64,/pscratch/sd/s/satt/sprints/data/converted_10M/mc_normalized_rntuple_10M_30.h5,,auto,,5000,,,,,,,false,true,2,17,2342528,0.01715874671936035,136.52092651713934,5.3227364857673876e-05,0.005322736485767388,2
1609480,1609544,worker,322.3656404018402,False,hdf5,h5_tr_210.py,210,stream,M2,512,1,64,/pscratch/sd/s/satt/sprints/data/converted_10M/mc_normalized_rntuple_10M_30.h5,,auto,,5000,,,,,,,false,true,2,19,3507568,0.061084747314453125,57.421339273840005,0.0001894890138983448,0.01894890138983448,2
1609480,1609545,worker,322.35084891319275,False,hdf5,h5_tr_210.py,210,stream,M2,512,1,64,/pscratch/sd/s/satt/sprints/data/converted_10M/mc_normalized_rntuple_10M_30.h5,,auto,,5000,,,,,,,false,true,2,19,2347240,0.019798994064331055,118.55349783798756,6.14206357175216e-05,0.00614206357175216,2
1609480,1609546,worker,322.3458459377289,False,hdf5,h5_tr_210.py,210,stream,M2,512,1,64,/pscratch/sd/s/satt/sprints/data/converted_10M/mc_normalized_rntuple_10M_30.h5,,auto,,5000,,,,,,,false,true,2,19,3507568,0.032294511795043945,108.61189115539707,0.00010018590964340403,0.010018590964340403,2
1609480,1609547,worker,322.35401678085327,False,hdf5,h5_tr_210.py,210,stream,M2,512,1,64,/pscratch/sd/s/satt/sprints/data/converted_10M/mc_normalized_rntuple_10M_30.h5,,auto,,5000,,,,,,,false,true,2,17,2342528,0.03546881675720215,66.0447179852521,0.00011003063374673256,0.011003063374673256,2
1609480,1609548,worker,322.33728218078613,False,hdf5,h5_tr_210.py,210,stream,M2,512,1,64,/pscratch/sd/s/satt/sprints/data/converted_10M/mc_normalized_rntuple_10M_30.h5,,auto,,5000,,,,,,,false,true,2,17,2342528,0.021438121795654297,109.26927378847395,6.650835314678403e-05,0.006650835314678402,2
1609480,1609549,worker,322.32798647880554,False,hdf5,h5_tr_210.py,210,stream,M2,512,1,64,/pscratch/sd/s/satt/sprints/data/converted_10M/mc_normalized_rntuple_10M_30.h5,,auto,,5000,,,,,,,false,true,2,19,3507568,0.05977916717529297,58.67542432825487,0.00018546067882077534,0.018546067882077532,2
1609480,1609550,worker,322.32688307762146,False,hdf5,h5_tr_210.py,210,stream,M2,512,1,64,/pscratch/sd/s/satt/sprints/data/converted_10M/mc_normalized_rntuple_10M_30.h5,,auto,,5000,,,,,,,false,true,2,17,2342528,0.020185232162475586,116.05157578295123,6.262348324701996e-05,0.006262348324701995,2
1609480,1609551,worker,322.31787300109863,False,hdf5,h5_tr_210.py,210,stream,M2,512,1,64,/pscratch/sd/s/satt/sprints/data/converted_10M/mc_normalized_rntuple_10M_30.h5,,auto,,5000,,,,,,,false,true,2,17,2342528,0.01451730728149414,161.36105371180818,4.504034215144085e-05,0.0045040342151440845,2
1609480,1609552,worker,322.3109345436096,False,hdf5,h5_tr_210.py,210,stream,M2,512,1,64,/pscratch/sd/s/satt/sprints/data/converted_10M/mc_normalized_rntuple_10M_30.h5,,auto,,5000,,,,,,,false,true,2,19,3507568,0.06282615661621094,55.82974017377577,0.00019492406208673126,0.019492406208673128,2
1609480,1609553,worker,322.3248097896576,False,hdf5,h5_tr_210.py,210,stream,M2,512,1,64,/pscratch/sd/s/satt/sprints/data/converted_10M/mc_normalized_rntuple_10M_30.h5,,auto,,5000,,,,,,,false,true,2,17,2342528,0.021659374237060547,108.15307840204302,6.719735366072192e-05,0.006719735366072193,2
1609480,1609554,worker,322.3012762069702,False,hdf5,h5_tr_210.py,210,stream,M2,512,1,64,/pscratch/sd/s/satt/sprints/data/converted_10M/mc_normalized_rntuple_10M_30.h5,,auto,,5000,,,,,,,false,true,2,17,2342528,0.01688218116760254,138.7574257581946,5.238012509997451e-05,0.005238012509997452,2
1609480,1609555,worker,322.2980201244354,False,hdf5,h5_tr_210.py,210,stream,M2,512,1,64,/pscratch/sd/s/satt/sprints/data/converted_10M/mc_normalized_rntuple_10M_30.h5,,auto,,5000,,,,,,,false,true,2,19,3507568,0.05749082565307617,61.01091713599907,0.00017837784306239191,0.017837784306239193,2
1609480,1609556,worker,322.29717898368835,False,hdf5,h5_tr_210.py,210,stream,M2,512,1,64,/pscratch/sd/s/satt/sprints/data/converted_10M/mc_normalized_rntuple_10M_30.h5,,auto,,5000,,,,,,,false,true,2,17,2342528,0.01644444465637207,142.45102519119075,5.1022614309647226e-05,0.0051022614309647225,2
1609480,1609557,worker,322.2831058502197,False,hdf5,h5_tr_210.py,210,stream,M2,512,1,64,/pscratch/sd/s/satt/sprints/data/converted_10M/mc_normalized_rntuple_10M_30.h5,,auto,,5000,,,,,,,false,true,2,17,2342528,0.01735997200012207,134.93846648966533,5.3865597311793546e-05,0.005386559731179355,2
1609480,1609558,worker,322.279581785202,False,hdf5,h5_tr_210.py,210,stream,M2,512,1,64,/pscratch/sd/s/satt/sprints/data/converted_10M/mc_normalized_rntuple_10M_30.h5,,auto,,5000,,,,,,,false,true,2,19,3507568,0.026978254318237305,130.01463914694003,8.37107153012821e-05,0.00837107153012821,2
1609480,1609559,worker,322.2745592594147,False,hdf5,h5_tr_210.py,210,stream,M2,512,1,64,/pscratch/sd/s/satt/sprints/data/converted_10M/mc_normalized_rntuple_10M_30.h5,,auto,,5000,,,,,,,false,true,2,17,2342528,0.004968881607055664,471.4396890989876,1.5418162756855923e-05,0.001541816275685592,2
1609480,1609560,worker,322.2795557975769,False,hdf5,h5_tr_210.py,210,stream,M2,512,1,64,/pscratch/sd/s/satt/sprints/data/converted_10M/mc_normalized_rntuple_10M_30.h5,,auto,,5000,,,,,,,false,true,2,17,2342528,0.0054776668548583984,427.65068816156696,1.6996631515462646e-05,0.0016996631515462648,2
1609480,1609561,worker,322.2608335018158,False,hdf5,h5_tr_210.py,210,stream,M2,512,1,64,/pscratch/sd/s/satt/sprints/data/converted_10M/mc_normalized_rntuple_10M_30.h5,,auto,,5000,,,,,,,false,true,2,19,3507568,0.025359153747558594,138.3156565442443,7.86913925344133e-05,0.00786913925344133,2
1609480,1609562,worker,322.25875186920166,False,hdf5,h5_tr_210.py,210,stream,M2,512,1,64,/pscratch/sd/s/satt/sprints/data/converted_10M/mc_normalized_rntuple_10M_30.h5,,auto,,5000,,,,,,,false,true,2,17,2342528,0.05781149864196777,40.52010508337629,0.0001793946581951397,0.017939465819513972,2
1609480,1609563,worker,322.2481918334961,False,hdf5,h5_tr_210.py,210,stream,M2,512,1,64,/pscratch/sd/s/satt/sprints/data/converted_10M/mc_normalized_rntuple_10M_30.h5,,auto,,5000,,,,,,,false,true,2,17,2342528,0.02271747589111328,103.11568112707276,7.049682966988153e-05,0.007049682966988153,2
1609480,1609564,worker,322.2435212135315,False,hdf5,h5_tr_210.py,210,stream,M2,512,1,64,/pscratch/sd/s/satt/sprints/data/converted_10M/mc_normalized_rntuple_10M_30.h5,,auto,,5000,,,,,,,false,true,2,19,3507568,0.06115007400512695,57.35999599454153,0.00018976354830918838,0.018976354830918838,2
1609480,1609565,worker,322.24707436561584,False,hdf5,h5_tr_210.py,210,stream,M2,512,1,64,/pscratch/sd/s/satt/sprints/data/converted_10M/mc_normalized_rntuple_10M_30.h5,,auto,,5000,,,,,,,false,true,2,17,2342528,0.016184329986572266,144.74049910892433,5.0223357398769776e-05,0.0050223357398769776,2
1609480,1609566,worker,322.23191022872925,False,hdf5,h5_tr_210.py,210,stream,M2,512,1,64,/pscratch/sd/s/satt/sprints/data/converted_10M/mc_normalized_rntuple_10M_30.h5,,auto,,5000,,,,,,,false,true,2,17,2342528,0.019084692001342773,122.74382001214288,5.9226573767309155e-05,0.005922657376730915,2
1609480,1609567,worker,322.22910928726196,False,hdf5,h5_tr_210.py,210,stream,M2,512,1,64,/pscratch/sd/s/satt/sprints/data/converted_10M/mc_normalized_rntuple_10M_30.h5,,auto,,5000,,,,,,,false,true,2,19,3507568,0.05953407287597656,58.91698367936437,0.00018475696689122806,0.018475696689122804,2
1609480,1609568,worker,322.2244658470154,False,hdf5,h5_tr_210.py,210,stream,M2,512,1,64,/pscratch/sd/s/satt/sprints/data/converted_10M/mc_normalized_rntuple_10M_30.h5,,auto,,5000,,,,,,,false,true,2,17,2342528,0.01716899871826172,136.43940677264902,5.328272846424131e-05,0.0053282728464241315,2
1609480,1609569,worker,322.2146825790405,False,hdf5,h5_tr_210.py,210,stream,M2,512,1,64,/pscratch/sd/s/satt/sprints/data/converted_10M/mc_normalized_rntuple_10M_30.h5,,auto,,5000,,,,,,,false,true,2,17,2342528,0.02270030975341797,103.19365794765366,7.045088563848885e-05,0.007045088563848885,2
1609480,1609570,worker,322.23251366615295,False,hdf5,h5_tr_210.py,210,stream,M2,512,1,64,/pscratch/sd/s/satt/sprints/data/converted_10M/mc_normalized_rntuple_10M_30.h5,,auto,,5000,,,,,,,false,true,2,19,3507568,0.06059074401855469,57.88950204879277,0.00018803423443895348,0.018803423443895347,2
1609480,1609571,worker,322.2111785411835,False,hdf5,h5_tr_210.py,210,stream,M2,512,1,64,/pscratch/sd/s/satt/sprints/data/converted_10M/mc_normalized_rntuple_10M_30.h5,,auto,,5000,,,,,,,false,true,2,17,2342528,0.012451171875,188.13715074509804,3.8642892314825606e-05,0.0038642892314825605,2
1609480,1609572,worker,322.19794607162476,False,hdf5,h5_tr_210.py,210,stream,M2,512,1,64,/pscratch/sd/s/satt/sprints/data/converted_10M/mc_normalized_rntuple_10M_30.h5,,auto,,5000,,,,,,,false,true,2,17,2342528,0.015960216522216797,146.77294614012132,4.953543843717996e-05,0.004953543843717996,2
1609480,1609573,worker,322.19343423843384,False,hdf5,h5_tr_210.py,210,stream,M2,512,1,64,/pscratch/sd/s/satt/sprints/data/converted_10M/mc_normalized_rntuple_10M_30.h5,,auto,,5000,,,,,,,false,true,2,19,3507568,0.05921053886413574,59.23891366785989,0.00018377326342509505,0.018377326342509506,2
1609480,1609574,worker,322.1902596950531,False,hdf5,h5_tr_210.py,210,stream,M2,512,1,64,/pscratch/sd/s/satt/sprints/data/converted_10M/mc_normalized_rntuple_10M_30.h5,,auto,,5000,,,,,,,false,true,2,17,2342528,0.019793272018432617,118.34970983162891,6.143348975591804e-05,0.006143348975591804,2
1609480,1609575,worker,322.1843149662018,False,hdf5,h5_tr_210.py,210,stream,M2,512,1,64,/pscratch/sd/s/satt/sprints/data/converted_10M/mc_normalized_rntuple_10M_30.h5,,auto,,5000,,,,,,,false,true,2,17,2342528,0.02097630500793457,111.67495891740263,6.510653695272241e-05,0.006510653695272241,2
1609480,1609576,worker,322.17432618141174,False,hdf5,h5_tr_210.py,210,stream,M2,512,1,64,/pscratch/sd/s/satt/sprints/data/converted_10M/mc_normalized_rntuple_10M_30.h5,,auto,,5000,,,,,,,false,true,2,19,3507568,0.030919551849365234,113.44174770346838,9.597149535731435e-05,0.009597149535731434,2
1609480,1609577,worker,322.1718957424164,False,hdf5,h5_tr_210.py,210,stream,M2,512,1,64,/pscratch/sd/s/satt/sprints/data/converted_10M/mc_normalized_rntuple_10M_30.h5,,auto,,5000,,,,,,,false,true,2,17,2342528,0.009159088134765625,255.759958364015,2.842919651218901e-05,0.002842919651218901,2
1609480,1609578,worker,322.1761257648468,False,hdf5,h5_tr_210.py,210,stream,M2,512,1,64,/pscratch/sd/s/satt/sprints/data/converted_10M/mc_normalized_rntuple_10M_30.h5,,auto,,5000,,,,,,,false,true,2,17,2342528,0.010548114776611328,222.08025316468516,3.274021236542615e-05,0.003274021236542615,2
1609480,1609579,worker,322.161239862442,False,hdf5,h5_tr_210.py,210,stream,M2,512,1,64,/pscratch/sd/s/satt/sprints/data/converted_10M/mc_normalized_rntuple_10M_30.h5,,auto,,5000,,,,,,,false,true,2,19,3507568,0.012636423110961914,277.5760172953718,3.922390886115746e-05,0.003922390886115746,2
1609480,1609580,worker,322.1606090068817,False,hdf5,h5_tr_210.py,210,stream,M2,512,1,64,/pscratch/sd/s/satt/sprints/data/converted_10M/mc_normalized_rntuple_10M_30.h5,,auto,,5000,,,,,,,false,true,2,17,2342528,0.024745941162109375,94.66312009125944,7.681243600325071e-05,0.007681243600325071,2
1609480,1609581,worker,322.15903973579407,False,hdf5,h5_tr_210.py,210,stream,M2,512,1,64,/pscratch/sd/s/satt/sprints/data/converted_10M/mc_normalized_rntuple_10M_30.h5,,auto,,5000,,,,,,,false,true,2,17,2342528,0.024512529373168945,95.56451577633179,7.60882866837197e-05,0.00760882866837197,2
1609480,1609582,worker,322.14374136924744,False,hdf5,h5_tr_210.py,210,stream,M2,512,1,64,/pscratch/sd/s/satt/sprints/data/converted_10M/mc_normalized_rntuple_10M_30.h5,,auto,,5000,,,,,,,false,true,2,19,3507568,0.03197669982910156,109.69136961431553,9.926221038219471e-05,0.009926221038219472,2
1609480,1609583,worker,322.1345133781433,False,hdf5,h5_tr_210.py,210,stream,M2,512,1,64,/pscratch/sd/s/satt/sprints/data/converted_10M/mc_normalized_rntuple_10M_30.h5,,auto,,5000,,,,,,,false,true,2,17,2342528,0.021109342575073242,110.97114899097573,6.552958996446824e-05,0.006552958996446825,2
1609480,1609584,worker,322.13701152801514,False,hdf5,h5_tr_210.py,210,stream,M2,512,1,64,/pscratch/sd/s/satt/sprints/data/converted_10M/mc_normalized_rntuple_10M_30.h5,,auto,,5000,,,,,,,false,true,2,17,2342528,0.022533893585205078,103.95575851738367,6.995127159812676e-05,0.006995127159812676,2
1609480,1609585,worker,322.13078474998474,False,hdf5,h5_tr_210.py,210,stream,M2,512,1,64,/pscratch/sd/s/satt/sprints/data/converted_10M/mc_normalized_rntuple_10M_30.h5,,auto,,5000,,,,,,,false,true,2,19,3507568,0.05970597267150879,58.74735546639513,0.00018534699413422521,0.018534699413422524,2
1609480,1609586,worker,322.12035846710205,False,hdf5,h5_tr_210.py,210,stream,M2,512,1,64,/pscratch/sd/s/satt/sprints/data/converted_10M/mc_normalized_rntuple_10M_30.h5,,auto,,5000,,,,,,,false,true,2,17,2342528,0.0353703498840332,66.22857867338934,0.00010980476382291607,0.010980476382291608,2
1609480,1609587,worker,322.1145181655884,False,hdf5,h5_tr_210.py,210,stream,M2,512,1,64,/pscratch/sd/s/satt/sprints/data/converted_10M/mc_normalized_rntuple_10M_30.h5,,auto,,5000,,,,,,,false,true,2,21,3512280,0.08997488021850586,39.036228683721006,0.0002793257526264394,0.02793257526264394,2
1609480,1609588,worker,322.1139597892761,False,hdf5,h5_tr_210.py,210,stream,M2,512,1,64,/pscratch/sd/s/satt/sprints/data/converted_10M/mc_normalized_rntuple_10M_30.h5,,auto,,5000,,,,,,,false,true,2,17,2342528,0.057471513748168945,40.75981033429163,0.0001784198169671574,0.01784198169671574,2
1609480,1609589,worker,322.1120252609253,False,hdf5,h5_tr_210.py,210,stream,M2,512,1,64,/pscratch/sd/s/satt/sprints/data/converted_10M/mc_normalized_rntuple_10M_30.h5,,auto,,5000,,,,,,,false,true,2,17,2342528,0.08489751815795898,27.592420259465413,0.00026356519316280774,0.026356519316280774,2
1609480,1609590,worker,322.111279964447,False,hdf5,h5_tr_210.py,210,stream,M2,512,1,64,/pscratch/sd/s/satt/sprints/data/converted_10M/mc_normalized_rntuple_10M_30.h5,,auto,,5000,,,,,,,false,true,2,19,3507568,0.09348058700561523,37.52188676125136,0.00029021208762367197,0.029021208762367197,2
1609480,1609591,worker,322.08977484703064,False,hdf5,h5_tr_210.py,210,stream,M2,512,1,64,/pscratch/sd/s/satt/sprints/data/converted_10M/mc_normalized_rntuple_10M_30.h5,,auto,,5000,,,,,,,false,true,2,17,2342528,0.048093318939208984,48.707971328845225,0.00014931650333218383,0.014931650333218381,2
1609480,1609592,worker,322.0936872959137,False,hdf5,h5_tr_210.py,210,stream,M2,512,1,64,/pscratch/sd/s/satt/sprints/data/converted_10M/mc_normalized_rntuple_10M_30.h5,,auto,,5000,,,,,,,false,true,2,17,2342528,0.05566096305847168,42.085653414569585,0.00017280985394580204,0.017280985394580204,2
1609480,1609593,worker,322.0792410373688,False,hdf5,h5_tr_210.py,210,stream,M2,512,1,64,/pscratch/sd/s/satt/sprints/data/converted_10M/mc_normalized_rntuple_10M_30.h5,,auto,,5000,,,,,,,false,true,2,19,3507568,0.08904242515563965,39.392098697548136,0.00027646123627479805,0.027646123627479806,2
1609480,1609594,worker,322.06998085975647,False,hdf5,h5_tr_210.py,210,stream,M2,512,1,64,/pscratch/sd/s/satt/sprints/data/converted_10M/mc_normalized_rntuple_10M_30.h5,,auto,,5000,,,,,,,false,true,2,17,2342528,0.05332612991333008,43.928333141881204,0.00016557311479628594,0.016557311479628595,2
1609480,1609595,worker,322.0726697444916,False,hdf5,h5_tr_210.py,210,stream,M2,512,1,64,/pscratch/sd/s/satt/sprints/data/converted_10M/mc_normalized_rntuple_10M_30.h5,,auto,,5000,,,,,,,false,true,2,17,2342528,0.08359646797180176,28.021853755713305,0.00025955778252815105,0.025955778252815104,2
1609480,1609596,worker,322.0614655017853,False,hdf5,h5_tr_210.py,210,stream,M2,512,1,64,/pscratch/sd/s/satt/sprints/data/converted_10M/mc_normalized_rntuple_10M_30.h5,,auto,,5000,,,,,,,false,true,2,19,3507568,0.09146428108215332,38.349046846489706,0.0002839963512544046,0.02839963512544046,2
1609480,1609597,worker,322.0547819137573,False,hdf5,h5_tr_210.py,210,stream,M2,512,1,64,/pscratch/sd/s/satt/sprints/data/converted_10M/mc_normalized_rntuple_10M_30.h5,,auto,,5000,,,,,,,false,true,2,17,2342528,0.04575181007385254,51.20077208352398,0.0001420621976235843,0.01420621976235843,2
1609480,1609598,worker,322.0697491168976,False,hdf5,h5_tr_210.py,210,stream,M2,512,1,64,/pscratch/sd/s/satt/sprints/data/converted_10M/mc_normalized_rntuple_10M_30.h5,,auto,,5000,,,,,,,false,true,2,17,2342528,0.05275225639343262,44.40621425800533,0.0001637914039989077,0.01637914039989077,2
1609480,1609599,worker,322.0444893836975,False,hdf5,h5_tr_210.py,210,stream,M2,512,1,64,/pscratch/sd/s/satt/sprints/data/converted_10M/mc_normalized_rntuple_10M_30.h5,,auto,,5000,,,,,,,false,true,2,19,3507568,0.08946657180786133,39.20534708240373,0.0002778081127209323,0.027780811272093232,2
1609480,1609600,worker,322.0376617908478,False,hdf5,h5_tr_210.py,210,stream,M2,512,1,64,/pscratch/sd/s/satt/sprints/data/converted_10M/mc_normalized_rntuple_10M_30.h5,,auto,,5000,,,,,,,false,true,2,17,2342528,0.052367210388183594,44.732724593032366,0.00016261206871572142,0.01626120687157214,2
1609480,1609601,worker,322.0287232398987,False,hdf5,h5_tr_210.py,210,stream,M2,512,1,64,/pscratch/sd/s/satt/sprints/data/converted_10M/mc_normalized_rntuple_10M_30.h5,,auto,,5000,,,,,,,false,true,2,17,2342528,0.05503225326538086,42.56645623256016,0.00017089237479100275,0.017089237479100274,2
1609480,1609602,worker,322.02575182914734,False,hdf5,h5_tr_210.py,210,stream,M2,512,1,64,/pscratch/sd/s/satt/sprints/data/converted_10M/mc_normalized_rntuple_10M_30.h5,,auto,,5000,,,,,,,false,true,2,19,3507568,0.1428234577178955,24.558766858369573,0.00044351564092821785,0.04435156409282179,2
1609480,1609603,worker,322.02115297317505,False,hdf5,h5_tr_210.py,210,stream,M2,512,1,64,/pscratch/sd/s/satt/sprints/data/converted_10M/mc_normalized_rntuple_10M_30.h5,,auto,,5000,,,,,,,false,true,2,17,2342528,0.049785614013671875,47.052307105355915,0.00015460355182884245,0.015460355182884246,2
1609480,1609604,worker,322.02313208580017,False,hdf5,h5_tr_210.py,210,stream,M2,512,1,64,/pscratch/sd/s/satt/sprints/data/converted_10M/mc_normalized_rntuple_10M_30.h5,,auto,,5000,,,,,,,false,true,2,17,2342528,0.05605602264404297,41.78905119392981,0.00017407452154433224,0.017407452154433223,2
1609480,1609605,worker,322.00860571861267,False,hdf5,h5_tr_210.py,210,stream,M2,512,1,64,/pscratch/sd/s/satt/sprints/data/converted_10M/mc_normalized_rntuple_10M_30.h5,,auto,,5000,,,,,,,false,true,2,19,3507568,0.09063196182250977,38.701225588265316,0.0002814581977405552,0.028145819774055524,2
1609480,1609606,worker,322.00648379325867,False,hdf5,h5_tr_210.py,210,stream,M2,512,1,64,/pscratch/sd/s/satt/sprints/data/converted_10M/mc_normalized_rntuple_10M_30.h5,,auto,,5000,,,,,,,false,true,2,17,2342528,0.05326056480407715,43.9824100367159,0.0001654021502196602,0.01654021502196602,2
1609480,1609607,worker,322.00144386291504,False,hdf5,h5_tr_210.py,210,stream,M2,512,1,64,/pscratch/sd/s/satt/sprints/data/converted_10M/mc_normalized_rntuple_10M_30.h5,,auto,,5000,,,,,,,false,true,2,17,2342528,0.057988643646240234,40.39632336101175,0.00018008814789950947,0.018008814789950946,2
1609480,1609608,worker,321.9944999217987,False,hdf5,h5_tr_210.py,210,stream,M2,512,1,64,/pscratch/sd/s/satt/sprints/data/converted_10M/mc_normalized_rntuple_10M_30.h5,,auto,,5000,,,,,,,false,true,2,19,3507568,0.08619427680969238,40.69374591707904,0.00026768866185796956,0.026768866185796956,2
1609480,1609609,worker,321.98997616767883,False,hdf5,h5_tr_210.py,210,stream,M2,512,1,64,/pscratch/sd/s/satt/sprints/data/converted_10M/mc_normalized_rntuple_10M_30.h5,,auto,,5000,,,,,,,false,true,2,17,2342528,0.05100250244140625,45.92966791563202,0.0001583977956346265,0.01583977956346265,2
1609480,1609610,worker,321.97857570648193,False,hdf5,h5_tr_210.py,210,stream,M2,512,1,64,/pscratch/sd/s/satt/sprints/data/converted_10M/mc_normalized_rntuple_10M_30.h5,,auto,,5000,,,,,,,false,true,2,17,2342528,0.05721616744995117,40.941714630730644,0.00017770178442589875,0.017770178442589876,2
1609480,1609611,worker,321.97361302375793,False,hdf5,h5_tr_210.py,210,stream,M2,512,1,64,/pscratch/sd/s/satt/sprints/data/converted_10M/mc_normalized_rntuple_10M_30.h5,,auto,,5000,,,,,,,false,true,2,19,3507568,0.1614062786102295,21.731298374521224,0.0005013028151419339,0.050130281514193395,2
1609480,1609612,worker,321.9668855667114,False,hdf5,h5_tr_210.py,210,stream,M2,512,1,64,/pscratch/sd/s/satt/sprints/data/converted_10M/mc_normalized_rntuple_10M_30.h5,,auto,,5000,,,,,,,false,true,2,17,2342528,0.047881364822387695,48.92358454462254,0.00014871518460076756,0.014871518460076756,2
1609480,1609613,worker,321.9653832912445,False,hdf5,h5_tr_210.py,210,stream,M2,512,1,64,/pscratch/sd/s/satt/sprints/data/converted_10M/mc_normalized_rntuple_10M_30.h5,,auto,,5000,,,,,,,false,true,2,17,2342528,0.07340168952941895,31.913815812933425,0.00022798006661176056,0.022798006661176057,2
1609480,1609614,worker,321.95454835891724,False,hdf5,h5_tr_210.py,210,stream,M2,512,1,64,/pscratch/sd/s/satt/sprints/data/converted_10M/mc_normalized_rntuple_10M_30.h5,,auto,,5000,,,,,,,false,true,2,19,3507568,0.15486860275268555,22.64867079353291,0.0004810262925064718,0.048102629250647184,2
1609480,1609615,worker,321.9453957080841,False,hdf5,h5_tr_210.py,210,stream,M2,512,1,64,/pscratch/sd/s/satt/sprints/data/converted_10M/mc_normalized_rntuple_10M_30.h5,,auto,,5000,,,,,,,false,true,2,17,2342528,0.046242475509643555,50.65749560729036,0.00014363452972494987,0.014363452972494986,2
1609480,1609616,worker,321.9530758857727,False,hdf5,h5_tr_210.py,210,stream,M2,512,1,64,/pscratch/sd/s/satt/sprints/data/converted_10M/mc_normalized_rntuple_10M_30.h5,,auto,,5000,,,,,,,false,true,2,17,2342528,0.07897114753723145,29.663086748177246,0.00024528775604942506,0.024528775604942505,2
1609480,1609617,worker,321.9407207965851,False,hdf5,h5_tr_210.py,210,stream,M2,512,1,64,/pscratch/sd/s/satt/sprints/data/converted_10M/mc_normalized_rntuple_10M_30.h5,,auto,,5000,,,,,,,false,true,2,19,3507568,0.1306161880493164,26.85400678417944,0.0004057150264375686,0.04057150264375686,2
1609480,1609618,worker,321.9308862686157,False,hdf5,h5_tr_210.py,210,stream,M2,512,1,64,/pscratch/sd/s/satt/sprints/data/converted_10M/mc_normalized_rntuple_10M_30.h5,,auto,,5000,,,,,,,false,true,2,17,2342528,0.045284271240234375,51.72939600977172,0.00014066457482569616,0.014066457482569615,2
1609480,1609619,worker,321.92994952201843,False,hdf5,h5_tr_210.py,210,stream,M2,512,1,64,/pscratch/sd/s/satt/sprints/data/converted_10M/mc_normalized_rntuple_10M_30.h5,,auto,,5000,,,,,,,false,true,2,17,2342528,0.07934880256652832,29.521907378954552,0.000246478473606884,0.0246478473606884,2
1609480,1609620,worker,321.91916942596436,False,hdf5,h5_tr_210.py,210,stream,M2,512,1,64,/pscratch/sd/s/satt/sprints/data/converted_10M/mc_normalized_rntuple_10M_30.h5,,auto,,5000,,,,,,,false,true,2,19,3507568,0.14960479736328125,23.445558309755725,0.00046472783099574835,0.04647278309957484,2
1609480,1609621,worker,321.9127199649811,False,hdf5,h5_tr_210.py,210,stream,M2,512,1,64,/pscratch/sd/s/satt/sprints/data/converted_10M/mc_normalized_rntuple_10M_30.h5,,auto,,5000,,,,,,,false,true,2,17,2342528,0.04547572135925293,51.51161828735602,0.0001412672396548976,0.014126723965489762,2
1609480,1609622,worker,321.90202379226685,False,hdf5,h5_tr_210.py,210,stream,M2,512,1,64,/pscratch/sd/s/satt/sprints/data/converted_10M/mc_normalized_rntuple_10M_30.h5,,auto,,5000,,,,,,,false,true,2,17,2342528,0.06891345977783203,33.99231452827944,0.0002140820954338081,0.02140820954338081,2
1609480,1609623,worker,321.90056467056274,False,hdf5,h5_tr_210.py,210,stream,M2,512,1,64,/pscratch/sd/s/satt/sprints/data/converted_10M/mc_normalized_rntuple_10M_30.h5,,auto,,5000,,,,,,,false,true,2,19,3507568,0.1500537395477295,23.37541210616949,0.0004661493517456127,0.046614935174561264,2
1609480,1609624,worker,321.89460015296936,False,hdf5,h5_tr_210.py,210,stream,M2,512,1,64,/pscratch/sd/s/satt/sprints/data/converted_10M/mc_normalized_rntuple_10M_30.h5,,auto,,5000,,,,,,,false,true,2,17,2342528,0.04177665710449219,56.072653064146465,0.00012978365304866645,0.012978365304866644,2
1609480,1609625,worker,321.8935024738312,False,hdf5,h5_tr_210.py,210,stream,M2,512,1,64,/pscratch/sd/s/satt/sprints/data/converted_10M/mc_normalized_rntuple_10M_30.h5,,auto,,5000,,,,,,,false,true,2,17,2342528,0.07164812088012695,32.6948979432306,0.0002225833088567909,0.022258330885679092,2
1609480,1609626,worker,321.89292216300964,False,hdf5,h5_tr_210.py,210,stream,M2,512,1,64,/pscratch/sd/s/satt/sprints/data/converted_10M/mc_normalized_rntuple_10M_30.h5,,auto,,5000,,,,,,,false,true,2,19,3507568,0.15748119354248047,22.272932539426275,0.0004892347196833687,0.04892347196833688,2
1609480,1609627,worker,321.87701439857483,False,hdf5,h5_tr_210.py,210,stream,M2,512,1,64,/pscratch/sd/s/satt/sprints/data/converted_10M/mc_normalized_rntuple_10M_30.h5,,auto,,5000,,,,,,,false,true,2,17,2342528,0.043054819107055664,54.40803256367916,0.0001337617076742908,0.013376170767429082,2
1609480,1609628,worker,321.8708736896515,False,hdf5,h5_tr_210.py,210,stream,M2,512,1,64,/pscratch/sd/s/satt/sprints/data/converted_10M/mc_normalized_rntuple_10M_30.h5,,auto,,5000,,,,,,,false,true,2,17,2342528,0.07307553291320801,32.05625613134052,0.00022703369234852724,0.022703369234852725,2
1609480,1609629,worker,321.86551237106323,False,hdf5,h5_tr_210.py,210,stream,M2,512,1,64,/pscratch/sd/s/satt/sprints/data/converted_10M/mc_normalized_rntuple_10M_30.h5,,auto,,5000,,,,,,,false,true,2,19,3507568,0.12472081184387207,28.12335766696934,0.0003874935556938062,0.038749355569380625,2
1609480,1609630,worker,321.858350276947,False,hdf5,h5_tr_210.py,210,stream,M2,512,1,64,/pscratch/sd/s/satt/sprints/data/converted_10M/mc_normalized_rntuple_10M_30.h5,,auto,,5000,,,,,,,false,true,2,19,2347240,0.07158470153808594,32.78968759478831,0.0002224105774372173,0.02224105774372173,2
1609480,1609631,worker,321.8531470298767,False,hdf5,h5_tr_210.py,210,stream,M2,512,1,64,/pscratch/sd/s/satt/sprints/data/converted_10M/mc_normalized_rntuple_10M_30.h5,,auto,,5000,,,,,,,false,true,2,19,3507568,0.14764404296875,23.756921914840845,0.0004587310838226622,0.04587310838226622,2
1609480,1609632,worker,321.8509871959686,False,hdf5,h5_tr_210.py,210,stream,M2,512,1,64,/pscratch/sd/s/satt/sprints/data/converted_10M/mc_normalized_rntuple_10M_30.h5,,auto,,5000,,,,,,,false,true,2,17,2342528,0.06247997283935547,37.49246188091277,0.0001941270194125975,0.019412701941259748,2
1609480,1609633,worker,321.84049248695374,False,hdf5,h5_tr_210.py,210,stream,M2,512,1,64,/pscratch/sd/s/satt/sprints/data/converted_10M/mc_normalized_rntuple_10M_30.h5,,auto,,5000,,,,,,,false,true,2,17,2342528,0.07094812393188477,33.017476293650745,0.00022044498932886994,0.022044498932886996,2
1609480,1609634,worker,321.8387596607208,False,hdf5,h5_tr_210.py,210,stream,M2,512,1,64,/pscratch/sd/s/satt/sprints/data/converted_10M/mc_normalized_rntuple_10M_30.h5,,auto,,5000,,,,,,,false,true,2,19,3507568,0.12605643272399902,27.825378873602045,0.00039167573494530754,0.039167573494530754,2
1609480,1609635,worker,321.8236930370331,False,hdf5,h5_tr_210.py,210,stream,M2,512,1,64,/pscratch/sd/s/satt/sprints/data/converted_10M/mc_normalized_rntuple_10M_30.h5,,auto,,5000,,,,,,,false,true,2,17,2342528,0.07926702499389648,29.552364305086176,0.00024630574662125646,0.024630574662125645,2
1609480,1609636,worker,321.8223292827606,False,hdf5,h5_tr_210.py,210,stream,M2,512,1,64,/pscratch/sd/s/satt/sprints/data/converted_10M/mc_normalized_rntuple_10M_30.h5,,auto,,5000,,,,,,,false,true,2,17,2342528,0.08126425743103027,28.826055563088428,0.00025251279987980447,0.02525127998798045,2
1609480,1609637,worker,321.8122589588165,False,hdf5,h5_tr_210.py,210,stream,M2,512,1,64,/pscratch/sd/s/satt/sprints/data/converted_10M/mc_normalized_rntuple_10M_30.h5,,auto,,5000,,,,,,,false,true,2,19,3507568,0.14458537101745605,24.259494410236876,0.0004492848454103147,0.044928484541031474,2
1609480,1609638,worker,321.8233428001404,False,hdf5,h5_tr_210.py,210,stream,M2,512,1,64,/pscratch/sd/s/satt/sprints/data/converted_10M/mc_normalized_rntuple_10M_30.h5,,auto,,5000,,,,,,,false,true,2,17,2342528,0.06592488288879395,35.53329027450101,0.00020484804587259166,0.020484804587259164,2
1609480,1609639,worker,321.8091802597046,False,hdf5,h5_tr_210.py,210,stream,M2,512,1,64,/pscratch/sd/s/satt/sprints/data/converted_10M/mc_normalized_rntuple_10M_30.h5,,auto,,5000,,,,,,,false,true,2,17,2342528,0.08051109313964844,29.095717231622093,0.00025018271099250445,0.025018271099250443,2
1609480,1609640,worker,321.7980284690857,False,hdf5,h5_tr_210.py,210,stream,M2,512,1,64,/pscratch/sd/s/satt/sprints/data/converted_10M/mc_normalized_rntuple_10M_30.h5,,auto,,5000,,,,,,,false,true,2,19,3507568,0.1270279884338379,27.612560375439664,0.00039474445831181074,0.03947444583118108,2
1609480,1609641,worker,321.79322481155396,False,hdf5,h5_tr_210.py,210,stream,M2,512,1,64,/pscratch/sd/s/satt/sprints/data/converted_10M/mc_normalized_rntuple_10M_30.h5,,auto,,5000,,,,,,,false,true,2,17,2342528,0.0842435359954834,27.806620084484482,0.00026179400155120554,0.026179400155120557,2
1609480,1609642,worker,321.790776014328,False,hdf5,h5_tr_210.py,210,stream,M2,512,1,64,/pscratch/sd/s/satt/sprints/data/converted_10M/mc_normalized_rntuple_10M_30.h5,,auto,,5000,,,,,,,false,true,2,17,2342528,0.12330937385559082,18.997160773384223,0.00038319735382999406,0.03831973538299941,2
1609480,1609643,worker,321.78014397621155,False,hdf5,h5_tr_210.py,210,stream,M2,512,1,64,/pscratch/sd/s/satt/sprints/data/converted_10M/mc_normalized_rntuple_10M_30.h5,,auto,,5000,,,,,,,false,true,2,19,3507568,0.16423487663269043,21.357022770776265,0.0005103946893778254,0.051039468937782544,2
1609480,1609644,worker,321.78274941444397,False,hdf5,h5_tr_210.py,210,stream,M2,512,1,64,/pscratch/sd/s/satt/sprints/data/converted_10M/mc_normalized_rntuple_10M_30.h5,,auto,,5000,,,,,,,false,true,2,17,2342528,0.0658724308013916,35.561584284976966,0.00020471088310750434,0.020471088310750434,2
1609480,1609645,worker,321.77042627334595,False,hdf5,h5_tr_210.py,210,stream,M2,512,1,64,/pscratch/sd/s/satt/sprints/data/converted_10M/mc_normalized_rntuple_10M_30.h5,,auto,,5000,,,,,,,false,true,2,17,2342528,0.09309077262878418,25.16391188782203,0.00028930804395834375,0.028930804395834377,2
1609480,1609646,worker,321.7663822174072,False,hdf5,h5_tr_210.py,210,stream,M2,512,1,64,/pscratch/sd/s/satt/sprints/data/converted_10M/mc_normalized_rntuple_10M_30.h5,,auto,,5000,,,,,,,false,true,2,19,3507568,0.14086341857910156,24.900488965702138,0.000437781652664773,0.0437781652664773,2
1609480,1609647,worker,321.76495480537415,False,hdf5,h5_tr_210.py,210,stream,M2,512,1,64,/pscratch/sd/s/satt/sprints/data/converted_10M/mc_normalized_rntuple_10M_30.h5,,auto,,5000,,,,,,,false,true,2,17,2342528,0.07911849021911621,29.60784506267045,0.0002458890846797551,0.02458890846797551,2
1609480,1609648,worker,321.7721230983734,False,hdf5,h5_tr_210.py,210,stream,M2,512,1,64,/pscratch/sd/s/satt/sprints/data/converted_10M/mc_normalized_rntuple_10M_30.h5,,auto,,5000,,,,,,,false,true,2,17,2342528,0.11569428443908691,20.247568938752043,0.0003595534732004003,0.03595534732004003,2
1609480,1609649,worker,321.7516839504242,False,hdf5,h5_tr_210.py,210,stream,M2,512,1,64,/pscratch/sd/s/satt/sprints/data/converted_10M/mc_normalized_rntuple_10M_30.h5,,auto,,5000,,,,,,,false,true,2,19,3507568,0.16982197761535645,20.654382013761346,0.0005278044718532779,0.052780447185327796,2
1609480,1609650,worker,321.75017619132996,False,hdf5,h5_tr_210.py,210,stream,M2,512,1,64,/pscratch/sd/s/satt/sprints/data/converted_10M/mc_normalized_rntuple_10M_30.h5,,auto,,5000,,,,,,,false,true,2,17,2342528,0.06408977508544922,36.55072898721784,0.00019919111107910626,0.019919111107910628,2
1609480,1609651,worker,321.7266116142273,False,hdf5,h5_tr_210.py,210,stream,M2,512,1,64,/pscratch/sd/s/satt/sprints/data/converted_10M/mc_normalized_rntuple_10M_30.h5,,auto,,5000,,,,,,,false,true,2,17,2342528,0.07894539833068848,29.67276180161331,0.00024538038036265875,0.024538038036265874,2
1609480,1609652,worker,321.7294945716858,False,hdf5,h5_tr_210.py,210,stream,M2,512,1,64,/pscratch/sd/s/satt/sprints/data/converted_10M/mc_normalized_rntuple_10M_30.h5,,auto,,5000,,,,,,,false,true,2,19,3507568,0.15285944938659668,22.946360294213893,0.00047511792349065303,0.0475117923490653,2
1609480,1609653,worker,321.72304368019104,False,hdf5,h5_tr_210.py,210,stream,M2,512,1,64,/pscratch/sd/s/satt/sprints/data/converted_10M/mc_normalized_rntuple_10M_30.h5,,auto,,5000,,,,,,,false,true,2,17,2342528,0.07411718368530273,31.60573410271818,0.00023037573820474904,0.023037573820474905,2
1609480,1609654,worker,321.7164852619171,False,hdf5,h5_tr_210.py,210,stream,M2,512,1,64,/pscratch/sd/s/satt/sprints/data/converted_10M/mc_normalized_rntuple_10M_30.h5,,auto,,5000,,,,,,,false,true,2,17,2342528,0.10628342628479004,22.040388439521294,0.00033036363118993465,0.03303636311899347,2
1609480,1609655,worker,321.7107858657837,False,hdf5,h5_tr_210.py,210,stream,M2,512,1,64,/pscratch/sd/s/satt/sprints/data/converted_10M/mc_normalized_rntuple_10M_30.h5,,auto,,5000,,,,,,,false,true,2,19,3507568,0.16617202758789062,21.108053207961248,0.0005165261311979041,0.051652613119790414,2
1609480,1609656,worker,321.69945788383484,False,hdf5,h5_tr_210.py,210,stream,M2,512,1,64,/pscratch/sd/s/satt/sprints/data/converted_10M/mc_normalized_rntuple_10M_30.h5,,auto,,5000,,,,,,,false,true,2,17,2342528,0.06819772720336914,34.34906258700471,0.00021199204888929353,0.021199204888929353,2
1609480,1609657,worker,321.70795941352844,False,hdf5,h5_tr_210.py,210,stream,M2,512,1,64,/pscratch/sd/s/satt/sprints/data/converted_10M/mc_normalized_rntuple_10M_30.h5,,auto,,5000,,,,,,,false,true,2,17,2342528,0.10958600044250488,21.376161102156704,0.00034063813852252666,0.03406381385225266,2
1609480,1609658,worker,321.6835083961487,False,hdf5,h5_tr_210.py,210,stream,M2,512,1,64,/pscratch/sd/s/satt/sprints/data/converted_10M/mc_normalized_rntuple_10M_30.h5,,auto,,5000,,,,,,,false,true,2,19,3507568,0.13940215110778809,25.161505558747724,0.0004333518737184261,0.04333518737184261,2
1609480,1609659,worker,321.6864333152771,False,hdf5,h5_tr_210.py,210,stream,M2,512,1,64,/pscratch/sd/s/satt/sprints/data/converted_10M/mc_normalized_rntuple_10M_30.h5,,auto,,5000,,,,,,,false,true,2,17,2342528,0.10575604438781738,22.150298959837503,0.0003287550652910763,0.03287550652910763,2
1609480,1609660,worker,321.6791591644287,False,hdf5,h5_tr_210.py,210,stream,M2,512,1,64,/pscratch/sd/s/satt/sprints/data/converted_10M/mc_normalized_rntuple_10M_30.h5,,auto,,5000,,,,,,,false,true,2,17,2342528,0.11923718452453613,19.64595196826343,0.00037067115207046146,0.03706711520704615,2
1609480,1609661,worker,321.67438411712646,False,hdf5,h5_tr_210.py,210,stream,M2,512,1,64,/pscratch/sd/s/satt/sprints/data/converted_10M/mc_normalized_rntuple_10M_30.h5,,auto,,5000,,,,,,,false,true,2,19,3507568,0.16677069664001465,21.032280074786236,0.0005184456856822361,0.051844568568223615,2
1609480,1609662,worker,321.6723110675812,False,hdf5,h5_tr_210.py,210,stream,M2,512,1,64,/pscratch/sd/s/satt/sprints/data/converted_10M/mc_normalized_rntuple_10M_30.h5,,auto,,5000,,,,,,,false,true,2,17,2342528,0.07090258598327637,33.03868212299798,0.00022041867933227305,0.022041867933227308,2
1609480,1609663,worker,321.66221380233765,False,hdf5,h5_tr_210.py,210,stream,M2,512,1,64,/pscratch/sd/s/satt/sprints/data/converted_10M/mc_normalized_rntuple_10M_30.h5,,auto,,5000,,,,,,,false,true,2,17,2342528,0.11161255836486816,20.988032478765835,0.0003469868501043595,0.03469868501043595,2
1609480,1609664,worker,321.66020941734314,False,hdf5,h5_tr_210.py,210,stream,M2,512,1,64,/pscratch/sd/s/satt/sprints/data/converted_10M/mc_normalized_rntuple_10M_30.h5,,auto,,5000,,,,,,,false,true,2,19,3507568,0.16660356521606445,21.05337899252704,0.0005179489422016201,0.051794894220162,2
1609480,1609665,worker,321.65021085739136,False,hdf5,h5_tr_210.py,210,stream,M2,512,1,64,/pscratch/sd/s/satt/sprints/data/converted_10M/mc_normalized_rntuple_10M_30.h5,,auto,,5000,,,,,,,false,true,2,17,2342528,0.06928658485412598,33.809257664119144,0.00021540972931258318,0.02154097293125832,2
1609480,1609666,worker,321.64890122413635,False,hdf5,h5_tr_210.py,210,stream,M2,512,1,64,/pscratch/sd/s/satt/sprints/data/converted_10M/mc_normalized_rntuple_10M_30.h5,,auto,,5000,,,,,,,false,true,2,17,2342528,0.10626101493835449,22.045036943783924,0.0003303633699165291,0.03303633699165291,2
1609480,1609667,worker,321.63193225860596,False,hdf5,h5_tr_210.py,210,stream,M2,512,1,64,/pscratch/sd/s/satt/sprints/data/converted_10M/mc_normalized_rntuple_10M_30.h5,,auto,,5000,,,,,,,false,true,2,19,3507568,0.15953540802001953,21.986141155321757,0.0004960185604075723,0.049601856040757224,2
1609480,1609668,worker,321.62110924720764,False,hdf5,h5_tr_210.py,210,stream,M2,512,1,64,/pscratch/sd/s/satt/sprints/data/converted_10M/mc_normalized_rntuple_10M_30.h5,,auto,,5000,,,,,,,false,true,2,17,2342528,0.061565399169921875,38.04942437771857,0.00019142213430587,0.019142213430587002,2
1609480,1609669,worker,321.6296181678772,False,hdf5,h5_tr_210.py,210,stream,M2,512,1,64,/pscratch/sd/s/satt/sprints/data/converted_10M/mc_normalized_rntuple_10M_30.h5,,auto,,5000,,,,,,,false,true,2,17,2342528,0.10786890983581543,21.716433433558414,0.0003353823893778103,0.033538238937781024,2
1609480,1609670,worker,321.6189720630646,False,hdf5,h5_tr_210.py,210,stream,M2,512,1,64,/pscratch/sd/s/satt/sprints/data/converted_10M/mc_normalized_rntuple_10M_30.h5,,auto,,5000,,,,,,,false,true,2,19,3507568,0.13558650016784668,25.869596129835006,0.00042157494409645783,0.04215749440964578,2
1609480,1609671,worker,321.61245226860046,False,hdf5,h5_tr_210.py,210,stream,M2,512,1,64,/pscratch/sd/s/satt/sprints/data/converted_10M/mc_normalized_rntuple_10M_30.h5,,auto,,5000,,,,,,,false,true,2,17,2342528,0.07861781120300293,29.79640318338605,0.00024444890317040286,0.024444890317040287,2
1609480,1609672,worker,321.6069881916046,False,hdf5,h5_tr_210.py,210,stream,M2,512,1,64,/pscratch/sd/s/satt/sprints/data/converted_10M/mc_normalized_rntuple_10M_30.h5,,auto,,5000,,,,,,,false,true,2,21,3512280,0.16011977195739746,21.935329766360777,0.000497874044521702,0.049787404452170204,2
1609480,1609673,worker,321.5892722606659,False,hdf5,h5_tr_210.py,210,stream,M2,512,1,64,/pscratch/sd/s/satt/sprints/data/converted_10M/mc_normalized_rntuple_10M_30.h5,,auto,,5000,,,,,,,false,true,2,17,2342528,0.06823348999023438,34.33105943042433,0.00021217588979438145,0.021217588979438144,2
1609480,1609674,worker,321.59506916999817,False,hdf5,h5_tr_210.py,210,stream,M2,512,1,64,/pscratch/sd/s/satt/sprints/data/converted_10M/mc_normalized_rntuple_10M_30.h5,,auto,,5000,,,,,,,false,true,2,17,2342528,0.07779574394226074,30.11126163583707,0.0002419058978206447,0.02419058978206447,2
1609480,1609675,worker,321.59522771835327,False,hdf5,h5_tr_210.py,210,stream,M2,512,1,64,/pscratch/sd/s/satt/sprints/data/converted_10M/mc_normalized_rntuple_10M_30.h5,,auto,,5000,,,,,,,false,true,2,19,3507568,0.1381828784942627,25.38352101375304,0.0004296795057396826,0.04296795057396826,2
1609480,1609676,worker,321.57664155960083,False,hdf5,h5_tr_210.py,210,stream,M2,512,1,64,/pscratch/sd/s/satt/sprints/data/converted_10M/mc_normalized_rntuple_10M_30.h5,,auto,,5000,,,,,,,false,true,2,17,2342528,0.07219243049621582,32.44838806365981,0.00022449525607983476,0.022449525607983474,2
1609480,1609677,worker,321.58060026168823,False,hdf5,h5_tr_210.py,210,stream,M2,512,1,64,/pscratch/sd/s/satt/sprints/data/converted_10M/mc_normalized_rntuple_10M_30.h5,,auto,,5000,,,,,,,false,true,2,17,2342528,0.08022570610046387,29.199219475445112,0.00024947309021495606,0.024947309021495605,2
1609480,1609678,worker,321.5750014781952,False,hdf5,h5_tr_210.py,210,stream,M2,512,1,64,/pscratch/sd/s/satt/sprints/data/converted_10M/mc_normalized_rntuple_10M_30.h5,,auto,,5000,,,,,,,false,true,2,19,3507568,0.1599109172821045,21.9345124123838,0.000497274093281618,0.049727409328161803,2
1609480,1609679,worker,321.5615200996399,False,hdf5,h5_tr_210.py,210,stream,M2,512,1,64,/pscratch/sd/s/satt/sprints/data/converted_10M/mc_normalized_rntuple_10M_30.h5,,auto,,5000,,,,,,,false,true,2,17,2342528,0.0681912899017334,34.35230516061046,0.00021206296661554363,0.021206296661554363,2
1609480,1609680,worker,321.5710458755493,False,hdf5,h5_tr_210.py,210,stream,M2,512,1,64,/pscratch/sd/s/satt/sprints/data/converted_10M/mc_normalized_rntuple_10M_30.h5,,auto,,5000,,,,,,,false,true,2,17,2342528,0.07692933082580566,30.450388361030793,0.0002392296564398337,0.02392296564398337,2
1609480,1609681,worker,321.55848503112793,False,hdf5,h5_tr_210.py,210,stream,M2,512,1,64,/pscratch/sd/s/satt/sprints/data/converted_10M/mc_normalized_rntuple_10M_30.h5,,auto,,5000,,,,,,,false,true,2,19,3507568,0.1347942352294922,26.021646949724783,0.00041919041637618007,0.04191904163761801,2
1609480,1609682,worker,321.55149102211,False,hdf5,h5_tr_210.py,210,stream,M2,512,1,64,/pscratch/sd/s/satt/sprints/data/converted_10M/mc_normalized_rntuple_10M_30.h5,,auto,,5000,,,,,,,false,true,2,17,2342528,0.09926509857177734,23.598707236523296,0.0003087066965736814,0.03087066965736814,2
1609480,1609683,worker,321.5428261756897,False,hdf5,h5_tr_210.py,210,stream,M2,512,1,64,/pscratch/sd/s/satt/sprints/data/converted_10M/mc_normalized_rntuple_10M_30.h5,,auto,,5000,,,,,,,false,true,2,17,2342528,0.08590316772460938,27.269401839868557,0.00026715933534051924,0.026715933534051925,2
1609480,1609684,worker,321.536568403244,False,hdf5,h5_tr_210.py,210,stream,M2,512,1,64,/pscratch/sd/s/satt/sprints/data/converted_10M/mc_normalized_rntuple_10M_30.h5,,auto,,5000,,,,,,,false,true,2,19,3507568,0.1615443229675293,21.71272834332301,0.0005024135319032641,0.05024135319032641,2
1609480,1609685,worker,321.5297269821167,False,hdf5,h5_tr_210.py,210,stream,M2,512,1,64,/pscratch/sd/s/satt/sprints/data/converted_10M/mc_normalized_rntuple_10M_30.h5,,auto,,5000,,,,,,,false,true,2,17,2342528,0.0673527717590332,34.77997918750575,0.00020947603318426396,0.020947603318426395,2
1609480,1609686,worker,321.5247712135315,False,hdf5,h5_tr_210.py,210,stream,M2,512,1,64,/pscratch/sd/s/satt/sprints/data/converted_10M/mc_normalized_rntuple_10M_30.h5,,auto,,5000,,,,,,,false,true,2,17,2342528,0.07607674598693848,30.791642960152185,0.000236612394434811,0.0236612394434811,2
1609480,1609687,worker,321.5180311203003,False,hdf5,h5_tr_210.py,210,stream,M2,512,1,64,/pscratch/sd/s/satt/sprints/data/converted_10M/mc_normalized_rntuple_10M_30.h5,,auto,,5000,,,,,,,false,true,2,19,3507568,0.16054534912109375,21.8478331462244,0.000499335444925711,0.049933544492571105,2
1609480,1609688,worker,321.4952929019928,False,hdf5,h5_tr_210.py,210,stream,M2,512,1,64,/pscratch/sd/s/satt/sprints/data/converted_10M/mc_normalized_rntuple_10M_30.h5,,auto,,5000,,,,,,,false,true,2,17,2342528,0.07445454597473145,31.46252481070817,0.0002315882926392604,0.02315882926392604,2
1609480,1609689,worker,321.509348154068,False,hdf5,h5_tr_210.py,210,stream,M2,512,1,64,/pscratch/sd/s/satt/sprints/data/converted_10M/mc_normalized_rntuple_10M_30.h5,,auto,,5000,,,,,,,false,true,2,17,2342528,0.08478593826293945,27.628732405311318,0.00026371220230370985,0.026371220230370983,2
1609480,1609690,worker,321.50592160224915,False,hdf5,h5_tr_210.py,210,stream,M2,512,1,64,/pscratch/sd/s/satt/sprints/data/converted_10M/mc_normalized_rntuple_10M_30.h5,,auto,,5000,,,,,,,false,true,2,19,3507568,0.16318130493164062,21.494913289665007,0.0005075530308070664,0.05075530308070664,2
1609480,1609691,worker,321.4969458580017,False,hdf5,h5_tr_210.py,210,stream,M2,512,1,64,/pscratch/sd/s/satt/sprints/data/converted_10M/mc_normalized_rntuple_10M_30.h5,,auto,,5000,,,,,,,false,true,2,17,2342528,0.1019594669342041,22.9750906947333,0.0003171397683486468,0.03171397683486468,2
1609480,1609692,worker,321.4914183616638,False,hdf5,h5_tr_210.py,210,stream,M2,512,1,64,/pscratch/sd/s/satt/sprints/data/converted_10M/mc_normalized_rntuple_10M_30.h5,,auto,,5000,,,,,,,false,true,2,17,2342528,0.0767064094543457,30.538882169869147,0.00023859551164769923,0.023859551164769923,2
1609480,1609693,worker,321.47480940818787,False,hdf5,h5_tr_210.py,210,stream,M2,512,1,64,/pscratch/sd/s/satt/sprints/data/converted_10M/mc_normalized_rntuple_10M_30.h5,,auto,,5000,,,,,,,false,true,2,19,3507568,0.1679706573486328,20.882028179004145,0.0005225002159822562,0.05225002159822562,2
1609480,1609694,worker,321.4677097797394,False,hdf5,h5_tr_210.py,210,stream,M2,512,1,64,/pscratch/sd/s/satt/sprints/data/converted_10M/mc_normalized_rntuple_10M_30.h5,,auto,,5000,,,,,,,false,true,2,17,2342528,0.11311626434326172,20.70902901187917,0.00035187442129340393,0.03518744212934039,2
1609480,1609695,worker,321.46777725219727,False,hdf5,h5_tr_210.py,210,stream,M2,512,1,64,/pscratch/sd/s/satt/sprints/data/converted_10M/mc_normalized_rntuple_10M_30.h5,,auto,,5000,,,,,,,false,true,2,17,2342528,0.10616779327392578,22.06439380308107,0.0003302595183299981,0.033025951832999806,2
1609480,1609696,worker,321.44465160369873,False,hdf5,h5_tr_210.py,210,stream,M2,512,1,64,/pscratch/sd/s/satt/sprints/data/converted_10M/mc_normalized_rntuple_10M_30.h5,,auto,,5000,,,,,,,false,true,2,19,3507568,0.15799617767333984,22.200334537535234,0.0004915190745439108,0.04915190745439108,2
1609480,1609697,worker,321.4585907459259,False,hdf5,h5_tr_210.py,210,stream,M2,512,1,64,/pscratch/sd/s/satt/sprints/data/converted_10M/mc_normalized_rntuple_10M_30.h5,,auto,,5000,,,,,,,false,true,2,17,2342528,0.07297849655151367,32.09887995358289,0.0002270230090356936,0.02270230090356936,2
1609480,1609698,worker,321.43877053260803,False,hdf5,h5_tr_210.py,210,stream,M2,512,1,64,/pscratch/sd/s/satt/sprints/data/converted_10M/mc_normalized_rntuple_10M_30.h5,,auto,,5000,,,,,,,false,true,2,17,2342528,0.10728573799133301,21.834477199469323,0.0003337672609112021,0.03337672609112021,2
1609480,1609699,worker,321.44993138313293,False,hdf5,h5_tr_210.py,210,stream,M2,512,1,64,/pscratch/sd/s/satt/sprints/data/converted_10M/mc_normalized_rntuple_10M_30.h5,,auto,,5000,,,,,,,false,true,2,19,3507568,0.15796709060668945,22.20442236752485,0.0004914205143145919,0.04914205143145919,2
1609480,1609700,worker,321.43995332717896,False,hdf5,h5_tr_210.py,210,stream,M2,512,1,64,/pscratch/sd/s/satt/sprints/data/converted_10M/mc_normalized_rntuple_10M_30.h5,,auto,,5000,,,,,,,false,true,2,17,2342528,0.06407475471496582,36.55929718998769,0.00019933662275562576,0.019933662275562574,2
1609480,1609701,worker,321.4330711364746,False,hdf5,h5_tr_210.py,210,stream,M2,512,1,64,/pscratch/sd/s/satt/sprints/data/converted_10M/mc_normalized_rntuple_10M_30.h5,,auto,,5000,,,,,,,false,true,2,17,2342528,0.07222580909729004,32.433392291176055,0.0002246993716045611,0.022469937160456113,2
1609480,1609702,worker,321.4070861339569,False,hdf5,h5_tr_210.py,210,stream,M2,512,1,64,/pscratch/sd/s/satt/sprints/data/converted_10M/mc_normalized_rntuple_10M_30.h5,,auto,,5000,,,,,,,false,true,2,19,3507568,0.13123250007629395,26.72789132235402,0.00040830618159301725,0.040830618159301724,2
1609480,1609703,worker,321.4109206199646,False,hdf5,h5_tr_210.py,210,stream,M2,512,1,64,/pscratch/sd/s/satt/sprints/data/converted_10M/mc_normalized_rntuple_10M_30.h5,,auto,,5000,,,,,,,false,true,2,17,2342528,0.1128377914428711,20.760136919074707,0.0003510701852482797,0.03510701852482797,2
1609480,1609704,worker,321.4138882160187,False,hdf5,h5_tr_210.py,210,stream,M2,512,1,64,/pscratch/sd/s/satt/sprints/data/converted_10M/mc_normalized_rntuple_10M_30.h5,,auto,,5000,,,,,,,false,true,2,17,2342528,0.12759017944335938,18.359782941130746,0.000396965358751416,0.0396965358751416,2
1609480,1609705,worker,321.41170024871826,False,hdf5,h5_tr_210.py,210,stream,M2,512,1,64,/pscratch/sd/s/satt/sprints/data/converted_10M/mc_normalized_rntuple_10M_30.h5,,auto,,5000,,,,,,,false,true,2,19,3507568,0.17737913131713867,19.774411871082904,0.0005518751532065486,0.05518751532065486,2
1609480,1609706,worker,321.385719537735,False,hdf5,h5_tr_210.py,210,stream,M2,512,1,64,/pscratch/sd/s/satt/sprints/data/converted_10M/mc_normalized_rntuple_10M_30.h5,,auto,,5000,,,,,,,false,true,2,17,2342528,0.08905673027038574,26.303772807376095,0.00027710232551241064,0.02771023255124106,2
1609480,1609707,worker,321.39475893974304,False,hdf5,h5_tr_210.py,210,stream,M2,512,1,64,/pscratch/sd/s/satt/sprints/data/converted_10M/mc_normalized_rntuple_10M_30.h5,,auto,,5000,,,,,,,false,true,2,17,2342528,0.12119841575622559,19.328041421858863,0.00037710140686814553,0.03771014068681455,2
1609480,1609708,worker,321.3920147418976,False,hdf5,h5_tr_210.py,210,stream,M2,512,1,64,/pscratch/sd/s/satt/sprints/data/converted_10M/mc_normalized_rntuple_10M_30.h5,,auto,,5000,,,,,,,false,true,2,19,3507568,0.12987542152404785,27.00717317287425,0.00040410282635163717,0.04041028263516372,2
1609480,1609709,worker,321.38155794143677,False,hdf5,h5_tr_210.py,210,stream,M2,512,1,64,/pscratch/sd/s/satt/sprints/data/converted_10M/mc_normalized_rntuple_10M_30.h5,,auto,,5000,,,,,,,false,true,2,17,2342528,0.09021282196044922,25.96668576698557,0.0002807031695853814,0.028070316958538146,2
1609480,1609710,worker,321.3803005218506,False,hdf5,h5_tr_210.py,210,stream,M2,512,1,64,/pscratch/sd/s/satt/sprints/data/converted_10M/mc_normalized_rntuple_10M_30.h5,,auto,,5000,,,,,,,false,true,2,17,2342528,0.13671302795410156,17.13463621613628,0.00042539330423211946,0.042539330423211945,2
1609480,1609711,worker,321.3728668689728,False,hdf5,h5_tr_210.py,210,stream,M2,512,1,64,/pscratch/sd/s/satt/sprints/data/converted_10M/mc_normalized_rntuple_10M_30.h5,,auto,,5000,,,,,,,false,true,2,19,3507568,0.18144750595092773,19.331034513908488,0.0005646011989708697,0.05646011989708698,2
1609480,1609712,worker,321.3470859527588,False,hdf5,h5_tr_210.py,210,stream,M2,512,1,64,/pscratch/sd/s/satt/sprints/data/converted_10M/mc_normalized_rntuple_10M_30.h5,,auto,,5000,,,,,,,false,true,2,17,2342528,0.11989879608154297,19.53754396672049,0.00037311306472892454,0.03731130647289246,2
1609480,1609713,worker,321.3565547466278,False,hdf5,h5_tr_210.py,210,stream,M2,512,1,64,/pscratch/sd/s/satt/sprints/data/converted_10M/mc_normalized_rntuple_10M_30.h5,,auto,,5000,,,,,,,false,true,2,17,2342528,0.1075291633605957,21.78504813754019,0.00033461014493815636,0.03346101449381563,2
1609480,1609714,worker,321.3492410182953,False,hdf5,h5_tr_210.py,210,stream,M2,512,1,64,/pscratch/sd/s/satt/sprints/data/converted_10M/mc_normalized_rntuple_10M_30.h5,,auto,,5000,,,,,,,false,true,2,19,3507568,0.15132880210876465,23.178456124162032,0.00047091694266721196,0.0470916942667212,2
1609480,1609715,worker,321.3443615436554,False,hdf5,h5_tr_210.py,210,stream,M2,512,1,64,/pscratch/sd/s/satt/sprints/data/converted_10M/mc_normalized_rntuple_10M_30.h5,,auto,,5000,,,,,,,false,true,2,19,2347240,0.15979909896850586,14.688693585579028,0.000497283033692803,0.0497283033692803,2
1609480,1609716,worker,321.34044551849365,False,hdf5,h5_tr_210.py,210,stream,M2,512,1,64,/pscratch/sd/s/satt/sprints/data/converted_10M/mc_normalized_rntuple_10M_30.h5,,auto,,5000,,,,,,,false,true,2,19,3507568,0.15636348724365234,22.432142323190554,0.00048659759275355015,0.04865975927535501,2
1609480,1609717,worker,321.33602571487427,False,hdf5,h5_tr_210.py,210,stream,M2,512,1,64,/pscratch/sd/s/satt/sprints/data/converted_10M/mc_normalized_rntuple_10M_30.h5,,auto,,5000,,,,,,,false,true,2,17,2342528,0.12431526184082031,18.843446615585254,0.00038686997999759574,0.038686997999759574,2
1609480,1609718,worker,321.3196129798889,False,hdf5,h5_tr_210.py,210,stream,M2,512,1,64,/pscratch/sd/s/satt/sprints/data/converted_10M/mc_normalized_rntuple_10M_30.h5,,auto,,5000,,,,,,,false,true,2,17,2342528,0.15638089179992676,14.979630650764054,0.00048668330684723714,0.04866833068472371,2
1609480,1609719,worker,321.319198846817,False,hdf5,h5_tr_210.py,210,stream,M2,512,1,64,/pscratch/sd/s/satt/sprints/data/converted_10M/mc_normalized_rntuple_10M_30.h5,,auto,,5000,,,,,,,false,true,2,19,3507568,0.1806049346923828,19.42121906012314,0.0005620732758595072,0.05620732758595071,2
1609480,1609720,worker,321.2903175354004,False,hdf5,h5_tr_210.py,210,stream,M2,512,1,64,/pscratch/sd/s/satt/sprints/data/converted_10M/mc_normalized_rntuple_10M_30.h5,,auto,,5000,,,,,,,false,true,2,17,2342528,0.1269383430480957,18.454061584153806,0.00039508922653453256,0.03950892265345326,2
1609480,1609721,worker,321.3132498264313,False,hdf5,h5_tr_210.py,210,stream,M2,512,1,64,/pscratch/sd/s/satt/sprints/data/converted_10M/mc_normalized_rntuple_10M_30.h5,,auto,,5000,,,,,,,false,true,2,17,2342528,0.15446209907531738,15.16571388077381,0.0004807212250311979,0.04807212250311979,2
1609480,1609722,worker,321.29816198349,False,hdf5,h5_tr_210.py,210,stream,M2,512,1,64,/pscratch/sd/s/satt/sprints/data/converted_10M/mc_normalized_rntuple_10M_30.h5,,auto,,5000,,,,,,,false,true,2,19,3507568,0.16840839385986328,20.827750444070695,0.0005241498825272365,0.05241498825272365,2
1609480,1609723,worker,321.29307103157043,False,hdf5,h5_tr_210.py,210,stream,M2,512,1,64,/pscratch/sd/s/satt/sprints/data/converted_10M/mc_normalized_rntuple_10M_30.h5,,auto,,5000,,,,,,,false,true,2,17,2342528,0.1279001235961914,18.315291136041996,0.00039807930866838975,0.039807930866838974,2
1609480,1609724,worker,321.2860817909241,False,hdf5,h5_tr_210.py,210,stream,M2,512,1,64,/pscratch/sd/s/satt/sprints/data/converted_10M/mc_normalized_rntuple_10M_30.h5,,auto,,5000,,,,,,,false,true,2,17,2342528,0.15240073204040527,15.370844802628225,0.0004743458888442593,0.04743458888442593,2
1609480,1609725,worker,321.27986669540405,False,hdf5,h5_tr_210.py,210,stream,M2,512,1,64,/pscratch/sd/s/satt/sprints/data/converted_10M/mc_normalized_rntuple_10M_30.h5,,auto,,5000,,,,,,,false,true,2,19,3507568,0.1380460262298584,25.40868502914818,0.000429675309722211,0.0429675309722211,2
1609480,1609726,worker,321.27285838127136,False,hdf5,h5_tr_210.py,210,stream,M2,512,1,64,/pscratch/sd/s/satt/sprints/data/converted_10M/mc_normalized_rntuple_10M_30.h5,,auto,,5000,,,,,,,false,true,2,17,2342528,0.11950349807739258,19.6021709630871,0.0003719688574986048,0.037196885749860485,2
1609480,1609727,worker,321.2709491252899,False,hdf5,h5_tr_210.py,210,stream,M2,512,1,64,/pscratch/sd/s/satt/sprints/data/converted_10M/mc_normalized_rntuple_10M_30.h5,,auto,,5000,,,,,,,false,true,2,17,2342528,0.12137389183044434,19.300097942582585,0.0003777929257559814,0.037779292575598145,2
1609480,1609728,worker,321.23886489868164,False,hdf5,h5_tr_210.py,210,stream,M2,512,1,64,/pscratch/sd/s/satt/sprints/data/converted_10M/mc_normalized_rntuple_10M_30.h5,,auto,,5000,,,,,,,false,true,2,19,3507568,0.16225457191467285,21.61768361044751,0.0005050901047289149,0.05050901047289149,2
1609480,1609729,worker,321.2574472427368,False,hdf5,h5_tr_210.py,210,stream,M2,512,1,64,/pscratch/sd/s/satt/sprints/data/converted_10M/mc_normalized_rntuple_10M_30.h5,,auto,,5000,,,,,,,false,true,2,17,2342528,0.12426471710205078,18.851111197366098,0.00038680727300979394,0.0386807273009794,2
1609480,1609730,worker,321.2319984436035,False,hdf5,h5_tr_210.py,210,stream,M2,512,1,64,/pscratch/sd/s/satt/sprints/data/converted_10M/mc_normalized_rntuple_10M_30.h5,,auto,,5000,,,,,,,false,true,2,17,2342528,0.12509489059448242,18.726008623275636,0.0003894222593034874,0.03894222593034874,2
1609480,1609731,worker,321.2242124080658,False,hdf5,h5_tr_210.py,210,stream,M2,512,1,64,/pscratch/sd/s/satt/sprints/data/converted_10M/mc_normalized_rntuple_10M_30.h5,,auto,,5000,,,,,,,false,true,2,19,3507568,0.1323537826538086,26.501456397166802,0.00041202928528212416,0.04120292852821242,2
1609480,1609732,worker,321.2128052711487,False,hdf5,h5_tr_210.py,210,stream,M2,512,1,64,/pscratch/sd/s/satt/sprints/data/converted_10M/mc_normalized_rntuple_10M_30.h5,,auto,,5000,,,,,,,false,true,2,17,2342528,0.13172125816345215,17.783978324084718,0.0004100747417347229,0.041007474173472294,2
1609480,1609733,worker,321.2345049381256,False,hdf5,h5_tr_210.py,210,stream,M2,512,1,64,/pscratch/sd/s/satt/sprints/data/converted_10M/mc_normalized_rntuple_10M_30.h5,,auto,,5000,,,,,,,false,true,2,17,2342528,0.1259920597076416,18.59266373956995,0.00039221209979267165,0.03922120997926717,2
1609480,1609734,worker,321.22351002693176,False,hdf5,h5_tr_210.py,210,stream,M2,512,1,64,/pscratch/sd/s/satt/sprints/data/converted_10M/mc_normalized_rntuple_10M_30.h5,,auto,,5000,,,,,,,false,true,2,19,3507568,0.17403507232666016,20.154374363210934,0.0005417880911396207,0.05417880911396206,2
1609480,1609735,worker,321.21824741363525,False,hdf5,h5_tr_210.py,210,stream,M2,512,1,64,/pscratch/sd/s/satt/sprints/data/converted_10M/mc_normalized_rntuple_10M_30.h5,,auto,,5000,,,,,,,false,true,2,17,2342528,0.13089489936828613,17.896251200813097,0.00040749521679486577,0.040749521679486575,2
1609480,1609736,worker,321.21539974212646,False,hdf5,h5_tr_210.py,210,stream,M2,512,1,64,/pscratch/sd/s/satt/sprints/data/converted_10M/mc_normalized_rntuple_10M_30.h5,,auto,,5000,,,,,,,false,true,2,17,2342528,0.15125417709350586,15.48736071303235,0.00047088083950811067,0.047088083950811065,2
1609480,1609737,worker,321.1953010559082,False,hdf5,h5_tr_210.py,210,stream,M2,512,1,64,/pscratch/sd/s/satt/sprints/data/converted_10M/mc_normalized_rntuple_10M_30.h5,,auto,,5000,,,,,,,false,true,2,19,3507568,0.13097524642944336,26.780388627781925,0.0004077744786392296,0.04077744786392296,2
1609480,1609738,worker,321.19742345809937,False,hdf5,h5_tr_210.py,210,stream,M2,512,1,64,/pscratch/sd/s/satt/sprints/data/converted_10M/mc_normalized_rntuple_10M_30.h5,,auto,,5000,,,,,,,false,true,2,17,2342528,0.12290549278259277,19.05958754946528,0.0003826478165962809,0.038264781659628086,2
1609480,1609739,worker,321.1912806034088,False,hdf5,h5_tr_210.py,210,stream,M2,512,1,64,/pscratch/sd/s/satt/sprints/data/converted_10M/mc_normalized_rntuple_10M_30.h5,,auto,,5000,,,,,,,false,true,2,17,2342528,0.15608644485473633,15.007888751519078,0.0004859610278383123,0.04859610278383123,2
1609480,1609740,worker,321.1934745311737,False,hdf5,h5_tr_210.py,210,stream,M2,512,1,64,/pscratch/sd/s/satt/sprints/data/converted_10M/mc_normalized_rntuple_10M_30.h5,,auto,,5000,,,,,,,false,true,2,19,3507568,0.17502045631408691,20.040903068527115,0.0005449066378747372,0.05449066378747373,2
1609480,1609741,worker,321.1786570549011,False,hdf5,h5_tr_210.py,210,stream,M2,512,1,64,/pscratch/sd/s/satt/sprints/data/converted_10M/mc_normalized_rntuple_10M_30.h5,,auto,,5000,,,,,,,false,true,2,17,2342528,0.10753369331359863,21.784130422904074,0.000334809586351864,0.0334809586351864,2
1609480,1609742,worker,321.16823077201843,False,hdf5,h5_tr_210.py,210,stream,M2,512,1,64,/pscratch/sd/s/satt/sprints/data/converted_10M/mc_normalized_rntuple_10M_30.h5,,auto,,5000,,,,,,,false,true,2,17,2342528,0.1141209602355957,20.526711264644067,0.00035533078711201847,0.03553307871120185,2
1609480,1609743,worker,321.16623044013977,False,hdf5,h5_tr_210.py,210,stream,M2,512,1,64,/pscratch/sd/s/satt/sprints/data/converted_10M/mc_normalized_rntuple_10M_30.h5,,auto,,5000,,,,,,,false,true,2,19,3507568,0.13864612579345703,25.29870906905304,0.00043169584051053726,0.04316958405105373,2
1609480,1609744,worker,321.1633126735687,False,hdf5,h5_tr_210.py,210,stream,M2,512,1,64,/pscratch/sd/s/satt/sprints/data/converted_10M/mc_normalized_rntuple_10M_30.h5,,auto,,5000,,,,,,,false,true,2,17,2342528,0.11566448211669922,20.252785964463282,0.0003601422626819799,0.03601422626819799,2
1609480,1609745,worker,321.1264097690582,False,hdf5,h5_tr_210.py,210,stream,M2,512,1,64,/pscratch/sd/s/satt/sprints/data/converted_10M/mc_normalized_rntuple_10M_30.h5,,auto,,5000,,,,,,,false,true,2,17,2342528,0.12255978584289551,19.113349324898408,0.00038165589037362515,0.038165589037362516,2
1609480,1609746,worker,321.145711183548,False,hdf5,h5_tr_210.py,210,stream,M2,512,1,64,/pscratch/sd/s/satt/sprints/data/converted_10M/mc_normalized_rntuple_10M_30.h5,,auto,,5000,,,,,,,false,true,2,19,3507568,0.12741971015930176,27.527672097313623,0.00039676603399033453,0.03967660339903346,2
1609480,1609747,worker,321.12511825561523,False,hdf5,h5_tr_210.py,210,stream,M2,512,1,64,/pscratch/sd/s/satt/sprints/data/converted_10M/mc_normalized_rntuple_10M_30.h5,,auto,,5000,,,,,,,false,true,2,17,2342528,0.08572244644165039,27.32689158136094,0.0002669440712308759,0.02669440712308759,2
1609480,1609748,worker,321.1356613636017,False,hdf5,h5_tr_210.py,210,stream,M2,512,1,64,/pscratch/sd/s/satt/sprints/data/converted_10M/mc_normalized_rntuple_10M_30.h5,,auto,,5000,,,,,,,false,true,2,17,2342528,0.09328389167785645,25.11181681923831,0.0002904812604173442,0.029048126041734422,2
1609480,1609749,worker,321.1124188899994,False,hdf5,h5_tr_210.py,210,stream,M2,512,1,64,/pscratch/sd/s/satt/sprints/data/converted_10M/mc_normalized_rntuple_10M_30.h5,,auto,,5000,,,,,,,false,true,2,19,3507568,0.12381768226623535,28.32849021077583,0.00038558982768165833,0.038558982768165835,2
1609480,1609750,worker,321.1110005378723,False,hdf5,h5_tr_210.py,210,stream,M2,512,1,64,/pscratch/sd/s/satt/sprints/data/converted_10M/mc_normalized_rntuple_10M_30.h5,,auto,,5000,,,,,,,false,true,2,17,2342528,0.09323740005493164,25.124338501715826,0.0002903587852759815,0.029035878527598147,2
1609480,1609751,worker,321.11463165283203,False,hdf5,h5_tr_210.py,210,stream,M2,512,1,64,/pscratch/sd/s/satt/sprints/data/converted_10M/mc_normalized_rntuple_10M_30.h5,,auto,,5000,,,,,,,false,true,2,17,2342528,0.1321103572845459,17.731599915020638,0.00041141182699944644,0.04114118269994464,2
1609480,1609752,worker,321.106032371521,False,hdf5,h5_tr_210.py,210,stream,M2,512,1,64,/pscratch/sd/s/satt/sprints/data/converted_10M/mc_normalized_rntuple_10M_30.h5,,auto,,5000,,,,,,,false,true,2,19,3507568,0.12492513656616211,28.077359740506207,0.0003890463708935347,0.03890463708935347,2
1609480,1609753,worker,321.1003351211548,False,hdf5,h5_tr_210.py,210,stream,M2,512,1,64,/pscratch/sd/s/satt/sprints/data/converted_10M/mc_normalized_rntuple_10M_30.h5,,auto,,5000,,,,,,,false,true,2,17,2342528,0.11547064781188965,20.2867832162521,0.000359609241043991,0.035960924104399106,2
1609480,1609754,worker,321.0965588092804,False,hdf5,h5_tr_210.py,210,stream,M2,512,1,64,/pscratch/sd/s/satt/sprints/data/converted_10M/mc_normalized_rntuple_10M_30.h5,,auto,,5000,,,,,,,false,true,2,17,2342528,0.14265823364257812,16.420559404016366,0.0004442845297738363,0.04442845297738363,2
1609480,1609755,worker,321.08797097206116,False,hdf5,h5_tr_210.py,210,stream,M2,512,1,64,/pscratch/sd/s/satt/sprints/data/converted_10M/mc_normalized_rntuple_10M_30.h5,,auto,,5000,,,,,,,false,true,2,19,3507568,0.17200827598571777,20.39185603076006,0.0005357045156969917,0.053570451569699175,2
1609480,1609756,worker,321.0806772708893,False,hdf5,h5_tr_210.py,210,stream,M2,512,1,64,/pscratch/sd/s/satt/sprints/data/converted_10M/mc_normalized_rntuple_10M_30.h5,,auto,,5000,,,,,,,false,true,2,17,2342528,0.11526775360107422,20.32249199639273,0.0003589993473940045,0.035899934739400445,2
1609480,1609757,worker,321.0493862628937,False,hdf5,h5_tr_210.py,210,stream,M2,512,1,64,/pscratch/sd/s/satt/sprints/data/converted_10M/mc_normalized_rntuple_10M_30.h5,,auto,,5000,,,,,,,false,true,2,21,3512280,0.15180206298828125,23.137234968085643,0.00047283087737777827,0.047283087737777826,2
1609480,1609758,worker,321.07429003715515,False,hdf5,h5_tr_210.py,210,stream,M2,512,1,64,/pscratch/sd/s/satt/sprints/data/converted_10M/mc_normalized_rntuple_10M_30.h5,,auto,,5000,,,,,,,false,true,2,17,2342528,0.1173410415649414,19.963415773018752,0.00036546383564801325,0.036546383564801325,2
1609480,1609759,worker,321.06208205223083,False,hdf5,h5_tr_210.py,210,stream,M2,512,1,64,/pscratch/sd/s/satt/sprints/data/converted_10M/mc_normalized_rntuple_10M_30.h5,,auto,,5000,,,,,,,false,true,2,17,2342528,0.09505176544189453,24.644760558729395,0.00029605416134575297,0.029605416134575298,2
1609480,1609760,worker,321.0545904636383,False,hdf5,h5_tr_210.py,210,stream,M2,512,1,64,/pscratch/sd/s/satt/sprints/data/converted_10M/mc_normalized_rntuple_10M_30.h5,,auto,,5000,,,,,,,false,true,2,19,3507568,0.14503717422485352,24.183924009455396,0.00045175237648963003,0.045175237648963,2
1609480,1609761,worker,321.04869747161865,False,hdf5,h5_tr_210.py,210,stream,M2,512,1,64,/pscratch/sd/s/satt/sprints/data/converted_10M/mc_normalized_rntuple_10M_30.h5,,auto,,5000,,,,,,,false,true,2,17,2342528,0.11731910705566406,19.967148223251883,0.00036542464734975387,0.03654246473497539,2
1609480,1609762,worker,321.0421516895294,False,hdf5,h5_tr_210.py,210,stream,M2,512,1,64,/pscratch/sd/s/satt/sprints/data/converted_10M/mc_normalized_rntuple_10M_30.h5,,auto,,5000,,,,,,,false,true,2,17,2342528,0.09571719169616699,24.47343009640145,0.0002981452472594076,0.02981452472594076,2
1609480,1609763,worker,321.0386161804199,False,hdf5,h5_tr_210.py,210,stream,M2,512,1,64,/pscratch/sd/s/satt/sprints/data/converted_10M/mc_normalized_rntuple_10M_30.h5,,auto,,5000,,,,,,,false,true,2,19,3507568,0.16466474533081055,21.30126878679049,0.0005129125813271975,0.051291258132719744,2
1609480,1609764,worker,321.0222997665405,False,hdf5,h5_tr_210.py,210,stream,M2,512,1,64,/pscratch/sd/s/satt/sprints/data/converted_10M/mc_normalized_rntuple_10M_30.h5,,auto,,5000,,,,,,,false,true,2,17,2342528,0.11735320091247559,19.96134729846104,0.00036556090027957324,0.03655609002795732,2
1609480,1609765,worker,321.0253565311432,False,hdf5,h5_tr_210.py,210,stream,M2,512,1,64,/pscratch/sd/s/satt/sprints/data/converted_10M/mc_normalized_rntuple_10M_30.h5,,auto,,5000,,,,,,,false,true,2,17,2342528,0.12389755249023438,18.906975585208905,0.0003859431972259639,0.03859431972259639,2
1609480,1609766,worker,321.01849341392517,False,hdf5,h5_tr_210.py,210,stream,M2,512,1,64,/pscratch/sd/s/satt/sprints/data/converted_10M/mc_normalized_rntuple_10M_30.h5,,auto,,5000,,,,,,,false,true,2,19,3507568,0.14142799377441406,24.80108715672497,0.00044056026888162817,0.04405602688816282,2
1609480,1609767,worker,320.9830849170685,False,hdf5,h5_tr_210.py,210,stream,M2,512,1,64,/pscratch/sd/s/satt/sprints/data/converted_10M/mc_normalized_rntuple_10M_30.h5,,auto,,5000,,,,,,,false,true,2,17,2342528,0.1181037425994873,19.834494220424215,0.00036794382055989474,0.03679438205598948,2
1609480,1609768,worker,320.97996616363525,False,hdf5,h5_tr_210.py,210,stream,M2,512,1,64,/pscratch/sd/s/satt/sprints/data/converted_10M/mc_normalized_rntuple_10M_30.h5,,auto,,5000,,,,,,,false,true,2,17,2342528,0.12262701988220215,19.102869842635638,0.00038203948161576857,0.03820394816157686,2
1609480,1609769,worker,320.9748685359955,False,hdf5,h5_tr_210.py,210,stream,M2,512,1,64,/pscratch/sd/s/satt/sprints/data/converted_10M/mc_normalized_rntuple_10M_30.h5,,auto,,5000,,,,,,,false,true,2,19,3507568,0.12737035751342773,27.538338342421802,0.000396823458778499,0.0396823458778499,2
1609480,1609770,worker,320.9729027748108,False,hdf5,h5_tr_210.py,210,stream,M2,512,1,64,/pscratch/sd/s/satt/sprints/data/converted_10M/mc_normalized_rntuple_10M_30.h5,,auto,,5000,,,,,,,false,true,2,17,2342528,0.11778473854064941,19.88821326959567,0.00036696162673671305,0.03669616267367131,2
1609480,1609771,worker,320.99024963378906,False,hdf5,h5_tr_210.py,210,stream,M2,512,1,64,/pscratch/sd/s/satt/sprints/data/converted_10M/mc_normalized_rntuple_10M_30.h5,,auto,,5000,,,,,,,false,true,2,17,2342528,0.11503934860229492,20.362841310049536,0.0003583889190825605,0.03583889190825605,2
1609480,1609772,worker,320.9498507976532,False,hdf5,h5_tr_210.py,210,stream,M2,512,1,64,/pscratch/sd/s/satt/sprints/data/converted_10M/mc_normalized_rntuple_10M_30.h5,,auto,,5000,,,,,,,false,true,2,19,3507568,0.12117171287536621,28.94708605471134,0.0003775409540593942,0.03775409540593942,2
1609480,1609773,worker,320.9717195034027,False,hdf5,h5_tr_210.py,210,stream,M2,512,1,64,/pscratch/sd/s/satt/sprints/data/converted_10M/mc_normalized_rntuple_10M_30.h5,,auto,,5000,,,,,,,false,true,2,17,2342528,0.11292314529418945,20.744445205606016,0.00035181649482671115,0.035181649482671114,2
1609480,1609774,worker,320.96459579467773,False,hdf5,h5_tr_210.py,210,stream,M2,512,1,64,/pscratch/sd/s/satt/sprints/data/converted_10M/mc_normalized_rntuple_10M_30.h5,,auto,,5000,,,,,,,false,true,2,17,2342528,0.11483216285705566,20.399580933749412,0.00035777205449324457,0.03577720544932446,2
1609480,1609775,worker,320.96924209594727,False,hdf5,h5_tr_210.py,210,stream,M2,512,1,64,/pscratch/sd/s/satt/sprints/data/converted_10M/mc_normalized_rntuple_10M_30.h5,,auto,,5000,,,,,,,false,true,2,19,3507568,0.14843082427978516,23.630994552643585,0.00046244563282925023,0.046244563282925026,2
1609480,1609776,worker,320.95243549346924,False,hdf5,h5_tr_210.py,210,stream,M2,512,1,64,/pscratch/sd/s/satt/sprints/data/converted_10M/mc_normalized_rntuple_10M_30.h5,,auto,,5000,,,,,,,false,true,2,17,2342528,0.09363460540771484,25.01775908383325,0.00029173981890416324,0.029173981890416322,2
1609480,1609777,worker,320.94591188430786,False,hdf5,h5_tr_210.py,210,stream,M2,512,1,64,/pscratch/sd/s/satt/sprints/data/converted_10M/mc_normalized_rntuple_10M_30.h5,,auto,,5000,,,,,,,false,true,2,17,2342528,0.10859274864196777,21.57167977876089,0.0003383521790460209,0.03383521790460209,2
1609480,1609778,worker,320.939790725708,False,hdf5,h5_tr_210.py,210,stream,M2,512,1,64,/pscratch/sd/s/satt/sprints/data/converted_10M/mc_normalized_rntuple_10M_30.h5,,auto,,5000,,,,,,,false,true,2,19,3507568,0.11819744110107422,29.675498617610277,0.00036828540591307343,0.03682854059130734,2
1609480,1609779,worker,320.922563791275,False,hdf5,h5_tr_210.py,210,stream,M2,512,1,64,/pscratch/sd/s/satt/sprints/data/converted_10M/mc_normalized_rntuple_10M_30.h5,,auto,,5000,,,,,,,false,true,2,17,2342528,0.0852973461151123,27.46308187406747,0.0002657879368388347,0.02657879368388347,2
1609480,1609780,worker,320.93210315704346,False,hdf5,h5_tr_210.py,210,stream,M2,512,1,64,/pscratch/sd/s/satt/sprints/data/converted_10M/mc_normalized_rntuple_10M_30.h5,,auto,,5000,,,,,,,false,true,2,17,2342528,0.09351181983947754,25.05060861847396,0.00029137571130962515,0.029137571130962516,2
1609480,1609781,worker,320.9237096309662,False,hdf5,h5_tr_210.py,210,stream,M2,512,1,64,/pscratch/sd/s/satt/sprints/data/converted_10M/mc_normalized_rntuple_10M_30.h5,,auto,,5000,,,,,,,false,true,2,19,3507568,0.15017485618591309,23.356559740318378,0.00046794565711147005,0.046794565711147006,2
1609480,1609782,worker,320.91546988487244,False,hdf5,h5_tr_210.py,210,stream,M2,512,1,64,/pscratch/sd/s/satt/sprints/data/converted_10M/mc_normalized_rntuple_10M_30.h5,,auto,,5000,,,,,,,false,true,2,17,2342528,0.13193440437316895,17.75524747414854,0.00041111886697297597,0.041111886697297595,2
1609480,1609783,worker,320.8917510509491,False,hdf5,h5_tr_210.py,210,stream,M2,512,1,64,/pscratch/sd/s/satt/sprints/data/converted_10M/mc_normalized_rntuple_10M_30.h5,,auto,,5000,,,,,,,false,true,2,17,2342528,0.1302027702331543,17.991383714841334,0.0004057529363304872,0.04057529363304872,2
1609480,1609784,worker,320.90028142929077,False,hdf5,h5_tr_210.py,210,stream,M2,512,1,64,/pscratch/sd/s/satt/sprints/data/converted_10M/mc_normalized_rntuple_10M_30.h5,,auto,,5000,,,,,,,false,true,2,19,3507568,0.17760276794433594,19.749512018299953,0.0005534515805137119,0.05534515805137119,2
1609480,1609785,worker,320.89073872566223,False,hdf5,h5_tr_210.py,210,stream,M2,512,1,64,/pscratch/sd/s/satt/sprints/data/converted_10M/mc_normalized_rntuple_10M_30.h5,,auto,,5000,,,,,,,false,true,2,17,2342528,0.1140596866607666,20.537738341918182,0.00035544711297598143,0.03554471129759814,2
1609480,1609786,worker,320.88500475883484,False,hdf5,h5_tr_210.py,210,stream,M2,512,1,64,/pscratch/sd/s/satt/sprints/data/converted_10M/mc_normalized_rntuple_10M_30.h5,,auto,,5000,,,,,,,false,true,2,17,2342528,0.1409289836883545,16.62204564804204,0.0004391884369737733,0.043918843697377336,2
1609480,1609787,worker,320.85450530052185,False,hdf5,h5_tr_210.py,210,stream,M2,512,1,64,/pscratch/sd/s/satt/sprints/data/converted_10M/mc_normalized_rntuple_10M_30.h5,,auto,,5000,,,,,,,false,true,2,19,3507568,0.1237950325012207,28.33367324303108,0.0003858291856780088,0.038582918567800877,2
1609480,1609788,worker,320.8424508571625,False,hdf5,h5_tr_210.py,210,stream,M2,512,1,64,/pscratch/sd/s/satt/sprints/data/converted_10M/mc_normalized_rntuple_10M_30.h5,,auto,,5000,,,,,,,false,true,2,17,2342528,0.0834050178527832,28.086175871753387,0.0002599563045038411,0.02599563045038411,2
1609480,1609789,worker,320.8657371997833,False,hdf5,h5_tr_210.py,210,stream,M2,512,1,64,/pscratch/sd/s/satt/sprints/data/converted_10M/mc_normalized_rntuple_10M_30.h5,,auto,,5000,,,,,,,false,true,2,17,2342528,0.11509084701538086,20.353729777372674,0.00035868849076809,0.035868849076809,2
1609480,1609790,worker,320.85821437835693,False,hdf5,h5_tr_210.py,210,stream,M2,512,1,64,/pscratch/sd/s/satt/sprints/data/converted_10M/mc_normalized_rntuple_10M_30.h5,,auto,,5000,,,,,,,false,true,2,19,3507568,0.11881160736083984,29.522098706629315,0.0003702931763521468,0.03702931763521468,2
1609480,1609791,worker,320.85920810699463,False,hdf5,h5_tr_210.py,210,stream,M2,512,1,64,/pscratch/sd/s/satt/sprints/data/converted_10M/mc_normalized_rntuple_10M_30.h5,,auto,,5000,,,,,,,false,true,2,17,2342528,0.08575725555419922,27.3157995187883,0.000267273786718324,0.026727378671832402,2
1609480,1609792,worker,320.8484842777252,False,hdf5,h5_tr_210.py,210,stream,M2,512,1,64,/pscratch/sd/s/satt/sprints/data/converted_10M/mc_normalized_rntuple_10M_30.h5,,auto,,5000,,,,,,,false,true,2,17,2342528,0.08510231971740723,27.526018183507265,0.00026524145784570074,0.02652414578457007,2
1609480,1609793,worker,320.8434262275696,False,hdf5,h5_tr_210.py,210,stream,M2,512,1,64,/pscratch/sd/s/satt/sprints/data/converted_10M/mc_normalized_rntuple_10M_30.h5,,auto,,5000,,,,,,,false,true,2,19,3507568,0.1732492446899414,20.24579100634685,0.0005399806588745821,0.053998065887458216,2
1609480,1609794,worker,320.8013310432434,False,hdf5,h5_tr_210.py,210,stream,M2,512,1,64,/pscratch/sd/s/satt/sprints/data/converted_10M/mc_normalized_rntuple_10M_30.h5,,auto,,5000,,,,,,,false,true,2,17,2342528,0.11380887031555176,20.5830001958986,0.0003547643332571165,0.03547643332571165,2
1609480,1609795,worker,320.815146446228,False,hdf5,h5_tr_210.py,210,stream,M2,512,1,64,/pscratch/sd/s/satt/sprints/data/converted_10M/mc_normalized_rntuple_10M_30.h5,,auto,,5000,,,,,,,false,true,2,17,2342528,0.13847970962524414,16.916037781559368,0.00043164953762073947,0.043164953762073945,2
1609480,1609796,worker,320.79377579689026,False,hdf5,h5_tr_210.py,210,stream,M2,512,1,64,/pscratch/sd/s/satt/sprints/data/converted_10M/mc_normalized_rntuple_10M_30.h5,,auto,,5000,,,,,,,false,true,2,19,3507568,0.14366722106933594,24.41453223562524,0.00044784915390720816,0.04478491539072082,2
1609480,1609797,worker,320.81011414527893,False,hdf5,h5_tr_210.py,210,stream,M2,512,1,64,/pscratch/sd/s/satt/sprints/data/converted_10M/mc_normalized_rntuple_10M_30.h5,,auto,,5000,,,,,,,false,true,2,17,2342528,0.1168966293334961,20.03931176934938,0.00036437950107944363,0.03643795010794436,2
1609480,1609798,worker,320.8059380054474,False,hdf5,h5_tr_210.py,210,stream,M2,512,1,64,/pscratch/sd/s/satt/sprints/data/converted_10M/mc_normalized_rntuple_10M_30.h5,,auto,,5000,,,,,,,false,true,2,17,2342528,0.11334705352783203,20.666862764322314,0.00035331968676311523,0.03533196867631152,2
1609480,1609799,worker,320.8023798465729,False,hdf5,h5_tr_210.py,210,stream,M2,512,1,64,/pscratch/sd/s/satt/sprints/data/converted_10M/mc_normalized_rntuple_10M_30.h5,,auto,,5000,,,,,,,false,true,2,19,3507568,0.14268827438354492,24.58203391381471,0.00044478558560502915,0.044478558560502916,2
1609480,1609800,worker,320.79273867607117,False,hdf5,h5_tr_210.py,210,stream,M2,512,1,64,/pscratch/sd/s/satt/sprints/data/converted_10M/mc_normalized_rntuple_10M_30.h5,,auto,,5000,,,,,,,false,true,2,19,2347240,0.11285805702209473,20.798160644751047,0.00035180988661983426,0.03518098866198343,2
1609480,1609801,worker,320.79127979278564,False,hdf5,h5_tr_210.py,210,stream,M2,512,1,64,/pscratch/sd/s/satt/sprints/data/converted_10M/mc_normalized_rntuple_10M_30.h5,,auto,,5000,,,,,,,false,true,2,19,3507568,0.1431257724761963,24.506893058574445,0.00044616478530416423,0.04461647853041643,2
1609480,1609802,worker,320.782594203949,False,hdf5,h5_tr_210.py,210,stream,M2,512,1,64,/pscratch/sd/s/satt/sprints/data/converted_10M/mc_normalized_rntuple_10M_30.h5,,auto,,5000,,,,,,,false,true,2,17,2342528,0.13916754722595215,16.832430021897824,0.0004338375888857343,0.04338375888857343,2
1609480,1609803,worker,320.7669131755829,False,hdf5,h5_tr_210.py,210,stream,M2,512,1,64,/pscratch/sd/s/satt/sprints/data/converted_10M/mc_normalized_rntuple_10M_30.h5,,auto,,5000,,,,,,,false,true,2,17,2342528,0.13904857635498047,16.84683195906806,0.00043348790240989543,0.04334879024098954,2
1609480,1609804,worker,320.7637393474579,False,hdf5,h5_tr_210.py,210,stream,M2,512,1,64,/pscratch/sd/s/satt/sprints/data/converted_10M/mc_normalized_rntuple_10M_30.h5,,auto,,5000,,,,,,,false,true,2,19,3507568,0.14495539665222168,24.19756753462163,0.00045190705454148297,0.0451907054541483,2
1609480,1609805,worker,320.7622718811035,False,hdf5,h5_tr_210.py,210,stream,M2,512,1,64,/pscratch/sd/s/satt/sprints/data/converted_10M/mc_normalized_rntuple_10M_30.h5,,auto,,5000,,,,,,,false,true,2,17,2342528,0.13463497161865234,17.399104941583143,0.00041973443706171685,0.04197344370617168,2
1609480,1609806,worker,320.7200503349304,False,hdf5,h5_tr_210.py,210,stream,M2,512,1,64,/pscratch/sd/s/satt/sprints/data/converted_10M/mc_normalized_rntuple_10M_30.h5,,auto,,5000,,,,,,,false,true,2,17,2342528,0.13784289360046387,16.994187649526513,0.00042979194302480766,0.04297919430248077,2
1609480,1609807,worker,320.71735310554504,False,hdf5,h5_tr_210.py,210,stream,M2,512,1,64,/pscratch/sd/s/satt/sprints/data/converted_10M/mc_normalized_rntuple_10M_30.h5,,auto,,5000,,,,,,,false,true,2,19,3507568,0.15064382553100586,23.283848426154474,0.00046970899476533905,0.046970899476533906,2
1609480,1609808,worker,320.73968052864075,False,hdf5,h5_tr_210.py,210,stream,M2,512,1,64,/pscratch/sd/s/satt/sprints/data/converted_10M/mc_normalized_rntuple_10M_30.h5,,auto,,5000,,,,,,,false,true,2,17,2342528,0.12201714515686035,19.198351157851956,0.00038042422738512617,0.03804242273851262,2
1609480,1609809,worker,320.7286512851715,False,hdf5,h5_tr_210.py,210,stream,M2,512,1,64,/pscratch/sd/s/satt/sprints/data/converted_10M/mc_normalized_rntuple_10M_30.h5,,auto,,5000,,,,,,,false,true,2,17,2342528,0.13705778121948242,17.0915359869186,0.0004273325151036144,0.04273325151036144,2
1609480,1609810,worker,320.7022783756256,False,hdf5,h5_tr_210.py,210,stream,M2,512,1,64,/pscratch/sd/s/satt/sprints/data/converted_10M/mc_normalized_rntuple_10M_30.h5,,auto,,5000,,,,,,,false,true,2,19,3507568,0.13634347915649414,25.72596813356975,0.0004251403508795798,0.04251403508795798,2
1609480,1609811,worker,320.7190160751343,False,hdf5,h5_tr_210.py,210,stream,M2,512,1,64,/pscratch/sd/s/satt/sprints/data/converted_10M/mc_normalized_rntuple_10M_30.h5,,auto,,5000,,,,,,,false,true,2,17,2342528,0.13916802406311035,16.832372348246487,0.00043392507798947506,0.04339250779894751,2
1609480,1609812,worker,320.7092115879059,False,hdf5,h5_tr_210.py,210,stream,M2,512,1,64,/pscratch/sd/s/satt/sprints/data/converted_10M/mc_normalized_rntuple_10M_30.h5,,auto,,5000,,,,,,,false,true,2,17,2342528,0.13908815383911133,16.84203819909561,0.00043368930112875004,0.04336893011287501,2
1609480,1609813,worker,320.7082931995392,False,hdf5,h5_tr_210.py,210,stream,M2,512,1,64,/pscratch/sd/s/satt/sprints/data/converted_10M/mc_normalized_rntuple_10M_30.h5,,auto,,5000,,,,,,,false,true,2,19,3507568,0.13968110084533691,25.111256847007418,0.00043553941013439816,0.04355394101343982,2
1609480,1609814,worker,320.69452118873596,False,hdf5,h5_tr_210.py,210,stream,M2,512,1,64,/pscratch/sd/s/satt/sprints/data/converted_10M/mc_normalized_rntuple_10M_30.h5,,auto,,5000,,,,,,,false,true,2,17,2342528,0.10935091972351074,21.422115204179214,0.00034098156500514474,0.034098156500514475,2
1609480,1609815,worker,320.6669690608978,False,hdf5,h5_tr_210.py,210,stream,M2,512,1,64,/pscratch/sd/s/satt/sprints/data/converted_10M/mc_normalized_rntuple_10M_30.h5,,auto,,5000,,,,,,,false,true,2,17,2342528,0.1382770538330078,16.94082955245045,0.0004312170169505286,0.04312170169505286,2
1609480,1609816,worker,320.6496353149414,False,hdf5,h5_tr_210.py,210,stream,M2,512,1,64,/pscratch/sd/s/satt/sprints/data/converted_10M/mc_normalized_rntuple_10M_30.h5,,auto,,5000,,,,,,,false,true,2,19,3507568,0.14173102378845215,24.748060842595756,0.0004420121159634073,0.04420121159634073,2
1609480,1609817,worker,320.6595356464386,False,hdf5,h5_tr_210.py,210,stream,M2,512,1,64,/pscratch/sd/s/satt/sprints/data/converted_10M/mc_normalized_rntuple_10M_30.h5,,auto,,5000,,,,,,,false,true,2,17,2342528,0.11290287971496582,20.74816874391457,0.0003520958124240949,0.03520958124240949,2
1609480,1609818,worker,320.67049837112427,False,hdf5,h5_tr_210.py,210,stream,M2,512,1,64,/pscratch/sd/s/satt/sprints/data/converted_10M/mc_normalized_rntuple_10M_30.h5,,auto,,5000,,,,,,,false,true,2,17,2342528,0.13611054420471191,17.21048147803163,0.0004244560846604166,0.04244560846604166,2
1609480,1609819,worker,320.6638560295105,False,hdf5,h5_tr_210.py,210,stream,M2,512,1,64,/pscratch/sd/s/satt/sprints/data/converted_10M/mc_normalized_rntuple_10M_30.h5,,auto,,5000,,,,,,,false,true,2,19,3507568,0.15719819068908691,22.313030351204315,0.0004902273447201984,0.04902273447201984,2
1609480,1609820,worker,320.6572530269623,False,hdf5,h5_tr_210.py,210,stream,M2,512,1,64,/pscratch/sd/s/satt/sprints/data/converted_10M/mc_normalized_rntuple_10M_30.h5,,auto,,5000,,,,,,,false,true,2,17,2342528,0.11708974838256836,20.006260431496,0.00036515546514933483,0.03651554651493348,2
1609480,1609821,worker,320.6147954463959,False,hdf5,h5_tr_210.py,210,stream,M2,512,1,64,/pscratch/sd/s/satt/sprints/data/converted_10M/mc_normalized_rntuple_10M_30.h5,,auto,,5000,,,,,,,false,true,2,17,2342528,0.08985161781311035,26.071072029803776,0.00028024788340790343,0.028024788340790342,2
1609480,1609822,worker,320.6486005783081,False,hdf5,h5_tr_210.py,210,stream,M2,512,1,64,/pscratch/sd/s/satt/sprints/data/converted_10M/mc_normalized_rntuple_10M_30.h5,,auto,,5000,,,,,,,false,true,2,19,3507568,0.13596844673156738,25.79692630397357,0.0004240419153127146,0.042404191531271465,2
1609480,1609823,worker,320.61197996139526,False,hdf5,h5_tr_210.py,210,stream,M2,512,1,64,/pscratch/sd/s/satt/sprints/data/converted_10M/mc_normalized_rntuple_10M_30.h5,,auto,,5000,,,,,,,false,true,2,17,2342528,0.11672258377075195,20.069192476074925,0.00036406182883373997,0.036406182883373994,2
1609480,1609824,worker,320.62859535217285,False,hdf5,h5_tr_210.py,210,stream,M2,512,1,64,/pscratch/sd/s/satt/sprints/data/converted_10M/mc_normalized_rntuple_10M_30.h5,,auto,,5000,,,,,,,false,true,2,17,2342528,0.11104440689086914,21.09541637970259,0.0003463334477977546,0.03463334477977546,2
1609480,1609825,worker,320.6233124732971,False,hdf5,h5_tr_210.py,210,stream,M2,512,1,64,/pscratch/sd/s/satt/sprints/data/converted_10M/mc_normalized_rntuple_10M_30.h5,,auto,,5000,,,,,,,false,true,2,19,3507568,0.11463236808776855,30.598408272560697,0.0003575297354502743,0.03575297354502743,2
1609480,1609826,worker,320.6137640476227,False,hdf5,h5_tr_210.py,210,stream,M2,512,1,64,/pscratch/sd/s/satt/sprints/data/converted_10M/mc_normalized_rntuple_10M_30.h5,,auto,,5000,,,,,,,false,true,2,17,2342528,0.10981249809265137,21.332070945363203,0.0003425071235442664,0.034250712354426636,2
1609480,1609827,worker,320.6149878501892,False,hdf5,h5_tr_210.py,210,stream,M2,512,1,64,/pscratch/sd/s/satt/sprints/data/converted_10M/mc_normalized_rntuple_10M_30.h5,,auto,,5000,,,,,,,false,true,2,17,2342528,0.11257553100585938,20.808500560197892,0.00035112373180277366,0.035112373180277365,2
1609480,1609828,worker,320.6015968322754,False,hdf5,h5_tr_210.py,210,stream,M2,512,1,64,/pscratch/sd/s/satt/sprints/data/converted_10M/mc_normalized_rntuple_10M_30.h5,,auto,,5000,,,,,,,false,true,2,19,3507568,0.1150047779083252,30.499324148045567,0.0003587155492818416,0.03587155492818416,2
1609480,1609829,worker,320.59767603874207,False,hdf5,h5_tr_210.py,210,stream,M2,512,1,64,/pscratch/sd/s/satt/sprints/data/converted_10M/mc_normalized_rntuple_10M_30.h5,,auto,,5000,,,,,,,false,true,2,17,2342528,0.1094059944152832,21.41133136734934,0.00034125635521469665,0.03412563552146967,2
1609480,1609830,worker,320.5581524372101,False,hdf5,h5_tr_210.py,210,stream,M2,512,1,64,/pscratch/sd/s/satt/sprints/data/converted_10M/mc_normalized_rntuple_10M_30.h5,,auto,,5000,,,,,,,false,true,2,17,2342528,0.11379051208496094,20.586320924990364,0.0003549761914330033,0.03549761914330033,2
1609480,1609831,worker,320.5794141292572,False,hdf5,h5_tr_210.py,210,stream,M2,512,1,64,/pscratch/sd/s/satt/sprints/data/converted_10M/mc_normalized_rntuple_10M_30.h5,,auto,,5000,,,,,,,false,true,2,19,3507568,0.1348857879638672,26.003984948655948,0.0004207562370473402,0.04207562370473402,2
1609480,1609832,worker,320.5695426464081,False,hdf5,h5_tr_210.py,210,stream,M2,512,1,64,/pscratch/sd/s/satt/sprints/data/converted_10M/mc_normalized_rntuple_10M_30.h5,,auto,,5000,,,,,,,false,true,2,17,2342528,0.11801385879516602,19.849600919040135,0.00036813808891800014,0.03681380889180001,2
1609480,1609833,worker,320.54129815101624,False,hdf5,h5_tr_210.py,210,stream,M2,512,1,64,/pscratch/sd/s/satt/sprints/data/converted_10M/mc_normalized_rntuple_10M_30.h5,,auto,,5000,,,,,,,false,true,2,17,2342528,0.12194013595581055,19.210475547188995,0.00038041942382837995,0.03804194238283799,2
1609480,1609834,worker,320.5499436855316,False,hdf5,h5_tr_210.py,210,stream,M2,512,1,64,/pscratch/sd/s/satt/sprints/data/converted_10M/mc_normalized_rntuple_10M_30.h5,,auto,,5000,,,,,,,false,true,2,19,3507568,0.1568002700805664,22.36965534688019,0.0004891601860157924,0.048916018601579236,2
1609480,1609835,worker,320.5672461986542,False,hdf5,h5_tr_210.py,210,stream,M2,512,1,64,/pscratch/sd/s/satt/sprints/data/converted_10M/mc_normalized_rntuple_10M_30.h5,,auto,,5000,,,,,,,false,true,2,17,2342528,0.09026527404785156,25.951596831780243,0.0002815798404803794,0.028157984048037942,2
1609480,1609836,worker,320.5104835033417,False,hdf5,h5_tr_210.py,210,stream,M2,512,1,64,/pscratch/sd/s/satt/sprints/data/converted_10M/mc_normalized_rntuple_10M_30.h5,,auto,,5000,,,,,,,false,true,2,17,2342528,0.11830377578735352,19.800957191853318,0.0003691104718143176,0.03691104718143176,2
1609480,1609837,worker,320.52432465553284,False,hdf5,h5_tr_210.py,210,stream,M2,512,1,64,/pscratch/sd/s/satt/sprints/data/converted_10M/mc_normalized_rntuple_10M_30.h5,,auto,,5000,,,,,,,false,true,2,19,3507568,0.15636825561523438,22.431458266253568,0.00048785144710400115,0.048785144710400116,2
1609480,1609838,worker,320.52363204956055,False,hdf5,h5_tr_210.py,210,stream,M2,512,1,64,/pscratch/sd/s/satt/sprints/data/converted_10M/mc_normalized_rntuple_10M_30.h5,,auto,,5000,,,,,,,false,true,2,17,2342528,0.11820602416992188,19.817331785329333,0.00036879035537586954,0.03687903553758695,2
1609480,1609839,worker,320.4936020374298,False,hdf5,h5_tr_210.py,210,stream,M2,512,1,64,/pscratch/sd/s/satt/sprints/data/converted_10M/mc_normalized_rntuple_10M_30.h5,,auto,,5000,,,,,,,false,true,2,17,2342528,0.12328743934631348,19.000540626201644,0.0003846798767980241,0.03846798767980241,2
1609480,1609840,worker,320.5236306190491,False,hdf5,h5_tr_210.py,210,stream,M2,512,1,64,/pscratch/sd/s/satt/sprints/data/converted_10M/mc_normalized_rntuple_10M_30.h5,,auto,,5000,,,,,,,false,true,2,19,3507568,0.1573476791381836,22.291831816086937,0.0004909082017893262,0.04909082017893262,2
1609480,1609841,worker,320.51188254356384,False,hdf5,h5_tr_210.py,210,stream,M2,512,1,64,/pscratch/sd/s/satt/sprints/data/converted_10M/mc_normalized_rntuple_10M_30.h5,,auto,,5000,,,,,,,false,true,2,17,2342528,0.12341856956481934,18.980352861484967,0.0003850670639271676,0.038506706392716764,2
1609480,1609842,worker,320.50551676750183,False,hdf5,h5_tr_210.py,210,stream,M2,512,1,64,/pscratch/sd/s/satt/sprints/data/converted_10M/mc_normalized_rntuple_10M_30.h5,,auto,,5000,,,,,,,false,true,2,21,3512280,0.15680932998657227,22.398412137216326,0.0004892562585758031,0.048925625857580306,2
1609480,1609843,worker,320.5015790462494,False,hdf5,h5_tr_210.py,210,stream,M2,512,1,64,/pscratch/sd/s/satt/sprints/data/converted_10M/mc_normalized_rntuple_10M_30.h5,,auto,,5000,,,,,,,false,true,2,17,2342528,0.10034561157226562,23.344598366546286,0.00031308928920373725,0.03130892892037372,2
1609480,1609844,worker,320.49052262306213,False,hdf5,h5_tr_210.py,210,stream,M2,512,1,64,/pscratch/sd/s/satt/sprints/data/converted_10M/mc_normalized_rntuple_10M_30.h5,,auto,,5000,,,,,,,false,true,2,17,2342528,0.10379600524902344,22.568575682463848,0.00032386606755014974,0.03238660675501497,2
1609480,1609845,worker,320.4820942878723,False,hdf5,h5_tr_210.py,210,stream,M2,512,1,64,/pscratch/sd/s/satt/sprints/data/converted_10M/mc_normalized_rntuple_10M_30.h5,,auto,,5000,,,,,,,false,true,2,19,3507568,0.1343555450439453,26.106611370991327,0.0004192294903167375,0.04192294903167375,2
1609480,1609846,worker,320.47767329216003,False,hdf5,h5_tr_210.py,210,stream,M2,512,1,64,/pscratch/sd/s/satt/sprints/data/converted_10M/mc_normalized_rntuple_10M_30.h5,,auto,,5000,,,,,,,false,true,2,17,2342528,0.12853050231933594,18.22546366604835,0.00040105914711307356,0.04010591471130736,2
1609480,1609847,worker,320.4490876197815,False,hdf5,h5_tr_210.py,210,stream,M2,512,1,64,/pscratch/sd/s/satt/sprints/data/converted_10M/mc_normalized_rntuple_10M_30.h5,,auto,,5000,,,,,,,false,true,2,17,2342528,0.15248823165893555,15.362024823262695,0.00047585790551498005,0.047585790551498,2
1609480,1609848,worker,320.45952582359314,False,hdf5,h5_tr_210.py,210,stream,M2,512,1,64,/pscratch/sd/s/satt/sprints/data/converted_10M/mc_normalized_rntuple_10M_30.h5,,auto,,5000,,,,,,,false,true,2,19,3507568,0.11638617515563965,30.137325118807603,0.00036318525672320945,0.036318525672320946,2
1609480,1609849,worker,320.4344491958618,False,hdf5,h5_tr_210.py,210,stream,M2,512,1,64,/pscratch/sd/s/satt/sprints/data/converted_10M/mc_normalized_rntuple_10M_30.h5,,auto,,5000,,,,,,,false,true,2,17,2342528,0.08936643600463867,26.212615213595498,0.00027889147446195613,0.02788914744619561,2
1609480,1609850,worker,320.44900369644165,False,hdf5,h5_tr_210.py,210,stream,M2,512,1,64,/pscratch/sd/s/satt/sprints/data/converted_10M/mc_normalized_rntuple_10M_30.h5,,auto,,5000,,,,,,,false,true,2,17,2342528,0.10097956657409668,23.19803975669773,0.00031511899057034886,0.03151189905703489,2
1609480,1609851,worker,320.40695977211,False,hdf5,h5_tr_210.py,210,stream,M2,512,1,64,/pscratch/sd/s/satt/sprints/data/converted_10M/mc_normalized_rntuple_10M_30.h5,,auto,,5000,,,,,,,false,true,2,19,3507568,0.1359844207763672,25.79389594759801,0.0004244115698144833,0.042441156981448326,2
1609480,1609852,worker,320.3955397605896,False,hdf5,h5_tr_210.py,210,stream,M2,512,1,64,/pscratch/sd/s/satt/sprints/data/converted_10M/mc_normalized_rntuple_10M_30.h5,,auto,,5000,,,,,,,false,true,2,17,2342528,0.10886526107788086,21.51768136875348,0.0003397839469276903,0.03397839469276903,2
1609480,1609853,worker,320.43832182884216,False,hdf5,h5_tr_210.py,210,stream,M2,512,1,64,/pscratch/sd/s/satt/sprints/data/converted_10M/mc_normalized_rntuple_10M_30.h5,,auto,,5000,,,,,,,false,true,2,17,2342528,0.08348655700683594,28.05874483251468,0.0002605386163875529,0.026053861638755293,2
1609480,1609854,worker,320.4224865436554,False,hdf5,h5_tr_210.py,210,stream,M2,512,1,64,/pscratch/sd/s/satt/sprints/data/converted_10M/mc_normalized_rntuple_10M_30.h5,,auto,,5000,,,,,,,false,true,2,19,3507568,0.13657450675964355,25.682450431052573,0.00042623259132918627,0.042623259132918624,2
1609480,1609855,worker,320.41072392463684,False,hdf5,h5_tr_210.py,210,stream,M2,512,1,64,/pscratch/sd/s/satt/sprints/data/converted_10M/mc_normalized_rntuple_10M_30.h5,,auto,,5000,,,,,,,false,true,2,17,2342528,0.06917119026184082,33.86565983804223,0.00021588288124248437,0.02158828812424844,2
1609480,1609856,worker,320.374356508255,False,hdf5,h5_tr_210.py,210,stream,M2,512,1,64,/pscratch/sd/s/satt/sprints/data/converted_10M/mc_normalized_rntuple_10M_30.h5,,auto,,5000,,,,,,,false,true,2,17,2342528,0.10475325584411621,22.362340732262552,0.0003269714123995972,0.03269714123995972,2
1609480,1609857,worker,320.3697602748871,False,hdf5,h5_tr_210.py,210,stream,M2,512,1,64,/pscratch/sd/s/satt/sprints/data/converted_10M/mc_normalized_rntuple_10M_30.h5,,auto,,5000,,,,,,,false,true,2,19,3507568,0.11285829544067383,31.079399049082944,0.00035227511904943197,0.0352275119049432,2
1609480,1609858,worker,320.36312222480774,False,hdf5,h5_tr_210.py,210,stream,M2,512,1,64,/pscratch/sd/s/satt/sprints/data/converted_10M/mc_normalized_rntuple_10M_30.h5,,auto,,5000,,,,,,,false,true,2,17,2342528,0.046065568923950195,50.85203666684954,0.00014379173421722586,0.014379173421722586,2
1609480,1609859,worker,320.34776425361633,False,hdf5,h5_tr_210.py,210,stream,M2,512,1,64,/pscratch/sd/s/satt/sprints/data/converted_10M/mc_normalized_rntuple_10M_30.h5,,auto,,5000,,,,,,,false,true,2,17,2342528,0.0729837417602539,32.096573065478445,0.00022782659941548197,0.022782659941548197,2
1609480,1609860,worker,320.34433579444885,False,hdf5,h5_tr_210.py,210,stream,M2,512,1,64,/pscratch/sd/s/satt/sprints/data/converted_10M/mc_normalized_rntuple_10M_30.h5,,auto,,5000,,,,,,,false,true,2,19,3507568,0.10338020324707031,33.92881702522094,0.00032271587693501446,0.03227158769350145,2
1609480,1609861,worker,320.37501406669617,False,hdf5,h5_tr_210.py,210,stream,M2,512,1,64,/pscratch/sd/s/satt/sprints/data/converted_10M/mc_normalized_rntuple_10M_30.h5,,auto,,5000,,,,,,,false,true,2,17,2342528,0.08134961128234863,28.795810613889014,0.00025391996164037044,0.025391996164037044,2
1609480,1609862,worker,320.3670060634613,False,hdf5,h5_tr_210.py,210,stream,M2,512,1,64,/pscratch/sd/s/satt/sprints/data/converted_10M/mc_normalized_rntuple_10M_30.h5,,auto,,5000,,,,,,,false,true,2,17,2342528,0.1309034824371338,17.89507778087566,0.0004086047562937964,0.04086047562937964,2
1609480,1609863,worker,320.3611626625061,False,hdf5,h5_tr_210.py,210,stream,M2,512,1,64,/pscratch/sd/s/satt/sprints/data/converted_10M/mc_normalized_rntuple_10M_30.h5,,auto,,5000,,,,,,,false,true,2,19,3507568,0.08163905143737793,42.964340450360524,0.00025483442112295926,0.025483442112295925,2
1609480,1609864,worker,320.30836725234985,False,hdf5,h5_tr_210.py,210,stream,M2,512,1,64,/pscratch/sd/s/satt/sprints/data/converted_10M/mc_normalized_rntuple_10M_30.h5,,auto,,5000,,,,,,,false,true,2,17,2342528,0.12666010856628418,18.494599653482066,0.00039543178235645974,0.03954317823564597,2
1609480,1609865,worker,320.34388399124146,False,hdf5,h5_tr_210.py,210,stream,M2,512,1,64,/pscratch/sd/s/satt/sprints/data/converted_10M/mc_normalized_rntuple_10M_30.h5,,auto,,5000,,,,,,,false,true,2,17,2342528,0.10730409622192383,21.830741625699343,0.0003349653343931412,0.03349653343931412,2
1609480,1609866,worker,320.3365728855133,False,hdf5,h5_tr_210.py,210,stream,M2,512,1,64,/pscratch/sd/s/satt/sprints/data/converted_10M/mc_normalized_rntuple_10M_30.h5,,auto,,5000,,,,,,,false,true,2,19,3507568,0.14663195610046387,23.920897553851184,0.0004577434127475335,0.04577434127475335,2
1609480,1609867,worker,320.2890865802765,False,hdf5,h5_tr_210.py,210,stream,M2,512,1,64,/pscratch/sd/s/satt/sprints/data/converted_10M/mc_normalized_rntuple_10M_30.h5,,auto,,5000,,,,,,,false,true,2,17,2342528,0.1034402847290039,22.64618669734938,0.0003229591299330078,0.032295912993300785,2
1609480,1609868,worker,320.3075740337372,False,hdf5,h5_tr_210.py,210,stream,M2,512,1,64,/pscratch/sd/s/satt/sprints/data/converted_10M/mc_normalized_rntuple_10M_30.h5,,auto,,5000,,,,,,,false,true,2,17,2342528,0.09062743186950684,25.84789121436182,0.00028293877265593874,0.028293877265593875,2
1609480,1609869,worker,320.3188810348511,False,hdf5,h5_tr_210.py,210,stream,M2,512,1,64,/pscratch/sd/s/satt/sprints/data/converted_10M/mc_normalized_rntuple_10M_30.h5,,auto,,5000,,,,,,,false,true,2,19,3507568,0.1483325958251953,23.646643412979465,0.00046307790332551936,0.04630779033255194,2
1609480,1609870,worker,320.2754330635071,False,hdf5,h5_tr_210.py,210,stream,M2,512,1,64,/pscratch/sd/s/satt/sprints/data/converted_10M/mc_normalized_rntuple_10M_30.h5,,auto,,5000,,,,,,,false,true,2,17,2342528,0.11219453811645508,20.879162562873745,0.0003503064129623958,0.03503064129623958,2
1609480,1609871,worker,320.29508876800537,False,hdf5,h5_tr_210.py,210,stream,M2,512,1,64,/pscratch/sd/s/satt/sprints/data/converted_10M/mc_normalized_rntuple_10M_30.h5,,auto,,5000,,,,,,,false,true,2,17,2342528,0.04971051216125488,47.12339298378426,0.0001552022303946751,0.01552022303946751,2
1609480,1609872,worker,320.2559061050415,False,hdf5,h5_tr_210.py,210,stream,M2,512,1,64,/pscratch/sd/s/satt/sprints/data/converted_10M/mc_normalized_rntuple_10M_30.h5,,auto,,5000,,,,,,,false,true,2,19,3507568,0.12582612037658691,27.87631049500808,0.0003928924275180015,0.03928924275180015,2
1609480,1609873,worker,320.29711151123047,False,hdf5,h5_tr_210.py,210,stream,M2,512,1,64,/pscratch/sd/s/satt/sprints/data/converted_10M/mc_normalized_rntuple_10M_30.h5,,auto,,5000,,,,,,,false,true,2,17,2342528,0.10236668586730957,22.88369482857389,0.0003195991539989905,0.03195991539989905,2
1609480,1609874,worker,320.2475550174713,False,hdf5,h5_tr_210.py,210,stream,M2,512,1,64,/pscratch/sd/s/satt/sprints/data/converted_10M/mc_normalized_rntuple_10M_30.h5,,auto,,5000,,,,,,,false,true,2,17,2342528,0.10098743438720703,23.196232424503982,0.00031534178108462874,0.031534178108462874,2
1609480,1609875,worker,320.2726266384125,False,hdf5,h5_tr_210.py,210,stream,M2,512,1,64,/pscratch/sd/s/satt/sprints/data/converted_10M/mc_normalized_rntuple_10M_30.h5,,auto,,5000,,,,,,,false,true,2,19,3507568,0.12580299377441406,27.88143504986582,0.0003927997065963603,0.03927997065963603,2
1609480,1609876,worker,320.2429983615875,False,hdf5,h5_tr_210.py,210,stream,M2,512,1,64,/pscratch/sd/s/satt/sprints/data/converted_10M/mc_normalized_rntuple_10M_30.h5,,auto,,5000,,,,,,,false,true,2,17,2342528,0.0641481876373291,36.51744634226949,0.00020031097624466766,0.020031097624466764,2
1609480,1609877,worker,320.2583260536194,False,hdf5,h5_tr_210.py,210,stream,M2,512,1,64,/pscratch/sd/s/satt/sprints/data/converted_10M/mc_normalized_rntuple_10M_30.h5,,auto,,5000,,,,,,,false,true,2,17,2342528,0.04505133628845215,51.996859427240835,0.0001406718658765156,0.01406718658765156,2
1609480,1609878,worker,320.2177023887634,False,hdf5,h5_tr_210.py,210,stream,M2,512,1,64,/pscratch/sd/s/satt/sprints/data/converted_10M/mc_normalized_rntuple_10M_30.h5,,auto,,5000,,,,,,,false,true,2,19,3507568,0.08932924270629883,39.265618891815286,0.00027896409861141215,0.027896409861141214,2
1609480,1609879,worker,320.236718416214,False,hdf5,h5_tr_210.py,210,stream,M2,512,1,64,/pscratch/sd/s/satt/sprints/data/converted_10M/mc_normalized_rntuple_10M_30.h5,,auto,,5000,,,,,,,false,true,2,17,2342528,0.10268616676330566,22.81249825402081,0.0003206570666573085,0.03206570666573085,2
1609480,1609880,worker,320.20855021476746,False,hdf5,h5_tr_210.py,210,stream,M2,512,1,64,/pscratch/sd/s/satt/sprints/data/converted_10M/mc_normalized_rntuple_10M_30.h5,,auto,,5000,,,,,,,false,true,2,17,2342528,0.015282869338989258,153.27802312775154,4.772786151006545e-05,0.004772786151006544,2
1609480,1609881,worker,320.185373544693,False,hdf5,h5_tr_210.py,210,stream,M2,512,1,64,/pscratch/sd/s/satt/sprints/data/converted_10M/mc_normalized_rntuple_10M_30.h5,,auto,,5000,,,,,,,false,true,2,19,3507568,0.07912158966064453,44.331364107370575,0.00024711181770956304,0.024711181770956308,2
1609480,1609882,worker,320.2219023704529,False,hdf5,h5_tr_210.py,210,stream,M2,512,1,64,/pscratch/sd/s/satt/sprints/data/converted_10M/mc_normalized_rntuple_10M_30.h5,,auto,,5000,,,,,,,false,true,2,17,2342528,0.05299830436706543,44.20005560509423,0.00016550493259437842,0.016550493259437842,2
1609480,1609883,worker,320.2064049243927,False,hdf5,h5_tr_210.py,210,stream,M2,512,1,64,/pscratch/sd/s/satt/sprints/data/converted_10M/mc_normalized_rntuple_10M_30.h5,,auto,,5000,,,,,,,false,true,2,17,2342528,0.0725250244140625,32.29958237071324,0.00022649460878581472,0.02264946087858147,2
1609480,1609884,worker,320.20201778411865,False,hdf5,h5_tr_210.py,210,stream,M2,512,1,64,/pscratch/sd/s/satt/sprints/data/converted_10M/mc_normalized_rntuple_10M_30.h5,,auto,,5000,,,,,,,false,true,2,19,3507568,0.04736042022705078,74.06116717681883,0.0001479079381035673,0.014790793810356731,2
1609480,1609885,worker,320.1508502960205,False,hdf5,h5_tr_210.py,210,stream,M2,512,1,64,/pscratch/sd/s/satt/sprints/data/converted_10M/mc_normalized_rntuple_10M_30.h5,,auto,,5000,,,,,,,false,true,2,19,2347240,0.05592632293701172,41.970218615009465,0.00017468741027956247,0.017468741027956248,2
1609480,1609886,worker,320.18868684768677,False,hdf5,h5_tr_210.py,210,stream,M2,512,1,64,/pscratch/sd/s/satt/sprints/data/converted_10M/mc_normalized_rntuple_10M_30.h5,,auto,,5000,,,,,,,false,true,2,19,3507568,0.08337163925170898,42.07147696125095,0.00026038283885829086,0.02603828388582909,2
1609480,1609887,worker,320.1855432987213,False,hdf5,h5_tr_210.py,210,stream,M2,512,1,64,/pscratch/sd/s/satt/sprints/data/converted_10M/mc_normalized_rntuple_10M_30.h5,,auto,,5000,,,,,,,false,true,2,17,2342528,0.06131935119628906,38.202100222837416,0.00019151192950357651,0.01915119295035765,2
1609480,1609888,worker,320.16975235939026,False,hdf5,h5_tr_210.py,210,stream,M2,512,1,64,/pscratch/sd/s/satt/sprints/data/converted_10M/mc_normalized_rntuple_10M_30.h5,,auto,,5000,,,,,,,false,true,2,17,2342528,0.07323527336120605,31.986335170025818,0.0002287388887348719,0.022873888873487187,2
1609480,1609889,worker,320.12687969207764,False,hdf5,h5_tr_210.py,210,stream,M2,512,1,64,/pscratch/sd/s/satt/sprints/data/converted_10M/mc_normalized_rntuple_10M_30.h5,,auto,,5000,,,,,,,false,true,2,19,3507568,0.14405584335327148,24.348668671483946,0.00044999608746330627,0.044999608746330626,2
1609480,1609890,worker,320.15814542770386,False,hdf5,h5_tr_210.py,210,stream,M2,512,1,64,/pscratch/sd/s/satt/sprints/data/converted_10M/mc_normalized_rntuple_10M_30.h5,,auto,,5000,,,,,,,false,true,2,17,2342528,0.04085135459899902,57.34272517997234,0.00012759742390569233,0.012759742390569234,2
1609480,1609891,worker,320.1480801105499,False,hdf5,h5_tr_210.py,210,stream,M2,512,1,64,/pscratch/sd/s/satt/sprints/data/converted_10M/mc_normalized_rntuple_10M_30.h5,,auto,,5000,,,,,,,false,true,2,17,2342528,0.11517524719238281,20.33881460733626,0.0003597561701841591,0.035975617018415916,2
1609480,1609892,worker,320.0985360145569,False,hdf5,h5_tr_210.py,210,stream,M2,512,1,64,/pscratch/sd/s/satt/sprints/data/converted_10M/mc_normalized_rntuple_10M_30.h5,,auto,,5000,,,,,,,false,true,2,19,3507568,0.1038966178894043,33.7601749821513,0.00032457698552135667,0.032457698552135664,2
1609480,1609893,worker,320.10914731025696,False,hdf5,h5_tr_210.py,210,stream,M2,512,1,64,/pscratch/sd/s/satt/sprints/data/converted_10M/mc_normalized_rntuple_10M_30.h5,,auto,,5000,,,,,,,false,true,2,17,2342528,0.09951567649841309,23.53928629563559,0.0003108804522913563,0.031088045229135632,2
1609480,1609894,worker,320.13371109962463,False,hdf5,h5_tr_210.py,210,stream,M2,512,1,64,/pscratch/sd/s/satt/sprints/data/converted_10M/mc_normalized_rntuple_10M_30.h5,,auto,,5000,,,,,,,false,true,2,17,2342528,0.11530566215515137,20.31581065679129,0.0003601796941630699,0.036017969416306986,2
1609480,1609895,worker,320.1233193874359,False,hdf5,h5_tr_210.py,210,stream,M2,512,1,64,/pscratch/sd/s/satt/sprints/data/converted_10M/mc_normalized_rntuple_10M_30.h5,,auto,,5000,,,,,,,false,true,2,19,3507568,0.12393045425415039,28.302712364846617,0.0003871334787209331,0.03871334787209331,2
1609480,1609896,worker,320.1137647628784,False,hdf5,h5_tr_210.py,210,stream,M2,512,1,64,/pscratch/sd/s/satt/sprints/data/converted_10M/mc_normalized_rntuple_10M_30.h5,,auto,,5000,,,,,,,false,true,2,17,2342528,0.02668619155883789,87.7805285492004,8.336471122572771e-05,0.008336471122572771,2
1609480,1609897,worker,320.1129536628723,False,hdf5,h5_tr_210.py,210,stream,M2,512,1,64,/pscratch/sd/s/satt/sprints/data/converted_10M/mc_normalized_rntuple_10M_30.h5,,auto,,5000,,,,,,,false,true,2,17,2342528,0.10023927688598633,23.369362517094242,0.0003131372090351381,0.03131372090351381,2
1609480,1609898,worker,320.0979073047638,False,hdf5,h5_tr_210.py,210,stream,M2,512,1,64,/pscratch/sd/s/satt/sprints/data/converted_10M/mc_normalized_rntuple_10M_30.h5,,auto,,5000,,,,,,,false,true,2,19,3507568,0.12235283851623535,28.66764713051239,0.0003822356714120713,0.03822356714120713,2
1609480,1609899,worker,320.0923616886139,False,hdf5,h5_tr_210.py,210,stream,M2,512,1,64,/pscratch/sd/s/satt/sprints/data/converted_10M/mc_normalized_rntuple_10M_30.h5,,auto,,5000,,,,,,,false,true,2,17,2342528,0.0990605354309082,23.647439313851116,0.0003094748494101036,0.03094748494101036,2
1609480,1609900,worker,320.09618735313416,False,hdf5,h5_tr_210.py,210,stream,M2,512,1,64,/pscratch/sd/s/satt/sprints/data/converted_10M/mc_normalized_rntuple_10M_30.h5,,auto,,5000,,,,,,,false,true,2,17,2342528,0.03423357009887695,68.42780327129387,0.00010694775961548723,0.010694775961548723,2
1609480,1609901,worker,320.07699632644653,False,hdf5,h5_tr_210.py,210,stream,M2,512,1,64,/pscratch/sd/s/satt/sprints/data/converted_10M/mc_normalized_rntuple_10M_30.h5,,auto,,5000,,,,,,,false,true,2,19,3507568,0.08669519424438477,40.45862092554438,0.00027085731008286623,0.027085731008286623,2
1609480,1609902,worker,320.04691672325134,False,hdf5,h5_tr_210.py,210,stream,M2,512,1,64,/pscratch/sd/s/satt/sprints/data/converted_10M/mc_normalized_rntuple_10M_30.h5,,auto,,5000,,,,,,,false,true,2,17,2342528,0.025114774703979492,93.27290519666981,7.847216577217195e-05,0.007847216577217195,2
1609480,1609903,worker,320.01837825775146,False,hdf5,h5_tr_210.py,210,stream,M2,512,1,64,/pscratch/sd/s/satt/sprints/data/converted_10M/mc_normalized_rntuple_10M_30.h5,,auto,,5000,,,,,,,false,true,2,17,2342528,0.052405357360839844,44.70016269272625,0.0001637573368321714,0.01637573368321714,2
1609480,1609904,worker,320.0369153022766,False,hdf5,h5_tr_210.py,210,stream,M2,512,1,64,/pscratch/sd/s/satt/sprints/data/converted_10M/mc_normalized_rntuple_10M_30.h5,,auto,,5000,,,,,,,false,true,2,19,3507568,0.11258149147033691,31.155813928119592,0.0003517765797861259,0.03517765797861259,2
1609480,1609905,worker,320.00945496559143,False,hdf5,h5_tr_210.py,210,stream,M2,512,1,64,/pscratch/sd/s/satt/sprints/data/converted_10M/mc_normalized_rntuple_10M_30.h5,,auto,,5000,,,,,,,false,true,2,17,2342528,0.09439659118652344,24.815811360934312,0.0002949806317337508,0.02949806317337508,2
1609480,1609906,worker,320.00675892829895,False,hdf5,h5_tr_210.py,210,stream,M2,512,1,64,/pscratch/sd/s/satt/sprints/data/converted_10M/mc_normalized_rntuple_10M_30.h5,,auto,,5000,,,,,,,false,true,2,17,2342528,0.09353756904602051,25.043712637512268,0.0002922987294370824,0.02922987294370824,2
1609480,1609907,worker,320.03363943099976,False,hdf5,h5_tr_210.py,210,stream,M2,512,1,64,/pscratch/sd/s/satt/sprints/data/converted_10M/mc_normalized_rntuple_10M_30.h5,,auto,,5000,,,,,,,false,true,2,19,3507568,0.11522340774536133,30.441453421960677,0.00036003530113341056,0.03600353011334106,2
1609480,1609908,worker,320.0340805053711,False,hdf5,h5_tr_210.py,210,stream,M2,512,1,64,/pscratch/sd/s/satt/sprints/data/converted_10M/mc_normalized_rntuple_10M_30.h5,,auto,,5000,,,,,,,false,true,2,17,2342528,0.0904541015625,25.89742156005398,0.00028263896588657817,0.02826389658865782,2
1609480,1609909,worker,320.02372002601624,False,hdf5,h5_tr_210.py,210,stream,M2,512,1,64,/pscratch/sd/s/satt/sprints/data/converted_10M/mc_normalized_rntuple_10M_30.h5,,auto,,5000,,,,,,,false,true,2,17,2342528,0.08960294723510742,26.143425772072952,0.00027998845594265066,0.02799884559426507,2
1609480,1609910,worker,319.99775671958923,False,hdf5,h5_tr_210.py,210,stream,M2,512,1,64,/pscratch/sd/s/satt/sprints/data/converted_10M/mc_normalized_rntuple_10M_30.h5,,auto,,5000,,,,,,,false,true,2,19,3507568,0.09153151512145996,38.32087773643371,0.0002860379899527486,0.028603798995274862,2
1609480,1609911,worker,320.0081615447998,False,hdf5,h5_tr_210.py,210,stream,M2,512,1,64,/pscratch/sd/s/satt/sprints/data/converted_10M/mc_normalized_rntuple_10M_30.h5,,auto,,5000,,,,,,,false,true,2,17,2342528,0.09575390815734863,24.464045855450788,0.0002992233313522645,0.029922333135226454,2
1609480,1609912,worker,320.00240755081177,False,hdf5,h5_tr_210.py,210,stream,M2,512,1,64,/pscratch/sd/s/satt/sprints/data/converted_10M/mc_normalized_rntuple_10M_30.h5,,auto,,5000,,,,,,,false,true,2,17,2342528,0.07379627227783203,31.743175199700186,0.0002306116158395285,0.023061161583952848,2
1609480,1609913,worker,319.9659025669098,False,hdf5,h5_tr_210.py,210,stream,M2,512,1,64,/pscratch/sd/s/satt/sprints/data/converted_10M/mc_normalized_rntuple_10M_30.h5,,auto,,5000,,,,,,,false,true,2,19,3507568,0.08492827415466309,41.30035650568337,0.00026542913939682456,0.026542913939682458,2
1609480,1609914,worker,319.99208879470825,False,hdf5,h5_tr_210.py,210,stream,M2,512,1,64,/pscratch/sd/s/satt/sprints/data/converted_10M/mc_normalized_rntuple_10M_30.h5,,auto,,5000,,,,,,,false,true,2,17,2342528,0.05344223976135254,43.832893427756936,0.00016701112818960518,0.016701112818960518,2
1609480,1609915,worker,319.9747416973114,False,hdf5,h5_tr_210.py,210,stream,M2,512,1,64,/pscratch/sd/s/satt/sprints/data/converted_10M/mc_normalized_rntuple_10M_30.h5,,auto,,5000,,,,,,,false,true,2,17,2342528,0.05232524871826172,44.76859751996647,0.0001635293099720983,0.01635293099720983,2
1609480,1609916,worker,319.9225525856018,False,hdf5,h5_tr_210.py,210,stream,M2,512,1,64,/pscratch/sd/s/satt/sprints/data/converted_10M/mc_normalized_rntuple_10M_30.h5,,auto,,5000,,,,,,,false,true,2,19,3507568,0.10379385948181152,33.79359836421396,0.0003244343315060271,0.03244343315060271,2
1609480,1609917,worker,319.97598123550415,False,hdf5,h5_tr_210.py,210,stream,M2,512,1,64,/pscratch/sd/s/satt/sprints/data/converted_10M/mc_normalized_rntuple_10M_30.h5,,auto,,5000,,,,,,,false,true,2,17,2342528,0.054155588150024414,43.255517667181756,0.00016924891656216405,0.016924891656216405,2
1609480,1609918,worker,319.9329524040222,False,hdf5,h5_tr_210.py,210,stream,M2,512,1,64,/pscratch/sd/s/satt/sprints/data/converted_10M/mc_normalized_rntuple_10M_30.h5,,auto,,5000,,,,,,,false,true,2,17,2342528,0.0989525318145752,23.673249759688897,0.0003092914658244224,0.03092914658244224,2
1609480,1609919,worker,319.9459867477417,False,hdf5,h5_tr_210.py,210,stream,M2,512,1,64,/pscratch/sd/s/satt/sprints/data/converted_10M/mc_normalized_rntuple_10M_30.h5,,auto,,5000,,,,,,,false,true,2,19,3507568,0.0880124568939209,39.85308584474104,0.00027508535984017036,0.027508535984017035,2
1609480,1609920,worker,319.89818263053894,False,hdf5,h5_tr_210.py,210,stream,M2,512,1,64,/pscratch/sd/s/satt/sprints/data/converted_10M/mc_normalized_rntuple_10M_30.h5,,auto,,5000,,,,,,,false,true,2,17,2342528,0.052765607833862305,44.394978020070944,0.00016494500656417626,0.016494500656417627,2
1609480,1609921,worker,319.9328339099884,False,hdf5,h5_tr_210.py,210,stream,M2,512,1,64,/pscratch/sd/s/satt/sprints/data/converted_10M/mc_normalized_rntuple_10M_30.h5,,auto,,5000,,,,,,,false,true,2,17,2342528,0.07099151611328125,32.99729500440623,0.00022189506230315323,0.022189506230315324,2
1609480,1609922,worker,319.9356551170349,False,hdf5,h5_tr_210.py,210,stream,M2,512,1,64,/pscratch/sd/s/satt/sprints/data/converted_10M/mc_normalized_rntuple_10M_30.h5,,auto,,5000,,,,,,,false,true,2,19,3507568,0.05718231201171875,61.34008711087392,0.00017873066379800971,0.017873066379800972,2
1609480,1609923,worker,319.90500020980835,False,hdf5,h5_tr_210.py,210,stream,M2,512,1,64,/pscratch/sd/s/satt/sprints/data/converted_10M/mc_normalized_rntuple_10M_30.h5,,auto,,5000,,,,,,,false,true,2,17,2342528,0.11669421195983887,20.07407188975403,0.0003647777055166548,0.036477770551665484,2
1609480,1609924,worker,319.91523337364197,False,hdf5,h5_tr_210.py,210,stream,M2,512,1,64,/pscratch/sd/s/satt/sprints/data/converted_10M/mc_normalized_rntuple_10M_30.h5,,auto,,5000,,,,,,,false,true,2,17,2342528,0.02533745765686035,92.45315894452966,7.920053505944716e-05,0.007920053505944716,2
1609480,1609925,worker,319.90622425079346,False,hdf5,h5_tr_210.py,210,stream,M2,512,1,64,/pscratch/sd/s/satt/sprints/data/converted_10M/mc_normalized_rntuple_10M_30.h5,,auto,,5000,,,,,,,false,true,2,19,3507568,0.08681869506835938,40.4010679639703,0.00027138795211529567,0.02713879521152957,2
1609480,1609926,worker,319.89751410484314,False,hdf5,h5_tr_210.py,210,stream,M2,512,1,64,/pscratch/sd/s/satt/sprints/data/converted_10M/mc_normalized_rntuple_10M_30.h5,,auto,,5000,,,,,,,false,true,2,17,2342528,0.043944597244262695,53.30639366152878,0.0001373708619375526,0.013737086193755261,2
1609480,1609927,worker,319.840176820755,False,hdf5,h5_tr_210.py,210,stream,M2,512,1,64,/pscratch/sd/s/satt/sprints/data/converted_10M/mc_normalized_rntuple_10M_30.h5,,auto,,5000,,,,,,,false,true,2,21,3512280,0.0468442440032959,74.97783505168492,0.0001464614122870135,0.014646141228701351,2
1609480,1609928,worker,319.8822910785675,False,hdf5,h5_tr_210.py,210,stream,M2,512,1,64,/pscratch/sd/s/satt/sprints/data/converted_10M/mc_normalized_rntuple_10M_30.h5,,auto,,5000,,,,,,,false,true,2,17,2342528,0.042980194091796875,54.50249933717938,0.00013436253050107217,0.013436253050107217,2
1609480,1609929,worker,319.85651755332947,False,hdf5,h5_tr_210.py,210,stream,M2,512,1,64,/pscratch/sd/s/satt/sprints/data/converted_10M/mc_normalized_rntuple_10M_30.h5,,auto,,5000,,,,,,,false,true,2,17,2342528,0.061395883560180664,38.154479814657904,0.00019194820236840778,0.01919482023684078,2
1609480,1609930,worker,319.87089681625366,False,hdf5,h5_tr_210.py,210,stream,M2,512,1,64,/pscratch/sd/s/satt/sprints/data/converted_10M/mc_normalized_rntuple_10M_30.h5,,auto,,5000,,,,,,,false,true,2,19,3507568,0.0776209831237793,45.18839956467199,0.00024266347422150075,0.024266347422150076,2
1609480,1609931,worker,319.81821489334106,False,hdf5,h5_tr_210.py,210,stream,M2,512,1,64,/pscratch/sd/s/satt/sprints/data/converted_10M/mc_normalized_rntuple_10M_30.h5,,auto,,5000,,,,,,,false,true,2,17,2342528,0.08502793312072754,27.55009929118169,0.00026586332222848605,0.02658633222284861,2
1609480,1609932,worker,319.8542597293854,False,hdf5,h5_tr_210.py,210,stream,M2,512,1,64,/pscratch/sd/s/satt/sprints/data/converted_10M/mc_normalized_rntuple_10M_30.h5,,auto,,5000,,,,,,,false,true,2,17,2342528,0.06568241119384766,35.66446416052735,0.00020535105972769804,0.020535105972769804,2
1609480,1609933,worker,319.80466890335083,False,hdf5,h5_tr_210.py,210,stream,M2,512,1,64,/pscratch/sd/s/satt/sprints/data/converted_10M/mc_normalized_rntuple_10M_30.h5,,auto,,5000,,,,,,,false,true,2,19,3507568,0.10254406929016113,34.205469163456954,0.0003206459419176,0.03206459419176,2
1609480,1609934,worker,319.8032958507538,False,hdf5,h5_tr_210.py,210,stream,M2,512,1,64,/pscratch/sd/s/satt/sprints/data/converted_10M/mc_normalized_rntuple_10M_30.h5,,auto,,5000,,,,,,,false,true,2,17,2342528,0.041916847229003906,55.88511910741019,0.00013107071682139798,0.013107071682139797,2
1609480,1609935,worker,319.83576488494873,False,hdf5,h5_tr_210.py,210,stream,M2,512,1,64,/pscratch/sd/s/satt/sprints/data/converted_10M/mc_normalized_rntuple_10M_30.h5,,auto,,5000,,,,,,,false,true,2,17,2342528,0.07361245155334473,31.82244240707621,0.0002301570356893157,0.02301570356893157,2
1609480,1609936,worker,319.79310393333435,False,hdf5,h5_tr_210.py,210,stream,M2,512,1,64,/pscratch/sd/s/satt/sprints/data/converted_10M/mc_normalized_rntuple_10M_30.h5,,auto,,5000,,,,,,,false,true,2,19,3507568,0.05697345733642578,61.56494908300832,0.00017815724177811773,0.017815724177811774,2
1609480,1609937,worker,319.81550192832947,False,hdf5,h5_tr_210.py,210,stream,M2,512,1,64,/pscratch/sd/s/satt/sprints/data/converted_10M/mc_normalized_rntuple_10M_30.h5,,auto,,5000,,,,,,,false,true,2,17,2342528,0.054579734802246094,42.91937306928064,0.00017066006642316354,0.017066006642316355,2
1609480,1609938,worker,319.8093161582947,False,hdf5,h5_tr_210.py,210,stream,M2,512,1,64,/pscratch/sd/s/satt/sprints/data/converted_10M/mc_normalized_rntuple_10M_30.h5,,auto,,5000,,,,,,,false,true,2,17,2342528,0.04729461669921875,49.53054202548798,0.0001478837992193121,0.01478837992193121,2
1609480,1609939,worker,319.75487446784973,False,hdf5,h5_tr_210.py,210,stream,M2,512,1,64,/pscratch/sd/s/satt/sprints/data/converted_10M/mc_normalized_rntuple_10M_30.h5,,auto,,5000,,,,,,,false,true,2,19,3507568,0.07330989837646484,47.84576268252007,0.0002292690564873184,0.02292690564873184,2
1609480,1609940,worker,319.77844190597534,False,hdf5,h5_tr_210.py,210,stream,M2,512,1,64,/pscratch/sd/s/satt/sprints/data/converted_10M/mc_normalized_rntuple_10M_30.h5,,auto,,5000,,,,,,,false,true,2,17,2342528,0.039163827896118164,59.81356077382279,0.0001224717578292333,0.012247175782923331,2
1609480,1609941,worker,319.78310537338257,False,hdf5,h5_tr_210.py,210,stream,M2,512,1,64,/pscratch/sd/s/satt/sprints/data/converted_10M/mc_normalized_rntuple_10M_30.h5,,auto,,5000,,,,,,,false,true,2,17,2342528,0.040375709533691406,58.01824976091835,0.00012625967055560438,0.012625967055560438,2
1609480,1609942,worker,319.7268650531769,False,hdf5,h5_tr_210.py,210,stream,M2,512,1,64,/pscratch/sd/s/satt/sprints/data/converted_10M/mc_normalized_rntuple_10M_30.h5,,auto,,5000,,,,,,,false,true,2,19,3507568,0.07906413078308105,44.36358137703811,0.00024728647925763487,0.02472864792576349,2
1609480,1609943,worker,319.7681007385254,False,hdf5,h5_tr_210.py,210,stream,M2,512,1,64,/pscratch/sd/s/satt/sprints/data/converted_10M/mc_normalized_rntuple_10M_30.h5,,auto,,5000,,,,,,,false,true,2,17,2342528,0.05977630615234375,39.1882361220166,0.00018693642678643195,0.018693642678643197,2
1609480,1609944,worker,319.7113449573517,False,hdf5,h5_tr_210.py,210,stream,M2,512,1,64,/pscratch/sd/s/satt/sprints/data/converted_10M/mc_normalized_rntuple_10M_30.h5,,auto,,5000,,,,,,,false,true,2,17,2342528,0.034720420837402344,67.46830664784245,0.00010859927676959327,0.010859927676959327,2
1609480,1609945,worker,319.709050655365,False,hdf5,h5_tr_210.py,210,stream,M2,512,1,64,/pscratch/sd/s/satt/sprints/data/converted_10M/mc_normalized_rntuple_10M_30.h5,,auto,,5000,,,,,,,false,true,2,19,3507568,0.05009102821350098,70.02387703142834,0.00015667691643642996,0.015667691643642997,2
1609480,1609946,worker,319.72671389579773,False,hdf5,h5_tr_210.py,210,stream,M2,512,1,64,/pscratch/sd/s/satt/sprints/data/converted_10M/mc_normalized_rntuple_10M_30.h5,,auto,,5000,,,,,,,false,true,2,17,2342528,0.05244135856628418,44.66947584966016,0.00016401932114867124,0.016401932114867124,2
1609480,1609947,worker,319.73648834228516,False,hdf5,h5_tr_210.py,210,stream,M2,512,1,64,/pscratch/sd/s/satt/sprints/data/converted_10M/mc_normalized_rntuple_10M_30.h5,,auto,,5000,,,,,,,false,true,2,17,2342528,0.0325465202331543,71.97476053411472,0.00010179169853868073,0.010179169853868074,2
1609480,1609948,worker,319.73177003860474,False,hdf5,h5_tr_210.py,210,stream,M2,512,1,64,/pscratch/sd/s/satt/sprints/data/converted_10M/mc_normalized_rntuple_10M_30.h5,,auto,,5000,,,,,,,false,true,2,19,3507568,0.08662295341491699,40.49236214792898,0.0002709238228170383,0.027092382281703832,2
1609480,1609949,worker,319.74239230155945,False,hdf5,h5_tr_210.py,210,stream,M2,512,1,64,/pscratch/sd/s/satt/sprints/data/converted_10M/mc_normalized_rntuple_10M_30.h5,,auto,,5000,,,,,,,false,true,2,17,2342528,0.06923055648803711,33.83661953381501,0.0002165197926671654,0.02165197926671654,2
1609480,1609950,worker,319.68147325515747,False,hdf5,h5_tr_210.py,210,stream,M2,512,1,64,/pscratch/sd/s/satt/sprints/data/converted_10M/mc_normalized_rntuple_10M_30.h5,,auto,,5000,,,,,,,false,true,2,17,2342528,0.07623457908630371,30.727893143452253,0.00023847043217752002,0.023847043217752002,2
1609480,1609951,worker,319.7141718864441,False,hdf5,h5_tr_210.py,210,stream,M2,512,1,64,/pscratch/sd/s/satt/sprints/data/converted_10M/mc_normalized_rntuple_10M_30.h5,,auto,,5000,,,,,,,false,true,2,19,3507568,0.04430985450744629,79.15999813112796,0.00013859208756996933,0.013859208756996933,2
1609480,1609952,worker,319.7024836540222,False,hdf5,h5_tr_210.py,210,stream,M2,512,1,64,/pscratch/sd/s/satt/sprints/data/converted_10M/mc_normalized_rntuple_10M_30.h5,,auto,,5000,,,,,,,false,true,2,17,2342528,0.03910183906555176,59.9083842596994,0.00012230696057984725,0.012230696057984726,2
1609480,1609953,worker,319.6433937549591,False,hdf5,h5_tr_210.py,210,stream,M2,512,1,64,/pscratch/sd/s/satt/sprints/data/converted_10M/mc_normalized_rntuple_10M_30.h5,,auto,,5000,,,,,,,false,true,2,17,2342528,0.032572031021118164,71.91838907684989,0.0001019011550293078,0.01019011550293078,2
1609480,1609954,worker,319.68226504325867,False,hdf5,h5_tr_210.py,210,stream,M2,512,1,64,/pscratch/sd/s/satt/sprints/data/converted_10M/mc_normalized_rntuple_10M_30.h5,,auto,,5000,,,,,,,false,true,2,19,3507568,0.058965444564819336,59.48514466204376,0.000184450158837683,0.0184450158837683,2
1609480,1609955,worker,319.63296008110046,False,hdf5,h5_tr_210.py,210,stream,M2,512,1,64,/pscratch/sd/s/satt/sprints/data/converted_10M/mc_normalized_rntuple_10M_30.h5,,auto,,5000,,,,,,,false,true,2,17,2342528,0.04525160789489746,51.76673512775094,0.00014157365962326216,0.014157365962326217,2
1609480,1609956,worker,319.6299104690552,False,hdf5,h5_tr_210.py,210,stream,M2,512,1,64,/pscratch/sd/s/satt/sprints/data/converted_10M/mc_normalized_rntuple_10M_30.h5,,auto,,5000,,,,,,,false,true,2,17,2342528,0.043647050857543945,53.66978877096614,0.00013655496381265487,0.013655496381265488,2
1609480,1609957,worker,319.67399072647095,False,hdf5,h5_tr_210.py,210,stream,M2,512,1,64,/pscratch/sd/s/satt/sprints/data/converted_10M/mc_normalized_rntuple_10M_30.h5,,auto,,5000,,,,,,,false,true,2,19,3507568,0.0619964599609375,56.576907813930596,0.00019393651582366226,0.019393651582366226,2
1609480,1609958,worker,319.66421127319336,False,hdf5,h5_tr_210.py,210,stream,M2,512,1,64,/pscratch/sd/s/satt/sprints/data/converted_10M/mc_normalized_rntuple_10M_30.h5,,auto,,5000,,,,,,,false,true,2,17,2342528,0.04021859169006348,58.244903701557305,0.00012581512184262511,0.012581512184262511,2
1609480,1609959,worker,319.6558690071106,False,hdf5,h5_tr_210.py,210,stream,M2,512,1,64,/pscratch/sd/s/satt/sprints/data/converted_10M/mc_normalized_rntuple_10M_30.h5,,auto,,5000,,,,,,,false,true,2,17,2342528,0.04565906524658203,51.30477348472127,0.00014283818841932905,0.014283818841932906,2
1609480,1609960,worker,319.64419865608215,False,hdf5,h5_tr_210.py,210,stream,M2,512,1,64,/pscratch/sd/s/satt/sprints/data/converted_10M/mc_normalized_rntuple_10M_30.h5,,auto,,5000,,,,,,,false,true,2,19,3507568,0.061707258224487305,56.84206527601142,0.00019304983004206057,0.019304983004206057,2
1609480,1609961,worker,319.6452443599701,False,hdf5,h5_tr_210.py,210,stream,M2,512,1,64,/pscratch/sd/s/satt/sprints/data/converted_10M/mc_normalized_rntuple_10M_30.h5,,auto,,5000,,,,,,,false,true,2,17,2342528,0.05375933647155762,43.57434733665953,0.0001681843775877243,0.016818437758772432,2
1609480,1609962,worker,319.6405634880066,False,hdf5,h5_tr_210.py,210,stream,M2,512,1,64,/pscratch/sd/s/satt/sprints/data/converted_10M/mc_normalized_rntuple_10M_30.h5,,auto,,5000,,,,,,,false,true,2,17,2342528,0.03861546516418457,60.66294915884296,0.00012080902605977756,0.012080902605977755,2
1609480,1609963,worker,319.58700251579285,False,hdf5,h5_tr_210.py,210,stream,M2,512,1,64,/pscratch/sd/s/satt/sprints/data/converted_10M/mc_normalized_rntuple_10M_30.h5,,auto,,5000,,,,,,,false,true,2,19,3507568,0.07552576065063477,46.4420082602706,0.0002363230045530483,0.023632300455304827,2
1609480,1609964,worker,319.6278426647186,False,hdf5,h5_tr_210.py,210,stream,M2,512,1,64,/pscratch/sd/s/satt/sprints/data/converted_10M/mc_normalized_rntuple_10M_30.h5,,auto,,5000,,,,,,,false,true,2,17,2342528,0.044121503829956055,53.092659965265135,0.000138040239117211,0.0138040239117211,2
1609480,1609965,worker,319.60615253448486,False,hdf5,h5_tr_210.py,210,stream,M2,512,1,64,/pscratch/sd/s/satt/sprints/data/converted_10M/mc_normalized_rntuple_10M_30.h5,,auto,,5000,,,,,,,false,true,2,17,2342528,0.06251883506774902,37.46915625445518,0.0001956121137593037,0.01956121137593037,2
1609480,1609966,worker,319.57944321632385,False,hdf5,h5_tr_210.py,210,stream,M2,512,1,64,/pscratch/sd/s/satt/sprints/data/converted_10M/mc_normalized_rntuple_10M_30.h5,,auto,,5000,,,,,,,false,true,2,19,3507568,0.05914711952209473,59.302431434378285,0.00018507798538862195,0.018507798538862197,2
1609480,1609967,worker,319.5909593105316,False,hdf5,h5_tr_210.py,210,stream,M2,512,1,64,/pscratch/sd/s/satt/sprints/data/converted_10M/mc_normalized_rntuple_10M_30.h5,,auto,,5000,,,,,,,false,true,2,17,2342528,0.04223513603210449,55.46396247473567,0.0001321537258851762,0.01321537258851762,2
1609480,1609968,worker,319.5279154777527,False,hdf5,h5_tr_210.py,210,stream,M2,512,1,64,/pscratch/sd/s/satt/sprints/data/converted_10M/mc_normalized_rntuple_10M_30.h5,,auto,,5000,,,,,,,false,true,2,19,3507568,0.052385807037353516,66.9564563069333,0.00016394751287701154,0.016394751287701154,2
1609480,1609969,worker,319.57502484321594,False,hdf5,h5_tr_210.py,210,stream,M2,512,1,64,/pscratch/sd/s/satt/sprints/data/converted_10M/mc_normalized_rntuple_10M_30.h5,,auto,,5000,,,,,,,false,true,2,17,2342528,0.043154239654541016,54.282685056032534,0.0001350363335674074,0.01350363335674074,2
1609480,1609970,worker,319.5680584907532,False,hdf5,h5_tr_210.py,210,stream,M2,512,1,64,/pscratch/sd/s/satt/sprints/data/converted_10M/mc_normalized_rntuple_10M_30.h5,,auto,,5000,,,,,,,false,true,2,19,2347240,0.0434880256652832,53.97439787370753,0.00013608376841749202,0.013608376841749203,2
1609480,1609971,worker,319.5621371269226,False,hdf5,h5_tr_210.py,210,stream,M2,512,1,64,/pscratch/sd/s/satt/sprints/data/converted_10M/mc_normalized_rntuple_10M_30.h5,,auto,,5000,,,,,,,false,true,2,19,3507568,0.0617222785949707,56.82823252552128,0.00019314640698643237,0.019314640698643238,2
1609480,1609972,worker,319.55097460746765,False,hdf5,h5_tr_210.py,210,stream,M2,512,1,64,/pscratch/sd/s/satt/sprints/data/converted_10M/mc_normalized_rntuple_10M_30.h5,,auto,,5000,,,,,,,false,true,2,17,2342528,0.04306960105895996,54.38935913971447,0.0001347816294782581,0.013478162947825808,2
1609480,1609973,worker,319.55046486854553,False,hdf5,h5_tr_210.py,210,stream,M2,512,1,64,/pscratch/sd/s/satt/sprints/data/converted_10M/mc_normalized_rntuple_10M_30.h5,,auto,,5000,,,,,,,false,true,2,17,2342528,0.06246471405029297,37.50162048470969,0.00019547683673684928,0.019547683673684927,2
1609480,1609974,worker,319.48152232170105,False,hdf5,h5_tr_210.py,210,stream,M2,512,1,64,/pscratch/sd/s/satt/sprints/data/converted_10M/mc_normalized_rntuple_10M_30.h5,,auto,,5000,,,,,,,false,true,2,19,3507568,0.10505461692810059,33.38804235896249,0.00032882845982659404,0.032882845982659406,2
1609480,1609975,worker,319.48369097709656,False,hdf5,h5_tr_210.py,210,stream,M2,512,1,64,/pscratch/sd/s/satt/sprints/data/converted_10M/mc_normalized_rntuple_10M_30.h5,,auto,,5000,,,,,,,false,true,2,17,2342528,0.03366899490356445,69.57522809069665,0.00010538564519707564,0.010538564519707564,2
1609480,1609976,worker,319.5011155605316,False,hdf5,h5_tr_210.py,210,stream,M2,512,1,64,/pscratch/sd/s/satt/sprints/data/converted_10M/mc_normalized_rntuple_10M_30.h5,,auto,,5000,,,,,,,false,true,2,17,2342528,0.06101512908935547,38.39257631610372,0.00019097000328875455,0.019097000328875454,2
1609480,1609977,worker,319.51673769950867,False,hdf5,h5_tr_210.py,210,stream,M2,512,1,64,/pscratch/sd/s/satt/sprints/data/converted_10M/mc_normalized_rntuple_10M_30.h5,,auto,,5000,,,,,,,false,true,2,19,3507568,0.05680251121520996,61.75022767410293,0.00017777632440848907,0.017777632440848908,2
1609480,1609978,worker,319.5064661502838,False,hdf5,h5_tr_210.py,210,stream,M2,512,1,64,/pscratch/sd/s/satt/sprints/data/converted_10M/mc_normalized_rntuple_10M_30.h5,,auto,,5000,,,,,,,false,true,2,17,2342528,0.03822207450866699,61.28730661829523,0.00011962848504821423,0.011962848504821422,2
1609480,1609979,worker,319.5031771659851,False,hdf5,h5_tr_210.py,210,stream,M2,512,1,64,/pscratch/sd/s/satt/sprints/data/converted_10M/mc_normalized_rntuple_10M_30.h5,,auto,,5000,,,,,,,false,true,2,17,2342528,0.05885148048400879,39.8040623742085,0.00018419685527394568,0.01841968552739457,2
1609480,1609980,worker,319.49343514442444,False,hdf5,h5_tr_210.py,210,stream,M2,512,1,64,/pscratch/sd/s/satt/sprints/data/converted_10M/mc_normalized_rntuple_10M_30.h5,,auto,,5000,,,,,,,false,true,2,19,3507568,0.0758814811706543,46.22429538653345,0.00023750560363267772,0.02375056036326777,2
1609480,1609981,worker,319.49196219444275,False,hdf5,h5_tr_210.py,210,stream,M2,512,1,64,/pscratch/sd/s/satt/sprints/data/converted_10M/mc_normalized_rntuple_10M_30.h5,,auto,,5000,,,,,,,false,true,2,17,2342528,0.0549318790435791,42.64423574772679,0.0001719350892782322,0.01719350892782322,2
1609480,1609982,worker,319.4821524620056,False,hdf5,h5_tr_210.py,210,stream,M2,512,1,64,/pscratch/sd/s/satt/sprints/data/converted_10M/mc_normalized_rntuple_10M_30.h5,,auto,,5000,,,,,,,false,true,2,17,2342528,0.04653644561767578,50.33749288128369,0.00014566211370198567,0.014566211370198567,2
1609480,1609983,worker,319.4748947620392,False,hdf5,h5_tr_210.py,210,stream,M2,512,1,64,/pscratch/sd/s/satt/sprints/data/converted_10M/mc_normalized_rntuple_10M_30.h5,,auto,,5000,,,,,,,false,true,2,19,3507568,0.05090212821960449,68.90808150235833,0.0001593306048586977,0.015933060485869767,2
1609480,1609984,worker,319.4311239719391,False,hdf5,h5_tr_210.py,210,stream,M2,512,1,64,/pscratch/sd/s/satt/sprints/data/converted_10M/mc_normalized_rntuple_10M_30.h5,,auto,,5000,,,,,,,false,true,2,17,2342528,0.03812885284423828,61.43714864880819,0.00011936486454459513,0.011936486454459513,2
1609480,1609985,worker,319.40827798843384,False,hdf5,h5_tr_210.py,210,stream,M2,512,1,64,/pscratch/sd/s/satt/sprints/data/converted_10M/mc_normalized_rntuple_10M_30.h5,,auto,,5000,,,,,,,false,true,2,17,2342528,0.040795326232910156,57.421479770156864,0.00012772156842593606,0.012772156842593606,2
1609480,1609986,worker,319.3913314342499,False,hdf5,h5_tr_210.py,210,stream,M2,512,1,64,/pscratch/sd/s/satt/sprints/data/converted_10M/mc_normalized_rntuple_10M_30.h5,,auto,,5000,,,,,,,false,true,2,19,3507568,0.07304525375366211,48.01910897358131,0.00022870142851293777,0.022870142851293775,2
1609480,1609987,worker,319.44593501091003,False,hdf5,h5_tr_210.py,210,stream,M2,512,1,64,/pscratch/sd/s/satt/sprints/data/converted_10M/mc_normalized_rntuple_10M_30.h5,,auto,,5000,,,,,,,false,true,2,17,2342528,0.08374977111816406,27.97056002332096,0.00026217197321763935,0.026217197321763933,2
1609480,1609988,worker,319.42770648002625,False,hdf5,h5_tr_210.py,210,stream,M2,512,1,64,/pscratch/sd/s/satt/sprints/data/converted_10M/mc_normalized_rntuple_10M_30.h5,,auto,,5000,,,,,,,false,true,2,17,2342528,0.08278512954711914,28.296482868540952,0.0002591670286193401,0.025916702861934014,2
1609480,1609989,worker,319.4173016548157,False,hdf5,h5_tr_210.py,210,stream,M2,512,1,64,/pscratch/sd/s/satt/sprints/data/converted_10M/mc_normalized_rntuple_10M_30.h5,,auto,,5000,,,,,,,false,true,2,19,3507568,0.07121992111206055,49.249815855328436,0.00022296826359464303,0.0222968263594643,2
1609480,1609990,worker,319.3751175403595,False,hdf5,h5_tr_210.py,210,stream,M2,512,1,64,/pscratch/sd/s/satt/sprints/data/converted_10M/mc_normalized_rntuple_10M_30.h5,,auto,,5000,,,,,,,false,true,2,17,2342528,0.04599714279174805,50.92768502178038,0.00014402231190078664,0.014402231190078663,2
1609480,1609991,worker,319.40328550338745,False,hdf5,h5_tr_210.py,210,stream,M2,512,1,64,/pscratch/sd/s/satt/sprints/data/converted_10M/mc_normalized_rntuple_10M_30.h5,,auto,,5000,,,,,,,false,true,2,17,2342528,0.06388211250305176,36.66954501368585,0.00020000455662931574,0.020000455662931575,2
1609480,1609992,worker,319.36365723609924,False,hdf5,h5_tr_210.py,210,stream,M2,512,1,64,/pscratch/sd/s/satt/sprints/data/converted_10M/mc_normalized_rntuple_10M_30.h5,,auto,,5000,,,,,,,false,true,2,19,3507568,0.07905960083007812,44.366123319276234,0.00024755353039945593,0.024755353039945596,2
1609480,1609993,worker,319.3958463668823,False,hdf5,h5_tr_210.py,210,stream,M2,512,1,64,/pscratch/sd/s/satt/sprints/data/converted_10M/mc_normalized_rntuple_10M_30.h5,,auto,,5000,,,,,,,false,true,2,17,2342528,0.04534006118774414,51.665744126371145,0.00014195570075029436,0.014195570075029437,2
1609480,1609994,worker,319.38279271125793,False,hdf5,h5_tr_210.py,210,stream,M2,512,1,64,/pscratch/sd/s/satt/sprints/data/converted_10M/mc_normalized_rntuple_10M_30.h5,,auto,,5000,,,,,,,false,true,2,17,2342528,0.04831123352050781,48.48826720612737,0.0001512643593300413,0.01512643593300413,2
1609480,1609995,worker,319.3197145462036,False,hdf5,h5_tr_210.py,210,stream,M2,512,1,64,/pscratch/sd/s/satt/sprints/data/converted_10M/mc_normalized_rntuple_10M_30.h5,,auto,,5000,,,,,,,false,true,2,19,3507568,0.05466341972351074,64.16664046525788,0.00017118711195516015,0.017118711195516015,2
1609480,1609996,worker,319.3710951805115,False,hdf5,h5_tr_210.py,210,stream,M2,512,1,64,/pscratch/sd/s/satt/sprints/data/converted_10M/mc_normalized_rntuple_10M_30.h5,,auto,,5000,,,,,,,false,true,2,17,2342528,0.039734840393066406,58.954005523292935,0.000124415894214246,0.0124415894214246,2
1609480,1609997,worker,319.35492300987244,False,hdf5,h5_tr_210.py,210,stream,M2,512,1,64,/pscratch/sd/s/satt/sprints/data/converted_10M/mc_normalized_rntuple_10M_30.h5,,auto,,5000,,,,,,,false,true,2,17,2342528,0.05602407455444336,41.812881669710876,0.0001754288740139805,0.01754288740139805,2
1609480,1609998,worker,319.34527373313904,False,hdf5,h5_tr_210.py,210,stream,M2,512,1,64,/pscratch/sd/s/satt/sprints/data/converted_10M/mc_normalized_rntuple_10M_30.h5,,auto,,5000,,,,,,,false,true,2,19,3507568,0.07782602310180664,45.06934647568515,0.00024370494728800018,0.02437049472880002,2
1609480,1609999,worker,319.348064661026,False,hdf5,h5_tr_210.py,210,stream,M2,512,1,64,/pscratch/sd/s/satt/sprints/data/converted_10M/mc_normalized_rntuple_10M_30.h5,,auto,,5000,,,,,,,false,true,2,17,2342528,0.03982710838317871,58.81742599694697,0.00012471379284998468,0.012471379284998469,2
1609480,1610000,worker,319.2787299156189,False,hdf5,h5_tr_210.py,210,stream,M2,512,1,64,/pscratch/sd/s/satt/sprints/data/converted_10M/mc_normalized_rntuple_10M_30.h5,,auto,,5000,,,,,,,false,true,2,17,2342528,0.0727376937866211,32.20514533870016,0.00022781878957563097,0.022781878957563097,2
1609480,1610001,worker,319.33570289611816,False,hdf5,h5_tr_210.py,210,stream,M2,512,1,64,/pscratch/sd/s/satt/sprints/data/converted_10M/mc_normalized_rntuple_10M_30.h5,,auto,,5000,,,,,,,false,true,2,19,3507568,0.04374384880065918,80.18425667078348,0.00013698389626946698,0.0136983896269467,2
1609480,1610002,worker,319.3230061531067,False,hdf5,h5_tr_210.py,210,stream,M2,512,1,64,/pscratch/sd/s/satt/sprints/data/converted_10M/mc_normalized_rntuple_10M_30.h5,,auto,,5000,,,,,,,false,true,2,17,2342528,0.045004844665527344,52.050574052849065,0.00014093830948074172,0.014093830948074173,2
1609480,1610003,worker,319.25038290023804,False,hdf5,h5_tr_210.py,210,stream,M2,512,1,64,/pscratch/sd/s/satt/sprints/data/converted_10M/mc_normalized_rntuple_10M_30.h5,,auto,,5000,,,,,,,false,true,2,17,2342528,0.03596234321594238,65.13835836374365,0.000112646202298151,0.0112646202298151,2
1609480,1610004,worker,319.31096959114075,False,hdf5,h5_tr_210.py,210,stream,M2,512,1,64,/pscratch/sd/s/satt/sprints/data/converted_10M/mc_normalized_rntuple_10M_30.h5,,auto,,5000,,,,,,,false,true,2,19,3507568,0.04371786117553711,80.23192136313166,0.00013691312024612028,0.013691312024612028,2
1609480,1610005,worker,319.27208852767944,False,hdf5,h5_tr_210.py,210,stream,M2,512,1,64,/pscratch/sd/s/satt/sprints/data/converted_10M/mc_normalized_rntuple_10M_30.h5,,auto,,5000,,,,,,,false,true,2,17,2342528,0.06841349601745605,34.24072933507582,0.00021427960186856394,0.021427960186856394,2
1609480,1610006,worker,319.24338841438293,False,hdf5,h5_tr_210.py,210,stream,M2,512,1,64,/pscratch/sd/s/satt/sprints/data/converted_10M/mc_normalized_rntuple_10M_30.h5,,auto,,5000,,,,,,,false,true,2,17,2342528,0.04557919502258301,51.3946768660428,0.00014277255748025233,0.014277255748025233,2
1609480,1610007,worker,319.2854473590851,False,hdf5,h5_tr_210.py,210,stream,M2,512,1,64,/pscratch/sd/s/satt/sprints/data/converted_10M/mc_normalized_rntuple_10M_30.h5,,auto,,5000,,,,,,,false,true,2,19,3507568,0.052613019943237305,66.66730029533024,0.0001647836454132717,0.01647836454132717,2
1609480,1610008,worker,319.2751200199127,False,hdf5,h5_tr_210.py,210,stream,M2,512,1,64,/pscratch/sd/s/satt/sprints/data/converted_10M/mc_normalized_rntuple_10M_30.h5,,auto,,5000,,,,,,,false,true,2,17,2342528,0.044035911560058594,53.19585576887927,0.00013792465744688197,0.013792465744688199,2
1609480,1610009,worker,319.21408867836,False,hdf5,h5_tr_210.py,210,stream,M2,512,1,64,/pscratch/sd/s/satt/sprints/data/converted_10M/mc_normalized_rntuple_10M_30.h5,,auto,,5000,,,,,,,false,true,2,17,2342528,0.035349130630493164,66.2683341349071,0.00011073800275184889,0.011073800275184889,2
1609480,1610010,worker,319.2563865184784,False,hdf5,h5_tr_210.py,210,stream,M2,512,1,64,/pscratch/sd/s/satt/sprints/data/converted_10M/mc_normalized_rntuple_10M_30.h5,,auto,,5000,,,,,,,false,true,2,19,3507568,0.04165244102478027,84.21038272194525,0.0001304670565215755,0.013046705652157549,2
1609480,1610011,worker,319.1867642402649,False,hdf5,h5_tr_210.py,210,stream,M2,512,1,64,/pscratch/sd/s/satt/sprints/data/converted_10M/mc_normalized_rntuple_10M_30.h5,,auto,,5000,,,,,,,false,true,2,17,2342528,0.0398714542388916,58.75200803975292,0.00012491575060699802,0.0124915750606998,2
1609480,1610012,worker,319.2446460723877,False,hdf5,h5_tr_210.py,210,stream,M2,512,1,64,/pscratch/sd/s/satt/sprints/data/converted_10M/mc_normalized_rntuple_10M_30.h5,,auto,,5000,,,,,,,false,true,2,19,3507568,0.07422733306884766,47.25439881757095,0.00023250924951147606,0.023250924951147604,2
1609480,1610013,worker,319.21088218688965,False,hdf5,h5_tr_210.py,210,stream,M2,512,1,64,/pscratch/sd/s/satt/sprints/data/converted_10M/mc_normalized_rntuple_10M_30.h5,,auto,,5000,,,,,,,false,true,2,17,2342528,0.03935980796813965,59.51573752331801,0.00012330346540346174,0.012330346540346173,2
1609480,1610014,worker,319.18183183670044,False,hdf5,h5_tr_210.py,210,stream,M2,512,1,64,/pscratch/sd/s/satt/sprints/data/converted_10M/mc_normalized_rntuple_10M_30.h5,,auto,,5000,,,,,,,false,true,2,17,2342528,0.06120038032531738,38.27636344003148,0.00019174142830481866,0.019174142830481865,2
